  Automatic MOC and UIC for target Jahshaka
EXEC : AutoGen warning : "SRC:/src/shadergraph/nodes/inputs.h" is empty.
  
EXEC : AutoGen warning : "SRC:/src/shadergraph/nodes/utils.cpp" is empty.
  
EXEC : AutoGen warning : "SRC:/src/shadergraph/nodes/view.cpp" is empty.
  
EXEC : AutoGen warning : "SRC:/src/shadergraph/nodes/inputs.cpp" is empty.
  
  AutoUic: C:\work\qt\Studio\src\dialogs\preferences\worldsettings.ui: Warning: The name 'horizontalWidget_2' (QWidget) is already in use, defaulting to 'horizontalWidget_21'.
  4>Automatic RCC for app/fonts.qrc
  3>Automatic RCC for app/images.qrc
  6>Automatic RCC for app/models.qrc
  2>Automatic RCC for app/shaders.qrc
  5>Automatic RCC for app/icons.qrc
  1>
  Building Custom Rule C:/work/qt/Studio/CMakeLists.txt
  mocs_compilation_Debug.cpp
  main.cpp
  mainwindow.cpp
  colorvaluewidget.cpp
  colorpickerwidget.cpp
  preferencesdialog.cpp
  aboutdialog.cpp
  worldsettings.cpp
  worldsettingswidget.cpp
  customdialog.cpp
  custompopup.cpp
  loadmeshdialog.cpp
  animationwidget.cpp
  keyframelabelwidget.cpp
  keyframewidget.cpp
  maintimelinewidget.cpp
  timelinewidget.cpp
  nodekeyframeanimation.cpp
  project.cpp
  settingsmanager.cpp
  surfaceview.cpp
  editorcameracontroller.cpp
  infodialog.cpp
C:\work\qt\Studio\src\core\nodekeyframeanimation.cpp(153,19): warning C4267: “初始化”: 从“size_t”转换到“int”，可能丢失数据
C:\work\qt\Studio\src\dialogs\preferencesdialog.h(53,23): warning C4996: 'QMouseEvent::globalPos': Use globalPosition()
  (编译源文件“../src/dialogs/preferencesdialog.cpp”)
  
C:\work\qt\Studio\src\dialogs\preferencesdialog.h(57,35): warning C4996: 'QMouseEvent::globalPos': Use globalPosition()
  (编译源文件“../src/dialogs/preferencesdialog.cpp”)
  
C:\work\qt\Studio\src\dialogs\preferencesdialog.h(59,23): warning C4996: 'QMouseEvent::globalPos': Use globalPosition()
  (编译源文件“../src/dialogs/preferencesdialog.cpp”)
  
C:\work\qt\Studio\irisgl\src\scenegraph\scenenode.h(36,7): warning C4099: “iris::PhysicsProperty”: 类型名称以前使用“struct”现在使用的是“class”
  (编译源文件“../src/editor/editorcameracontroller.cpp”)
      C:\work\qt\Studio\irisgl\src\physics\physicsproperties.h(43,8):
      参见“iris::PhysicsProperty”的声明
  
  globals.cpp
C:\work\qt\Studio\irisgl\src\scenegraph\scenenode.h(36,7): warning C4099: “iris::PhysicsProperty”: 类型名称以前使用“struct”现在使用的是“class”
  (编译源文件“../src/widgets/keyframelabelwidget.cpp”)
      C:\work\qt\Studio\irisgl\src\physics\physicsproperties.h(43,8):
      参见“iris::PhysicsProperty”的声明
  
C:\work\qt\Studio\src\core\surfaceview.cpp(89,27): warning C4996: 'QMouseEvent::localPos': Use position()
C:\work\qt\Studio\irisgl\src\scenegraph\scene.h(39,8): warning C4099: “iris::PickingResult”: 类型名称以前使用“class”现在使用的是“struct”
  (编译源文件“Jahshaka_autogen/mocs_compilation_Debug.cpp”)
      C:\work\qt\Studio\irisgl\src\scenegraph\scene.h(39,8):
      参见“iris::PickingResult”的声明
  
C:\work\qt\Studio\irisgl\src\scenegraph\scenenode.h(36,7): warning C4099: “iris::PhysicsProperty”: 类型名称以前使用“struct”现在使用的是“class”
  (编译源文件“../src/widgets/keyframewidget.cpp”)
      C:\work\qt\Studio\irisgl\src\physics\physicsproperties.h(43,8):
      参见“iris::PhysicsProperty”的声明
  
  sceneviewwidget.cpp
  assetfavorites.cpp
  assetmodelpanel.cpp
C:\work\qt\Studio\irisgl\src\scenegraph\scenenode.h(36,7): warning C4099: “iris::PhysicsProperty”: 类型名称以前使用“struct”现在使用的是“class”
  (编译源文件“../src/widgets/maintimelinewidget.cpp”)
      C:\work\qt\Studio\irisgl\src\physics\physicsproperties.h(43,8):
      参见“iris::PhysicsProperty”的声明
  
C:\work\qt\Studio\irisgl\src\animation\propertyanim.h(12,8): warning C4099: “iris::PropertyAnimInfo”: 类型名称以前使用“class”现在使用的是“struct”
  (编译源文件“../src/widgets/keyframewidget.cpp”)
      C:\work\qt\Studio\irisgl\src\animation\propertyanim.h(12,8):
      参见“iris::PropertyAnimInfo”的声明
  
  assetmaterialpanel.cpp
C:\work\qt\Studio\irisgl\src\scenegraph\scenenode.h(36,7): warning C4099: “iris::PhysicsProperty”: 类型名称以前使用“struct”现在使用的是“class”
  (编译源文件“../src/widgets/timelinewidget.cpp”)
      C:\work\qt\Studio\irisgl\src\physics\physicsproperties.h(43,8):
      参见“iris::PhysicsProperty”的声明
  
  accordianbladewidget.cpp
  transformeditor.cpp
C:\work\qt\Studio\irisgl\src\scenegraph\scenenode.h(36,7): warning C4099: “iris::PhysicsProperty”: 类型名称以前使用“struct”现在使用的是“class”
  (编译源文件“../src/widgets/animationwidget.cpp”)
      C:\work\qt\Studio\irisgl\src\physics\physicsproperties.h(43,8):
      参见“iris::PhysicsProperty”的声明
  
C:\work\qt\Studio\src\widgets\timelinewidget.cpp(187,61): warning C4996: 'QMouseEvent::x': Use position()
C:\work\qt\Studio\src\widgets\timelinewidget.cpp(209,61): warning C4996: 'QMouseEvent::x': Use position()
C:\work\qt\Studio\src\widgets\timelinewidget.cpp(217,40): warning C4996: 'QMouseEvent::x': Use position()
C:\work\qt\Studio\irisgl\src\scenegraph\scene.h(39,8): warning C4099: “iris::PickingResult”: 类型名称以前使用“class”现在使用的是“struct”
  (编译源文件“../src/core/settingsmanager.cpp”)
      C:\work\qt\Studio\irisgl\src\scenegraph\scene.h(39,8):
      参见“iris::PickingResult”的声明
  
C:\work\qt\Studio\irisgl\src\animation\propertyanim.h(12,8): warning C4099: “iris::PropertyAnimInfo”: 类型名称以前使用“class”现在使用的是“struct”
  (编译源文件“../src/widgets/animationwidget.cpp”)
      C:\work\qt\Studio\irisgl\src\animation\propertyanim.h(12,8):
      参见“iris::PropertyAnimInfo”的声明
  
C:\work\qt\Studio\irisgl\src\animation\animableproperty.h(16,8): warning C4099: “iris::AnimableProperty”: 类型名称以前使用“class”现在使用的是“struct”
  (编译源文件“../src/widgets/animationwidget.cpp”)
      C:\work\qt\Studio\irisgl\src\animation\animableproperty.h(16,8):
      参见“iris::AnimableProperty”的声明
  
  scenehierarchywidget.cpp
C:\work\qt\Studio\irisgl\src\scenegraph\scene.h(39,8): warning C4099: “iris::PickingResult”: 类型名称以前使用“class”现在使用的是“struct”
  (编译源文件“../src/editor/editorcameracontroller.cpp”)
      C:\work\qt\Studio\irisgl\src\scenegraph\scene.h(39,8):
      参见“iris::PickingResult”的声明
  
C:\work\qt\Studio\src\widgets\keyframewidget.cpp(344,40): warning C4996: 'QMouseEvent::x': Use position()
C:\work\qt\Studio\src\widgets\keyframewidget.cpp(356,61): warning C4996: 'QMouseEvent::x': Use position()
C:\work\qt\Studio\src\widgets\keyframewidget.cpp(361,40): warning C4996: 'QMouseEvent::x': Use position()
  cameracontrollerbase.cpp
C:\work\qt\Studio\irisgl\src\scenegraph\scene.h(39,8): warning C4099: “iris::PickingResult”: 类型名称以前使用“class”现在使用的是“struct”
  (编译源文件“../src/widgets/animationwidget.cpp”)
      C:\work\qt\Studio\irisgl\src\scenegraph\scene.h(39,8):
      参见“iris::PickingResult”的声明
  
  gizmo.cpp
C:\work\qt\Studio\irisgl\src\scenegraph\scene.h(39,8): warning C4099: “iris::PickingResult”: 类型名称以前使用“class”现在使用的是“struct”
  (编译源文件“../src/dialogs/preferencesdialog.cpp”)
      C:\work\qt\Studio\irisgl\src\scenegraph\scene.h(39,8):
      参见“iris::PickingResult”的声明
  
C:\work\qt\Studio\irisgl\src\scenegraph\scene.h(39,8): warning C4099: “iris::PickingResult”: 类型名称以前使用“class”现在使用的是“struct”
  (编译源文件“../src/dialogs/infodialog.cpp”)
      C:\work\qt\Studio\irisgl\src\scenegraph\scene.h(39,8):
      参见“iris::PickingResult”的声明
  
C:\work\qt\Studio\irisgl\src\graphics\mesh.h(26,7): warning C4099: “aiMesh”: 类型名称以前使用“struct”现在使用的是“class”
  (编译源文件“../src/mainwindow.cpp”)
      C:\work\qt\Studio\irisgl\src\assimp\include\assimp\mesh.h(638,8):
      参见“aiMesh”的声明
  
C:\work\qt\Studio\src\dialogs\preferencesdialog.h(53,23): warning C4996: 'QMouseEvent::globalPos': Use globalPosition()
  (编译源文件“Jahshaka_autogen/mocs_compilation_Debug.cpp”)
  
C:\work\qt\Studio\src\dialogs\preferencesdialog.h(57,35): warning C4996: 'QMouseEvent::globalPos': Use globalPosition()
  (编译源文件“Jahshaka_autogen/mocs_compilation_Debug.cpp”)
  
C:\work\qt\Studio\src\dialogs\preferencesdialog.h(59,23): warning C4996: 'QMouseEvent::globalPos': Use globalPosition()
  (编译源文件“Jahshaka_autogen/mocs_compilation_Debug.cpp”)
  
  translationgizmo.cpp
C:\work\qt\Studio\irisgl\src\graphics\mesh.h(26,7): warning C4099: “aiMesh”: 类型名称以前使用“struct”现在使用的是“class”
  (编译源文件“../src/widgets/maintimelinewidget.cpp”)
      C:\work\qt\Studio\irisgl\src\assimp\include\assimp\mesh.h(638,8):
      参见“aiMesh”的声明
  
  scalegizmo.cpp
C:\work\qt\Studio\irisgl\src\scenegraph\scenenode.h(36,7): warning C4099: “iris::PhysicsProperty”: 类型名称以前使用“struct”现在使用的是“class”
  (编译源文件“Jahshaka_autogen/mocs_compilation_Debug.cpp”)
      C:\work\qt\Studio\irisgl\src\physics\physicsproperties.h(43,8):
      参见“iris::PhysicsProperty”的声明
  
C:\work\qt\Studio\irisgl\src\graphics\mesh.h(26,7): warning C4099: “aiMesh”: 类型名称以前使用“struct”现在使用的是“class”
  (编译源文件“../src/editor/editorcameracontroller.cpp”)
      C:\work\qt\Studio\irisgl\src\assimp\include\assimp\mesh.h(638,8):
      参见“aiMesh”的声明
  
C:\work\qt\Studio\irisgl\src\graphics\mesh.h(26,7): warning C4099: “aiMesh”: 类型名称以前使用“struct”现在使用的是“class”
  (编译源文件“../src/dialogs/infodialog.cpp”)
      C:\work\qt\Studio\irisgl\src\assimp\include\assimp\mesh.h(638,8):
      参见“aiMesh”的声明
  
  rotationgizmo.cpp
C:\work\qt\Studio\irisgl\src\scenegraph\scene.h(39,8): warning C4099: “iris::PickingResult”: 类型名称以前使用“class”现在使用的是“struct”
  (编译源文件“../src/dialogs/preferences/worldsettings.cpp”)
      C:\work\qt\Studio\irisgl\src\scenegraph\scene.h(39,8):
      参见“iris::PickingResult”的声明
  
  skypresets.cpp
C:\work\qt\Studio\irisgl\src\graphics\mesh.h(26,7): warning C4099: “aiMesh”: 类型名称以前使用“struct”现在使用的是“class”
  (编译源文件“../src/widgets/animationwidget.cpp”)
      C:\work\qt\Studio\irisgl\src\assimp\include\assimp\mesh.h(638,8):
      参见“aiMesh”的声明
  
C:\work\qt\Studio\irisgl\src\scenegraph\scene.h(39,8): warning C4099: “iris::PickingResult”: 类型名称以前使用“class”现在使用的是“struct”
  (编译源文件“../src/dialogs/preferences/worldsettingswidget.cpp”)
      C:\work\qt\Studio\irisgl\src\scenegraph\scene.h(39,8):
      参见“iris::PickingResult”的声明
  
C:\work\qt\Studio\irisgl\src\graphics\renderitem.h(34,8): warning C4099: “iris::RenderItem”: 类型名称以前使用“class”现在使用的是“struct”
  (编译源文件“../src/widgets/animationwidget.cpp”)
      C:\work\qt\Studio\irisgl\src\graphics\renderitem.h(34,8):
      参见“iris::RenderItem”的声明
  
C:\work\qt\Studio\irisgl\src\scenegraph\meshnode.h(26,7): warning C4099: “aiScene”: 类型名称以前使用“struct”现在使用的是“class”
  (编译源文件“../src/widgets/animationwidget.cpp”)
      C:\work\qt\Studio\irisgl\src\assimp\include\assimp\scene.h(273,19):
      参见“aiScene”的声明
  
C:\work\qt\Studio\irisgl\src\scenegraph\meshnode.h(31,7): warning C4099: “iris::RenderItem”: 类型名称以前使用“struct”现在使用的是“class”
  (编译源文件“../src/widgets/animationwidget.cpp”)
      C:\work\qt\Studio\irisgl\src\graphics\renderitem.h(34,8):
      参见“iris::RenderItem”的声明
  
C:\work\qt\Studio\irisgl\src\graphics\renderitem.h(34,8): warning C4099: “iris::RenderItem”: 类型名称以前使用“class”现在使用的是“struct”
  (编译源文件“../src/editor/editorcameracontroller.cpp”)
      C:\work\qt\Studio\irisgl\src\graphics\renderitem.h(34,8):
      参见“iris::RenderItem”的声明
  
C:\work\qt\Studio\irisgl\src\scenegraph\meshnode.h(26,7): warning C4099: “aiScene”: 类型名称以前使用“struct”现在使用的是“class”
  (编译源文件“../src/editor/editorcameracontroller.cpp”)
      C:\work\qt\Studio\irisgl\src\assimp\include\assimp\scene.h(273,19):
      参见“aiScene”的声明
  
C:\work\qt\Studio\irisgl\src\scenegraph\meshnode.h(31,7): warning C4099: “iris::RenderItem”: 类型名称以前使用“struct”现在使用的是“class”
  (编译源文件“../src/editor/editorcameracontroller.cpp”)
      C:\work\qt\Studio\irisgl\src\graphics\renderitem.h(34,8):
      参见“iris::RenderItem”的声明
  
C:\work\qt\Studio\irisgl\src\core\property.h(28,8): warning C4099: “iris::Property”: 类型名称以前使用“class”现在使用的是“struct”
  (编译源文件“../src/widgets/animationwidget.cpp”)
      C:\work\qt\Studio\irisgl\src\core\property.h(28,8):
      参见“iris::Property”的声明
  
C:\work\qt\Studio\irisgl\src\graphics\renderlist.h(9,7): warning C4099: “iris::RenderItem”: 类型名称以前使用“struct”现在使用的是“class”
  (编译源文件“../src/editor/editorcameracontroller.cpp”)
      C:\work\qt\Studio\irisgl\src\graphics\renderitem.h(34,8):
      参见“iris::RenderItem”的声明
  
C:\work\qt\Studio\irisgl\src\graphics\forwardrenderer.h(35,7): warning C4099: “iris::RenderData”: 类型名称以前使用“struct”现在使用的是“class”
  (编译源文件“../src/mainwindow.cpp”)
      C:\work\qt\Studio\irisgl\src\graphics\renderdata.h(22,8):
      参见“iris::RenderData”的声明
  
C:\work\qt\Studio\irisgl\src\scenegraph\scene.h(39,8): warning C4099: “iris::PickingResult”: 类型名称以前使用“class”现在使用的是“struct”
  (编译源文件“../src/globals.cpp”)
      C:\work\qt\Studio\irisgl\src\scenegraph\scene.h(39,8):
      参见“iris::PickingResult”的声明
  
C:\work\qt\Studio\irisgl\src\graphics\graphicshelper.h(21,7): warning C4099: “aiScene”: 类型名称以前使用“struct”现在使用的是“class”
  (编译源文件“../src/mainwindow.cpp”)
      C:\work\qt\Studio\irisgl\src\assimp\include\assimp\scene.h(273,19):
      参见“aiScene”的声明
  
C:\work\qt\Studio\irisgl\src\scenegraph\scene.h(39,8): warning C4099: “iris::PickingResult”: 类型名称以前使用“class”现在使用的是“struct”
  (编译源文件“../src/mainwindow.cpp”)
      C:\work\qt\Studio\irisgl\src\scenegraph\scene.h(39,8):
      参见“iris::PickingResult”的声明
  
C:\work\qt\Studio\irisgl\src\graphics\forwardrenderer.h(35,7): warning C4099: “iris::RenderData”: 类型名称以前使用“struct”现在使用的是“class”
  (编译源文件“../src/dialogs/infodialog.cpp”)
      C:\work\qt\Studio\irisgl\src\graphics\renderdata.h(22,8):
      参见“iris::RenderData”的声明
  
C:\work\qt\Studio\irisgl\src\scenegraph\scenenode.h(36,7): warning C4099: “iris::PhysicsProperty”: 类型名称以前使用“struct”现在使用的是“class”
  (编译源文件“../src/mainwindow.cpp”)
      C:\work\qt\Studio\irisgl\src\physics\physicsproperties.h(43,8):
      参见“iris::PhysicsProperty”的声明
  
C:\work\qt\Studio\irisgl\src\graphics\forwardrenderer.h(35,7): warning C4099: “iris::RenderData”: 类型名称以前使用“struct”现在使用的是“class”
  (编译源文件“../src/widgets/maintimelinewidget.cpp”)
      C:\work\qt\Studio\irisgl\src\graphics\renderdata.h(22,8):
      参见“iris::RenderData”的声明
  
C:\work\qt\Studio\irisgl\src\graphics\renderitem.h(34,8): warning C4099: “iris::RenderItem”: 类型名称以前使用“class”现在使用的是“struct”
  (编译源文件“../src/mainwindow.cpp”)
      C:\work\qt\Studio\irisgl\src\graphics\renderitem.h(34,8):
      参见“iris::RenderItem”的声明
  
C:\work\qt\Studio\irisgl\src\scenegraph\meshnode.h(26,7): warning C4099: “aiScene”: 类型名称以前使用“struct”现在使用的是“class”
  (编译源文件“../src/mainwindow.cpp”)
      C:\work\qt\Studio\irisgl\src\assimp\include\assimp\scene.h(273,19):
      参见“aiScene”的声明
  
C:\work\qt\Studio\irisgl\src\scenegraph\meshnode.h(31,7): warning C4099: “iris::RenderItem”: 类型名称以前使用“struct”现在使用的是“class”
  (编译源文件“../src/mainwindow.cpp”)
      C:\work\qt\Studio\irisgl\src\graphics\renderitem.h(34,8):
      参见“iris::RenderItem”的声明
  
C:\work\qt\Studio\irisgl\src\scenegraph\particlesystemnode.h(25,7): warning C4099: “iris::RenderItem”: 类型名称以前使用“struct”现在使用的是“class”
  (编译源文件“../src/mainwindow.cpp”)
      C:\work\qt\Studio\irisgl\src\graphics\renderitem.h(34,8):
      参见“iris::RenderItem”的声明
  
C:\work\qt\Studio\irisgl\src\graphics\graphicshelper.h(21,7): warning C4099: “aiScene”: 类型名称以前使用“struct”现在使用的是“class”
  (编译源文件“../src/dialogs/infodialog.cpp”)
      C:\work\qt\Studio\irisgl\src\assimp\include\assimp\scene.h(273,19):
      参见“aiScene”的声明
  
C:\work\qt\Studio\irisgl\src\scenegraph\viewernode.h(21,7): warning C4099: “iris::RenderItem”: 类型名称以前使用“struct”现在使用的是“class”
  (编译源文件“../src/mainwindow.cpp”)
      C:\work\qt\Studio\irisgl\src\graphics\renderitem.h(34,8):
      参见“iris::RenderItem”的声明
  
C:\work\qt\Studio\irisgl\src\content\modelloader.h(7,7): warning C4099: “aiScene”: 类型名称以前使用“struct”现在使用的是“class”
  (编译源文件“../src/mainwindow.cpp”)
      C:\work\qt\Studio\irisgl\src\assimp\include\assimp\scene.h(273,19):
      参见“aiScene”的声明
  
C:\work\qt\Studio\irisgl\src\animation\animableproperty.h(16,8): warning C4099: “iris::AnimableProperty”: 类型名称以前使用“class”现在使用的是“struct”
  (编译源文件“../src/mainwindow.cpp”)
      C:\work\qt\Studio\irisgl\src\animation\animableproperty.h(16,8):
      参见“iris::AnimableProperty”的声明
  
C:\work\qt\Studio\irisgl\src\graphics\mesh.h(26,7): warning C4099: “aiMesh”: 类型名称以前使用“struct”现在使用的是“class”
  (编译源文件“Jahshaka_autogen/mocs_compilation_Debug.cpp”)
      C:\work\qt\Studio\irisgl\src\assimp\include\assimp\mesh.h(638,8):
      参见“aiMesh”的声明
  
C:\work\qt\Studio\irisgl\src\animation\propertyanim.h(12,8): warning C4099: “iris::PropertyAnimInfo”: 类型名称以前使用“class”现在使用的是“struct”
  (编译源文件“../src/mainwindow.cpp”)
      C:\work\qt\Studio\irisgl\src\animation\propertyanim.h(12,8):
      参见“iris::PropertyAnimInfo”的声明
  
C:\work\qt\Studio\irisgl\src\scenegraph\scenenode.h(36,7): warning C4099: “iris::PhysicsProperty”: 类型名称以前使用“struct”现在使用的是“class”
  (编译源文件“../src/dialogs/infodialog.cpp”)
      C:\work\qt\Studio\irisgl\src\physics\physicsproperties.h(43,8):
      参见“iris::PhysicsProperty”的声明
  
C:\work\qt\Studio\irisgl\src\graphics\graphicshelper.h(21,7): warning C4099: “aiScene”: 类型名称以前使用“struct”现在使用的是“class”
  (编译源文件“../src/widgets/maintimelinewidget.cpp”)
      C:\work\qt\Studio\irisgl\src\assimp\include\assimp\scene.h(273,19):
      参见“aiScene”的声明
  
C:\work\qt\Studio\irisgl\src\graphics\renderitem.h(34,8): warning C4099: “iris::RenderItem”: 类型名称以前使用“class”现在使用的是“struct”
  (编译源文件“Jahshaka_autogen/mocs_compilation_Debug.cpp”)
      C:\work\qt\Studio\irisgl\src\graphics\renderitem.h(34,8):
      参见“iris::RenderItem”的声明
  
C:\work\qt\Studio\irisgl\src\scenegraph\meshnode.h(26,7): warning C4099: “aiScene”: 类型名称以前使用“struct”现在使用的是“class”
  (编译源文件“Jahshaka_autogen/mocs_compilation_Debug.cpp”)
      C:\work\qt\Studio\irisgl\src\assimp\include\assimp\scene.h(273,19):
      参见“aiScene”的声明
  
C:\work\qt\Studio\irisgl\src\scenegraph\meshnode.h(31,7): warning C4099: “iris::RenderItem”: 类型名称以前使用“struct”现在使用的是“class”
  (编译源文件“Jahshaka_autogen/mocs_compilation_Debug.cpp”)
      C:\work\qt\Studio\irisgl\src\graphics\renderitem.h(34,8):
      参见“iris::RenderItem”的声明
  
C:\work\qt\Studio\irisgl\src\scenegraph\scene.h(39,8): warning C4099: “iris::PickingResult”: 类型名称以前使用“class”现在使用的是“struct”
  (编译源文件“../src/widgets/maintimelinewidget.cpp”)
      C:\work\qt\Studio\irisgl\src\scenegraph\scene.h(39,8):
      参见“iris::PickingResult”的声明
  
C:\work\qt\Studio\irisgl\src\core\property.h(28,8): warning C4099: “iris::Property”: 类型名称以前使用“class”现在使用的是“struct”
  (编译源文件“Jahshaka_autogen/mocs_compilation_Debug.cpp”)
      C:\work\qt\Studio\irisgl\src\core\property.h(28,8):
      参见“iris::Property”的声明
  
C:\work\qt\Studio\irisgl\src\graphics\renderitem.h(34,8): warning C4099: “iris::RenderItem”: 类型名称以前使用“class”现在使用的是“struct”
  (编译源文件“../src/dialogs/infodialog.cpp”)
      C:\work\qt\Studio\irisgl\src\graphics\renderitem.h(34,8):
      参见“iris::RenderItem”的声明
  
C:\work\qt\Studio\irisgl\src\scenegraph\meshnode.h(26,7): warning C4099: “aiScene”: 类型名称以前使用“struct”现在使用的是“class”
  (编译源文件“../src/dialogs/infodialog.cpp”)
      C:\work\qt\Studio\irisgl\src\assimp\include\assimp\scene.h(273,19):
      参见“aiScene”的声明
  
C:\work\qt\Studio\irisgl\src\scenegraph\meshnode.h(31,7): warning C4099: “iris::RenderItem”: 类型名称以前使用“struct”现在使用的是“class”
  (编译源文件“../src/dialogs/infodialog.cpp”)
      C:\work\qt\Studio\irisgl\src\graphics\renderitem.h(34,8):
      参见“iris::RenderItem”的声明
  
C:\work\qt\Studio\irisgl\src\scenegraph\particlesystemnode.h(25,7): warning C4099: “iris::RenderItem”: 类型名称以前使用“struct”现在使用的是“class”
  (编译源文件“../src/dialogs/infodialog.cpp”)
      C:\work\qt\Studio\irisgl\src\graphics\renderitem.h(34,8):
      参见“iris::RenderItem”的声明
  
C:\work\qt\Studio\irisgl\src\graphics\mesh.h(26,7): warning C4099: “aiMesh”: 类型名称以前使用“struct”现在使用的是“class”
  (编译源文件“../src/dialogs/preferences/worldsettings.cpp”)
      C:\work\qt\Studio\irisgl\src\assimp\include\assimp\mesh.h(638,8):
      参见“aiMesh”的声明
  
C:\work\qt\Studio\irisgl\src\scenegraph\viewernode.h(21,7): warning C4099: “iris::RenderItem”: 类型名称以前使用“struct”现在使用的是“class”
  (编译源文件“../src/dialogs/infodialog.cpp”)
      C:\work\qt\Studio\irisgl\src\graphics\renderitem.h(34,8):
      参见“iris::RenderItem”的声明
  
C:\work\qt\Studio\irisgl\src\content\modelloader.h(7,7): warning C4099: “aiScene”: 类型名称以前使用“struct”现在使用的是“class”
  (编译源文件“../src/dialogs/infodialog.cpp”)
      C:\work\qt\Studio\irisgl\src\assimp\include\assimp\scene.h(273,19):
      参见“aiScene”的声明
  
C:\work\qt\Studio\irisgl\src\animation\animableproperty.h(16,8): warning C4099: “iris::AnimableProperty”: 类型名称以前使用“class”现在使用的是“struct”
  (编译源文件“../src/dialogs/infodialog.cpp”)
      C:\work\qt\Studio\irisgl\src\animation\animableproperty.h(16,8):
      参见“iris::AnimableProperty”的声明
  
C:\work\qt\Studio\irisgl\src\animation\propertyanim.h(12,8): warning C4099: “iris::PropertyAnimInfo”: 类型名称以前使用“class”现在使用的是“struct”
  (编译源文件“../src/dialogs/infodialog.cpp”)
      C:\work\qt\Studio\irisgl\src\animation\propertyanim.h(12,8):
      参见“iris::PropertyAnimInfo”的声明
  
C:\work\qt\Studio\irisgl\src\scenegraph\scenenode.h(36,7): warning C4099: “iris::PhysicsProperty”: 类型名称以前使用“struct”现在使用的是“class”
  (编译源文件“../src/dialogs/preferences/worldsettings.cpp”)
      C:\work\qt\Studio\irisgl\src\physics\physicsproperties.h(43,8):
      参见“iris::PhysicsProperty”的声明
  
C:\work\qt\Studio\irisgl\src\graphics\renderitem.h(34,8): warning C4099: “iris::RenderItem”: 类型名称以前使用“class”现在使用的是“struct”
  (编译源文件“../src/widgets/maintimelinewidget.cpp”)
      C:\work\qt\Studio\irisgl\src\graphics\renderitem.h(34,8):
      参见“iris::RenderItem”的声明
  
C:\work\qt\Studio\irisgl\src\scenegraph\meshnode.h(26,7): warning C4099: “aiScene”: 类型名称以前使用“struct”现在使用的是“class”
  (编译源文件“../src/widgets/maintimelinewidget.cpp”)
      C:\work\qt\Studio\irisgl\src\assimp\include\assimp\scene.h(273,19):
      参见“aiScene”的声明
  
C:\work\qt\Studio\irisgl\src\scenegraph\meshnode.h(31,7): warning C4099: “iris::RenderItem”: 类型名称以前使用“struct”现在使用的是“class”
  (编译源文件“../src/widgets/maintimelinewidget.cpp”)
      C:\work\qt\Studio\irisgl\src\graphics\renderitem.h(34,8):
      参见“iris::RenderItem”的声明
  
C:\work\qt\Studio\irisgl\src\scenegraph\particlesystemnode.h(25,7): warning C4099: “iris::RenderItem”: 类型名称以前使用“struct”现在使用的是“class”
  (编译源文件“../src/widgets/maintimelinewidget.cpp”)
      C:\work\qt\Studio\irisgl\src\graphics\renderitem.h(34,8):
      参见“iris::RenderItem”的声明
  
C:\work\qt\Studio\irisgl\src\scenegraph\scenenode.h(36,7): warning C4099: “iris::PhysicsProperty”: 类型名称以前使用“struct”现在使用的是“class”
  (编译源文件“../src/editor/gizmo.cpp”)
      C:\work\qt\Studio\irisgl\src\physics\physicsproperties.h(43,8):
      参见“iris::PhysicsProperty”的声明
  
C:\work\qt\Studio\irisgl\src\graphics\renderitem.h(34,8): warning C4099: “iris::RenderItem”: 类型名称以前使用“class”现在使用的是“struct”
  (编译源文件“../src/dialogs/preferences/worldsettings.cpp”)
      C:\work\qt\Studio\irisgl\src\graphics\renderitem.h(34,8):
      参见“iris::RenderItem”的声明
  
C:\work\qt\Studio\irisgl\src\scenegraph\meshnode.h(26,7): warning C4099: “aiScene”: 类型名称以前使用“struct”现在使用的是“class”
  (编译源文件“../src/dialogs/preferences/worldsettings.cpp”)
      C:\work\qt\Studio\irisgl\src\assimp\include\assimp\scene.h(273,19):
      参见“aiScene”的声明
  
C:\work\qt\Studio\irisgl\src\scenegraph\meshnode.h(31,7): warning C4099: “iris::RenderItem”: 类型名称以前使用“struct”现在使用的是“class”
  (编译源文件“../src/dialogs/preferences/worldsettings.cpp”)
      C:\work\qt\Studio\irisgl\src\graphics\renderitem.h(34,8):
      参见“iris::RenderItem”的声明
  
C:\work\qt\Studio\irisgl\src\scenegraph\viewernode.h(21,7): warning C4099: “iris::RenderItem”: 类型名称以前使用“struct”现在使用的是“class”
  (编译源文件“../src/widgets/maintimelinewidget.cpp”)
      C:\work\qt\Studio\irisgl\src\graphics\renderitem.h(34,8):
      参见“iris::RenderItem”的声明
  
C:\work\qt\Studio\irisgl\src\graphics\renderlist.h(9,7): warning C4099: “iris::RenderItem”: 类型名称以前使用“struct”现在使用的是“class”
  (编译源文件“../src/dialogs/preferences/worldsettings.cpp”)
      C:\work\qt\Studio\irisgl\src\graphics\renderitem.h(34,8):
      参见“iris::RenderItem”的声明
  
C:\work\qt\Studio\irisgl\src\content\modelloader.h(7,7): warning C4099: “aiScene”: 类型名称以前使用“struct”现在使用的是“class”
  (编译源文件“../src/widgets/maintimelinewidget.cpp”)
      C:\work\qt\Studio\irisgl\src\assimp\include\assimp\scene.h(273,19):
      参见“aiScene”的声明
  
C:\work\qt\Studio\irisgl\src\animation\animableproperty.h(16,8): warning C4099: “iris::AnimableProperty”: 类型名称以前使用“class”现在使用的是“struct”
  (编译源文件“../src/widgets/maintimelinewidget.cpp”)
      C:\work\qt\Studio\irisgl\src\animation\animableproperty.h(16,8):
      参见“iris::AnimableProperty”的声明
  
C:\work\qt\Studio\irisgl\src\graphics\mesh.h(26,7): warning C4099: “aiMesh”: 类型名称以前使用“struct”现在使用的是“class”
  (编译源文件“../src/dialogs/preferences/worldsettingswidget.cpp”)
      C:\work\qt\Studio\irisgl\src\assimp\include\assimp\mesh.h(638,8):
      参见“aiMesh”的声明
  
C:\work\qt\Studio\irisgl\src\animation\propertyanim.h(12,8): warning C4099: “iris::PropertyAnimInfo”: 类型名称以前使用“class”现在使用的是“struct”
  (编译源文件“../src/widgets/maintimelinewidget.cpp”)
      C:\work\qt\Studio\irisgl\src\animation\propertyanim.h(12,8):
      参见“iris::PropertyAnimInfo”的声明
  
C:\work\qt\Studio\irisgl\src\scenegraph\scenenode.h(36,7): warning C4099: “iris::PhysicsProperty”: 类型名称以前使用“struct”现在使用的是“class”
  (编译源文件“../src/dialogs/preferences/worldsettingswidget.cpp”)
      C:\work\qt\Studio\irisgl\src\physics\physicsproperties.h(43,8):
      参见“iris::PhysicsProperty”的声明
  
C:\work\qt\Studio\irisgl\src\graphics\forwardrenderer.h(35,7): warning C4099: “iris::RenderData”: 类型名称以前使用“struct”现在使用的是“class”
  (编译源文件“../src/editor/editorcameracontroller.cpp”)
      C:\work\qt\Studio\irisgl\src\graphics\renderdata.h(22,8):
      参见“iris::RenderData”的声明
  
C:\work\qt\Studio\irisgl\src\graphics\renderitem.h(34,8): warning C4099: “iris::RenderItem”: 类型名称以前使用“class”现在使用的是“struct”
  (编译源文件“../src/dialogs/preferences/worldsettingswidget.cpp”)
      C:\work\qt\Studio\irisgl\src\graphics\renderitem.h(34,8):
      参见“iris::RenderItem”的声明
  
C:\work\qt\Studio\irisgl\src\scenegraph\meshnode.h(26,7): warning C4099: “aiScene”: 类型名称以前使用“struct”现在使用的是“class”
  (编译源文件“../src/dialogs/preferences/worldsettingswidget.cpp”)
      C:\work\qt\Studio\irisgl\src\assimp\include\assimp\scene.h(273,19):
      参见“aiScene”的声明
  
C:\work\qt\Studio\irisgl\src\scenegraph\meshnode.h(31,7): warning C4099: “iris::RenderItem”: 类型名称以前使用“struct”现在使用的是“class”
  (编译源文件“../src/dialogs/preferences/worldsettingswidget.cpp”)
      C:\work\qt\Studio\irisgl\src\graphics\renderitem.h(34,8):
      参见“iris::RenderItem”的声明
  
C:\work\qt\Studio\irisgl\src\graphics\renderlist.h(9,7): warning C4099: “iris::RenderItem”: 类型名称以前使用“struct”现在使用的是“class”
  (编译源文件“../src/dialogs/preferences/worldsettingswidget.cpp”)
      C:\work\qt\Studio\irisgl\src\graphics\renderitem.h(34,8):
      参见“iris::RenderItem”的声明
  
C:\work\qt\Studio\irisgl\src\vr\vrdevice.h(89,8): warning C4099: “iris::VrSwapChain”: 类型名称以前使用“class”现在使用的是“struct”
  (编译源文件“../src/mainwindow.cpp”)
      C:\work\qt\Studio\irisgl\src\vr\vrdevice.h(89,8):
      参见“iris::VrSwapChain”的声明
  
C:\work\qt\Studio\irisgl\src\graphics\graphicshelper.h(21,7): warning C4099: “aiScene”: 类型名称以前使用“struct”现在使用的是“class”
  (编译源文件“../src/editor/editorcameracontroller.cpp”)
      C:\work\qt\Studio\irisgl\src\assimp\include\assimp\scene.h(273,19):
      参见“aiScene”的声明
  
C:\work\qt\Studio\irisgl\src\scenegraph\particlesystemnode.h(25,7): warning C4099: “iris::RenderItem”: 类型名称以前使用“struct”现在使用的是“class”
  (编译源文件“../src/editor/editorcameracontroller.cpp”)
      C:\work\qt\Studio\irisgl\src\graphics\renderitem.h(34,8):
      参见“iris::RenderItem”的声明
  
C:\work\qt\Studio\irisgl\src\scenegraph\scenenode.h(36,7): warning C4099: “iris::PhysicsProperty”: 类型名称以前使用“struct”现在使用的是“class”
  (编译源文件“../src/widgets/transformeditor.cpp”)
      C:\work\qt\Studio\irisgl\src\physics\physicsproperties.h(43,8):
      参见“iris::PhysicsProperty”的声明
  
C:\work\qt\Studio\irisgl\src\scenegraph\viewernode.h(21,7): warning C4099: “iris::RenderItem”: 类型名称以前使用“struct”现在使用的是“class”
  (编译源文件“../src/editor/editorcameracontroller.cpp”)
      C:\work\qt\Studio\irisgl\src\graphics\renderitem.h(34,8):
      参见“iris::RenderItem”的声明
  
C:\work\qt\Studio\irisgl\src\graphics\mesh.h(26,7): warning C4099: “aiMesh”: 类型名称以前使用“struct”现在使用的是“class”
  (编译源文件“../src/main.cpp”)
      C:\work\qt\Studio\irisgl\src\assimp\include\assimp\mesh.h(638,8):
      参见“aiMesh”的声明
  
C:\work\qt\Studio\irisgl\src\content\modelloader.h(7,7): warning C4099: “aiScene”: 类型名称以前使用“struct”现在使用的是“class”
  (编译源文件“../src/editor/editorcameracontroller.cpp”)
      C:\work\qt\Studio\irisgl\src\assimp\include\assimp\scene.h(273,19):
      参见“aiScene”的声明
  
C:\work\qt\Studio\irisgl\src\animation\animableproperty.h(16,8): warning C4099: “iris::AnimableProperty”: 类型名称以前使用“class”现在使用的是“struct”
  (编译源文件“../src/editor/editorcameracontroller.cpp”)
      C:\work\qt\Studio\irisgl\src\animation\animableproperty.h(16,8):
      参见“iris::AnimableProperty”的声明
  
C:\work\qt\Studio\src\shadergraph\models\properties.h(158,10): warning C4305: “=”: 从“double”到“float”截断
  (编译源文件“../src/mainwindow.cpp”)
  
C:\work\qt\Studio\irisgl\src\animation\propertyanim.h(12,8): warning C4099: “iris::PropertyAnimInfo”: 类型名称以前使用“class”现在使用的是“struct”
  (编译源文件“../src/editor/editorcameracontroller.cpp”)
      C:\work\qt\Studio\irisgl\src\animation\propertyanim.h(12,8):
      参见“iris::PropertyAnimInfo”的声明
  
C:\work\qt\Studio\irisgl\src\vr\vrdevice.h(89,8): warning C4099: “iris::VrSwapChain”: 类型名称以前使用“class”现在使用的是“struct”
  (编译源文件“../src/dialogs/infodialog.cpp”)
      C:\work\qt\Studio\irisgl\src\vr\vrdevice.h(89,8):
      参见“iris::VrSwapChain”的声明
  
C:\work\qt\Studio\irisgl\src\vr\vrdevice.h(89,8): warning C4099: “iris::VrSwapChain”: 类型名称以前使用“class”现在使用的是“struct”
  (编译源文件“../src/editor/editorcameracontroller.cpp”)
      C:\work\qt\Studio\irisgl\src\vr\vrdevice.h(89,8):
      参见“iris::VrSwapChain”的声明
  
C:\work\qt\Studio\irisgl\src\graphics\mesh.h(26,7): warning C4099: “aiMesh”: 类型名称以前使用“struct”现在使用的是“class”
  (编译源文件“../src/globals.cpp”)
      C:\work\qt\Studio\irisgl\src\assimp\include\assimp\mesh.h(638,8):
      参见“aiMesh”的声明
  
C:\work\qt\Studio\src\shadergraph\graph\graphnodescene.h(39,7): warning C4099: “Property”: 类型名称以前使用“struct”现在使用的是“class”
  (编译源文件“../src/mainwindow.cpp”)
      C:\work\qt\Studio\src\shadergraph\models\properties.h(25,8):
      参见“Property”的声明
  
C:\work\qt\Studio\irisgl\src\graphics\forwardrenderer.h(35,7): warning C4099: “iris::RenderData”: 类型名称以前使用“struct”现在使用的是“class”
  (编译源文件“../src/dialogs/preferences/worldsettings.cpp”)
      C:\work\qt\Studio\irisgl\src\graphics\renderdata.h(22,8):
      参见“iris::RenderData”的声明
  
C:\work\qt\Studio\irisgl\src\scenegraph\scenenode.h(36,7): warning C4099: “iris::PhysicsProperty”: 类型名称以前使用“struct”现在使用的是“class”
  (编译源文件“../src/globals.cpp”)
      C:\work\qt\Studio\irisgl\src\physics\physicsproperties.h(43,8):
      参见“iris::PhysicsProperty”的声明
  
C:\work\qt\Studio\src\shadergraph\models\properties.h(158,10): warning C4305: “=”: 从“double”到“float”截断
  (编译源文件“../src/dialogs/infodialog.cpp”)
  
C:\work\qt\Studio\irisgl\src\scenegraph\scenenode.h(36,7): warning C4099: “iris::PhysicsProperty”: 类型名称以前使用“struct”现在使用的是“class”
  (编译源文件“../src/widgets/scenehierarchywidget.cpp”)
      C:\work\qt\Studio\irisgl\src\physics\physicsproperties.h(43,8):
      参见“iris::PhysicsProperty”的声明
  
C:\work\qt\Studio\src\shadergraph\widgets\propertylistwidget.h(15,7): warning C4099: “FloatProperty”: 类型名称以前使用“struct”现在使用的是“class”
  (编译源文件“../src/mainwindow.cpp”)
      C:\work\qt\Studio\src\shadergraph\models\properties.h(147,8):
      参见“FloatProperty”的声明
  
C:\work\qt\Studio\src\shadergraph\widgets\propertylistwidget.h(16,7): warning C4099: “Vec2Property”: 类型名称以前使用“struct”现在使用的是“class”
  (编译源文件“../src/mainwindow.cpp”)
      C:\work\qt\Studio\src\shadergraph\models\properties.h(287,8):
      参见“Vec2Property”的声明
  
C:\work\qt\Studio\src\shadergraph\widgets\propertylistwidget.h(17,7): warning C4099: “Vec3Property”: 类型名称以前使用“struct”现在使用的是“class”
  (编译源文件“../src/mainwindow.cpp”)
      C:\work\qt\Studio\src\shadergraph\models\properties.h(332,8):
      参见“Vec3Property”的声明
  
C:\work\qt\Studio\src\shadergraph\widgets\propertylistwidget.h(18,7): warning C4099: “Vec4Property”: 类型名称以前使用“struct”现在使用的是“class”
  (编译源文件“../src/mainwindow.cpp”)
      C:\work\qt\Studio\src\shadergraph\models\properties.h(382,8):
      参见“Vec4Property”的声明
  
C:\work\qt\Studio\src\shadergraph\widgets\propertylistwidget.h(19,7): warning C4099: “IntProperty”: 类型名称以前使用“struct”现在使用的是“class”
  (编译源文件“../src/mainwindow.cpp”)
      C:\work\qt\Studio\src\shadergraph\models\properties.h(95,8):
      参见“IntProperty”的声明
  
C:\work\qt\Studio\src\shadergraph\widgets\propertylistwidget.h(20,7): warning C4099: “TextureProperty”: 类型名称以前使用“struct”现在使用的是“class”
  (编译源文件“../src/mainwindow.cpp”)
      C:\work\qt\Studio\src\shadergraph\models\properties.h(248,8):
      参见“TextureProperty”的声明
  
C:\work\qt\Studio\irisgl\src\graphics\forwardrenderer.h(35,7): warning C4099: “iris::RenderData”: 类型名称以前使用“struct”现在使用的是“class”
  (编译源文件“../src/main.cpp”)
      C:\work\qt\Studio\irisgl\src\graphics\renderdata.h(22,8):
      参见“iris::RenderData”的声明
  
C:\work\qt\Studio\src\shadergraph\shadergraphmainwindow.h(31,7): warning C4099: “NodeLibraryItem”: 类型名称以前使用“struct”现在使用的是“class”
  (编译源文件“../src/mainwindow.cpp”)
      C:\work\qt\Studio\src\shadergraph\models\library.h(11,8):
      参见“NodeLibraryItem”的声明
  
C:\work\qt\Studio\src\shadergraph\models\properties.h(158,10): warning C4305: “=”: 从“double”到“float”截断
  (编译源文件“../src/editor/editorcameracontroller.cpp”)
  
C:\work\qt\Studio\irisgl\src\graphics\forwardrenderer.h(35,7): warning C4099: “iris::RenderData”: 类型名称以前使用“struct”现在使用的是“class”
  (编译源文件“../src/dialogs/preferences/worldsettingswidget.cpp”)
      C:\work\qt\Studio\irisgl\src\graphics\renderdata.h(22,8):
      参见“iris::RenderData”的声明
  
C:\work\qt\Studio\irisgl\src\graphics\graphicshelper.h(21,7): warning C4099: “aiScene”: 类型名称以前使用“struct”现在使用的是“class”
  (编译源文件“../src/dialogs/preferences/worldsettings.cpp”)
      C:\work\qt\Studio\irisgl\src\assimp\include\assimp\scene.h(273,19):
      参见“aiScene”的声明
  
C:\work\qt\Studio\src\shadergraph\graph\graphnodescene.h(39,7): warning C4099: “Property”: 类型名称以前使用“struct”现在使用的是“class”
  (编译源文件“../src/dialogs/infodialog.cpp”)
      C:\work\qt\Studio\src\shadergraph\models\properties.h(25,8):
      参见“Property”的声明
  
C:\work\qt\Studio\irisgl\src\vr\vrdevice.h(89,8): warning C4099: “iris::VrSwapChain”: 类型名称以前使用“class”现在使用的是“struct”
  (编译源文件“../src/widgets/maintimelinewidget.cpp”)
      C:\work\qt\Studio\irisgl\src\vr\vrdevice.h(89,8):
      参见“iris::VrSwapChain”的声明
  
C:\work\qt\Studio\src\shadergraph\widgets\propertylistwidget.h(15,7): warning C4099: “FloatProperty”: 类型名称以前使用“struct”现在使用的是“class”
  (编译源文件“../src/dialogs/infodialog.cpp”)
      C:\work\qt\Studio\src\shadergraph\models\properties.h(147,8):
      参见“FloatProperty”的声明
  
C:\work\qt\Studio\src\shadergraph\widgets\propertylistwidget.h(16,7): warning C4099: “Vec2Property”: 类型名称以前使用“struct”现在使用的是“class”
  (编译源文件“../src/dialogs/infodialog.cpp”)
      C:\work\qt\Studio\src\shadergraph\models\properties.h(287,8):
      参见“Vec2Property”的声明
  
C:\work\qt\Studio\src\shadergraph\widgets\propertylistwidget.h(17,7): warning C4099: “Vec3Property”: 类型名称以前使用“struct”现在使用的是“class”
  (编译源文件“../src/dialogs/infodialog.cpp”)
      C:\work\qt\Studio\src\shadergraph\models\properties.h(332,8):
      参见“Vec3Property”的声明
  
C:\work\qt\Studio\src\shadergraph\widgets\propertylistwidget.h(18,7): warning C4099: “Vec4Property”: 类型名称以前使用“struct”现在使用的是“class”
  (编译源文件“../src/dialogs/infodialog.cpp”)
      C:\work\qt\Studio\src\shadergraph\models\properties.h(382,8):
      参见“Vec4Property”的声明
  
C:\work\qt\Studio\src\shadergraph\widgets\propertylistwidget.h(19,7): warning C4099: “IntProperty”: 类型名称以前使用“struct”现在使用的是“class”
  (编译源文件“../src/dialogs/infodialog.cpp”)
      C:\work\qt\Studio\src\shadergraph\models\properties.h(95,8):
      参见“IntProperty”的声明
  
C:\work\qt\Studio\src\shadergraph\widgets\propertylistwidget.h(20,7): warning C4099: “TextureProperty”: 类型名称以前使用“struct”现在使用的是“class”
  (编译源文件“../src/dialogs/infodialog.cpp”)
      C:\work\qt\Studio\src\shadergraph\models\properties.h(248,8):
      参见“TextureProperty”的声明
  
C:\work\qt\Studio\irisgl\src\core\property.h(28,8): warning C4099: “iris::Property”: 类型名称以前使用“class”现在使用的是“struct”
  (编译源文件“../src/mainwindow.cpp”)
      C:\work\qt\Studio\irisgl\src\core\property.h(28,8):
      参见“iris::Property”的声明
  
C:\work\qt\Studio\src\shadergraph\shadergraphmainwindow.h(31,7): warning C4099: “NodeLibraryItem”: 类型名称以前使用“struct”现在使用的是“class”
  (编译源文件“../src/dialogs/infodialog.cpp”)
      C:\work\qt\Studio\src\shadergraph\models\library.h(11,8):
      参见“NodeLibraryItem”的声明
  
C:\work\qt\Studio\irisgl\src\scenegraph\particlesystemnode.h(25,7): warning C4099: “iris::RenderItem”: 类型名称以前使用“struct”现在使用的是“class”
  (编译源文件“../src/dialogs/preferences/worldsettings.cpp”)
      C:\work\qt\Studio\irisgl\src\graphics\renderitem.h(34,8):
      参见“iris::RenderItem”的声明
  
C:\work\qt\Studio\irisgl\src\graphics\graphicshelper.h(21,7): warning C4099: “aiScene”: 类型名称以前使用“struct”现在使用的是“class”
  (编译源文件“../src/dialogs/preferences/worldsettingswidget.cpp”)
      C:\work\qt\Studio\irisgl\src\assimp\include\assimp\scene.h(273,19):
      参见“aiScene”的声明
  
C:\work\qt\Studio\irisgl\src\graphics\graphicshelper.h(21,7): warning C4099: “aiScene”: 类型名称以前使用“struct”现在使用的是“class”
  (编译源文件“../src/main.cpp”)
      C:\work\qt\Studio\irisgl\src\assimp\include\assimp\scene.h(273,19):
      参见“aiScene”的声明
  
C:\work\qt\Studio\src\shadergraph\graph\graphnodescene.h(39,7): warning C4099: “Property”: 类型名称以前使用“struct”现在使用的是“class”
  (编译源文件“../src/editor/editorcameracontroller.cpp”)
      C:\work\qt\Studio\src\shadergraph\models\properties.h(25,8):
      参见“Property”的声明
  
C:\work\qt\Studio\irisgl\src\scenegraph\viewernode.h(21,7): warning C4099: “iris::RenderItem”: 类型名称以前使用“struct”现在使用的是“class”
  (编译源文件“../src/dialogs/preferences/worldsettings.cpp”)
      C:\work\qt\Studio\irisgl\src\graphics\renderitem.h(34,8):
      参见“iris::RenderItem”的声明
  
C:\work\qt\Studio\irisgl\src\scenegraph\scene.h(39,8): warning C4099: “iris::PickingResult”: 类型名称以前使用“class”现在使用的是“struct”
  (编译源文件“../src/main.cpp”)
      C:\work\qt\Studio\irisgl\src\scenegraph\scene.h(39,8):
      参见“iris::PickingResult”的声明
  
C:\work\qt\Studio\irisgl\src\content\modelloader.h(7,7): warning C4099: “aiScene”: 类型名称以前使用“struct”现在使用的是“class”
  (编译源文件“../src/dialogs/preferences/worldsettings.cpp”)
      C:\work\qt\Studio\irisgl\src\assimp\include\assimp\scene.h(273,19):
      参见“aiScene”的声明
  
C:\work\qt\Studio\irisgl\src\animation\animableproperty.h(16,8): warning C4099: “iris::AnimableProperty”: 类型名称以前使用“class”现在使用的是“struct”
  (编译源文件“../src/dialogs/preferences/worldsettings.cpp”)
      C:\work\qt\Studio\irisgl\src\animation\animableproperty.h(16,8):
      参见“iris::AnimableProperty”的声明
  
C:\work\qt\Studio\irisgl\src\scenegraph\particlesystemnode.h(25,7): warning C4099: “iris::RenderItem”: 类型名称以前使用“struct”现在使用的是“class”
  (编译源文件“../src/dialogs/preferences/worldsettingswidget.cpp”)
      C:\work\qt\Studio\irisgl\src\graphics\renderitem.h(34,8):
      参见“iris::RenderItem”的声明
  
C:\work\qt\Studio\src\core\materialpreset.h(18,8): warning C4099: “MaterialPreset”: 类型名称以前使用“class”现在使用的是“struct”
  (编译源文件“../src/widgets/assetfavorites.cpp”)
      C:\work\qt\Studio\src\core\materialpreset.h(18,8):
      参见“MaterialPreset”的声明
  
C:\work\qt\Studio\irisgl\src\animation\propertyanim.h(12,8): warning C4099: “iris::PropertyAnimInfo”: 类型名称以前使用“class”现在使用的是“struct”
  (编译源文件“../src/dialogs/preferences/worldsettings.cpp”)
      C:\work\qt\Studio\irisgl\src\animation\propertyanim.h(12,8):
      参见“iris::PropertyAnimInfo”的声明
  
C:\work\qt\Studio\irisgl\src\graphics\mesh.h(26,7): warning C4099: “aiMesh”: 类型名称以前使用“struct”现在使用的是“class”
  (编译源文件“../src/editor/scalegizmo.cpp”)
      C:\work\qt\Studio\irisgl\src\assimp\include\assimp\mesh.h(638,8):
      参见“aiMesh”的声明
  
C:\work\qt\Studio\irisgl\src\graphics\mesh.h(26,7): warning C4099: “aiMesh”: 类型名称以前使用“struct”现在使用的是“class”
  (编译源文件“../src/widgets/sceneviewwidget.cpp”)
      C:\work\qt\Studio\irisgl\src\assimp\include\assimp\mesh.h(638,8):
      参见“aiMesh”的声明
  
C:\work\qt\Studio\src\shadergraph\widgets\propertylistwidget.h(15,7): warning C4099: “FloatProperty”: 类型名称以前使用“struct”现在使用的是“class”
  (编译源文件“../src/editor/editorcameracontroller.cpp”)
      C:\work\qt\Studio\src\shadergraph\models\properties.h(147,8):
      参见“FloatProperty”的声明
  
C:\work\qt\Studio\src\shadergraph\widgets\propertylistwidget.h(16,7): warning C4099: “Vec2Property”: 类型名称以前使用“struct”现在使用的是“class”
  (编译源文件“../src/editor/editorcameracontroller.cpp”)
      C:\work\qt\Studio\src\shadergraph\models\properties.h(287,8):
      参见“Vec2Property”的声明
  
C:\work\qt\Studio\src\shadergraph\widgets\propertylistwidget.h(17,7): warning C4099: “Vec3Property”: 类型名称以前使用“struct”现在使用的是“class”
  (编译源文件“../src/editor/editorcameracontroller.cpp”)
      C:\work\qt\Studio\src\shadergraph\models\properties.h(332,8):
      参见“Vec3Property”的声明
  
C:\work\qt\Studio\src\shadergraph\widgets\propertylistwidget.h(18,7): warning C4099: “Vec4Property”: 类型名称以前使用“struct”现在使用的是“class”
  (编译源文件“../src/editor/editorcameracontroller.cpp”)
      C:\work\qt\Studio\src\shadergraph\models\properties.h(382,8):
      参见“Vec4Property”的声明
  
C:\work\qt\Studio\src\shadergraph\widgets\propertylistwidget.h(19,7): warning C4099: “IntProperty”: 类型名称以前使用“struct”现在使用的是“class”
  (编译源文件“../src/editor/editorcameracontroller.cpp”)
      C:\work\qt\Studio\src\shadergraph\models\properties.h(95,8):
      参见“IntProperty”的声明
  
C:\work\qt\Studio\src\shadergraph\widgets\propertylistwidget.h(20,7): warning C4099: “TextureProperty”: 类型名称以前使用“struct”现在使用的是“class”
  (编译源文件“../src/editor/editorcameracontroller.cpp”)
      C:\work\qt\Studio\src\shadergraph\models\properties.h(248,8):
      参见“TextureProperty”的声明
  
C:\work\qt\Studio\irisgl\src\scenegraph\viewernode.h(21,7): warning C4099: “iris::RenderItem”: 类型名称以前使用“struct”现在使用的是“class”
  (编译源文件“../src/dialogs/preferences/worldsettingswidget.cpp”)
      C:\work\qt\Studio\irisgl\src\graphics\renderitem.h(34,8):
      参见“iris::RenderItem”的声明
  
  orbitalcameracontroller.cpp
C:\work\qt\Studio\irisgl\src\graphics\graphicshelper.h(21,7): warning C4099: “aiScene”: 类型名称以前使用“struct”现在使用的是“class”
  (编译源文件“../src/editor/scalegizmo.cpp”)
      C:\work\qt\Studio\irisgl\src\assimp\include\assimp\scene.h(273,19):
      参见“aiScene”的声明
  
C:\work\qt\Studio\irisgl\src\content\modelloader.h(7,7): warning C4099: “aiScene”: 类型名称以前使用“struct”现在使用的是“class”
  (编译源文件“../src/dialogs/preferences/worldsettingswidget.cpp”)
      C:\work\qt\Studio\irisgl\src\assimp\include\assimp\scene.h(273,19):
      参见“aiScene”的声明
  
C:\work\qt\Studio\irisgl\src\animation\animableproperty.h(16,8): warning C4099: “iris::AnimableProperty”: 类型名称以前使用“class”现在使用的是“struct”
  (编译源文件“../src/dialogs/preferences/worldsettingswidget.cpp”)
      C:\work\qt\Studio\irisgl\src\animation\animableproperty.h(16,8):
      参见“iris::AnimableProperty”的声明
  
C:\work\qt\Studio\src\shadergraph\shadergraphmainwindow.h(31,7): warning C4099: “NodeLibraryItem”: 类型名称以前使用“struct”现在使用的是“class”
  (编译源文件“../src/editor/editorcameracontroller.cpp”)
      C:\work\qt\Studio\src\shadergraph\models\library.h(11,8):
      参见“NodeLibraryItem”的声明
  
C:\work\qt\Studio\src\shadergraph\models\properties.h(158,10): warning C4305: “=”: 从“double”到“float”截断
  (编译源文件“../src/widgets/maintimelinewidget.cpp”)
  
C:\work\qt\Studio\irisgl\src\vr\vrdevice.h(89,8): warning C4099: “iris::VrSwapChain”: 类型名称以前使用“class”现在使用的是“struct”
  (编译源文件“../src/dialogs/preferences/worldsettings.cpp”)
      C:\work\qt\Studio\irisgl\src\vr\vrdevice.h(89,8):
      参见“iris::VrSwapChain”的声明
  
C:\work\qt\Studio\irisgl\src\animation\propertyanim.h(12,8): warning C4099: “iris::PropertyAnimInfo”: 类型名称以前使用“class”现在使用的是“struct”
  (编译源文件“../src/dialogs/preferences/worldsettingswidget.cpp”)
      C:\work\qt\Studio\irisgl\src\animation\propertyanim.h(12,8):
      参见“iris::PropertyAnimInfo”的声明
  
C:\work\qt\Studio\irisgl\src\scenegraph\scenenode.h(36,7): warning C4099: “iris::PhysicsProperty”: 类型名称以前使用“struct”现在使用的是“class”
  (编译源文件“../src/main.cpp”)
      C:\work\qt\Studio\irisgl\src\physics\physicsproperties.h(43,8):
      参见“iris::PhysicsProperty”的声明
  
C:\work\qt\Studio\irisgl\src\vr\vrdevice.h(89,8): warning C4099: “iris::VrSwapChain”: 类型名称以前使用“class”现在使用的是“struct”
  (编译源文件“../src/dialogs/preferences/worldsettingswidget.cpp”)
      C:\work\qt\Studio\irisgl\src\vr\vrdevice.h(89,8):
      参见“iris::VrSwapChain”的声明
  
C:\work\qt\Studio\src\shadergraph\graph\graphnodescene.h(39,7): warning C4099: “Property”: 类型名称以前使用“struct”现在使用的是“class”
  (编译源文件“../src/widgets/maintimelinewidget.cpp”)
      C:\work\qt\Studio\src\shadergraph\models\properties.h(25,8):
      参见“Property”的声明
  
C:\work\qt\Studio\irisgl\src\graphics\mesh.h(26,7): warning C4099: “aiMesh”: 类型名称以前使用“struct”现在使用的是“class”
  (编译源文件“../src/widgets/assetmodelpanel.cpp”)
      C:\work\qt\Studio\irisgl\src\assimp\include\assimp\mesh.h(638,8):
      参见“aiMesh”的声明
  
C:\work\qt\Studio\src\shadergraph\widgets\propertylistwidget.h(15,7): warning C4099: “FloatProperty”: 类型名称以前使用“struct”现在使用的是“class”
  (编译源文件“../src/widgets/maintimelinewidget.cpp”)
      C:\work\qt\Studio\src\shadergraph\models\properties.h(147,8):
      参见“FloatProperty”的声明
  
C:\work\qt\Studio\src\shadergraph\widgets\propertylistwidget.h(16,7): warning C4099: “Vec2Property”: 类型名称以前使用“struct”现在使用的是“class”
  (编译源文件“../src/widgets/maintimelinewidget.cpp”)
      C:\work\qt\Studio\src\shadergraph\models\properties.h(287,8):
      参见“Vec2Property”的声明
  
C:\work\qt\Studio\src\shadergraph\widgets\propertylistwidget.h(17,7): warning C4099: “Vec3Property”: 类型名称以前使用“struct”现在使用的是“class”
  (编译源文件“../src/widgets/maintimelinewidget.cpp”)
      C:\work\qt\Studio\src\shadergraph\models\properties.h(332,8):
      参见“Vec3Property”的声明
  
C:\work\qt\Studio\src\shadergraph\widgets\propertylistwidget.h(18,7): warning C4099: “Vec4Property”: 类型名称以前使用“struct”现在使用的是“class”
  (编译源文件“../src/widgets/maintimelinewidget.cpp”)
      C:\work\qt\Studio\src\shadergraph\models\properties.h(382,8):
      参见“Vec4Property”的声明
  
C:\work\qt\Studio\src\shadergraph\widgets\propertylistwidget.h(19,7): warning C4099: “IntProperty”: 类型名称以前使用“struct”现在使用的是“class”
  (编译源文件“../src/widgets/maintimelinewidget.cpp”)
      C:\work\qt\Studio\src\shadergraph\models\properties.h(95,8):
      参见“IntProperty”的声明
  
C:\work\qt\Studio\src\shadergraph\widgets\propertylistwidget.h(20,7): warning C4099: “TextureProperty”: 类型名称以前使用“struct”现在使用的是“class”
  (编译源文件“../src/widgets/maintimelinewidget.cpp”)
      C:\work\qt\Studio\src\shadergraph\models\properties.h(248,8):
      参见“TextureProperty”的声明
  
C:\work\qt\Studio\src\shadergraph\models\properties.h(158,10): warning C4305: “=”: 从“double”到“float”截断
  (编译源文件“../src/dialogs/preferences/worldsettings.cpp”)
  
C:\work\qt\Studio\irisgl\src\graphics\renderitem.h(34,8): warning C4099: “iris::RenderItem”: 类型名称以前使用“class”现在使用的是“struct”
  (编译源文件“../src/main.cpp”)
      C:\work\qt\Studio\irisgl\src\graphics\renderitem.h(34,8):
      参见“iris::RenderItem”的声明
  
C:\work\qt\Studio\irisgl\src\scenegraph\scene.h(39,8): warning C4099: “iris::PickingResult”: 类型名称以前使用“class”现在使用的是“struct”
  (编译源文件“../src/widgets/scenehierarchywidget.cpp”)
      C:\work\qt\Studio\irisgl\src\scenegraph\scene.h(39,8):
      参见“iris::PickingResult”的声明
  
C:\work\qt\Studio\irisgl\src\scenegraph\meshnode.h(26,7): warning C4099: “aiScene”: 类型名称以前使用“struct”现在使用的是“class”
  (编译源文件“../src/main.cpp”)
      C:\work\qt\Studio\irisgl\src\assimp\include\assimp\scene.h(273,19):
      参见“aiScene”的声明
  
C:\work\qt\Studio\irisgl\src\scenegraph\meshnode.h(31,7): warning C4099: “iris::RenderItem”: 类型名称以前使用“struct”现在使用的是“class”
  (编译源文件“../src/main.cpp”)
      C:\work\qt\Studio\irisgl\src\graphics\renderitem.h(34,8):
      参见“iris::RenderItem”的声明
  
C:\work\qt\Studio\src\shadergraph\shadergraphmainwindow.h(31,7): warning C4099: “NodeLibraryItem”: 类型名称以前使用“struct”现在使用的是“class”
  (编译源文件“../src/widgets/maintimelinewidget.cpp”)
      C:\work\qt\Studio\src\shadergraph\models\library.h(11,8):
      参见“NodeLibraryItem”的声明
  
C:\work\qt\Studio\irisgl\src\scenegraph\particlesystemnode.h(25,7): warning C4099: “iris::RenderItem”: 类型名称以前使用“struct”现在使用的是“class”
  (编译源文件“../src/main.cpp”)
      C:\work\qt\Studio\irisgl\src\graphics\renderitem.h(34,8):
      参见“iris::RenderItem”的声明
  
C:\work\qt\Studio\src\shadergraph\models\properties.h(158,10): warning C4305: “=”: 从“double”到“float”截断
  (编译源文件“../src/dialogs/preferences/worldsettingswidget.cpp”)
  
C:\work\qt\Studio\irisgl\src\scenegraph\viewernode.h(21,7): warning C4099: “iris::RenderItem”: 类型名称以前使用“struct”现在使用的是“class”
  (编译源文件“../src/main.cpp”)
      C:\work\qt\Studio\irisgl\src\graphics\renderitem.h(34,8):
      参见“iris::RenderItem”的声明
  
C:\work\qt\Studio\irisgl\src\content\modelloader.h(7,7): warning C4099: “aiScene”: 类型名称以前使用“struct”现在使用的是“class”
  (编译源文件“../src/main.cpp”)
      C:\work\qt\Studio\irisgl\src\assimp\include\assimp\scene.h(273,19):
      参见“aiScene”的声明
  
C:\work\qt\Studio\irisgl\src\scenegraph\scene.h(39,8): warning C4099: “iris::PickingResult”: 类型名称以前使用“class”现在使用的是“struct”
  (编译源文件“../src/editor/cameracontrollerbase.cpp”)
      C:\work\qt\Studio\irisgl\src\scenegraph\scene.h(39,8):
      参见“iris::PickingResult”的声明
  
C:\work\qt\Studio\irisgl\src\animation\animableproperty.h(16,8): warning C4099: “iris::AnimableProperty”: 类型名称以前使用“class”现在使用的是“struct”
  (编译源文件“../src/main.cpp”)
      C:\work\qt\Studio\irisgl\src\animation\animableproperty.h(16,8):
      参见“iris::AnimableProperty”的声明
  
C:\work\qt\Studio\src\shadergraph\graph\graphnodescene.h(39,7): warning C4099: “Property”: 类型名称以前使用“struct”现在使用的是“class”
  (编译源文件“../src/dialogs/preferences/worldsettings.cpp”)
      C:\work\qt\Studio\src\shadergraph\models\properties.h(25,8):
      参见“Property”的声明
  
C:\work\qt\Studio\irisgl\src\animation\propertyanim.h(12,8): warning C4099: “iris::PropertyAnimInfo”: 类型名称以前使用“class”现在使用的是“struct”
  (编译源文件“../src/main.cpp”)
      C:\work\qt\Studio\irisgl\src\animation\propertyanim.h(12,8):
      参见“iris::PropertyAnimInfo”的声明
  
C:\work\qt\Studio\src\shadergraph\graph\graphnodescene.h(39,7): warning C4099: “Property”: 类型名称以前使用“struct”现在使用的是“class”
  (编译源文件“../src/dialogs/preferences/worldsettingswidget.cpp”)
      C:\work\qt\Studio\src\shadergraph\models\properties.h(25,8):
      参见“Property”的声明
  
C:\work\qt\Studio\src\core\materialpreset.h(18,8): warning C4099: “MaterialPreset”: 类型名称以前使用“class”现在使用的是“struct”
  (编译源文件“../src/mainwindow.cpp”)
      C:\work\qt\Studio\src\core\materialpreset.h(18,8):
      参见“MaterialPreset”的声明
  
C:\work\qt\Studio\src\shadergraph\widgets\propertylistwidget.h(15,7): warning C4099: “FloatProperty”: 类型名称以前使用“struct”现在使用的是“class”
  (编译源文件“../src/dialogs/preferences/worldsettings.cpp”)
      C:\work\qt\Studio\src\shadergraph\models\properties.h(147,8):
      参见“FloatProperty”的声明
  
C:\work\qt\Studio\src\shadergraph\widgets\propertylistwidget.h(16,7): warning C4099: “Vec2Property”: 类型名称以前使用“struct”现在使用的是“class”
  (编译源文件“../src/dialogs/preferences/worldsettings.cpp”)
      C:\work\qt\Studio\src\shadergraph\models\properties.h(287,8):
      参见“Vec2Property”的声明
  
C:\work\qt\Studio\src\shadergraph\widgets\propertylistwidget.h(17,7): warning C4099: “Vec3Property”: 类型名称以前使用“struct”现在使用的是“class”
  (编译源文件“../src/dialogs/preferences/worldsettings.cpp”)
      C:\work\qt\Studio\src\shadergraph\models\properties.h(332,8):
      参见“Vec3Property”的声明
  
C:\work\qt\Studio\src\shadergraph\widgets\propertylistwidget.h(18,7): warning C4099: “Vec4Property”: 类型名称以前使用“struct”现在使用的是“class”
  (编译源文件“../src/dialogs/preferences/worldsettings.cpp”)
      C:\work\qt\Studio\src\shadergraph\models\properties.h(382,8):
      参见“Vec4Property”的声明
  
C:\work\qt\Studio\src\shadergraph\widgets\propertylistwidget.h(19,7): warning C4099: “IntProperty”: 类型名称以前使用“struct”现在使用的是“class”
  (编译源文件“../src/dialogs/preferences/worldsettings.cpp”)
      C:\work\qt\Studio\src\shadergraph\models\properties.h(95,8):
      参见“IntProperty”的声明
  
C:\work\qt\Studio\src\shadergraph\widgets\propertylistwidget.h(20,7): warning C4099: “TextureProperty”: 类型名称以前使用“struct”现在使用的是“class”
  (编译源文件“../src/dialogs/preferences/worldsettings.cpp”)
      C:\work\qt\Studio\src\shadergraph\models\properties.h(248,8):
      参见“TextureProperty”的声明
  
C:\work\qt\Studio\irisgl\src\graphics\forwardrenderer.h(35,7): warning C4099: “iris::RenderData”: 类型名称以前使用“struct”现在使用的是“class”
  (编译源文件“Jahshaka_autogen/mocs_compilation_Debug.cpp”)
      C:\work\qt\Studio\irisgl\src\graphics\renderdata.h(22,8):
      参见“iris::RenderData”的声明
  
C:\work\qt\Studio\src\shadergraph\widgets\propertylistwidget.h(15,7): warning C4099: “FloatProperty”: 类型名称以前使用“struct”现在使用的是“class”
  (编译源文件“../src/dialogs/preferences/worldsettingswidget.cpp”)
      C:\work\qt\Studio\src\shadergraph\models\properties.h(147,8):
      参见“FloatProperty”的声明
  
C:\work\qt\Studio\src\shadergraph\widgets\propertylistwidget.h(16,7): warning C4099: “Vec2Property”: 类型名称以前使用“struct”现在使用的是“class”
  (编译源文件“../src/dialogs/preferences/worldsettingswidget.cpp”)
      C:\work\qt\Studio\src\shadergraph\models\properties.h(287,8):
      参见“Vec2Property”的声明
  
C:\work\qt\Studio\src\shadergraph\widgets\propertylistwidget.h(17,7): warning C4099: “Vec3Property”: 类型名称以前使用“struct”现在使用的是“class”
  (编译源文件“../src/dialogs/preferences/worldsettingswidget.cpp”)
      C:\work\qt\Studio\src\shadergraph\models\properties.h(332,8):
      参见“Vec3Property”的声明
  
C:\work\qt\Studio\src\shadergraph\widgets\propertylistwidget.h(18,7): warning C4099: “Vec4Property”: 类型名称以前使用“struct”现在使用的是“class”
  (编译源文件“../src/dialogs/preferences/worldsettingswidget.cpp”)
      C:\work\qt\Studio\src\shadergraph\models\properties.h(382,8):
      参见“Vec4Property”的声明
  
C:\work\qt\Studio\src\shadergraph\widgets\propertylistwidget.h(19,7): warning C4099: “IntProperty”: 类型名称以前使用“struct”现在使用的是“class”
  (编译源文件“../src/dialogs/preferences/worldsettingswidget.cpp”)
      C:\work\qt\Studio\src\shadergraph\models\properties.h(95,8):
      参见“IntProperty”的声明
  
C:\work\qt\Studio\src\shadergraph\widgets\propertylistwidget.h(20,7): warning C4099: “TextureProperty”: 类型名称以前使用“struct”现在使用的是“class”
  (编译源文件“../src/dialogs/preferences/worldsettingswidget.cpp”)
      C:\work\qt\Studio\src\shadergraph\models\properties.h(248,8):
      参见“TextureProperty”的声明
  
C:\work\qt\Studio\src\shadergraph\shadergraphmainwindow.h(31,7): warning C4099: “NodeLibraryItem”: 类型名称以前使用“struct”现在使用的是“class”
  (编译源文件“../src/dialogs/preferences/worldsettings.cpp”)
      C:\work\qt\Studio\src\shadergraph\models\library.h(11,8):
      参见“NodeLibraryItem”的声明
  
C:\work\qt\Studio\src\shadergraph\shadergraphmainwindow.h(31,7): warning C4099: “NodeLibraryItem”: 类型名称以前使用“struct”现在使用的是“class”
  (编译源文件“../src/dialogs/preferences/worldsettingswidget.cpp”)
      C:\work\qt\Studio\src\shadergraph\models\library.h(11,8):
      参见“NodeLibraryItem”的声明
  
C:\work\qt\Studio\irisgl\src\graphics\mesh.h(26,7): warning C4099: “aiMesh”: 类型名称以前使用“struct”现在使用的是“class”
  (编译源文件“../src/widgets/assetmaterialpanel.cpp”)
      C:\work\qt\Studio\irisgl\src\assimp\include\assimp\mesh.h(638,8):
      参见“aiMesh”的声明
  
C:\work\qt\Studio\irisgl\src\graphics\mesh.h(26,7): warning C4099: “aiMesh”: 类型名称以前使用“struct”现在使用的是“class”
  (编译源文件“../src/editor/rotationgizmo.cpp”)
      C:\work\qt\Studio\irisgl\src\assimp\include\assimp\mesh.h(638,8):
      参见“aiMesh”的声明
  
C:\work\qt\Studio\irisgl\src\graphics\renderlist.h(9,7): warning C4099: “iris::RenderItem”: 类型名称以前使用“struct”现在使用的是“class”
  (编译源文件“Jahshaka_autogen/mocs_compilation_Debug.cpp”)
      C:\work\qt\Studio\irisgl\src\graphics\renderitem.h(34,8):
      参见“iris::RenderItem”的声明
  
  scenenodepropertieswidget.cpp
  lightpropertywidget.cpp
C:\work\qt\Studio\irisgl\src\graphics\graphicshelper.h(21,7): warning C4099: “aiScene”: 类型名称以前使用“struct”现在使用的是“class”
  (编译源文件“Jahshaka_autogen/mocs_compilation_Debug.cpp”)
      C:\work\qt\Studio\irisgl\src\assimp\include\assimp\scene.h(273,19):
      参见“aiScene”的声明
  
C:\work\qt\Studio\irisgl\src\graphics\graphicshelper.h(21,7): warning C4099: “aiScene”: 类型名称以前使用“struct”现在使用的是“class”
  (编译源文件“../src/editor/rotationgizmo.cpp”)
      C:\work\qt\Studio\irisgl\src\assimp\include\assimp\scene.h(273,19):
      参见“aiScene”的声明
  
C:\work\qt\Studio\irisgl\src\scenegraph\particlesystemnode.h(25,7): warning C4099: “iris::RenderItem”: 类型名称以前使用“struct”现在使用的是“class”
  (编译源文件“Jahshaka_autogen/mocs_compilation_Debug.cpp”)
      C:\work\qt\Studio\irisgl\src\graphics\renderitem.h(34,8):
      参见“iris::RenderItem”的声明
  
C:\work\qt\Studio\irisgl\src\scenegraph\viewernode.h(21,7): warning C4099: “iris::RenderItem”: 类型名称以前使用“struct”现在使用的是“class”
  (编译源文件“Jahshaka_autogen/mocs_compilation_Debug.cpp”)
      C:\work\qt\Studio\irisgl\src\graphics\renderitem.h(34,8):
      参见“iris::RenderItem”的声明
  
C:\work\qt\Studio\irisgl\src\content\modelloader.h(7,7): warning C4099: “aiScene”: 类型名称以前使用“struct”现在使用的是“class”
  (编译源文件“Jahshaka_autogen/mocs_compilation_Debug.cpp”)
      C:\work\qt\Studio\irisgl\src\assimp\include\assimp\scene.h(273,19):
      参见“aiScene”的声明
  
C:\work\qt\Studio\irisgl\src\animation\animableproperty.h(16,8): warning C4099: “iris::AnimableProperty”: 类型名称以前使用“class”现在使用的是“struct”
  (编译源文件“Jahshaka_autogen/mocs_compilation_Debug.cpp”)
      C:\work\qt\Studio\irisgl\src\animation\animableproperty.h(16,8):
      参见“iris::AnimableProperty”的声明
  
C:\work\qt\Studio\irisgl\src\animation\propertyanim.h(12,8): warning C4099: “iris::PropertyAnimInfo”: 类型名称以前使用“class”现在使用的是“struct”
  (编译源文件“Jahshaka_autogen/mocs_compilation_Debug.cpp”)
      C:\work\qt\Studio\irisgl\src\animation\propertyanim.h(12,8):
      参见“iris::PropertyAnimInfo”的声明
  
C:\work\qt\Studio\src\widgets\projectmanager.h(25,7): warning C4099: “aiScene”: 类型名称以前使用“struct”现在使用的是“class”
  (编译源文件“../src/mainwindow.cpp”)
      C:\work\qt\Studio\irisgl\src\assimp\include\assimp\scene.h(273,19):
      参见“aiScene”的声明
  
C:\work\qt\Studio\src\io\scenereader.h(35,7): warning C4099: “aiScene”: 类型名称以前使用“struct”现在使用的是“class”
  (编译源文件“../src/mainwindow.cpp”)
      C:\work\qt\Studio\irisgl\src\assimp\include\assimp\scene.h(273,19):
      参见“aiScene”的声明
  
C:\work\qt\Studio\src\io\assetmanager.h(23,7): warning C4099: “aiScene”: 类型名称以前使用“struct”现在使用的是“class”
  (编译源文件“../src/mainwindow.cpp”)
      C:\work\qt\Studio\irisgl\src\assimp\include\assimp\scene.h(273,19):
      参见“aiScene”的声明
  
C:\work\qt\Studio\src\widgets\assetwidget.h(45,16): warning C4091: “typedef ”: 没有声明变量时忽略“directory_tupleA”的左侧
  (编译源文件“../src/mainwindow.cpp”)
  
C:\work\qt\Studio\src\widgets\assetmaterialpanel.h(25,7): warning C4099: “MaterialPreset”: 类型名称以前使用“struct”现在使用的是“class”
  (编译源文件“../src/mainwindow.cpp”)
      C:\work\qt\Studio\src\core\materialpreset.h(18,8):
      参见“MaterialPreset”的声明
  
C:\work\qt\Studio\src\widgets\assetview.h(74,16): warning C4091: “typedef ”: 没有声明变量时忽略“directory_tuple”的左侧
  (编译源文件“../src/mainwindow.cpp”)
  
C:\work\qt\Studio\src\mainwindow.cpp(292,36): warning C4305: “参数”: 从“double”到“float”截断
C:\work\qt\Studio\src\mainwindow.cpp(488,87): warning C4805: “!=”: 在操作中将类型“int”与类型“bool”混合不安全
C:\work\qt\Studio\irisgl\src\vr\vrdevice.h(89,8): warning C4099: “iris::VrSwapChain”: 类型名称以前使用“class”现在使用的是“struct”
  (编译源文件“../src/main.cpp”)
      C:\work\qt\Studio\irisgl\src\vr\vrdevice.h(89,8):
      参见“iris::VrSwapChain”的声明
  
C:\work\qt\Studio\irisgl\src\graphics\mesh.h(26,7): warning C4099: “aiMesh”: 类型名称以前使用“struct”现在使用的是“class”
  (编译源文件“../src/editor/gizmo.cpp”)
      C:\work\qt\Studio\irisgl\src\assimp\include\assimp\mesh.h(638,8):
      参见“aiMesh”的声明
  
C:\work\qt\Studio\irisgl\src\graphics\renderitem.h(34,8): warning C4099: “iris::RenderItem”: 类型名称以前使用“class”现在使用的是“struct”
  (编译源文件“../src/editor/gizmo.cpp”)
      C:\work\qt\Studio\irisgl\src\graphics\renderitem.h(34,8):
      参见“iris::RenderItem”的声明
  
C:\work\qt\Studio\irisgl\src\graphics\forwardrenderer.h(35,7): warning C4099: “iris::RenderData”: 类型名称以前使用“struct”现在使用的是“class”
  (编译源文件“../src/widgets/sceneviewwidget.cpp”)
      C:\work\qt\Studio\irisgl\src\graphics\renderdata.h(22,8):
      参见“iris::RenderData”的声明
  
C:\work\qt\Studio\irisgl\src\graphics\renderitem.h(34,8): warning C4099: “iris::RenderItem”: 类型名称以前使用“class”现在使用的是“struct”
  (编译源文件“../src/globals.cpp”)
      C:\work\qt\Studio\irisgl\src\graphics\renderitem.h(34,8):
      参见“iris::RenderItem”的声明
  
C:\work\qt\Studio\irisgl\src\scenegraph\meshnode.h(26,7): warning C4099: “aiScene”: 类型名称以前使用“struct”现在使用的是“class”
  (编译源文件“../src/editor/gizmo.cpp”)
      C:\work\qt\Studio\irisgl\src\assimp\include\assimp\scene.h(273,19):
      参见“aiScene”的声明
  
C:\work\qt\Studio\irisgl\src\scenegraph\meshnode.h(26,7): warning C4099: “aiScene”: 类型名称以前使用“struct”现在使用的是“class”
  (编译源文件“../src/globals.cpp”)
      C:\work\qt\Studio\irisgl\src\assimp\include\assimp\scene.h(273,19):
      参见“aiScene”的声明
  
C:\work\qt\Studio\irisgl\src\scenegraph\meshnode.h(31,7): warning C4099: “iris::RenderItem”: 类型名称以前使用“struct”现在使用的是“class”
  (编译源文件“../src/editor/gizmo.cpp”)
      C:\work\qt\Studio\irisgl\src\graphics\renderitem.h(34,8):
      参见“iris::RenderItem”的声明
  
C:\work\qt\Studio\irisgl\src\scenegraph\meshnode.h(31,7): warning C4099: “iris::RenderItem”: 类型名称以前使用“struct”现在使用的是“class”
  (编译源文件“../src/globals.cpp”)
      C:\work\qt\Studio\irisgl\src\graphics\renderitem.h(34,8):
      参见“iris::RenderItem”的声明
  
C:\work\qt\Studio\irisgl\src\graphics\renderlist.h(9,7): warning C4099: “iris::RenderItem”: 类型名称以前使用“struct”现在使用的是“class”
  (编译源文件“../src/globals.cpp”)
      C:\work\qt\Studio\irisgl\src\graphics\renderitem.h(34,8):
      参见“iris::RenderItem”的声明
  
C:\work\qt\Studio\src\shadergraph\models\properties.h(158,10): warning C4305: “=”: 从“double”到“float”截断
  (编译源文件“../src/main.cpp”)
  
  materialpropertywidget.cpp
C:\work\qt\Studio\irisgl\src\graphics\graphicshelper.h(21,7): warning C4099: “aiScene”: 类型名称以前使用“struct”现在使用的是“class”
  (编译源文件“../src/widgets/sceneviewwidget.cpp”)
      C:\work\qt\Studio\irisgl\src\assimp\include\assimp\scene.h(273,19):
      参见“aiScene”的声明
  
C:\work\qt\Studio\src\shadergraph\graph\graphnodescene.h(39,7): warning C4099: “Property”: 类型名称以前使用“struct”现在使用的是“class”
  (编译源文件“../src/main.cpp”)
      C:\work\qt\Studio\src\shadergraph\models\properties.h(25,8):
      参见“Property”的声明
  
C:\work\qt\Studio\src\io\assetmanager.h(23,7): warning C4099: “aiScene”: 类型名称以前使用“struct”现在使用的是“class”
  (编译源文件“../src/widgets/sceneviewwidget.cpp”)
      C:\work\qt\Studio\irisgl\src\assimp\include\assimp\scene.h(273,19):
      参见“aiScene”的声明
  
C:\work\qt\Studio\irisgl\src\scenegraph\scenenode.h(36,7): warning C4099: “iris::PhysicsProperty”: 类型名称以前使用“struct”现在使用的是“class”
  (编译源文件“../src/widgets/sceneviewwidget.cpp”)
      C:\work\qt\Studio\irisgl\src\physics\physicsproperties.h(43,8):
      参见“iris::PhysicsProperty”的声明
  
C:\work\qt\Studio\src\shadergraph\widgets\propertylistwidget.h(15,7): warning C4099: “FloatProperty”: 类型名称以前使用“struct”现在使用的是“class”
  (编译源文件“../src/main.cpp”)
      C:\work\qt\Studio\src\shadergraph\models\properties.h(147,8):
      参见“FloatProperty”的声明
  
C:\work\qt\Studio\src\shadergraph\widgets\propertylistwidget.h(16,7): warning C4099: “Vec2Property”: 类型名称以前使用“struct”现在使用的是“class”
  (编译源文件“../src/main.cpp”)
      C:\work\qt\Studio\src\shadergraph\models\properties.h(287,8):
      参见“Vec2Property”的声明
  
C:\work\qt\Studio\src\shadergraph\widgets\propertylistwidget.h(17,7): warning C4099: “Vec3Property”: 类型名称以前使用“struct”现在使用的是“class”
  (编译源文件“../src/main.cpp”)
      C:\work\qt\Studio\src\shadergraph\models\properties.h(332,8):
      参见“Vec3Property”的声明
  
C:\work\qt\Studio\src\shadergraph\widgets\propertylistwidget.h(18,7): warning C4099: “Vec4Property”: 类型名称以前使用“struct”现在使用的是“class”
  (编译源文件“../src/main.cpp”)
      C:\work\qt\Studio\src\shadergraph\models\properties.h(382,8):
      参见“Vec4Property”的声明
  
C:\work\qt\Studio\src\shadergraph\widgets\propertylistwidget.h(19,7): warning C4099: “IntProperty”: 类型名称以前使用“struct”现在使用的是“class”
  (编译源文件“../src/main.cpp”)
      C:\work\qt\Studio\src\shadergraph\models\properties.h(95,8):
      参见“IntProperty”的声明
  
C:\work\qt\Studio\src\shadergraph\widgets\propertylistwidget.h(20,7): warning C4099: “TextureProperty”: 类型名称以前使用“struct”现在使用的是“class”
  (编译源文件“../src/main.cpp”)
      C:\work\qt\Studio\src\shadergraph\models\properties.h(248,8):
      参见“TextureProperty”的声明
  
C:\work\qt\Studio\src\shadergraph\shadergraphmainwindow.h(31,7): warning C4099: “NodeLibraryItem”: 类型名称以前使用“struct”现在使用的是“class”
  (编译源文件“../src/main.cpp”)
      C:\work\qt\Studio\src\shadergraph\models\library.h(11,8):
      参见“NodeLibraryItem”的声明
  
C:\work\qt\Studio\irisgl\src\vr\vrdevice.h(89,8): warning C4099: “iris::VrSwapChain”: 类型名称以前使用“class”现在使用的是“struct”
  (编译源文件“Jahshaka_autogen/mocs_compilation_Debug.cpp”)
      C:\work\qt\Studio\irisgl\src\vr\vrdevice.h(89,8):
      参见“iris::VrSwapChain”的声明
  
C:\work\qt\Studio\irisgl\src\graphics\renderitem.h(34,8): warning C4099: “iris::RenderItem”: 类型名称以前使用“class”现在使用的是“struct”
  (编译源文件“../src/widgets/sceneviewwidget.cpp”)
      C:\work\qt\Studio\irisgl\src\graphics\renderitem.h(34,8):
      参见“iris::RenderItem”的声明
  
C:\work\qt\Studio\irisgl\src\scenegraph\meshnode.h(26,7): warning C4099: “aiScene”: 类型名称以前使用“struct”现在使用的是“class”
  (编译源文件“../src/widgets/sceneviewwidget.cpp”)
      C:\work\qt\Studio\irisgl\src\assimp\include\assimp\scene.h(273,19):
      参见“aiScene”的声明
  
C:\work\qt\Studio\irisgl\src\scenegraph\meshnode.h(31,7): warning C4099: “iris::RenderItem”: 类型名称以前使用“struct”现在使用的是“class”
  (编译源文件“../src/widgets/sceneviewwidget.cpp”)
      C:\work\qt\Studio\irisgl\src\graphics\renderitem.h(34,8):
      参见“iris::RenderItem”的声明
  
C:\work\qt\Studio\irisgl\src\core\property.h(28,8): warning C4099: “iris::Property”: 类型名称以前使用“class”现在使用的是“struct”
  (编译源文件“../src/widgets/sceneviewwidget.cpp”)
      C:\work\qt\Studio\irisgl\src\core\property.h(28,8):
      参见“iris::Property”的声明
  
C:\work\qt\Studio\irisgl\src\scenegraph\scene.h(39,8): warning C4099: “iris::PickingResult”: 类型名称以前使用“class”现在使用的是“struct”
  (编译源文件“../src/editor/translationgizmo.cpp”)
      C:\work\qt\Studio\irisgl\src\scenegraph\scene.h(39,8):
      参见“iris::PickingResult”的声明
  
C:\work\qt\Studio\src\shadergraph\models\properties.h(158,10): warning C4305: “=”: 从“double”到“float”截断
  (编译源文件“Jahshaka_autogen/mocs_compilation_Debug.cpp”)
  
C:\work\qt\Studio\irisgl\src\scenegraph\scenenode.h(36,7): warning C4099: “iris::PhysicsProperty”: 类型名称以前使用“struct”现在使用的是“class”
  (编译源文件“../src/editor/translationgizmo.cpp”)
      C:\work\qt\Studio\irisgl\src\physics\physicsproperties.h(43,8):
      参见“iris::PhysicsProperty”的声明
  
C:\work\qt\Studio\src\shadergraph\graph\graphnodescene.h(39,7): warning C4099: “Property”: 类型名称以前使用“struct”现在使用的是“class”
  (编译源文件“Jahshaka_autogen/mocs_compilation_Debug.cpp”)
      C:\work\qt\Studio\src\shadergraph\models\properties.h(25,8):
      参见“Property”的声明
  
C:\work\qt\Studio\irisgl\src\graphics\forwardrenderer.h(35,7): warning C4099: “iris::RenderData”: 类型名称以前使用“struct”现在使用的是“class”
  (编译源文件“../src/widgets/assetmodelpanel.cpp”)
      C:\work\qt\Studio\irisgl\src\graphics\renderdata.h(22,8):
      参见“iris::RenderData”的声明
  
C:\work\qt\Studio\irisgl\src\graphics\mesh.h(26,7): warning C4099: “aiMesh”: 类型名称以前使用“struct”现在使用的是“class”
  (编译源文件“../src/widgets/assetfavorites.cpp”)
      C:\work\qt\Studio\irisgl\src\assimp\include\assimp\mesh.h(638,8):
      参见“aiMesh”的声明
  
C:\work\qt\Studio\src\shadergraph\widgets\propertylistwidget.h(15,7): warning C4099: “FloatProperty”: 类型名称以前使用“struct”现在使用的是“class”
  (编译源文件“Jahshaka_autogen/mocs_compilation_Debug.cpp”)
      C:\work\qt\Studio\src\shadergraph\models\properties.h(147,8):
      参见“FloatProperty”的声明
  
C:\work\qt\Studio\src\shadergraph\widgets\propertylistwidget.h(16,7): warning C4099: “Vec2Property”: 类型名称以前使用“struct”现在使用的是“class”
  (编译源文件“Jahshaka_autogen/mocs_compilation_Debug.cpp”)
      C:\work\qt\Studio\src\shadergraph\models\properties.h(287,8):
      参见“Vec2Property”的声明
  
C:\work\qt\Studio\src\shadergraph\widgets\propertylistwidget.h(17,7): warning C4099: “Vec3Property”: 类型名称以前使用“struct”现在使用的是“class”
  (编译源文件“Jahshaka_autogen/mocs_compilation_Debug.cpp”)
      C:\work\qt\Studio\src\shadergraph\models\properties.h(332,8):
      参见“Vec3Property”的声明
  
C:\work\qt\Studio\src\shadergraph\widgets\propertylistwidget.h(18,7): warning C4099: “Vec4Property”: 类型名称以前使用“struct”现在使用的是“class”
  (编译源文件“Jahshaka_autogen/mocs_compilation_Debug.cpp”)
      C:\work\qt\Studio\src\shadergraph\models\properties.h(382,8):
      参见“Vec4Property”的声明
  
C:\work\qt\Studio\src\shadergraph\widgets\propertylistwidget.h(19,7): warning C4099: “IntProperty”: 类型名称以前使用“struct”现在使用的是“class”
  (编译源文件“Jahshaka_autogen/mocs_compilation_Debug.cpp”)
      C:\work\qt\Studio\src\shadergraph\models\properties.h(95,8):
      参见“IntProperty”的声明
  
C:\work\qt\Studio\src\shadergraph\widgets\propertylistwidget.h(20,7): warning C4099: “TextureProperty”: 类型名称以前使用“struct”现在使用的是“class”
  (编译源文件“Jahshaka_autogen/mocs_compilation_Debug.cpp”)
      C:\work\qt\Studio\src\shadergraph\models\properties.h(248,8):
      参见“TextureProperty”的声明
  
C:\work\qt\Studio\src\shadergraph\shadergraphmainwindow.h(31,7): warning C4099: “NodeLibraryItem”: 类型名称以前使用“struct”现在使用的是“class”
  (编译源文件“Jahshaka_autogen/mocs_compilation_Debug.cpp”)
      C:\work\qt\Studio\src\shadergraph\models\library.h(11,8):
      参见“NodeLibraryItem”的声明
  
C:\work\qt\Studio\src\main.cpp(50,1): warning C4067: 预处理器指令后有意外标记 - 应输入换行符
C:\work\qt\Studio\irisgl\src\graphics\graphicshelper.h(21,7): warning C4099: “aiScene”: 类型名称以前使用“struct”现在使用的是“class”
  (编译源文件“../src/widgets/assetmodelpanel.cpp”)
      C:\work\qt\Studio\irisgl\src\assimp\include\assimp\scene.h(273,19):
      参见“aiScene”的声明
  
C:\work\qt\Studio\irisgl\src\graphics\forwardrenderer.h(35,7): warning C4099: “iris::RenderData”: 类型名称以前使用“struct”现在使用的是“class”
  (编译源文件“../src/widgets/assetfavorites.cpp”)
      C:\work\qt\Studio\irisgl\src\graphics\renderdata.h(22,8):
      参见“iris::RenderData”的声明
  
C:\work\qt\Studio\irisgl\src\scenegraph\scene.h(39,8): warning C4099: “iris::PickingResult”: 类型名称以前使用“class”现在使用的是“struct”
  (编译源文件“../src/editor/scalegizmo.cpp”)
      C:\work\qt\Studio\irisgl\src\scenegraph\scene.h(39,8):
      参见“iris::PickingResult”的声明
  
C:\work\qt\Studio\irisgl\src\scenegraph\scene.h(39,8): warning C4099: “iris::PickingResult”: 类型名称以前使用“class”现在使用的是“struct”
  (编译源文件“../src/widgets/assetmodelpanel.cpp”)
      C:\work\qt\Studio\irisgl\src\scenegraph\scene.h(39,8):
      参见“iris::PickingResult”的声明
  
C:\work\qt\Studio\irisgl\src\graphics\forwardrenderer.h(35,7): warning C4099: “iris::RenderData”: 类型名称以前使用“struct”现在使用的是“class”
  (编译源文件“../src/widgets/assetmaterialpanel.cpp”)
      C:\work\qt\Studio\irisgl\src\graphics\renderdata.h(22,8):
      参见“iris::RenderData”的声明
  
C:\work\qt\Studio\irisgl\src\graphics\mesh.h(26,7): warning C4099: “aiMesh”: 类型名称以前使用“struct”现在使用的是“class”
  (编译源文件“../src/editor/translationgizmo.cpp”)
      C:\work\qt\Studio\irisgl\src\assimp\include\assimp\mesh.h(638,8):
      参见“aiMesh”的声明
  
C:\work\qt\Studio\irisgl\src\scenegraph\scenenode.h(36,7): warning C4099: “iris::PhysicsProperty”: 类型名称以前使用“struct”现在使用的是“class”
  (编译源文件“../src/widgets/assetmodelpanel.cpp”)
      C:\work\qt\Studio\irisgl\src\physics\physicsproperties.h(43,8):
      参见“iris::PhysicsProperty”的声明
  
C:\work\qt\Studio\irisgl\src\scenegraph\scenenode.h(36,7): warning C4099: “iris::PhysicsProperty”: 类型名称以前使用“struct”现在使用的是“class”
  (编译源文件“../src/editor/scalegizmo.cpp”)
      C:\work\qt\Studio\irisgl\src\physics\physicsproperties.h(43,8):
      参见“iris::PhysicsProperty”的声明
  
C:\work\qt\Studio\irisgl\src\graphics\graphicshelper.h(21,7): warning C4099: “aiScene”: 类型名称以前使用“struct”现在使用的是“class”
  (编译源文件“../src/widgets/assetfavorites.cpp”)
      C:\work\qt\Studio\irisgl\src\assimp\include\assimp\scene.h(273,19):
      参见“aiScene”的声明
  
C:\work\qt\Studio\irisgl\src\graphics\graphicshelper.h(21,7): warning C4099: “aiScene”: 类型名称以前使用“struct”现在使用的是“class”
  (编译源文件“../src/widgets/assetmaterialpanel.cpp”)
      C:\work\qt\Studio\irisgl\src\assimp\include\assimp\scene.h(273,19):
      参见“aiScene”的声明
  
C:\work\qt\Studio\irisgl\src\scenegraph\scene.h(39,8): warning C4099: “iris::PickingResult”: 类型名称以前使用“class”现在使用的是“struct”
  (编译源文件“../src/widgets/assetfavorites.cpp”)
      C:\work\qt\Studio\irisgl\src\scenegraph\scene.h(39,8):
      参见“iris::PickingResult”的声明
  
C:\work\qt\Studio\irisgl\src\graphics\graphicshelper.h(21,7): warning C4099: “aiScene”: 类型名称以前使用“struct”现在使用的是“class”
  (编译源文件“../src/editor/translationgizmo.cpp”)
      C:\work\qt\Studio\irisgl\src\assimp\include\assimp\scene.h(273,19):
      参见“aiScene”的声明
  
C:\work\qt\Studio\irisgl\src\graphics\renderitem.h(34,8): warning C4099: “iris::RenderItem”: 类型名称以前使用“class”现在使用的是“struct”
  (编译源文件“../src/widgets/assetmodelpanel.cpp”)
      C:\work\qt\Studio\irisgl\src\graphics\renderitem.h(34,8):
      参见“iris::RenderItem”的声明
  
C:\work\qt\Studio\irisgl\src\scenegraph\meshnode.h(26,7): warning C4099: “aiScene”: 类型名称以前使用“struct”现在使用的是“class”
  (编译源文件“../src/widgets/assetmodelpanel.cpp”)
      C:\work\qt\Studio\irisgl\src\assimp\include\assimp\scene.h(273,19):
      参见“aiScene”的声明
  
C:\work\qt\Studio\irisgl\src\scenegraph\meshnode.h(31,7): warning C4099: “iris::RenderItem”: 类型名称以前使用“struct”现在使用的是“class”
  (编译源文件“../src/widgets/assetmodelpanel.cpp”)
      C:\work\qt\Studio\irisgl\src\graphics\renderitem.h(34,8):
      参见“iris::RenderItem”的声明
  
C:\work\qt\Studio\irisgl\src\scenegraph\scene.h(39,8): warning C4099: “iris::PickingResult”: 类型名称以前使用“class”现在使用的是“struct”
  (编译源文件“../src/widgets/assetmaterialpanel.cpp”)
      C:\work\qt\Studio\irisgl\src\scenegraph\scene.h(39,8):
      参见“iris::PickingResult”的声明
  
C:\work\qt\Studio\irisgl\src\scenegraph\particlesystemnode.h(25,7): warning C4099: “iris::RenderItem”: 类型名称以前使用“struct”现在使用的是“class”
  (编译源文件“../src/widgets/assetmodelpanel.cpp”)
      C:\work\qt\Studio\irisgl\src\graphics\renderitem.h(34,8):
      参见“iris::RenderItem”的声明
  
C:\work\qt\Studio\irisgl\src\scenegraph\viewernode.h(21,7): warning C4099: “iris::RenderItem”: 类型名称以前使用“struct”现在使用的是“class”
  (编译源文件“../src/widgets/assetmodelpanel.cpp”)
      C:\work\qt\Studio\irisgl\src\graphics\renderitem.h(34,8):
      参见“iris::RenderItem”的声明
  
C:\work\qt\Studio\irisgl\src\scenegraph\scenenode.h(36,7): warning C4099: “iris::PhysicsProperty”: 类型名称以前使用“struct”现在使用的是“class”
  (编译源文件“../src/widgets/assetfavorites.cpp”)
      C:\work\qt\Studio\irisgl\src\physics\physicsproperties.h(43,8):
      参见“iris::PhysicsProperty”的声明
  
C:\work\qt\Studio\irisgl\src\content\modelloader.h(7,7): warning C4099: “aiScene”: 类型名称以前使用“struct”现在使用的是“class”
  (编译源文件“../src/widgets/assetmodelpanel.cpp”)
      C:\work\qt\Studio\irisgl\src\assimp\include\assimp\scene.h(273,19):
      参见“aiScene”的声明
  
C:\work\qt\Studio\irisgl\src\animation\animableproperty.h(16,8): warning C4099: “iris::AnimableProperty”: 类型名称以前使用“class”现在使用的是“struct”
  (编译源文件“../src/widgets/assetmodelpanel.cpp”)
      C:\work\qt\Studio\irisgl\src\animation\animableproperty.h(16,8):
      参见“iris::AnimableProperty”的声明
  
C:\work\qt\Studio\irisgl\src\animation\propertyanim.h(12,8): warning C4099: “iris::PropertyAnimInfo”: 类型名称以前使用“class”现在使用的是“struct”
  (编译源文件“../src/widgets/assetmodelpanel.cpp”)
      C:\work\qt\Studio\irisgl\src\animation\propertyanim.h(12,8):
      参见“iris::PropertyAnimInfo”的声明
  
C:\work\qt\Studio\irisgl\src\graphics\mesh.h(26,7): warning C4099: “aiMesh”: 类型名称以前使用“struct”现在使用的是“class”
  (编译源文件“../src/widgets/skypresets.cpp”)
      C:\work\qt\Studio\irisgl\src\assimp\include\assimp\mesh.h(638,8):
      参见“aiMesh”的声明
  
C:\work\qt\Studio\irisgl\src\scenegraph\scenenode.h(36,7): warning C4099: “iris::PhysicsProperty”: 类型名称以前使用“struct”现在使用的是“class”
  (编译源文件“../src/widgets/assetmaterialpanel.cpp”)
      C:\work\qt\Studio\irisgl\src\physics\physicsproperties.h(43,8):
      参见“iris::PhysicsProperty”的声明
  
C:\work\qt\Studio\irisgl\src\graphics\mesh.h(26,7): warning C4099: “aiMesh”: 类型名称以前使用“struct”现在使用的是“class”
  (编译源文件“../src/widgets/scenehierarchywidget.cpp”)
      C:\work\qt\Studio\irisgl\src\assimp\include\assimp\mesh.h(638,8):
      参见“aiMesh”的声明
  
C:\work\qt\Studio\irisgl\src\graphics\renderitem.h(34,8): warning C4099: “iris::RenderItem”: 类型名称以前使用“class”现在使用的是“struct”
  (编译源文件“../src/widgets/assetfavorites.cpp”)
      C:\work\qt\Studio\irisgl\src\graphics\renderitem.h(34,8):
      参见“iris::RenderItem”的声明
  
C:\work\qt\Studio\irisgl\src\scenegraph\meshnode.h(26,7): warning C4099: “aiScene”: 类型名称以前使用“struct”现在使用的是“class”
  (编译源文件“../src/widgets/assetfavorites.cpp”)
      C:\work\qt\Studio\irisgl\src\assimp\include\assimp\scene.h(273,19):
      参见“aiScene”的声明
  
C:\work\qt\Studio\irisgl\src\scenegraph\meshnode.h(31,7): warning C4099: “iris::RenderItem”: 类型名称以前使用“struct”现在使用的是“class”
  (编译源文件“../src/widgets/assetfavorites.cpp”)
      C:\work\qt\Studio\irisgl\src\graphics\renderitem.h(34,8):
      参见“iris::RenderItem”的声明
  
C:\work\qt\Studio\irisgl\src\graphics\forwardrenderer.h(35,7): warning C4099: “iris::RenderData”: 类型名称以前使用“struct”现在使用的是“class”
  (编译源文件“../src/globals.cpp”)
      C:\work\qt\Studio\irisgl\src\graphics\renderdata.h(22,8):
      参见“iris::RenderData”的声明
  
C:\work\qt\Studio\irisgl\src\scenegraph\particlesystemnode.h(25,7): warning C4099: “iris::RenderItem”: 类型名称以前使用“struct”现在使用的是“class”
  (编译源文件“../src/widgets/assetfavorites.cpp”)
      C:\work\qt\Studio\irisgl\src\graphics\renderitem.h(34,8):
      参见“iris::RenderItem”的声明
  
C:\work\qt\Studio\irisgl\src\graphics\renderitem.h(34,8): warning C4099: “iris::RenderItem”: 类型名称以前使用“class”现在使用的是“struct”
  (编译源文件“../src/widgets/assetmaterialpanel.cpp”)
      C:\work\qt\Studio\irisgl\src\graphics\renderitem.h(34,8):
      参见“iris::RenderItem”的声明
  
C:\work\qt\Studio\irisgl\src\scenegraph\meshnode.h(26,7): warning C4099: “aiScene”: 类型名称以前使用“struct”现在使用的是“class”
  (编译源文件“../src/widgets/assetmaterialpanel.cpp”)
      C:\work\qt\Studio\irisgl\src\assimp\include\assimp\scene.h(273,19):
      参见“aiScene”的声明
  
C:\work\qt\Studio\irisgl\src\scenegraph\meshnode.h(31,7): warning C4099: “iris::RenderItem”: 类型名称以前使用“struct”现在使用的是“class”
  (编译源文件“../src/widgets/assetmaterialpanel.cpp”)
      C:\work\qt\Studio\irisgl\src\graphics\renderitem.h(34,8):
      参见“iris::RenderItem”的声明
  
C:\work\qt\Studio\irisgl\src\scenegraph\particlesystemnode.h(25,7): warning C4099: “iris::RenderItem”: 类型名称以前使用“struct”现在使用的是“class”
  (编译源文件“../src/widgets/assetmaterialpanel.cpp”)
      C:\work\qt\Studio\irisgl\src\graphics\renderitem.h(34,8):
      参见“iris::RenderItem”的声明
  
C:\work\qt\Studio\irisgl\src\scenegraph\viewernode.h(21,7): warning C4099: “iris::RenderItem”: 类型名称以前使用“struct”现在使用的是“class”
  (编译源文件“../src/widgets/assetfavorites.cpp”)
      C:\work\qt\Studio\irisgl\src\graphics\renderitem.h(34,8):
      参见“iris::RenderItem”的声明
  
C:\work\qt\Studio\irisgl\src\graphics\forwardrenderer.h(35,7): warning C4099: “iris::RenderData”: 类型名称以前使用“struct”现在使用的是“class”
  (编译源文件“../src/widgets/scenehierarchywidget.cpp”)
      C:\work\qt\Studio\irisgl\src\graphics\renderdata.h(22,8):
      参见“iris::RenderData”的声明
  
C:\work\qt\Studio\irisgl\src\content\modelloader.h(7,7): warning C4099: “aiScene”: 类型名称以前使用“struct”现在使用的是“class”
  (编译源文件“../src/widgets/assetfavorites.cpp”)
      C:\work\qt\Studio\irisgl\src\assimp\include\assimp\scene.h(273,19):
      参见“aiScene”的声明
  
C:\work\qt\Studio\irisgl\src\animation\animableproperty.h(16,8): warning C4099: “iris::AnimableProperty”: 类型名称以前使用“class”现在使用的是“struct”
  (编译源文件“../src/widgets/assetfavorites.cpp”)
      C:\work\qt\Studio\irisgl\src\animation\animableproperty.h(16,8):
      参见“iris::AnimableProperty”的声明
  
C:\work\qt\Studio\irisgl\src\scenegraph\viewernode.h(21,7): warning C4099: “iris::RenderItem”: 类型名称以前使用“struct”现在使用的是“class”
  (编译源文件“../src/widgets/assetmaterialpanel.cpp”)
      C:\work\qt\Studio\irisgl\src\graphics\renderitem.h(34,8):
      参见“iris::RenderItem”的声明
  
C:\work\qt\Studio\irisgl\src\animation\propertyanim.h(12,8): warning C4099: “iris::PropertyAnimInfo”: 类型名称以前使用“class”现在使用的是“struct”
  (编译源文件“../src/widgets/assetfavorites.cpp”)
      C:\work\qt\Studio\irisgl\src\animation\propertyanim.h(12,8):
      参见“iris::PropertyAnimInfo”的声明
  
C:\work\qt\Studio\irisgl\src\content\modelloader.h(7,7): warning C4099: “aiScene”: 类型名称以前使用“struct”现在使用的是“class”
  (编译源文件“../src/widgets/assetmaterialpanel.cpp”)
      C:\work\qt\Studio\irisgl\src\assimp\include\assimp\scene.h(273,19):
      参见“aiScene”的声明
  
C:\work\qt\Studio\irisgl\src\animation\animableproperty.h(16,8): warning C4099: “iris::AnimableProperty”: 类型名称以前使用“class”现在使用的是“struct”
  (编译源文件“../src/widgets/assetmaterialpanel.cpp”)
      C:\work\qt\Studio\irisgl\src\animation\animableproperty.h(16,8):
      参见“iris::AnimableProperty”的声明
  
C:\work\qt\Studio\irisgl\src\animation\propertyanim.h(12,8): warning C4099: “iris::PropertyAnimInfo”: 类型名称以前使用“class”现在使用的是“struct”
  (编译源文件“../src/widgets/assetmaterialpanel.cpp”)
      C:\work\qt\Studio\irisgl\src\animation\propertyanim.h(12,8):
      参见“iris::PropertyAnimInfo”的声明
  
C:\work\qt\Studio\irisgl\src\graphics\graphicshelper.h(21,7): warning C4099: “aiScene”: 类型名称以前使用“struct”现在使用的是“class”
  (编译源文件“../src/globals.cpp”)
      C:\work\qt\Studio\irisgl\src\assimp\include\assimp\scene.h(273,19):
      参见“aiScene”的声明
  
  skypropertywidget.cpp
C:\work\qt\Studio\irisgl\src\graphics\graphicshelper.h(21,7): warning C4099: “aiScene”: 类型名称以前使用“struct”现在使用的是“class”
  (编译源文件“../src/widgets/scenehierarchywidget.cpp”)
      C:\work\qt\Studio\irisgl\src\assimp\include\assimp\scene.h(273,19):
      参见“aiScene”的声明
  
C:\work\qt\Studio\irisgl\src\scenegraph\particlesystemnode.h(25,7): warning C4099: “iris::RenderItem”: 类型名称以前使用“struct”现在使用的是“class”
  (编译源文件“../src/globals.cpp”)
      C:\work\qt\Studio\irisgl\src\graphics\renderitem.h(34,8):
      参见“iris::RenderItem”的声明
  
  worldskypropertywidget.cpp
C:\work\qt\Studio\irisgl\src\graphics\renderitem.h(34,8): warning C4099: “iris::RenderItem”: 类型名称以前使用“class”现在使用的是“struct”
  (编译源文件“../src/widgets/scenehierarchywidget.cpp”)
      C:\work\qt\Studio\irisgl\src\graphics\renderitem.h(34,8):
      参见“iris::RenderItem”的声明
  
C:\work\qt\Studio\irisgl\src\scenegraph\meshnode.h(26,7): warning C4099: “aiScene”: 类型名称以前使用“struct”现在使用的是“class”
  (编译源文件“../src/widgets/scenehierarchywidget.cpp”)
      C:\work\qt\Studio\irisgl\src\assimp\include\assimp\scene.h(273,19):
      参见“aiScene”的声明
  
C:\work\qt\Studio\irisgl\src\scenegraph\meshnode.h(31,7): warning C4099: “iris::RenderItem”: 类型名称以前使用“struct”现在使用的是“class”
  (编译源文件“../src/widgets/scenehierarchywidget.cpp”)
      C:\work\qt\Studio\irisgl\src\graphics\renderitem.h(34,8):
      参见“iris::RenderItem”的声明
  
C:\work\qt\Studio\irisgl\src\scenegraph\viewernode.h(21,7): warning C4099: “iris::RenderItem”: 类型名称以前使用“struct”现在使用的是“class”
  (编译源文件“../src/globals.cpp”)
      C:\work\qt\Studio\irisgl\src\graphics\renderitem.h(34,8):
      参见“iris::RenderItem”的声明
  
C:\work\qt\Studio\irisgl\src\scenegraph\particlesystemnode.h(25,7): warning C4099: “iris::RenderItem”: 类型名称以前使用“struct”现在使用的是“class”
  (编译源文件“../src/widgets/scenehierarchywidget.cpp”)
      C:\work\qt\Studio\irisgl\src\graphics\renderitem.h(34,8):
      参见“iris::RenderItem”的声明
  
C:\work\qt\Studio\irisgl\src\content\modelloader.h(7,7): warning C4099: “aiScene”: 类型名称以前使用“struct”现在使用的是“class”
  (编译源文件“../src/globals.cpp”)
      C:\work\qt\Studio\irisgl\src\assimp\include\assimp\scene.h(273,19):
      参见“aiScene”的声明
  
C:\work\qt\Studio\irisgl\src\animation\animableproperty.h(16,8): warning C4099: “iris::AnimableProperty”: 类型名称以前使用“class”现在使用的是“struct”
  (编译源文件“../src/globals.cpp”)
      C:\work\qt\Studio\irisgl\src\animation\animableproperty.h(16,8):
      参见“iris::AnimableProperty”的声明
  
C:\work\qt\Studio\irisgl\src\scenegraph\scene.h(39,8): warning C4099: “iris::PickingResult”: 类型名称以前使用“class”现在使用的是“struct”
  (编译源文件“../src/editor/rotationgizmo.cpp”)
      C:\work\qt\Studio\irisgl\src\scenegraph\scene.h(39,8):
      参见“iris::PickingResult”的声明
  
C:\work\qt\Studio\irisgl\src\animation\propertyanim.h(12,8): warning C4099: “iris::PropertyAnimInfo”: 类型名称以前使用“class”现在使用的是“struct”
  (编译源文件“../src/globals.cpp”)
      C:\work\qt\Studio\irisgl\src\animation\propertyanim.h(12,8):
      参见“iris::PropertyAnimInfo”的声明
  
C:\work\qt\Studio\irisgl\src\content\modelloader.h(7,7): warning C4099: “aiScene”: 类型名称以前使用“struct”现在使用的是“class”
  (编译源文件“../src/widgets/scenehierarchywidget.cpp”)
      C:\work\qt\Studio\irisgl\src\assimp\include\assimp\scene.h(273,19):
      参见“aiScene”的声明
  
C:\work\qt\Studio\irisgl\src\animation\animableproperty.h(16,8): warning C4099: “iris::AnimableProperty”: 类型名称以前使用“class”现在使用的是“struct”
  (编译源文件“../src/widgets/scenehierarchywidget.cpp”)
      C:\work\qt\Studio\irisgl\src\animation\animableproperty.h(16,8):
      参见“iris::AnimableProperty”的声明
  
C:\work\qt\Studio\irisgl\src\vr\vrdevice.h(89,8): warning C4099: “iris::VrSwapChain”: 类型名称以前使用“class”现在使用的是“struct”
  (编译源文件“../src/globals.cpp”)
      C:\work\qt\Studio\irisgl\src\vr\vrdevice.h(89,8):
      参见“iris::VrSwapChain”的声明
  
C:\work\qt\Studio\irisgl\src\animation\propertyanim.h(12,8): warning C4099: “iris::PropertyAnimInfo”: 类型名称以前使用“class”现在使用的是“struct”
  (编译源文件“../src/widgets/scenehierarchywidget.cpp”)
      C:\work\qt\Studio\irisgl\src\animation\propertyanim.h(12,8):
      参见“iris::PropertyAnimInfo”的声明
  
C:\work\qt\Studio\irisgl\src\core\property.h(28,8): warning C4099: “iris::Property”: 类型名称以前使用“class”现在使用的是“struct”
  (编译源文件“../src/editor/scalegizmo.cpp”)
      C:\work\qt\Studio\irisgl\src\core\property.h(28,8):
      参见“iris::Property”的声明
  
C:\work\qt\Studio\src\editor\scalegizmo.cpp(74,83): warning C4996: 'operator *': Use matrix.map(vector) instead
C:\work\qt\Studio\src\editor\scalegizmo.cpp(79,24): warning C4996: 'operator *': Use matrix.map(vector) instead
C:\work\qt\Studio\src\editor\scalegizmo.cpp(80,24): warning C4996: 'operator *': Use matrix.map(vector) instead
C:\work\qt\Studio\irisgl\src\scenegraph\scenenode.h(36,7): warning C4099: “iris::PhysicsProperty”: 类型名称以前使用“struct”现在使用的是“class”
  (编译源文件“../src/editor/rotationgizmo.cpp”)
      C:\work\qt\Studio\irisgl\src\physics\physicsproperties.h(43,8):
      参见“iris::PhysicsProperty”的声明
  
C:\work\qt\Studio\src\editor\translationgizmo.cpp(72,83): warning C4996: 'operator *': Use matrix.map(vector) instead
C:\work\qt\Studio\src\editor\translationgizmo.cpp(77,24): warning C4996: 'operator *': Use matrix.map(vector) instead
  worldpropertywidget.cpp
C:\work\qt\Studio\src\editor\translationgizmo.cpp(78,24): warning C4996: 'operator *': Use matrix.map(vector) instead
C:\work\qt\Studio\src\editor\scalegizmo.cpp(105,24): warning C4996: 'operator *': Use matrix.map(vector) instead
C:\work\qt\Studio\src\editor\scalegizmo.cpp(118,25): warning C4996: 'operator *': Use matrix.map(vector) instead
C:\work\qt\Studio\src\editor\scalegizmo.cpp(162,31): warning C4996: 'operator *': Use matrix.map(vector) instead
C:\work\qt\Studio\src\editor\translationgizmo.cpp(103,24): warning C4996: 'operator *': Use matrix.map(vector) instead
C:\work\qt\Studio\src\editor\translationgizmo.cpp(116,25): warning C4996: 'operator *': Use matrix.map(vector) instead
C:\work\qt\Studio\src\editor\translationgizmo.cpp(160,31): warning C4996: 'operator *': Use matrix.map(vector) instead
C:\work\qt\Studio\src\editor\translationgizmo.cpp(212,55): warning C4267: “参数”: 从“size_t”转换到“unsigned int”，可能丢失数据
C:\work\qt\Studio\src\editor\translationgizmo.cpp(271,75): warning C4996: 'operator *': Use matrix.map(vector) instead
C:\work\qt\Studio\irisgl\src\scenegraph\scenenode.h(36,7): warning C4099: “iris::PhysicsProperty”: 类型名称以前使用“struct”现在使用的是“class”
  (编译源文件“../src/editor/orbitalcameracontroller.cpp”)
      C:\work\qt\Studio\irisgl\src\physics\physicsproperties.h(43,8):
      参见“iris::PhysicsProperty”的声明
  
C:\work\qt\Studio\src\shadergraph\models\properties.h(158,10): warning C4305: “=”: 从“double”到“float”截断
  (编译源文件“../src/globals.cpp”)
  
  physicspropertywidget.cpp
C:\work\qt\Studio\irisgl\src\vr\vrdevice.h(89,8): warning C4099: “iris::VrSwapChain”: 类型名称以前使用“class”现在使用的是“struct”
  (编译源文件“../src/widgets/assetmodelpanel.cpp”)
      C:\work\qt\Studio\irisgl\src\vr\vrdevice.h(89,8):
      参见“iris::VrSwapChain”的声明
  
C:\work\qt\Studio\irisgl\src\scenegraph\scene.h(30,7): warning C4099: “iris::RenderItem”: 类型名称以前使用“struct”现在使用的是“class”
  (编译源文件“../src/widgets/sceneviewwidget.cpp”)
      C:\work\qt\Studio\irisgl\src\graphics\renderitem.h(34,8):
      参见“iris::RenderItem”的声明
  
C:\work\qt\Studio\irisgl\src\scenegraph\scene.h(39,8): warning C4099: “iris::PickingResult”: 类型名称以前使用“class”现在使用的是“struct”
  (编译源文件“../src/widgets/sceneviewwidget.cpp”)
      C:\work\qt\Studio\irisgl\src\scenegraph\scene.h(39,8):
      参见“iris::PickingResult”的声明
  
C:\work\qt\Studio\irisgl\src\vr\vrdevice.h(89,8): warning C4099: “iris::VrSwapChain”: 类型名称以前使用“class”现在使用的是“struct”
  (编译源文件“../src/widgets/assetfavorites.cpp”)
      C:\work\qt\Studio\irisgl\src\vr\vrdevice.h(89,8):
      参见“iris::VrSwapChain”的声明
  
C:\work\qt\Studio\src\shadergraph\graph\graphnodescene.h(39,7): warning C4099: “Property”: 类型名称以前使用“struct”现在使用的是“class”
  (编译源文件“../src/globals.cpp”)
      C:\work\qt\Studio\src\shadergraph\models\properties.h(25,8):
      参见“Property”的声明
  
C:\work\qt\Studio\irisgl\src\vr\vrdevice.h(89,8): warning C4099: “iris::VrSwapChain”: 类型名称以前使用“class”现在使用的是“struct”
  (编译源文件“../src/widgets/assetmaterialpanel.cpp”)
      C:\work\qt\Studio\irisgl\src\vr\vrdevice.h(89,8):
      参见“iris::VrSwapChain”的声明
  
C:\work\qt\Studio\src\shadergraph\widgets\propertylistwidget.h(15,7): warning C4099: “FloatProperty”: 类型名称以前使用“struct”现在使用的是“class”
  (编译源文件“../src/globals.cpp”)
      C:\work\qt\Studio\src\shadergraph\models\properties.h(147,8):
      参见“FloatProperty”的声明
  
C:\work\qt\Studio\src\shadergraph\widgets\propertylistwidget.h(16,7): warning C4099: “Vec2Property”: 类型名称以前使用“struct”现在使用的是“class”
  (编译源文件“../src/globals.cpp”)
      C:\work\qt\Studio\src\shadergraph\models\properties.h(287,8):
      参见“Vec2Property”的声明
  
C:\work\qt\Studio\src\shadergraph\widgets\propertylistwidget.h(17,7): warning C4099: “Vec3Property”: 类型名称以前使用“struct”现在使用的是“class”
  (编译源文件“../src/globals.cpp”)
      C:\work\qt\Studio\src\shadergraph\models\properties.h(332,8):
      参见“Vec3Property”的声明
  
C:\work\qt\Studio\src\shadergraph\widgets\propertylistwidget.h(18,7): warning C4099: “Vec4Property”: 类型名称以前使用“struct”现在使用的是“class”
  (编译源文件“../src/globals.cpp”)
      C:\work\qt\Studio\src\shadergraph\models\properties.h(382,8):
      参见“Vec4Property”的声明
  
C:\work\qt\Studio\src\shadergraph\widgets\propertylistwidget.h(19,7): warning C4099: “IntProperty”: 类型名称以前使用“struct”现在使用的是“class”
  (编译源文件“../src/globals.cpp”)
      C:\work\qt\Studio\src\shadergraph\models\properties.h(95,8):
      参见“IntProperty”的声明
  
C:\work\qt\Studio\src\shadergraph\widgets\propertylistwidget.h(20,7): warning C4099: “TextureProperty”: 类型名称以前使用“struct”现在使用的是“class”
  (编译源文件“../src/globals.cpp”)
      C:\work\qt\Studio\src\shadergraph\models\properties.h(248,8):
      参见“TextureProperty”的声明
  
C:\work\qt\Studio\src\shadergraph\shadergraphmainwindow.h(31,7): warning C4099: “NodeLibraryItem”: 类型名称以前使用“struct”现在使用的是“class”
  (编译源文件“../src/globals.cpp”)
      C:\work\qt\Studio\src\shadergraph\models\library.h(11,8):
      参见“NodeLibraryItem”的声明
  
C:\work\qt\Studio\src\shadergraph\models\properties.h(158,10): warning C4305: “=”: 从“double”到“float”截断
  (编译源文件“../src/widgets/assetmodelpanel.cpp”)
  
C:\work\qt\Studio\irisgl\src\scenegraph\particlesystemnode.h(25,7): warning C4099: “iris::RenderItem”: 类型名称以前使用“struct”现在使用的是“class”
  (编译源文件“../src/widgets/sceneviewwidget.cpp”)
      C:\work\qt\Studio\irisgl\src\graphics\renderitem.h(34,8):
      参见“iris::RenderItem”的声明
  
C:\work\qt\Studio\src\shadergraph\models\properties.h(158,10): warning C4305: “=”: 从“double”到“float”截断
  (编译源文件“../src/widgets/assetmaterialpanel.cpp”)
  
C:\work\qt\Studio\irisgl\src\scenegraph\viewernode.h(21,7): warning C4099: “iris::RenderItem”: 类型名称以前使用“struct”现在使用的是“class”
  (编译源文件“../src/widgets/sceneviewwidget.cpp”)
      C:\work\qt\Studio\irisgl\src\graphics\renderitem.h(34,8):
      参见“iris::RenderItem”的声明
  
C:\work\qt\Studio\src\shadergraph\models\properties.h(158,10): warning C4305: “=”: 从“double”到“float”截断
  (编译源文件“../src/widgets/assetfavorites.cpp”)
  
C:\work\qt\Studio\irisgl\src\content\modelloader.h(7,7): warning C4099: “aiScene”: 类型名称以前使用“struct”现在使用的是“class”
  (编译源文件“../src/widgets/sceneviewwidget.cpp”)
      C:\work\qt\Studio\irisgl\src\assimp\include\assimp\scene.h(273,19):
      参见“aiScene”的声明
  
C:\work\qt\Studio\irisgl\src\animation\animableproperty.h(16,8): warning C4099: “iris::AnimableProperty”: 类型名称以前使用“class”现在使用的是“struct”
  (编译源文件“../src/widgets/sceneviewwidget.cpp”)
      C:\work\qt\Studio\irisgl\src\animation\animableproperty.h(16,8):
      参见“iris::AnimableProperty”的声明
  
C:\work\qt\Studio\irisgl\src\animation\propertyanim.h(12,8): warning C4099: “iris::PropertyAnimInfo”: 类型名称以前使用“class”现在使用的是“struct”
  (编译源文件“../src/widgets/sceneviewwidget.cpp”)
      C:\work\qt\Studio\irisgl\src\animation\propertyanim.h(12,8):
      参见“iris::PropertyAnimInfo”的声明
  
C:\work\qt\Studio\irisgl\src\vr\vrdevice.h(89,8): warning C4099: “iris::VrSwapChain”: 类型名称以前使用“class”现在使用的是“struct”
  (编译源文件“../src/widgets/sceneviewwidget.cpp”)
      C:\work\qt\Studio\irisgl\src\vr\vrdevice.h(89,8):
      参见“iris::VrSwapChain”的声明
  
C:\work\qt\Studio\src\shadergraph\graph\graphnodescene.h(39,7): warning C4099: “Property”: 类型名称以前使用“struct”现在使用的是“class”
  (编译源文件“../src/widgets/assetmodelpanel.cpp”)
      C:\work\qt\Studio\src\shadergraph\models\properties.h(25,8):
      参见“Property”的声明
  
C:\work\qt\Studio\irisgl\src\vr\vrdevice.h(89,8): warning C4099: “iris::VrSwapChain”: 类型名称以前使用“class”现在使用的是“struct”
  (编译源文件“../src/widgets/scenehierarchywidget.cpp”)
      C:\work\qt\Studio\irisgl\src\vr\vrdevice.h(89,8):
      参见“iris::VrSwapChain”的声明
  
C:\work\qt\Studio\src\shadergraph\graph\graphnodescene.h(39,7): warning C4099: “Property”: 类型名称以前使用“struct”现在使用的是“class”
  (编译源文件“../src/widgets/assetfavorites.cpp”)
      C:\work\qt\Studio\src\shadergraph\models\properties.h(25,8):
      参见“Property”的声明
  
C:\work\qt\Studio\src\shadergraph\graph\graphnodescene.h(39,7): warning C4099: “Property”: 类型名称以前使用“struct”现在使用的是“class”
  (编译源文件“../src/widgets/assetmaterialpanel.cpp”)
      C:\work\qt\Studio\src\shadergraph\models\properties.h(25,8):
      参见“Property”的声明
  
C:\work\qt\Studio\src\shadergraph\widgets\propertylistwidget.h(15,7): warning C4099: “FloatProperty”: 类型名称以前使用“struct”现在使用的是“class”
  (编译源文件“../src/widgets/assetmodelpanel.cpp”)
      C:\work\qt\Studio\src\shadergraph\models\properties.h(147,8):
      参见“FloatProperty”的声明
  
C:\work\qt\Studio\src\shadergraph\widgets\propertylistwidget.h(16,7): warning C4099: “Vec2Property”: 类型名称以前使用“struct”现在使用的是“class”
  (编译源文件“../src/widgets/assetmodelpanel.cpp”)
      C:\work\qt\Studio\src\shadergraph\models\properties.h(287,8):
      参见“Vec2Property”的声明
  
C:\work\qt\Studio\src\shadergraph\widgets\propertylistwidget.h(17,7): warning C4099: “Vec3Property”: 类型名称以前使用“struct”现在使用的是“class”
  (编译源文件“../src/widgets/assetmodelpanel.cpp”)
      C:\work\qt\Studio\src\shadergraph\models\properties.h(332,8):
      参见“Vec3Property”的声明
  
C:\work\qt\Studio\src\shadergraph\widgets\propertylistwidget.h(18,7): warning C4099: “Vec4Property”: 类型名称以前使用“struct”现在使用的是“class”
  (编译源文件“../src/widgets/assetmodelpanel.cpp”)
      C:\work\qt\Studio\src\shadergraph\models\properties.h(382,8):
      参见“Vec4Property”的声明
  
C:\work\qt\Studio\src\shadergraph\widgets\propertylistwidget.h(19,7): warning C4099: “IntProperty”: 类型名称以前使用“struct”现在使用的是“class”
  (编译源文件“../src/widgets/assetmodelpanel.cpp”)
      C:\work\qt\Studio\src\shadergraph\models\properties.h(95,8):
      参见“IntProperty”的声明
  
C:\work\qt\Studio\src\shadergraph\widgets\propertylistwidget.h(20,7): warning C4099: “TextureProperty”: 类型名称以前使用“struct”现在使用的是“class”
  (编译源文件“../src/widgets/assetmodelpanel.cpp”)
      C:\work\qt\Studio\src\shadergraph\models\properties.h(248,8):
      参见“TextureProperty”的声明
  
C:\work\qt\Studio\src\editor\rotationgizmo.cpp(63,24): warning C4996: 'operator *': Use matrix.map(vector) instead
C:\work\qt\Studio\src\editor\rotationgizmo.cpp(105,24): warning C4996: 'operator *': Use matrix.map(vector) instead
C:\work\qt\Studio\src\editor\rotationgizmo.cpp(192,55): warning C4267: “参数”: 从“size_t”转换到“unsigned int”，可能丢失数据
C:\work\qt\Studio\src\shadergraph\shadergraphmainwindow.h(31,7): warning C4099: “NodeLibraryItem”: 类型名称以前使用“struct”现在使用的是“class”
  (编译源文件“../src/widgets/assetmodelpanel.cpp”)
      C:\work\qt\Studio\src\shadergraph\models\library.h(11,8):
      参见“NodeLibraryItem”的声明
  
C:\work\qt\Studio\src\shadergraph\widgets\propertylistwidget.h(15,7): warning C4099: “FloatProperty”: 类型名称以前使用“struct”现在使用的是“class”
  (编译源文件“../src/widgets/assetfavorites.cpp”)
      C:\work\qt\Studio\src\shadergraph\models\properties.h(147,8):
      参见“FloatProperty”的声明
  
C:\work\qt\Studio\src\shadergraph\widgets\propertylistwidget.h(16,7): warning C4099: “Vec2Property”: 类型名称以前使用“struct”现在使用的是“class”
  (编译源文件“../src/widgets/assetfavorites.cpp”)
      C:\work\qt\Studio\src\shadergraph\models\properties.h(287,8):
      参见“Vec2Property”的声明
  
C:\work\qt\Studio\src\shadergraph\widgets\propertylistwidget.h(17,7): warning C4099: “Vec3Property”: 类型名称以前使用“struct”现在使用的是“class”
  (编译源文件“../src/widgets/assetfavorites.cpp”)
      C:\work\qt\Studio\src\shadergraph\models\properties.h(332,8):
      参见“Vec3Property”的声明
  
C:\work\qt\Studio\src\shadergraph\widgets\propertylistwidget.h(18,7): warning C4099: “Vec4Property”: 类型名称以前使用“struct”现在使用的是“class”
  (编译源文件“../src/widgets/assetfavorites.cpp”)
      C:\work\qt\Studio\src\shadergraph\models\properties.h(382,8):
      参见“Vec4Property”的声明
  
C:\work\qt\Studio\src\shadergraph\widgets\propertylistwidget.h(19,7): warning C4099: “IntProperty”: 类型名称以前使用“struct”现在使用的是“class”
  (编译源文件“../src/widgets/assetfavorites.cpp”)
      C:\work\qt\Studio\src\shadergraph\models\properties.h(95,8):
      参见“IntProperty”的声明
  
C:\work\qt\Studio\src\shadergraph\widgets\propertylistwidget.h(20,7): warning C4099: “TextureProperty”: 类型名称以前使用“struct”现在使用的是“class”
  (编译源文件“../src/widgets/assetfavorites.cpp”)
      C:\work\qt\Studio\src\shadergraph\models\properties.h(248,8):
      参见“TextureProperty”的声明
  
C:\work\qt\Studio\src\shadergraph\widgets\propertylistwidget.h(15,7): warning C4099: “FloatProperty”: 类型名称以前使用“struct”现在使用的是“class”
  (编译源文件“../src/widgets/assetmaterialpanel.cpp”)
      C:\work\qt\Studio\src\shadergraph\models\properties.h(147,8):
      参见“FloatProperty”的声明
  
C:\work\qt\Studio\src\shadergraph\widgets\propertylistwidget.h(16,7): warning C4099: “Vec2Property”: 类型名称以前使用“struct”现在使用的是“class”
  (编译源文件“../src/widgets/assetmaterialpanel.cpp”)
      C:\work\qt\Studio\src\shadergraph\models\properties.h(287,8):
      参见“Vec2Property”的声明
  
C:\work\qt\Studio\src\shadergraph\widgets\propertylistwidget.h(17,7): warning C4099: “Vec3Property”: 类型名称以前使用“struct”现在使用的是“class”
  (编译源文件“../src/widgets/assetmaterialpanel.cpp”)
      C:\work\qt\Studio\src\shadergraph\models\properties.h(332,8):
      参见“Vec3Property”的声明
  
C:\work\qt\Studio\src\shadergraph\widgets\propertylistwidget.h(18,7): warning C4099: “Vec4Property”: 类型名称以前使用“struct”现在使用的是“class”
  (编译源文件“../src/widgets/assetmaterialpanel.cpp”)
      C:\work\qt\Studio\src\shadergraph\models\properties.h(382,8):
      参见“Vec4Property”的声明
  
C:\work\qt\Studio\src\shadergraph\widgets\propertylistwidget.h(19,7): warning C4099: “IntProperty”: 类型名称以前使用“struct”现在使用的是“class”
  (编译源文件“../src/widgets/assetmaterialpanel.cpp”)
      C:\work\qt\Studio\src\shadergraph\models\properties.h(95,8):
      参见“IntProperty”的声明
  
C:\work\qt\Studio\src\shadergraph\widgets\propertylistwidget.h(20,7): warning C4099: “TextureProperty”: 类型名称以前使用“struct”现在使用的是“class”
  (编译源文件“../src/widgets/assetmaterialpanel.cpp”)
      C:\work\qt\Studio\src\shadergraph\models\properties.h(248,8):
      参见“TextureProperty”的声明
  
  cubemapwidget.cpp
C:\work\qt\Studio\irisgl\src\irisglfwd.h(59,7): warning C4099: “iris::Property”: 类型名称以前使用“struct”现在使用的是“class”
  (编译源文件“../src/widgets/propertywidgets/lightpropertywidget.cpp”)
      C:\work\qt\Studio\irisgl\src\core\property.h(28,8):
      参见“iris::Property”的声明
  
C:\work\qt\Studio\src\shadergraph\shadergraphmainwindow.h(31,7): warning C4099: “NodeLibraryItem”: 类型名称以前使用“struct”现在使用的是“class”
  (编译源文件“../src/widgets/assetmaterialpanel.cpp”)
      C:\work\qt\Studio\src\shadergraph\models\library.h(11,8):
      参见“NodeLibraryItem”的声明
  
C:\work\qt\Studio\src\shadergraph\models\properties.h(158,10): warning C4305: “=”: 从“double”到“float”截断
  (编译源文件“../src/widgets/sceneviewwidget.cpp”)
  
  scenewriter.cpp
C:\work\qt\Studio\src\shadergraph\shadergraphmainwindow.h(31,7): warning C4099: “NodeLibraryItem”: 类型名称以前使用“struct”现在使用的是“class”
  (编译源文件“../src/widgets/assetfavorites.cpp”)
      C:\work\qt\Studio\src\shadergraph\models\library.h(11,8):
      参见“NodeLibraryItem”的声明
  
C:\work\qt\Studio\src\shadergraph\models\properties.h(158,10): warning C4305: “=”: 从“double”到“float”截断
  (编译源文件“../src/widgets/scenehierarchywidget.cpp”)
  
C:\work\qt\Studio\src\mainwindow.h(86,7): warning C4099: “MaterialPreset”: 类型名称以前使用“struct”现在使用的是“class”
  (编译源文件“../src/widgets/assetfavorites.cpp”)
      C:\work\qt\Studio\src\core\materialpreset.h(18,8):
      参见“MaterialPreset”的声明
  
C:\work\qt\Studio\src\core\materialpreset.h(18,8): warning C4099: “MaterialPreset”: 类型名称以前使用“class”现在使用的是“struct”
  (编译源文件“../src/widgets/assetmaterialpanel.cpp”)
      C:\work\qt\Studio\src\core\materialpreset.h(18,8):
      参见“MaterialPreset”的声明
  
C:\work\qt\Studio\src\widgets\assetmaterialpanel.h(25,7): warning C4099: “MaterialPreset”: 类型名称以前使用“struct”现在使用的是“class”
  (编译源文件“../src/widgets/assetmaterialpanel.cpp”)
      C:\work\qt\Studio\src\core\materialpreset.h(18,8):
      参见“MaterialPreset”的声明
  
C:\work\qt\Studio\src\core\materialpreset.h(18,8): warning C4099: “MaterialPreset”: 类型名称以前使用“class”现在使用的是“struct”
  (编译源文件“../src/widgets/assetmodelpanel.cpp”)
      C:\work\qt\Studio\src\core\materialpreset.h(18,8):
      参见“MaterialPreset”的声明
  
C:\work\qt\Studio\src\io\materialpresetreader.h(22,7): warning C4099: “MaterialPreset”: 类型名称以前使用“struct”现在使用的是“class”
  (编译源文件“../src/widgets/assetmodelpanel.cpp”)
      C:\work\qt\Studio\src\core\materialpreset.h(18,8):
      参见“MaterialPreset”的声明
  
C:\work\qt\Studio\irisgl\src\core\property.h(28,8): warning C4099: “iris::Property”: 类型名称以前使用“class”现在使用的是“struct”
  (编译源文件“../src/widgets/assetmaterialpanel.cpp”)
      C:\work\qt\Studio\irisgl\src\core\property.h(28,8):
      参见“iris::Property”的声明
  
C:\work\qt\Studio\irisgl\src\scenegraph\scenenode.h(36,7): warning C4099: “iris::PhysicsProperty”: 类型名称以前使用“struct”现在使用的是“class”
  (编译源文件“../src/widgets/scenenodepropertieswidget.cpp”)
      C:\work\qt\Studio\irisgl\src\physics\physicsproperties.h(43,8):
      参见“iris::PhysicsProperty”的声明
  
C:\work\qt\Studio\src\shadergraph\graph\graphnodescene.h(39,7): warning C4099: “Property”: 类型名称以前使用“struct”现在使用的是“class”
  (编译源文件“../src/widgets/sceneviewwidget.cpp”)
      C:\work\qt\Studio\src\shadergraph\models\properties.h(25,8):
      参见“Property”的声明
  
C:\work\qt\Studio\src\io\materialpresetreader.h(22,7): warning C4099: “MaterialPreset”: 类型名称以前使用“struct”现在使用的是“class”
  (编译源文件“../src/widgets/assetmaterialpanel.cpp”)
      C:\work\qt\Studio\src\core\materialpreset.h(18,8):
      参见“MaterialPreset”的声明
  
C:\work\qt\Studio\irisgl\src\scenegraph\scenenode.h(36,7): warning C4099: “iris::PhysicsProperty”: 类型名称以前使用“struct”现在使用的是“class”
  (编译源文件“../src/widgets/propertywidgets/lightpropertywidget.cpp”)
      C:\work\qt\Studio\irisgl\src\physics\physicsproperties.h(43,8):
      参见“iris::PhysicsProperty”的声明
  
C:\work\qt\Studio\irisgl\src\scenegraph\scenenode.h(37,7): warning C4099: “iris::Property”: 类型名称以前使用“struct”现在使用的是“class”
  (编译源文件“../src/widgets/propertywidgets/lightpropertywidget.cpp”)
      C:\work\qt\Studio\irisgl\src\core\property.h(28,8):
      参见“iris::Property”的声明
  
C:\work\qt\Studio\src\io\assetmanager.h(23,7): warning C4099: “aiScene”: 类型名称以前使用“struct”现在使用的是“class”
  (编译源文件“../src/widgets/assetmaterialpanel.cpp”)
      C:\work\qt\Studio\irisgl\src\assimp\include\assimp\scene.h(273,19):
      参见“aiScene”的声明
  
C:\work\qt\Studio\src\shadergraph\widgets\propertylistwidget.h(15,7): warning C4099: “FloatProperty”: 类型名称以前使用“struct”现在使用的是“class”
  (编译源文件“../src/widgets/sceneviewwidget.cpp”)
      C:\work\qt\Studio\src\shadergraph\models\properties.h(147,8):
      参见“FloatProperty”的声明
  
C:\work\qt\Studio\src\shadergraph\widgets\propertylistwidget.h(16,7): warning C4099: “Vec2Property”: 类型名称以前使用“struct”现在使用的是“class”
  (编译源文件“../src/widgets/sceneviewwidget.cpp”)
      C:\work\qt\Studio\src\shadergraph\models\properties.h(287,8):
      参见“Vec2Property”的声明
  
C:\work\qt\Studio\src\shadergraph\widgets\propertylistwidget.h(17,7): warning C4099: “Vec3Property”: 类型名称以前使用“struct”现在使用的是“class”
  (编译源文件“../src/widgets/sceneviewwidget.cpp”)
      C:\work\qt\Studio\src\shadergraph\models\properties.h(332,8):
      参见“Vec3Property”的声明
  
C:\work\qt\Studio\src\shadergraph\widgets\propertylistwidget.h(18,7): warning C4099: “Vec4Property”: 类型名称以前使用“struct”现在使用的是“class”
  (编译源文件“../src/widgets/sceneviewwidget.cpp”)
      C:\work\qt\Studio\src\shadergraph\models\properties.h(382,8):
      参见“Vec4Property”的声明
  
C:\work\qt\Studio\src\shadergraph\widgets\propertylistwidget.h(19,7): warning C4099: “IntProperty”: 类型名称以前使用“struct”现在使用的是“class”
  (编译源文件“../src/widgets/sceneviewwidget.cpp”)
      C:\work\qt\Studio\src\shadergraph\models\properties.h(95,8):
      参见“IntProperty”的声明
  
C:\work\qt\Studio\src\shadergraph\widgets\propertylistwidget.h(20,7): warning C4099: “TextureProperty”: 类型名称以前使用“struct”现在使用的是“class”
  (编译源文件“../src/widgets/sceneviewwidget.cpp”)
      C:\work\qt\Studio\src\shadergraph\models\properties.h(248,8):
      参见“TextureProperty”的声明
  
C:\work\qt\Studio\src\shadergraph\shadergraphmainwindow.h(31,7): warning C4099: “NodeLibraryItem”: 类型名称以前使用“struct”现在使用的是“class”
  (编译源文件“../src/widgets/sceneviewwidget.cpp”)
      C:\work\qt\Studio\src\shadergraph\models\library.h(11,8):
      参见“NodeLibraryItem”的声明
  
C:\work\qt\Studio\src\shadergraph\graph\graphnodescene.h(39,7): warning C4099: “Property”: 类型名称以前使用“struct”现在使用的是“class”
  (编译源文件“../src/widgets/scenehierarchywidget.cpp”)
      C:\work\qt\Studio\src\shadergraph\models\properties.h(25,8):
      参见“Property”的声明
  
C:\work\qt\Studio\src\shadergraph\widgets\propertylistwidget.h(15,7): warning C4099: “FloatProperty”: 类型名称以前使用“struct”现在使用的是“class”
  (编译源文件“../src/widgets/scenehierarchywidget.cpp”)
      C:\work\qt\Studio\src\shadergraph\models\properties.h(147,8):
      参见“FloatProperty”的声明
  
C:\work\qt\Studio\src\shadergraph\widgets\propertylistwidget.h(16,7): warning C4099: “Vec2Property”: 类型名称以前使用“struct”现在使用的是“class”
  (编译源文件“../src/widgets/scenehierarchywidget.cpp”)
      C:\work\qt\Studio\src\shadergraph\models\properties.h(287,8):
      参见“Vec2Property”的声明
  
C:\work\qt\Studio\src\shadergraph\widgets\propertylistwidget.h(17,7): warning C4099: “Vec3Property”: 类型名称以前使用“struct”现在使用的是“class”
  (编译源文件“../src/widgets/scenehierarchywidget.cpp”)
      C:\work\qt\Studio\src\shadergraph\models\properties.h(332,8):
      参见“Vec3Property”的声明
  
C:\work\qt\Studio\src\shadergraph\widgets\propertylistwidget.h(18,7): warning C4099: “Vec4Property”: 类型名称以前使用“struct”现在使用的是“class”
  (编译源文件“../src/widgets/scenehierarchywidget.cpp”)
      C:\work\qt\Studio\src\shadergraph\models\properties.h(382,8):
      参见“Vec4Property”的声明
  
C:\work\qt\Studio\src\shadergraph\widgets\propertylistwidget.h(19,7): warning C4099: “IntProperty”: 类型名称以前使用“struct”现在使用的是“class”
  (编译源文件“../src/widgets/scenehierarchywidget.cpp”)
      C:\work\qt\Studio\src\shadergraph\models\properties.h(95,8):
      参见“IntProperty”的声明
  
C:\work\qt\Studio\src\shadergraph\widgets\propertylistwidget.h(20,7): warning C4099: “TextureProperty”: 类型名称以前使用“struct”现在使用的是“class”
  (编译源文件“../src/widgets/scenehierarchywidget.cpp”)
      C:\work\qt\Studio\src\shadergraph\models\properties.h(248,8):
      参见“TextureProperty”的声明
  
C:\work\qt\Studio\src\shadergraph\shadergraphmainwindow.h(31,7): warning C4099: “NodeLibraryItem”: 类型名称以前使用“struct”现在使用的是“class”
  (编译源文件“../src/widgets/scenehierarchywidget.cpp”)
      C:\work\qt\Studio\src\shadergraph\models\library.h(11,8):
      参见“NodeLibraryItem”的声明
  
C:\work\qt\Studio\src\widgets\assetwidget.h(45,16): warning C4091: “typedef ”: 没有声明变量时忽略“directory_tupleA”的左侧
  (编译源文件“../src/widgets/sceneviewwidget.cpp”)
  
C:\work\qt\Studio\irisgl\src\graphics\forwardrenderer.h(35,7): warning C4099: “iris::RenderData”: 类型名称以前使用“struct”现在使用的是“class”
  (编译源文件“../src/widgets/skypresets.cpp”)
      C:\work\qt\Studio\irisgl\src\graphics\renderdata.h(22,8):
      参见“iris::RenderData”的声明
  
C:\work\qt\Studio\irisgl\src\graphics\graphicshelper.h(21,7): warning C4099: “aiScene”: 类型名称以前使用“struct”现在使用的是“class”
  (编译源文件“../src/widgets/skypresets.cpp”)
      C:\work\qt\Studio\irisgl\src\assimp\include\assimp\scene.h(273,19):
      参见“aiScene”的声明
  
C:\work\qt\Studio\irisgl\src\scenegraph\scene.h(39,8): warning C4099: “iris::PickingResult”: 类型名称以前使用“class”现在使用的是“struct”
  (编译源文件“../src/editor/orbitalcameracontroller.cpp”)
      C:\work\qt\Studio\irisgl\src\scenegraph\scene.h(39,8):
      参见“iris::PickingResult”的声明
  
C:\work\qt\Studio\irisgl\src\scenegraph\scene.h(39,8): warning C4099: “iris::PickingResult”: 类型名称以前使用“class”现在使用的是“struct”
  (编译源文件“../src/widgets/propertywidgets/lightpropertywidget.cpp”)
      C:\work\qt\Studio\irisgl\src\scenegraph\scene.h(39,8):
      参见“iris::PickingResult”的声明
  
C:\work\qt\Studio\irisgl\src\scenegraph\scene.h(39,8): warning C4099: “iris::PickingResult”: 类型名称以前使用“class”现在使用的是“struct”
  (编译源文件“../src/widgets/skypresets.cpp”)
      C:\work\qt\Studio\irisgl\src\scenegraph\scene.h(39,8):
      参见“iris::PickingResult”的声明
  
C:\work\qt\Studio\src\widgets\sceneviewwidget.cpp(837,32): warning C4305: “参数”: 从“double”到“float”截断
C:\work\qt\Studio\src\widgets\sceneviewwidget.cpp(837,27): warning C4305: “参数”: 从“double”到“float”截断
C:\work\qt\Studio\irisgl\src\scenegraph\scenenode.h(36,7): warning C4099: “iris::PhysicsProperty”: 类型名称以前使用“struct”现在使用的是“class”
  (编译源文件“../src/widgets/skypresets.cpp”)
      C:\work\qt\Studio\irisgl\src\physics\physicsproperties.h(43,8):
      参见“iris::PhysicsProperty”的声明
  
C:\work\qt\Studio\irisgl\src\graphics\renderitem.h(34,8): warning C4099: “iris::RenderItem”: 类型名称以前使用“class”现在使用的是“struct”
  (编译源文件“../src/widgets/skypresets.cpp”)
      C:\work\qt\Studio\irisgl\src\graphics\renderitem.h(34,8):
      参见“iris::RenderItem”的声明
  
C:\work\qt\Studio\irisgl\src\scenegraph\meshnode.h(26,7): warning C4099: “aiScene”: 类型名称以前使用“struct”现在使用的是“class”
  (编译源文件“../src/widgets/skypresets.cpp”)
      C:\work\qt\Studio\irisgl\src\assimp\include\assimp\scene.h(273,19):
      参见“aiScene”的声明
  
C:\work\qt\Studio\irisgl\src\scenegraph\meshnode.h(31,7): warning C4099: “iris::RenderItem”: 类型名称以前使用“struct”现在使用的是“class”
  (编译源文件“../src/widgets/skypresets.cpp”)
      C:\work\qt\Studio\irisgl\src\graphics\renderitem.h(34,8):
      参见“iris::RenderItem”的声明
  
C:\work\qt\Studio\irisgl\src\scenegraph\particlesystemnode.h(25,7): warning C4099: “iris::RenderItem”: 类型名称以前使用“struct”现在使用的是“class”
  (编译源文件“../src/widgets/skypresets.cpp”)
      C:\work\qt\Studio\irisgl\src\graphics\renderitem.h(34,8):
      参见“iris::RenderItem”的声明
  
C:\work\qt\Studio\irisgl\src\graphics\mesh.h(26,7): warning C4099: “aiMesh”: 类型名称以前使用“struct”现在使用的是“class”
  (编译源文件“../src/widgets/scenenodepropertieswidget.cpp”)
      C:\work\qt\Studio\irisgl\src\assimp\include\assimp\mesh.h(638,8):
      参见“aiMesh”的声明
  
C:\work\qt\Studio\irisgl\src\scenegraph\viewernode.h(21,7): warning C4099: “iris::RenderItem”: 类型名称以前使用“struct”现在使用的是“class”
  (编译源文件“../src/widgets/skypresets.cpp”)
      C:\work\qt\Studio\irisgl\src\graphics\renderitem.h(34,8):
      参见“iris::RenderItem”的声明
  
C:\work\qt\Studio\irisgl\src\content\modelloader.h(7,7): warning C4099: “aiScene”: 类型名称以前使用“struct”现在使用的是“class”
  (编译源文件“../src/widgets/skypresets.cpp”)
      C:\work\qt\Studio\irisgl\src\assimp\include\assimp\scene.h(273,19):
      参见“aiScene”的声明
  
C:\work\qt\Studio\irisgl\src\animation\animableproperty.h(16,8): warning C4099: “iris::AnimableProperty”: 类型名称以前使用“class”现在使用的是“struct”
  (编译源文件“../src/widgets/skypresets.cpp”)
      C:\work\qt\Studio\irisgl\src\animation\animableproperty.h(16,8):
      参见“iris::AnimableProperty”的声明
  
C:\work\qt\Studio\irisgl\src\animation\propertyanim.h(12,8): warning C4099: “iris::PropertyAnimInfo”: 类型名称以前使用“class”现在使用的是“struct”
  (编译源文件“../src/widgets/skypresets.cpp”)
      C:\work\qt\Studio\irisgl\src\animation\propertyanim.h(12,8):
      参见“iris::PropertyAnimInfo”的声明
  
C:\work\qt\Studio\irisgl\src\graphics\mesh.h(26,7): warning C4099: “aiMesh”: 类型名称以前使用“struct”现在使用的是“class”
  (编译源文件“../src/widgets/propertywidgets/materialpropertywidget.cpp”)
      C:\work\qt\Studio\irisgl\src\assimp\include\assimp\mesh.h(638,8):
      参见“aiMesh”的声明
  
  thumbnailmanager.cpp
  fogpropertywidget.cpp
  assetiobase.cpp
  materialpresetreader.cpp
C:\work\qt\Studio\irisgl\src\vr\vrdevice.h(89,8): warning C4099: “iris::VrSwapChain”: 类型名称以前使用“class”现在使用的是“struct”
  (编译源文件“../src/widgets/skypresets.cpp”)
      C:\work\qt\Studio\irisgl\src\vr\vrdevice.h(89,8):
      参见“iris::VrSwapChain”的声明
  
C:\work\qt\Studio\irisgl\src\graphics\mesh.h(26,7): warning C4099: “aiMesh”: 类型名称以前使用“struct”现在使用的是“class”
  (编译源文件“../src/editor/orbitalcameracontroller.cpp”)
      C:\work\qt\Studio\irisgl\src\assimp\include\assimp\mesh.h(638,8):
      参见“aiMesh”的声明
  
C:\work\qt\Studio\src\shadergraph\models\properties.h(158,10): warning C4305: “=”: 从“double”到“float”截断
  (编译源文件“../src/widgets/skypresets.cpp”)
  
  keyframelabeltreewidget.cpp
C:\work\qt\Studio\irisgl\src\irisglfwd.h(59,7): warning C4099: “iris::Property”: 类型名称以前使用“struct”现在使用的是“class”
  (编译源文件“../src/widgets/propertywidgets/skypropertywidget.cpp”)
      C:\work\qt\Studio\irisgl\src\core\property.h(28,8):
      参见“iris::Property”的声明
  
C:\work\qt\Studio\src\shadergraph\graph\graphnodescene.h(39,7): warning C4099: “Property”: 类型名称以前使用“struct”现在使用的是“class”
  (编译源文件“../src/widgets/skypresets.cpp”)
      C:\work\qt\Studio\src\shadergraph\models\properties.h(25,8):
      参见“Property”的声明
  
C:\work\qt\Studio\src\shadergraph\widgets\propertylistwidget.h(15,7): warning C4099: “FloatProperty”: 类型名称以前使用“struct”现在使用的是“class”
  (编译源文件“../src/widgets/skypresets.cpp”)
      C:\work\qt\Studio\src\shadergraph\models\properties.h(147,8):
      参见“FloatProperty”的声明
  
C:\work\qt\Studio\src\shadergraph\widgets\propertylistwidget.h(16,7): warning C4099: “Vec2Property”: 类型名称以前使用“struct”现在使用的是“class”
  (编译源文件“../src/widgets/skypresets.cpp”)
      C:\work\qt\Studio\src\shadergraph\models\properties.h(287,8):
      参见“Vec2Property”的声明
  
C:\work\qt\Studio\src\shadergraph\widgets\propertylistwidget.h(17,7): warning C4099: “Vec3Property”: 类型名称以前使用“struct”现在使用的是“class”
  (编译源文件“../src/widgets/skypresets.cpp”)
      C:\work\qt\Studio\src\shadergraph\models\properties.h(332,8):
      参见“Vec3Property”的声明
  
C:\work\qt\Studio\src\shadergraph\widgets\propertylistwidget.h(18,7): warning C4099: “Vec4Property”: 类型名称以前使用“struct”现在使用的是“class”
  (编译源文件“../src/widgets/skypresets.cpp”)
      C:\work\qt\Studio\src\shadergraph\models\properties.h(382,8):
      参见“Vec4Property”的声明
  
C:\work\qt\Studio\src\shadergraph\widgets\propertylistwidget.h(19,7): warning C4099: “IntProperty”: 类型名称以前使用“struct”现在使用的是“class”
  (编译源文件“../src/widgets/skypresets.cpp”)
      C:\work\qt\Studio\src\shadergraph\models\properties.h(95,8):
      参见“IntProperty”的声明
  
C:\work\qt\Studio\src\shadergraph\widgets\propertylistwidget.h(20,7): warning C4099: “TextureProperty”: 类型名称以前使用“struct”现在使用的是“class”
  (编译源文件“../src/widgets/skypresets.cpp”)
      C:\work\qt\Studio\src\shadergraph\models\properties.h(248,8):
      参见“TextureProperty”的声明
  
C:\work\qt\Studio\irisgl\src\irisglfwd.h(59,7): warning C4099: “iris::Property”: 类型名称以前使用“struct”现在使用的是“class”
  (编译源文件“../src/widgets/propertywidgets/worldskypropertywidget.cpp”)
      C:\work\qt\Studio\irisgl\src\core\property.h(28,8):
      参见“iris::Property”的声明
  
C:\work\qt\Studio\src\shadergraph\shadergraphmainwindow.h(31,7): warning C4099: “NodeLibraryItem”: 类型名称以前使用“struct”现在使用的是“class”
  (编译源文件“../src/widgets/skypresets.cpp”)
      C:\work\qt\Studio\src\shadergraph\models\library.h(11,8):
      参见“NodeLibraryItem”的声明
  
C:\work\qt\Studio\irisgl\src\core\property.h(28,8): warning C4099: “iris::Property”: 类型名称以前使用“class”现在使用的是“struct”
  (编译源文件“../src/widgets/propertywidgets/physicspropertywidget.cpp”)
      C:\work\qt\Studio\irisgl\src\core\property.h(28,8):
      参见“iris::Property”的声明
  
C:\work\qt\Studio\irisgl\src\core\property.h(28,8): warning C4099: “iris::Property”: 类型名称以前使用“class”现在使用的是“struct”
  (编译源文件“../src/widgets/propertywidgets/worldpropertywidget.cpp”)
      C:\work\qt\Studio\irisgl\src\core\property.h(28,8):
      参见“iris::Property”的声明
  
  keyboardstate.cpp
C:\work\qt\Studio\irisgl\src\scenegraph\scene.h(39,8): warning C4099: “iris::PickingResult”: 类型名称以前使用“class”现在使用的是“struct”
  (编译源文件“../src/widgets/propertywidgets/skypropertywidget.cpp”)
      C:\work\qt\Studio\irisgl\src\scenegraph\scene.h(39,8):
      参见“iris::PickingResult”的声明
  
C:\work\qt\Studio\irisgl\src\graphics\renderitem.h(34,8): warning C4099: “iris::RenderItem”: 类型名称以前使用“class”现在使用的是“struct”
  (编译源文件“../src/editor/orbitalcameracontroller.cpp”)
      C:\work\qt\Studio\irisgl\src\graphics\renderitem.h(34,8):
      参见“iris::RenderItem”的声明
  
C:\work\qt\Studio\irisgl\src\scenegraph\meshnode.h(26,7): warning C4099: “aiScene”: 类型名称以前使用“struct”现在使用的是“class”
  (编译源文件“../src/editor/orbitalcameracontroller.cpp”)
      C:\work\qt\Studio\irisgl\src\assimp\include\assimp\scene.h(273,19):
      参见“aiScene”的声明
  
C:\work\qt\Studio\irisgl\src\scenegraph\meshnode.h(31,7): warning C4099: “iris::RenderItem”: 类型名称以前使用“struct”现在使用的是“class”
  (编译源文件“../src/editor/orbitalcameracontroller.cpp”)
      C:\work\qt\Studio\irisgl\src\graphics\renderitem.h(34,8):
      参见“iris::RenderItem”的声明
  
C:\work\qt\Studio\irisgl\src\graphics\renderlist.h(9,7): warning C4099: “iris::RenderItem”: 类型名称以前使用“struct”现在使用的是“class”
  (编译源文件“../src/editor/orbitalcameracontroller.cpp”)
      C:\work\qt\Studio\irisgl\src\graphics\renderitem.h(34,8):
      参见“iris::RenderItem”的声明
  
  scenereader.cpp
C:\work\qt\Studio\irisgl\src\scenegraph\scenenode.h(36,7): warning C4099: “iris::PhysicsProperty”: 类型名称以前使用“struct”现在使用的是“class”
  (编译源文件“../src/widgets/propertywidgets/physicspropertywidget.cpp”)
      C:\work\qt\Studio\irisgl\src\physics\physicsproperties.h(43,8):
      参见“iris::PhysicsProperty”的声明
  
C:\work\qt\Studio\irisgl\src\scenegraph\scenenode.h(37,7): warning C4099: “iris::Property”: 类型名称以前使用“struct”现在使用的是“class”
  (编译源文件“../src/widgets/propertywidgets/physicspropertywidget.cpp”)
      C:\work\qt\Studio\irisgl\src\core\property.h(28,8):
      参见“iris::Property”的声明
  
C:\work\qt\Studio\irisgl\src\scenegraph\scene.h(39,8): warning C4099: “iris::PickingResult”: 类型名称以前使用“class”现在使用的是“struct”
  (编译源文件“../src/widgets/propertywidgets/worldskypropertywidget.cpp”)
      C:\work\qt\Studio\irisgl\src\scenegraph\scene.h(39,8):
      参见“iris::PickingResult”的声明
  
C:\work\qt\Studio\irisgl\src\graphics\renderitem.h(34,8): warning C4099: “iris::RenderItem”: 类型名称以前使用“class”现在使用的是“struct”
  (编译源文件“../src/widgets/scenenodepropertieswidget.cpp”)
      C:\work\qt\Studio\irisgl\src\graphics\renderitem.h(34,8):
      参见“iris::RenderItem”的声明
  
C:\work\qt\Studio\irisgl\src\scenegraph\meshnode.h(26,7): warning C4099: “aiScene”: 类型名称以前使用“struct”现在使用的是“class”
  (编译源文件“../src/widgets/scenenodepropertieswidget.cpp”)
      C:\work\qt\Studio\irisgl\src\assimp\include\assimp\scene.h(273,19):
      参见“aiScene”的声明
  
C:\work\qt\Studio\irisgl\src\scenegraph\meshnode.h(31,7): warning C4099: “iris::RenderItem”: 类型名称以前使用“struct”现在使用的是“class”
  (编译源文件“../src/widgets/scenenodepropertieswidget.cpp”)
      C:\work\qt\Studio\irisgl\src\graphics\renderitem.h(34,8):
      参见“iris::RenderItem”的声明
  
C:\work\qt\Studio\irisgl\src\graphics\renderlist.h(9,7): warning C4099: “iris::RenderItem”: 类型名称以前使用“struct”现在使用的是“class”
  (编译源文件“../src/widgets/scenenodepropertieswidget.cpp”)
      C:\work\qt\Studio\irisgl\src\graphics\renderitem.h(34,8):
      参见“iris::RenderItem”的声明
  
  emitterpropertywidget.cpp
  nodepropertywidget.cpp
C:\work\qt\Studio\irisgl\src\scenegraph\scene.h(39,8): warning C4099: “iris::PickingResult”: 类型名称以前使用“class”现在使用的是“struct”
  (编译源文件“../src/widgets/propertywidgets/worldpropertywidget.cpp”)
      C:\work\qt\Studio\irisgl\src\scenegraph\scene.h(39,8):
      参见“iris::PickingResult”的声明
  
  editorvrcontroller.cpp
C:\work\qt\Studio\irisgl\src\scenegraph\scenenode.h(36,7): warning C4099: “iris::PhysicsProperty”: 类型名称以前使用“struct”现在使用的是“class”
  (编译源文件“../src/io/scenewriter.cpp”)
      C:\work\qt\Studio\irisgl\src\physics\physicsproperties.h(43,8):
      参见“iris::PhysicsProperty”的声明
  
C:\work\qt\Studio\irisgl\src\graphics\forwardrenderer.h(35,7): warning C4099: “iris::RenderData”: 类型名称以前使用“struct”现在使用的是“class”
  (编译源文件“../src/editor/orbitalcameracontroller.cpp”)
      C:\work\qt\Studio\irisgl\src\graphics\renderdata.h(22,8):
      参见“iris::RenderData”的声明
  
C:\work\qt\Studio\irisgl\src\graphics\forwardrenderer.h(35,7): warning C4099: “iris::RenderData”: 类型名称以前使用“struct”现在使用的是“class”
  (编译源文件“../src/widgets/propertywidgets/materialpropertywidget.cpp”)
      C:\work\qt\Studio\irisgl\src\graphics\renderdata.h(22,8):
      参见“iris::RenderData”的声明
  
C:\work\qt\Studio\irisgl\src\graphics\graphicshelper.h(21,7): warning C4099: “aiScene”: 类型名称以前使用“struct”现在使用的是“class”
  (编译源文件“../src/editor/orbitalcameracontroller.cpp”)
      C:\work\qt\Studio\irisgl\src\assimp\include\assimp\scene.h(273,19):
      参见“aiScene”的声明
  
C:\work\qt\Studio\irisgl\src\graphics\graphicshelper.h(21,7): warning C4099: “aiScene”: 类型名称以前使用“struct”现在使用的是“class”
  (编译源文件“../src/widgets/propertywidgets/materialpropertywidget.cpp”)
      C:\work\qt\Studio\irisgl\src\assimp\include\assimp\scene.h(273,19):
      参见“aiScene”的声明
  
C:\work\qt\Studio\irisgl\src\scenegraph\particlesystemnode.h(25,7): warning C4099: “iris::RenderItem”: 类型名称以前使用“struct”现在使用的是“class”
  (编译源文件“../src/editor/orbitalcameracontroller.cpp”)
      C:\work\qt\Studio\irisgl\src\graphics\renderitem.h(34,8):
      参见“iris::RenderItem”的声明
  
C:\work\qt\Studio\src\io\assetmanager.h(23,7): warning C4099: “aiScene”: 类型名称以前使用“struct”现在使用的是“class”
  (编译源文件“../src/widgets/propertywidgets/materialpropertywidget.cpp”)
      C:\work\qt\Studio\irisgl\src\assimp\include\assimp\scene.h(273,19):
      参见“aiScene”的声明
  
C:\work\qt\Studio\irisgl\src\core\property.h(28,8): warning C4099: “iris::Property”: 类型名称以前使用“class”现在使用的是“struct”
  (编译源文件“../src/widgets/propertywidgets/materialpropertywidget.cpp”)
      C:\work\qt\Studio\irisgl\src\core\property.h(28,8):
      参见“iris::Property”的声明
  
C:\work\qt\Studio\irisgl\src\scenegraph\scenenode.h(36,7): warning C4099: “iris::PhysicsProperty”: 类型名称以前使用“struct”现在使用的是“class”
  (编译源文件“../src/widgets/propertywidgets/skypropertywidget.cpp”)
      C:\work\qt\Studio\irisgl\src\physics\physicsproperties.h(43,8):
      参见“iris::PhysicsProperty”的声明
  
C:\work\qt\Studio\irisgl\src\scenegraph\scenenode.h(37,7): warning C4099: “iris::Property”: 类型名称以前使用“struct”现在使用的是“class”
  (编译源文件“../src/widgets/propertywidgets/skypropertywidget.cpp”)
      C:\work\qt\Studio\irisgl\src\core\property.h(28,8):
      参见“iris::Property”的声明
  
C:\work\qt\Studio\irisgl\src\scenegraph\viewernode.h(21,7): warning C4099: “iris::RenderItem”: 类型名称以前使用“struct”现在使用的是“class”
  (编译源文件“../src/editor/orbitalcameracontroller.cpp”)
      C:\work\qt\Studio\irisgl\src\graphics\renderitem.h(34,8):
      参见“iris::RenderItem”的声明
  
C:\work\qt\Studio\irisgl\src\content\modelloader.h(7,7): warning C4099: “aiScene”: 类型名称以前使用“struct”现在使用的是“class”
  (编译源文件“../src/editor/orbitalcameracontroller.cpp”)
      C:\work\qt\Studio\irisgl\src\assimp\include\assimp\scene.h(273,19):
      参见“aiScene”的声明
  
C:\work\qt\Studio\irisgl\src\animation\animableproperty.h(16,8): warning C4099: “iris::AnimableProperty”: 类型名称以前使用“class”现在使用的是“struct”
  (编译源文件“../src/editor/orbitalcameracontroller.cpp”)
      C:\work\qt\Studio\irisgl\src\animation\animableproperty.h(16,8):
      参见“iris::AnimableProperty”的声明
  
C:\work\qt\Studio\irisgl\src\animation\propertyanim.h(12,8): warning C4099: “iris::PropertyAnimInfo”: 类型名称以前使用“class”现在使用的是“struct”
  (编译源文件“../src/editor/orbitalcameracontroller.cpp”)
      C:\work\qt\Studio\irisgl\src\animation\propertyanim.h(12,8):
      参见“iris::PropertyAnimInfo”的声明
  
C:\work\qt\Studio\irisgl\src\vr\vrdevice.h(89,8): warning C4099: “iris::VrSwapChain”: 类型名称以前使用“class”现在使用的是“struct”
  (编译源文件“../src/editor/orbitalcameracontroller.cpp”)
      C:\work\qt\Studio\irisgl\src\vr\vrdevice.h(89,8):
      参见“iris::VrSwapChain”的声明
  
  demopane.cpp
C:\work\qt\Studio\irisgl\src\graphics\forwardrenderer.h(35,7): warning C4099: “iris::RenderData”: 类型名称以前使用“struct”现在使用的是“class”
  (编译源文件“../src/widgets/scenenodepropertieswidget.cpp”)
      C:\work\qt\Studio\irisgl\src\graphics\renderdata.h(22,8):
      参见“iris::RenderData”的声明
  
C:\work\qt\Studio\irisgl\src\scenegraph\scenenode.h(36,7): warning C4099: “iris::PhysicsProperty”: 类型名称以前使用“struct”现在使用的是“class”
  (编译源文件“../src/widgets/propertywidgets/worldskypropertywidget.cpp”)
      C:\work\qt\Studio\irisgl\src\physics\physicsproperties.h(43,8):
      参见“iris::PhysicsProperty”的声明
  
C:\work\qt\Studio\irisgl\src\scenegraph\scenenode.h(37,7): warning C4099: “iris::Property”: 类型名称以前使用“struct”现在使用的是“class”
  (编译源文件“../src/widgets/propertywidgets/worldskypropertywidget.cpp”)
      C:\work\qt\Studio\irisgl\src\core\property.h(28,8):
      参见“iris::Property”的声明
  
C:\work\qt\Studio\irisgl\src\graphics\mesh.h(26,7): warning C4099: “aiMesh”: 类型名称以前使用“struct”现在使用的是“class”
  (编译源文件“../src/io/scenewriter.cpp”)
      C:\work\qt\Studio\irisgl\src\assimp\include\assimp\mesh.h(638,8):
      参见“aiMesh”的声明
  
C:\work\qt\Studio\src\shadergraph\models\properties.h(158,10): warning C4305: “=”: 从“double”到“float”截断
  (编译源文件“../src/editor/orbitalcameracontroller.cpp”)
  
C:\work\qt\Studio\irisgl\src\graphics\graphicshelper.h(21,7): warning C4099: “aiScene”: 类型名称以前使用“struct”现在使用的是“class”
  (编译源文件“../src/widgets/scenenodepropertieswidget.cpp”)
      C:\work\qt\Studio\irisgl\src\assimp\include\assimp\scene.h(273,19):
      参见“aiScene”的声明
  
C:\work\qt\Studio\irisgl\src\scenegraph\scene.h(30,7): warning C4099: “iris::RenderItem”: 类型名称以前使用“struct”现在使用的是“class”
  (编译源文件“../src/widgets/scenenodepropertieswidget.cpp”)
      C:\work\qt\Studio\irisgl\src\graphics\renderitem.h(34,8):
      参见“iris::RenderItem”的声明
  
C:\work\qt\Studio\irisgl\src\scenegraph\scene.h(39,8): warning C4099: “iris::PickingResult”: 类型名称以前使用“class”现在使用的是“struct”
  (编译源文件“../src/widgets/scenenodepropertieswidget.cpp”)
      C:\work\qt\Studio\irisgl\src\scenegraph\scene.h(39,8):
      参见“iris::PickingResult”的声明
  
C:\work\qt\Studio\irisgl\src\assimp\include\assimp\scene.h(273,19): warning C4099: “aiScene”: 类型名称以前使用“class”现在使用的是“struct”
  (编译源文件“../src/widgets/propertywidgets/skypropertywidget.cpp”)
      C:\work\qt\Studio\irisgl\src\assimp\include\assimp\scene.h(273,19):
      参见“aiScene”的声明
  
C:\work\qt\Studio\irisgl\src\scenegraph\scenenode.h(36,7): warning C4099: “iris::PhysicsProperty”: 类型名称以前使用“struct”现在使用的是“class”
  (编译源文件“../src/widgets/propertywidgets/materialpropertywidget.cpp”)
      C:\work\qt\Studio\irisgl\src\physics\physicsproperties.h(43,8):
      参见“iris::PhysicsProperty”的声明
  
C:\work\qt\Studio\irisgl\src\scenegraph\scenenode.h(37,7): warning C4099: “iris::Property”: 类型名称以前使用“struct”现在使用的是“class”
  (编译源文件“../src/widgets/propertywidgets/materialpropertywidget.cpp”)
      C:\work\qt\Studio\irisgl\src\core\property.h(28,8):
      参见“iris::Property”的声明
  
C:\work\qt\Studio\irisgl\src\graphics\mesh.h(26,7): warning C4099: “aiMesh”: 类型名称以前使用“struct”现在使用的是“class”
  (编译源文件“../src/widgets/propertywidgets/skypropertywidget.cpp”)
      C:\work\qt\Studio\irisgl\src\assimp\include\assimp\mesh.h(638,8):
      参见“aiMesh”的声明
  
C:\work\qt\Studio\src\shadergraph\graph\graphnodescene.h(39,7): warning C4099: “Property”: 类型名称以前使用“struct”现在使用的是“class”
  (编译源文件“../src/editor/orbitalcameracontroller.cpp”)
      C:\work\qt\Studio\src\shadergraph\models\properties.h(25,8):
      参见“Property”的声明
  
C:\work\qt\Studio\irisgl\src\graphics\renderitem.h(34,8): warning C4099: “iris::RenderItem”: 类型名称以前使用“class”现在使用的是“struct”
  (编译源文件“../src/widgets/propertywidgets/materialpropertywidget.cpp”)
      C:\work\qt\Studio\irisgl\src\graphics\renderitem.h(34,8):
      参见“iris::RenderItem”的声明
  
C:\work\qt\Studio\src\shadergraph\widgets\propertylistwidget.h(15,7): warning C4099: “FloatProperty”: 类型名称以前使用“struct”现在使用的是“class”
  (编译源文件“../src/editor/orbitalcameracontroller.cpp”)
      C:\work\qt\Studio\src\shadergraph\models\properties.h(147,8):
      参见“FloatProperty”的声明
  
C:\work\qt\Studio\src\shadergraph\widgets\propertylistwidget.h(16,7): warning C4099: “Vec2Property”: 类型名称以前使用“struct”现在使用的是“class”
  (编译源文件“../src/editor/orbitalcameracontroller.cpp”)
      C:\work\qt\Studio\src\shadergraph\models\properties.h(287,8):
      参见“Vec2Property”的声明
  
C:\work\qt\Studio\src\shadergraph\widgets\propertylistwidget.h(17,7): warning C4099: “Vec3Property”: 类型名称以前使用“struct”现在使用的是“class”
  (编译源文件“../src/editor/orbitalcameracontroller.cpp”)
      C:\work\qt\Studio\src\shadergraph\models\properties.h(332,8):
      参见“Vec3Property”的声明
  
C:\work\qt\Studio\src\shadergraph\widgets\propertylistwidget.h(18,7): warning C4099: “Vec4Property”: 类型名称以前使用“struct”现在使用的是“class”
  (编译源文件“../src/editor/orbitalcameracontroller.cpp”)
      C:\work\qt\Studio\src\shadergraph\models\properties.h(382,8):
      参见“Vec4Property”的声明
  
C:\work\qt\Studio\src\shadergraph\widgets\propertylistwidget.h(19,7): warning C4099: “IntProperty”: 类型名称以前使用“struct”现在使用的是“class”
  (编译源文件“../src/editor/orbitalcameracontroller.cpp”)
      C:\work\qt\Studio\src\shadergraph\models\properties.h(95,8):
      参见“IntProperty”的声明
  
C:\work\qt\Studio\src\shadergraph\widgets\propertylistwidget.h(20,7): warning C4099: “TextureProperty”: 类型名称以前使用“struct”现在使用的是“class”
  (编译源文件“../src/editor/orbitalcameracontroller.cpp”)
      C:\work\qt\Studio\src\shadergraph\models\properties.h(248,8):
      参见“TextureProperty”的声明
  
C:\work\qt\Studio\irisgl\src\scenegraph\meshnode.h(26,7): warning C4099: “aiScene”: 类型名称以前使用“struct”现在使用的是“class”
  (编译源文件“../src/widgets/propertywidgets/materialpropertywidget.cpp”)
      C:\work\qt\Studio\irisgl\src\assimp\include\assimp\scene.h(273,19):
      参见“aiScene”的声明
  
C:\work\qt\Studio\irisgl\src\scenegraph\meshnode.h(31,7): warning C4099: “iris::RenderItem”: 类型名称以前使用“struct”现在使用的是“class”
  (编译源文件“../src/widgets/propertywidgets/materialpropertywidget.cpp”)
      C:\work\qt\Studio\irisgl\src\graphics\renderitem.h(34,8):
      参见“iris::RenderItem”的声明
  
C:\work\qt\Studio\src\shadergraph\shadergraphmainwindow.h(31,7): warning C4099: “NodeLibraryItem”: 类型名称以前使用“struct”现在使用的是“class”
  (编译源文件“../src/editor/orbitalcameracontroller.cpp”)
      C:\work\qt\Studio\src\shadergraph\models\library.h(11,8):
      参见“NodeLibraryItem”的声明
  
C:\work\qt\Studio\irisgl\src\scenegraph\particlesystemnode.h(25,7): warning C4099: “iris::RenderItem”: 类型名称以前使用“struct”现在使用的是“class”
  (编译源文件“../src/widgets/scenenodepropertieswidget.cpp”)
      C:\work\qt\Studio\irisgl\src\graphics\renderitem.h(34,8):
      参见“iris::RenderItem”的声明
  
C:\work\qt\Studio\irisgl\src\scenegraph\scene.h(30,7): warning C4099: “iris::RenderItem”: 类型名称以前使用“struct”现在使用的是“class”
  (编译源文件“../src/widgets/propertywidgets/materialpropertywidget.cpp”)
      C:\work\qt\Studio\irisgl\src\graphics\renderitem.h(34,8):
      参见“iris::RenderItem”的声明
  
C:\work\qt\Studio\irisgl\src\scenegraph\scene.h(39,8): warning C4099: “iris::PickingResult”: 类型名称以前使用“class”现在使用的是“struct”
  (编译源文件“../src/widgets/propertywidgets/materialpropertywidget.cpp”)
      C:\work\qt\Studio\irisgl\src\scenegraph\scene.h(39,8):
      参见“iris::PickingResult”的声明
  
C:\work\qt\Studio\irisgl\src\assimp\include\assimp\scene.h(273,19): warning C4099: “aiScene”: 类型名称以前使用“class”现在使用的是“struct”
  (编译源文件“../src/widgets/propertywidgets/worldskypropertywidget.cpp”)
      C:\work\qt\Studio\irisgl\src\assimp\include\assimp\scene.h(273,19):
      参见“aiScene”的声明
  
C:\work\qt\Studio\irisgl\src\scenegraph\viewernode.h(21,7): warning C4099: “iris::RenderItem”: 类型名称以前使用“struct”现在使用的是“class”
  (编译源文件“../src/widgets/scenenodepropertieswidget.cpp”)
      C:\work\qt\Studio\irisgl\src\graphics\renderitem.h(34,8):
      参见“iris::RenderItem”的声明
  
C:\work\qt\Studio\irisgl\src\graphics\mesh.h(26,7): warning C4099: “aiMesh”: 类型名称以前使用“struct”现在使用的是“class”
  (编译源文件“../src/widgets/propertywidgets/worldskypropertywidget.cpp”)
      C:\work\qt\Studio\irisgl\src\assimp\include\assimp\mesh.h(638,8):
      参见“aiMesh”的声明
  
C:\work\qt\Studio\irisgl\src\content\modelloader.h(7,7): warning C4099: “aiScene”: 类型名称以前使用“struct”现在使用的是“class”
  (编译源文件“../src/widgets/scenenodepropertieswidget.cpp”)
      C:\work\qt\Studio\irisgl\src\assimp\include\assimp\scene.h(273,19):
      参见“aiScene”的声明
  
C:\work\qt\Studio\irisgl\src\animation\animableproperty.h(16,8): warning C4099: “iris::AnimableProperty”: 类型名称以前使用“class”现在使用的是“struct”
  (编译源文件“../src/widgets/scenenodepropertieswidget.cpp”)
      C:\work\qt\Studio\irisgl\src\animation\animableproperty.h(16,8):
      参见“iris::AnimableProperty”的声明
  
  labelwidget.cpp
C:\work\qt\Studio\irisgl\src\animation\propertyanim.h(12,8): warning C4099: “iris::PropertyAnimInfo”: 类型名称以前使用“class”现在使用的是“struct”
  (编译源文件“../src/widgets/scenenodepropertieswidget.cpp”)
      C:\work\qt\Studio\irisgl\src\animation\propertyanim.h(12,8):
      参见“iris::PropertyAnimInfo”的声明
  
C:\work\qt\Studio\src\editor\orbitalcameracontroller.cpp(154,29): warning C4305: “参数”: 从“double”到“float”截断
C:\work\qt\Studio\src\editor\orbitalcameracontroller.cpp(155,35): warning C4305: “参数”: 从“double”到“float”截断
C:\work\qt\Studio\irisgl\src\vr\vrdevice.h(89,8): warning C4099: “iris::VrSwapChain”: 类型名称以前使用“class”现在使用的是“struct”
  (编译源文件“../src/widgets/scenenodepropertieswidget.cpp”)
      C:\work\qt\Studio\irisgl\src\vr\vrdevice.h(89,8):
      参见“iris::VrSwapChain”的声明
  
  checkboxwidget.cpp
C:\work\qt\Studio\src\core\materialpreset.h(18,8): warning C4099: “MaterialPreset”: 类型名称以前使用“class”现在使用的是“struct”
  (编译源文件“Jahshaka_autogen/mocs_compilation_Debug.cpp”)
      C:\work\qt\Studio\src\core\materialpreset.h(18,8):
      参见“MaterialPreset”的声明
  
C:\work\qt\Studio\src\widgets\assetmaterialpanel.h(25,7): warning C4099: “MaterialPreset”: 类型名称以前使用“struct”现在使用的是“class”
  (编译源文件“Jahshaka_autogen/mocs_compilation_Debug.cpp”)
      C:\work\qt\Studio\src\core\materialpreset.h(18,8):
      参见“MaterialPreset”的声明
  
C:\work\qt\Studio\src\shadergraph\models\properties.h(158,10): warning C4305: “=”: 从“double”到“float”截断
  (编译源文件“../src/widgets/scenenodepropertieswidget.cpp”)
  
C:\work\qt\Studio\irisgl\src\graphics\mesh.h(26,7): warning C4099: “aiMesh”: 类型名称以前使用“struct”现在使用的是“class”
  (编译源文件“../src/widgets/propertywidgets/physicspropertywidget.cpp”)
      C:\work\qt\Studio\irisgl\src\assimp\include\assimp\mesh.h(638,8):
      参见“aiMesh”的声明
  
C:\work\qt\Studio\irisgl\src\graphics\renderitem.h(34,8): warning C4099: “iris::RenderItem”: 类型名称以前使用“class”现在使用的是“struct”
  (编译源文件“../src/widgets/propertywidgets/physicspropertywidget.cpp”)
      C:\work\qt\Studio\irisgl\src\graphics\renderitem.h(34,8):
      参见“iris::RenderItem”的声明
  
C:\work\qt\Studio\irisgl\src\scenegraph\meshnode.h(26,7): warning C4099: “aiScene”: 类型名称以前使用“struct”现在使用的是“class”
  (编译源文件“../src/widgets/propertywidgets/physicspropertywidget.cpp”)
      C:\work\qt\Studio\irisgl\src\assimp\include\assimp\scene.h(273,19):
      参见“aiScene”的声明
  
C:\work\qt\Studio\irisgl\src\scenegraph\meshnode.h(31,7): warning C4099: “iris::RenderItem”: 类型名称以前使用“struct”现在使用的是“class”
  (编译源文件“../src/widgets/propertywidgets/physicspropertywidget.cpp”)
      C:\work\qt\Studio\irisgl\src\graphics\renderitem.h(34,8):
      参见“iris::RenderItem”的声明
  
C:\work\qt\Studio\src\io\assetmanager.h(23,7): warning C4099: “aiScene”: 类型名称以前使用“struct”现在使用的是“class”
  (编译源文件“Jahshaka_autogen/mocs_compilation_Debug.cpp”)
      C:\work\qt\Studio\irisgl\src\assimp\include\assimp\scene.h(273,19):
      参见“aiScene”的声明
  
C:\work\qt\Studio\irisgl\src\irisglfwd.h(59,7): warning C4099: “iris::Property”: 类型名称以前使用“struct”现在使用的是“class”
  (编译源文件“../src/widgets/propertywidgets/fogpropertywidget.cpp”)
      C:\work\qt\Studio\irisgl\src\core\property.h(28,8):
      参见“iris::Property”的声明
  
C:\work\qt\Studio\src\shadergraph\graph\graphnodescene.h(39,7): warning C4099: “Property”: 类型名称以前使用“struct”现在使用的是“class”
  (编译源文件“../src/widgets/scenenodepropertieswidget.cpp”)
      C:\work\qt\Studio\src\shadergraph\models\properties.h(25,8):
      参见“Property”的声明
  
C:\work\qt\Studio\irisgl\src\graphics\mesh.h(26,7): warning C4099: “aiMesh”: 类型名称以前使用“struct”现在使用的是“class”
  (编译源文件“../src/widgets/propertywidgets/cubemapwidget.cpp”)
      C:\work\qt\Studio\irisgl\src\assimp\include\assimp\mesh.h(638,8):
      参见“aiMesh”的声明
  
C:\work\qt\Studio\irisgl\src\scenegraph\scene.h(30,7): warning C4099: “iris::RenderItem”: 类型名称以前使用“struct”现在使用的是“class”
  (编译源文件“../src/widgets/propertywidgets/physicspropertywidget.cpp”)
      C:\work\qt\Studio\irisgl\src\graphics\renderitem.h(34,8):
      参见“iris::RenderItem”的声明
  
C:\work\qt\Studio\irisgl\src\scenegraph\scene.h(39,8): warning C4099: “iris::PickingResult”: 类型名称以前使用“class”现在使用的是“struct”
  (编译源文件“../src/widgets/propertywidgets/physicspropertywidget.cpp”)
      C:\work\qt\Studio\irisgl\src\scenegraph\scene.h(39,8):
      参见“iris::PickingResult”的声明
  
C:\work\qt\Studio\src\shadergraph\widgets\propertylistwidget.h(15,7): warning C4099: “FloatProperty”: 类型名称以前使用“struct”现在使用的是“class”
  (编译源文件“../src/widgets/scenenodepropertieswidget.cpp”)
      C:\work\qt\Studio\src\shadergraph\models\properties.h(147,8):
      参见“FloatProperty”的声明
  
C:\work\qt\Studio\src\shadergraph\widgets\propertylistwidget.h(16,7): warning C4099: “Vec2Property”: 类型名称以前使用“struct”现在使用的是“class”
  (编译源文件“../src/widgets/scenenodepropertieswidget.cpp”)
      C:\work\qt\Studio\src\shadergraph\models\properties.h(287,8):
      参见“Vec2Property”的声明
  
C:\work\qt\Studio\src\shadergraph\widgets\propertylistwidget.h(17,7): warning C4099: “Vec3Property”: 类型名称以前使用“struct”现在使用的是“class”
  (编译源文件“../src/widgets/scenenodepropertieswidget.cpp”)
      C:\work\qt\Studio\src\shadergraph\models\properties.h(332,8):
      参见“Vec3Property”的声明
  
C:\work\qt\Studio\src\shadergraph\widgets\propertylistwidget.h(18,7): warning C4099: “Vec4Property”: 类型名称以前使用“struct”现在使用的是“class”
  (编译源文件“../src/widgets/scenenodepropertieswidget.cpp”)
      C:\work\qt\Studio\src\shadergraph\models\properties.h(382,8):
      参见“Vec4Property”的声明
  
C:\work\qt\Studio\src\shadergraph\widgets\propertylistwidget.h(19,7): warning C4099: “IntProperty”: 类型名称以前使用“struct”现在使用的是“class”
  (编译源文件“../src/widgets/scenenodepropertieswidget.cpp”)
      C:\work\qt\Studio\src\shadergraph\models\properties.h(95,8):
      参见“IntProperty”的声明
  
C:\work\qt\Studio\src\shadergraph\widgets\propertylistwidget.h(20,7): warning C4099: “TextureProperty”: 类型名称以前使用“struct”现在使用的是“class”
  (编译源文件“../src/widgets/scenenodepropertieswidget.cpp”)
      C:\work\qt\Studio\src\shadergraph\models\properties.h(248,8):
      参见“TextureProperty”的声明
  
C:\work\qt\Studio\src\widgets\assetview.h(74,16): warning C4091: “typedef ”: 没有声明变量时忽略“directory_tuple”的左侧
  (编译源文件“Jahshaka_autogen/mocs_compilation_Debug.cpp”)
  
C:\work\qt\Studio\src\shadergraph\shadergraphmainwindow.h(31,7): warning C4099: “NodeLibraryItem”: 类型名称以前使用“struct”现在使用的是“class”
  (编译源文件“../src/widgets/scenenodepropertieswidget.cpp”)
      C:\work\qt\Studio\src\shadergraph\models\library.h(11,8):
      参见“NodeLibraryItem”的声明
  
  textinputwidget.cpp
C:\work\qt\Studio\irisgl\src\core\property.h(28,8): warning C4099: “iris::Property”: 类型名称以前使用“class”现在使用的是“struct”
  (编译源文件“../src/widgets/scenenodepropertieswidget.cpp”)
      C:\work\qt\Studio\irisgl\src\core\property.h(28,8):
      参见“iris::Property”的声明
  
C:\work\qt\Studio\irisgl\src\scenegraph\scenenode.h(36,7): warning C4099: “iris::PhysicsProperty”: 类型名称以前使用“struct”现在使用的是“class”
  (编译源文件“../src/widgets/propertywidgets/worldpropertywidget.cpp”)
      C:\work\qt\Studio\irisgl\src\physics\physicsproperties.h(43,8):
      参见“iris::PhysicsProperty”的声明
  
C:\work\qt\Studio\irisgl\src\scenegraph\scenenode.h(37,7): warning C4099: “iris::Property”: 类型名称以前使用“struct”现在使用的是“class”
  (编译源文件“../src/widgets/propertywidgets/worldpropertywidget.cpp”)
      C:\work\qt\Studio\irisgl\src\core\property.h(28,8):
      参见“iris::Property”的声明
  
C:\work\qt\Studio\irisgl\src\graphics\forwardrenderer.h(35,7): warning C4099: “iris::RenderData”: 类型名称以前使用“struct”现在使用的是“class”
  (编译源文件“../src/widgets/propertywidgets/skypropertywidget.cpp”)
      C:\work\qt\Studio\irisgl\src\graphics\renderdata.h(22,8):
      参见“iris::RenderData”的声明
  
C:\work\qt\Studio\irisgl\src\graphics\forwardrenderer.h(35,7): warning C4099: “iris::RenderData”: 类型名称以前使用“struct”现在使用的是“class”
  (编译源文件“../src/io/scenewriter.cpp”)
      C:\work\qt\Studio\irisgl\src\graphics\renderdata.h(22,8):
      参见“iris::RenderData”的声明
  
C:\work\qt\Studio\src\io\assetmanager.h(23,7): warning C4099: “aiScene”: 类型名称以前使用“struct”现在使用的是“class”
  (编译源文件“../src/widgets/scenenodepropertieswidget.cpp”)
      C:\work\qt\Studio\irisgl\src\assimp\include\assimp\scene.h(273,19):
      参见“aiScene”的声明
  
C:\work\qt\Studio\irisgl\src\graphics\graphicshelper.h(21,7): warning C4099: “aiScene”: 类型名称以前使用“struct”现在使用的是“class”
  (编译源文件“../src/widgets/propertywidgets/skypropertywidget.cpp”)
      C:\work\qt\Studio\irisgl\src\assimp\include\assimp\scene.h(273,19):
      参见“aiScene”的声明
  
C:\work\qt\Studio\irisgl\src\scenegraph\scene.h(39,8): warning C4099: “iris::PickingResult”: 类型名称以前使用“class”现在使用的是“struct”
  (编译源文件“../src/widgets/propertywidgets/fogpropertywidget.cpp”)
      C:\work\qt\Studio\irisgl\src\scenegraph\scene.h(39,8):
      参见“iris::PickingResult”的声明
  
C:\work\qt\Studio\src\core\materialpreset.h(18,8): warning C4099: “MaterialPreset”: 类型名称以前使用“class”现在使用的是“struct”
  (编译源文件“../src/io/materialpresetreader.cpp”)
      C:\work\qt\Studio\src\core\materialpreset.h(18,8):
      参见“MaterialPreset”的声明
  
C:\work\qt\Studio\src\io\assetmanager.h(23,7): warning C4099: “aiScene”: 类型名称以前使用“struct”现在使用的是“class”
  (编译源文件“../src/widgets/propertywidgets/skypropertywidget.cpp”)
      C:\work\qt\Studio\irisgl\src\assimp\include\assimp\scene.h(273,19):
      参见“aiScene”的声明
  
C:\work\qt\Studio\src\widgets\propertywidgets\skypropertywidget.cpp(186,49): warning C4305: “参数”: 从“double”到“float”截断
C:\work\qt\Studio\irisgl\src\graphics\graphicshelper.h(21,7): warning C4099: “aiScene”: 类型名称以前使用“struct”现在使用的是“class”
  (编译源文件“../src/io/scenewriter.cpp”)
      C:\work\qt\Studio\irisgl\src\assimp\include\assimp\scene.h(273,19):
      参见“aiScene”的声明
  
C:\work\qt\Studio\src\widgets\assetwidget.h(45,16): warning C4091: “typedef ”: 没有声明变量时忽略“directory_tupleA”的左侧
  (编译源文件“Jahshaka_autogen/mocs_compilation_Debug.cpp”)
  
C:\work\qt\Studio\irisgl\src\animation\propertyanim.h(12,8): warning C4099: “iris::PropertyAnimInfo”: 类型名称以前使用“class”现在使用的是“struct”
  (编译源文件“../src/widgets/keyframelabeltreewidget.cpp”)
      C:\work\qt\Studio\irisgl\src\animation\propertyanim.h(12,8):
      参见“iris::PropertyAnimInfo”的声明
  
C:\work\qt\Studio\irisgl\src\graphics\forwardrenderer.h(35,7): warning C4099: “iris::RenderData”: 类型名称以前使用“struct”现在使用的是“class”
  (编译源文件“../src/widgets/propertywidgets/worldskypropertywidget.cpp”)
      C:\work\qt\Studio\irisgl\src\graphics\renderdata.h(22,8):
      参见“iris::RenderData”的声明
  
C:\work\qt\Studio\irisgl\src\scenegraph\scenenode.h(36,7): warning C4099: “iris::PhysicsProperty”: 类型名称以前使用“struct”现在使用的是“class”
  (编译源文件“../src/widgets/keyframelabeltreewidget.cpp”)
      C:\work\qt\Studio\irisgl\src\physics\physicsproperties.h(43,8):
      参见“iris::PhysicsProperty”的声明
  
C:\work\qt\Studio\irisgl\src\graphics\renderlist.h(9,7): warning C4099: “iris::RenderItem”: 类型名称以前使用“struct”现在使用的是“class”
  (编译源文件“../src/widgets/propertywidgets/physicspropertywidget.cpp”)
      C:\work\qt\Studio\irisgl\src\graphics\renderitem.h(34,8):
      参见“iris::RenderItem”的声明
  
C:\work\qt\Studio\src\io\materialpresetreader.cpp(55,9): warning C4996: 'QColor::setNamedColor': Use fromString() instead.
C:\work\qt\Studio\src\io\materialpresetreader.cpp(59,9): warning C4996: 'QColor::setNamedColor': Use fromString() instead.
C:\work\qt\Studio\src\io\materialpresetreader.cpp(66,9): warning C4996: 'QColor::setNamedColor': Use fromString() instead.
C:\work\qt\Studio\irisgl\src\animation\animableproperty.h(16,8): warning C4099: “iris::AnimableProperty”: 类型名称以前使用“class”现在使用的是“struct”
  (编译源文件“../src/io/scenewriter.cpp”)
      C:\work\qt\Studio\irisgl\src\animation\animableproperty.h(16,8):
      参见“iris::AnimableProperty”的声明
  
C:\work\qt\Studio\irisgl\src\animation\propertyanim.h(12,8): warning C4099: “iris::PropertyAnimInfo”: 类型名称以前使用“class”现在使用的是“struct”
  (编译源文件“../src/io/scenewriter.cpp”)
      C:\work\qt\Studio\irisgl\src\animation\propertyanim.h(12,8):
      参见“iris::PropertyAnimInfo”的声明
  
C:\work\qt\Studio\irisgl\src\graphics\graphicshelper.h(21,7): warning C4099: “aiScene”: 类型名称以前使用“struct”现在使用的是“class”
  (编译源文件“../src/widgets/propertywidgets/worldskypropertywidget.cpp”)
      C:\work\qt\Studio\irisgl\src\assimp\include\assimp\scene.h(273,19):
      参见“aiScene”的声明
  
C:\work\qt\Studio\irisgl\src\core\property.h(28,8): warning C4099: “iris::Property”: 类型名称以前使用“class”现在使用的是“struct”
  (编译源文件“../src/io/scenewriter.cpp”)
      C:\work\qt\Studio\irisgl\src\core\property.h(28,8):
      参见“iris::Property”的声明
  
  comboboxwidget.cpp
C:\work\qt\Studio\src\io\assetmanager.h(23,7): warning C4099: “aiScene”: 类型名称以前使用“struct”现在使用的是“class”
  (编译源文件“../src/widgets/propertywidgets/worldskypropertywidget.cpp”)
      C:\work\qt\Studio\irisgl\src\assimp\include\assimp\scene.h(273,19):
      参见“aiScene”的声明
  
C:\work\qt\Studio\irisgl\src\scenegraph\scene.h(39,8): warning C4099: “iris::PickingResult”: 类型名称以前使用“class”现在使用的是“struct”
  (编译源文件“../src/io/scenewriter.cpp”)
      C:\work\qt\Studio\irisgl\src\scenegraph\scene.h(39,8):
      参见“iris::PickingResult”的声明
  
  hfloatsliderwidget.cpp
C:\work\qt\Studio\irisgl\src\core\property.h(28,8): warning C4099: “iris::Property”: 类型名称以前使用“class”现在使用的是“struct”
  (编译源文件“../src/widgets/propertywidgets/emitterpropertywidget.cpp”)
      C:\work\qt\Studio\irisgl\src\core\property.h(28,8):
      参见“iris::Property”的声明
  
C:\work\qt\Studio\irisgl\src\graphics\renderitem.h(34,8): warning C4099: “iris::RenderItem”: 类型名称以前使用“class”现在使用的是“struct”
  (编译源文件“../src/io/scenewriter.cpp”)
      C:\work\qt\Studio\irisgl\src\graphics\renderitem.h(34,8):
      参见“iris::RenderItem”的声明
  
C:\work\qt\Studio\irisgl\src\scenegraph\meshnode.h(26,7): warning C4099: “aiScene”: 类型名称以前使用“struct”现在使用的是“class”
  (编译源文件“../src/io/scenewriter.cpp”)
      C:\work\qt\Studio\irisgl\src\assimp\include\assimp\scene.h(273,19):
      参见“aiScene”的声明
  
C:\work\qt\Studio\irisgl\src\scenegraph\meshnode.h(31,7): warning C4099: “iris::RenderItem”: 类型名称以前使用“struct”现在使用的是“class”
  (编译源文件“../src/io/scenewriter.cpp”)
      C:\work\qt\Studio\irisgl\src\graphics\renderitem.h(34,8):
      参见“iris::RenderItem”的声明
  
C:\work\qt\Studio\irisgl\src\scenegraph\particlesystemnode.h(25,7): warning C4099: “iris::RenderItem”: 类型名称以前使用“struct”现在使用的是“class”
  (编译源文件“../src/io/scenewriter.cpp”)
      C:\work\qt\Studio\irisgl\src\graphics\renderitem.h(34,8):
      参见“iris::RenderItem”的声明
  
C:\work\qt\Studio\irisgl\src\core\property.h(28,8): warning C4099: “iris::Property”: 类型名称以前使用“class”现在使用的是“struct”
  (编译源文件“../src/widgets/propertywidgets/nodepropertywidget.cpp”)
      C:\work\qt\Studio\irisgl\src\core\property.h(28,8):
      参见“iris::Property”的声明
  
C:\work\qt\Studio\irisgl\src\scenegraph\viewernode.h(21,7): warning C4099: “iris::RenderItem”: 类型名称以前使用“struct”现在使用的是“class”
  (编译源文件“../src/io/scenewriter.cpp”)
      C:\work\qt\Studio\irisgl\src\graphics\renderitem.h(34,8):
      参见“iris::RenderItem”的声明
  
C:\work\qt\Studio\irisgl\src\graphics\postprocess.h(12,7): warning C4099: “iris::Property”: 类型名称以前使用“struct”现在使用的是“class”
  (编译源文件“../src/io/scenewriter.cpp”)
      C:\work\qt\Studio\irisgl\src\core\property.h(28,8):
      参见“iris::Property”的声明
  
C:\work\qt\Studio\irisgl\src\graphics\forwardrenderer.h(35,7): warning C4099: “iris::RenderData”: 类型名称以前使用“struct”现在使用的是“class”
  (编译源文件“../src/widgets/propertywidgets/cubemapwidget.cpp”)
      C:\work\qt\Studio\irisgl\src\graphics\renderdata.h(22,8):
      参见“iris::RenderData”的声明
  
C:\work\qt\Studio\irisgl\src\graphics\graphicshelper.h(21,7): warning C4099: “aiScene”: 类型名称以前使用“struct”现在使用的是“class”
  (编译源文件“../src/widgets/propertywidgets/cubemapwidget.cpp”)
      C:\work\qt\Studio\irisgl\src\assimp\include\assimp\scene.h(273,19):
      参见“aiScene”的声明
  
  texturepickerwidget.cpp
C:\work\qt\Studio\src\io\assetmanager.h(23,7): warning C4099: “aiScene”: 类型名称以前使用“struct”现在使用的是“class”
  (编译源文件“../src/widgets/propertywidgets/cubemapwidget.cpp”)
      C:\work\qt\Studio\irisgl\src\assimp\include\assimp\scene.h(273,19):
      参见“aiScene”的声明
  
C:\work\qt\Studio\irisgl\src\scenegraph\scene.h(39,8): warning C4099: “iris::PickingResult”: 类型名称以前使用“class”现在使用的是“struct”
  (编译源文件“../src/widgets/propertywidgets/cubemapwidget.cpp”)
      C:\work\qt\Studio\irisgl\src\scenegraph\scene.h(39,8):
      参见“iris::PickingResult”的声明
  
  materialreader.cpp
C:\work\qt\Studio\irisgl\src\graphics\renderitem.h(34,8): warning C4099: “iris::RenderItem”: 类型名称以前使用“class”现在使用的是“struct”
  (编译源文件“../src/widgets/propertywidgets/worldskypropertywidget.cpp”)
      C:\work\qt\Studio\irisgl\src\graphics\renderitem.h(34,8):
      参见“iris::RenderItem”的声明
  
C:\work\qt\Studio\irisgl\src\scenegraph\meshnode.h(26,7): warning C4099: “aiScene”: 类型名称以前使用“struct”现在使用的是“class”
  (编译源文件“../src/widgets/propertywidgets/worldskypropertywidget.cpp”)
      C:\work\qt\Studio\irisgl\src\assimp\include\assimp\scene.h(273,19):
      参见“aiScene”的声明
  
C:\work\qt\Studio\irisgl\src\scenegraph\meshnode.h(31,7): warning C4099: “iris::RenderItem”: 类型名称以前使用“struct”现在使用的是“class”
  (编译源文件“../src/widgets/propertywidgets/worldskypropertywidget.cpp”)
      C:\work\qt\Studio\irisgl\src\graphics\renderitem.h(34,8):
      参见“iris::RenderItem”的声明
  
C:\work\qt\Studio\irisgl\src\graphics\mesh.h(26,7): warning C4099: “aiMesh”: 类型名称以前使用“struct”现在使用的是“class”
  (编译源文件“../src/widgets/propertywidgets/emitterpropertywidget.cpp”)
      C:\work\qt\Studio\irisgl\src\assimp\include\assimp\mesh.h(638,8):
      参见“aiMesh”的声明
  
C:\work\qt\Studio\src\widgets\propertywidgets\cubemapwidget.cpp(220,61): warning C4996: 'QImage::mirrored': Use flipped(Qt::Orientations) instead
C:\work\qt\Studio\src\widgets\propertywidgets\cubemapwidget.cpp(221,59): warning C4996: 'QImage::mirrored': Use flipped(Qt::Orientations) instead
C:\work\qt\Studio\irisgl\src\scenegraph\scene.h(39,8): warning C4099: “iris::PickingResult”: 类型名称以前使用“class”现在使用的是“struct”
  (编译源文件“../src/io/scenereader.cpp”)
      C:\work\qt\Studio\irisgl\src\scenegraph\scene.h(39,8):
      参见“iris::PickingResult”的声明
  
C:\work\qt\Studio\irisgl\src\scenegraph\scenenode.h(36,7): warning C4099: “iris::PhysicsProperty”: 类型名称以前使用“struct”现在使用的是“class”
  (编译源文件“../src/widgets/propertywidgets/nodepropertywidget.cpp”)
      C:\work\qt\Studio\irisgl\src\physics\physicsproperties.h(43,8):
      参见“iris::PhysicsProperty”的声明
  
C:\work\qt\Studio\irisgl\src\scenegraph\scenenode.h(37,7): warning C4099: “iris::Property”: 类型名称以前使用“struct”现在使用的是“class”
  (编译源文件“../src/widgets/propertywidgets/nodepropertywidget.cpp”)
      C:\work\qt\Studio\irisgl\src\core\property.h(28,8):
      参见“iris::Property”的声明
  
C:\work\qt\Studio\irisgl\src\scenegraph\scenenode.h(36,7): warning C4099: “iris::PhysicsProperty”: 类型名称以前使用“struct”现在使用的是“class”
  (编译源文件“../src/io/scenereader.cpp”)
      C:\work\qt\Studio\irisgl\src\physics\physicsproperties.h(43,8):
      参见“iris::PhysicsProperty”的声明
  
C:\work\qt\Studio\irisgl\src\core\property.h(28,8): warning C4099: “iris::Property”: 类型名称以前使用“class”现在使用的是“struct”
  (编译源文件“../src/widgets/propertywidgets/demopane.cpp”)
      C:\work\qt\Studio\irisgl\src\core\property.h(28,8):
      参见“iris::Property”的声明
  
C:\work\qt\Studio\irisgl\src\graphics\forwardrenderer.h(35,7): warning C4099: “iris::RenderData”: 类型名称以前使用“struct”现在使用的是“class”
  (编译源文件“../src/widgets/propertywidgets/physicspropertywidget.cpp”)
      C:\work\qt\Studio\irisgl\src\graphics\renderdata.h(22,8):
      参见“iris::RenderData”的声明
  
C:\work\qt\Studio\irisgl\src\graphics\mesh.h(26,7): warning C4099: “aiMesh”: 类型名称以前使用“struct”现在使用的是“class”
  (编译源文件“../src/editor/editorvrcontroller.cpp”)
      C:\work\qt\Studio\irisgl\src\assimp\include\assimp\mesh.h(638,8):
      参见“aiMesh”的声明
  
C:\work\qt\Studio\src\widgets\keyframelabeltreewidget.cpp(279,1): warning C4715: “KeyFrameLabelTreeWidget::getPropertyKeyFrameData”: 不是所有的控件路径都返回值
  filepickerwidget.cpp
C:\work\qt\Studio\irisgl\src\graphics\renderitem.h(34,8): warning C4099: “iris::RenderItem”: 类型名称以前使用“class”现在使用的是“struct”
  (编译源文件“../src/editor/editorvrcontroller.cpp”)
      C:\work\qt\Studio\irisgl\src\graphics\renderitem.h(34,8):
      参见“iris::RenderItem”的声明
  
C:\work\qt\Studio\irisgl\src\graphics\graphicshelper.h(21,7): warning C4099: “aiScene”: 类型名称以前使用“struct”现在使用的是“class”
  (编译源文件“../src/widgets/propertywidgets/physicspropertywidget.cpp”)
      C:\work\qt\Studio\irisgl\src\assimp\include\assimp\scene.h(273,19):
      参见“aiScene”的声明
  
  meshpropertywidget.cpp
C:\work\qt\Studio\irisgl\src\scenegraph\particlesystemnode.h(25,7): warning C4099: “iris::RenderItem”: 类型名称以前使用“struct”现在使用的是“class”
  (编译源文件“../src/widgets/propertywidgets/physicspropertywidget.cpp”)
      C:\work\qt\Studio\irisgl\src\graphics\renderitem.h(34,8):
      参见“iris::RenderItem”的声明
  
  shaderpropertywidget.cpp
C:\work\qt\Studio\irisgl\src\scenegraph\viewernode.h(21,7): warning C4099: “iris::RenderItem”: 类型名称以前使用“struct”现在使用的是“class”
  (编译源文件“../src/widgets/propertywidgets/physicspropertywidget.cpp”)
      C:\work\qt\Studio\irisgl\src\graphics\renderitem.h(34,8):
      参见“iris::RenderItem”的声明
  
C:\work\qt\Studio\irisgl\src\content\modelloader.h(7,7): warning C4099: “aiScene”: 类型名称以前使用“struct”现在使用的是“class”
  (编译源文件“../src/widgets/propertywidgets/physicspropertywidget.cpp”)
      C:\work\qt\Studio\irisgl\src\assimp\include\assimp\scene.h(273,19):
      参见“aiScene”的声明
  
C:\work\qt\Studio\irisgl\src\animation\animableproperty.h(16,8): warning C4099: “iris::AnimableProperty”: 类型名称以前使用“class”现在使用的是“struct”
  (编译源文件“../src/widgets/propertywidgets/physicspropertywidget.cpp”)
      C:\work\qt\Studio\irisgl\src\animation\animableproperty.h(16,8):
      参见“iris::AnimableProperty”的声明
  
C:\work\qt\Studio\irisgl\src\scenegraph\particlesystemnode.h(25,7): warning C4099: “iris::RenderItem”: 类型名称以前使用“struct”现在使用的是“class”
  (编译源文件“../src/widgets/propertywidgets/worldskypropertywidget.cpp”)
      C:\work\qt\Studio\irisgl\src\graphics\renderitem.h(34,8):
      参见“iris::RenderItem”的声明
  
C:\work\qt\Studio\irisgl\src\animation\propertyanim.h(12,8): warning C4099: “iris::PropertyAnimInfo”: 类型名称以前使用“class”现在使用的是“struct”
  (编译源文件“../src/widgets/propertywidgets/physicspropertywidget.cpp”)
      C:\work\qt\Studio\irisgl\src\animation\propertyanim.h(12,8):
      参见“iris::PropertyAnimInfo”的声明
  
C:\work\qt\Studio\irisgl\src\scenegraph\viewernode.h(21,7): warning C4099: “iris::RenderItem”: 类型名称以前使用“struct”现在使用的是“class”
  (编译源文件“../src/widgets/propertywidgets/worldskypropertywidget.cpp”)
      C:\work\qt\Studio\irisgl\src\graphics\renderitem.h(34,8):
      参见“iris::RenderItem”的声明
  
C:\work\qt\Studio\irisgl\src\vr\vrdevice.h(89,8): warning C4099: “iris::VrSwapChain”: 类型名称以前使用“class”现在使用的是“struct”
  (编译源文件“../src/widgets/propertywidgets/physicspropertywidget.cpp”)
      C:\work\qt\Studio\irisgl\src\vr\vrdevice.h(89,8):
      参见“iris::VrSwapChain”的声明
  
C:\work\qt\Studio\irisgl\src\content\modelloader.h(7,7): warning C4099: “aiScene”: 类型名称以前使用“struct”现在使用的是“class”
  (编译源文件“../src/widgets/propertywidgets/worldskypropertywidget.cpp”)
      C:\work\qt\Studio\irisgl\src\assimp\include\assimp\scene.h(273,19):
      参见“aiScene”的声明
  
C:\work\qt\Studio\irisgl\src\animation\animableproperty.h(16,8): warning C4099: “iris::AnimableProperty”: 类型名称以前使用“class”现在使用的是“struct”
  (编译源文件“../src/widgets/propertywidgets/worldskypropertywidget.cpp”)
      C:\work\qt\Studio\irisgl\src\animation\animableproperty.h(16,8):
      参见“iris::AnimableProperty”的声明
  
C:\work\qt\Studio\irisgl\src\animation\propertyanim.h(12,8): warning C4099: “iris::PropertyAnimInfo”: 类型名称以前使用“class”现在使用的是“struct”
  (编译源文件“../src/widgets/propertywidgets/worldskypropertywidget.cpp”)
      C:\work\qt\Studio\irisgl\src\animation\propertyanim.h(12,8):
      参见“iris::PropertyAnimInfo”的声明
  
C:\work\qt\Studio\irisgl\src\assimp\include\assimp\scene.h(273,19): warning C4099: “aiScene”: 类型名称以前使用“class”现在使用的是“struct”
  (编译源文件“../src/io/scenereader.cpp”)
      C:\work\qt\Studio\irisgl\src\assimp\include\assimp\scene.h(273,19):
      参见“aiScene”的声明
  
C:\work\qt\Studio\irisgl\src\graphics\mesh.h(26,7): warning C4099: “aiMesh”: 类型名称以前使用“struct”现在使用的是“class”
  (编译源文件“../src/io/scenereader.cpp”)
      C:\work\qt\Studio\irisgl\src\assimp\include\assimp\mesh.h(638,8):
      参见“aiMesh”的声明
  
C:\work\qt\Studio\irisgl\src\vr\vrdevice.h(89,8): warning C4099: “iris::VrSwapChain”: 类型名称以前使用“class”现在使用的是“struct”
  (编译源文件“../src/widgets/propertywidgets/worldskypropertywidget.cpp”)
      C:\work\qt\Studio\irisgl\src\vr\vrdevice.h(89,8):
      参见“iris::VrSwapChain”的声明
  
C:\work\qt\Studio\irisgl\src\scenegraph\scene.h(30,7): warning C4099: “iris::RenderItem”: 类型名称以前使用“struct”现在使用的是“class”
  (编译源文件“../src/editor/editorvrcontroller.cpp”)
      C:\work\qt\Studio\irisgl\src\graphics\renderitem.h(34,8):
      参见“iris::RenderItem”的声明
  
C:\work\qt\Studio\irisgl\src\scenegraph\scene.h(39,8): warning C4099: “iris::PickingResult”: 类型名称以前使用“class”现在使用的是“struct”
  (编译源文件“../src/editor/editorvrcontroller.cpp”)
      C:\work\qt\Studio\irisgl\src\scenegraph\scene.h(39,8):
      参见“iris::PickingResult”的声明
  
  handpropertywidget.cpp
C:\work\qt\Studio\irisgl\src\scenegraph\scenenode.h(36,7): warning C4099: “iris::PhysicsProperty”: 类型名称以前使用“struct”现在使用的是“class”
  (编译源文件“../src/editor/editorvrcontroller.cpp”)
      C:\work\qt\Studio\irisgl\src\physics\physicsproperties.h(43,8):
      参见“iris::PhysicsProperty”的声明
  
C:\work\qt\Studio\src\shadergraph\models\properties.h(158,10): warning C4305: “=”: 从“double”到“float”截断
  (编译源文件“../src/widgets/propertywidgets/worldskypropertywidget.cpp”)
  
C:\work\qt\Studio\src\shadergraph\models\properties.h(158,10): warning C4305: “=”: 从“double”到“float”截断
  (编译源文件“../src/widgets/propertywidgets/physicspropertywidget.cpp”)
  
C:\work\qt\Studio\src\widgets\projectmanager.h(25,7): warning C4099: “aiScene”: 类型名称以前使用“struct”现在使用的是“class”
  (编译源文件“Jahshaka_autogen/mocs_compilation_Debug.cpp”)
      C:\work\qt\Studio\irisgl\src\assimp\include\assimp\scene.h(273,19):
      参见“aiScene”的声明
  
  propertywidget.cpp
C:\work\qt\Studio\src\shadergraph\graph\graphnodescene.h(39,7): warning C4099: “Property”: 类型名称以前使用“struct”现在使用的是“class”
  (编译源文件“../src/widgets/propertywidgets/worldskypropertywidget.cpp”)
      C:\work\qt\Studio\src\shadergraph\models\properties.h(25,8):
      参见“Property”的声明
  
C:\work\qt\Studio\src\shadergraph\graph\graphnodescene.h(39,7): warning C4099: “Property”: 类型名称以前使用“struct”现在使用的是“class”
  (编译源文件“../src/widgets/propertywidgets/physicspropertywidget.cpp”)
      C:\work\qt\Studio\src\shadergraph\models\properties.h(25,8):
      参见“Property”的声明
  
C:\work\qt\Studio\src\shadergraph\widgets\propertylistwidget.h(15,7): warning C4099: “FloatProperty”: 类型名称以前使用“struct”现在使用的是“class”
  (编译源文件“../src/widgets/propertywidgets/worldskypropertywidget.cpp”)
      C:\work\qt\Studio\src\shadergraph\models\properties.h(147,8):
      参见“FloatProperty”的声明
  
C:\work\qt\Studio\src\shadergraph\widgets\propertylistwidget.h(16,7): warning C4099: “Vec2Property”: 类型名称以前使用“struct”现在使用的是“class”
  (编译源文件“../src/widgets/propertywidgets/worldskypropertywidget.cpp”)
      C:\work\qt\Studio\src\shadergraph\models\properties.h(287,8):
      参见“Vec2Property”的声明
  
C:\work\qt\Studio\src\shadergraph\widgets\propertylistwidget.h(17,7): warning C4099: “Vec3Property”: 类型名称以前使用“struct”现在使用的是“class”
  (编译源文件“../src/widgets/propertywidgets/worldskypropertywidget.cpp”)
      C:\work\qt\Studio\src\shadergraph\models\properties.h(332,8):
      参见“Vec3Property”的声明
  
C:\work\qt\Studio\src\shadergraph\widgets\propertylistwidget.h(18,7): warning C4099: “Vec4Property”: 类型名称以前使用“struct”现在使用的是“class”
  (编译源文件“../src/widgets/propertywidgets/worldskypropertywidget.cpp”)
      C:\work\qt\Studio\src\shadergraph\models\properties.h(382,8):
      参见“Vec4Property”的声明
  
C:\work\qt\Studio\src\shadergraph\widgets\propertylistwidget.h(19,7): warning C4099: “IntProperty”: 类型名称以前使用“struct”现在使用的是“class”
  (编译源文件“../src/widgets/propertywidgets/worldskypropertywidget.cpp”)
      C:\work\qt\Studio\src\shadergraph\models\properties.h(95,8):
      参见“IntProperty”的声明
  
C:\work\qt\Studio\src\shadergraph\widgets\propertylistwidget.h(20,7): warning C4099: “TextureProperty”: 类型名称以前使用“struct”现在使用的是“class”
  (编译源文件“../src/widgets/propertywidgets/worldskypropertywidget.cpp”)
      C:\work\qt\Studio\src\shadergraph\models\properties.h(248,8):
      参见“TextureProperty”的声明
  
C:\work\qt\Studio\src\shadergraph\shadergraphmainwindow.h(31,7): warning C4099: “NodeLibraryItem”: 类型名称以前使用“struct”现在使用的是“class”
  (编译源文件“../src/widgets/propertywidgets/worldskypropertywidget.cpp”)
      C:\work\qt\Studio\src\shadergraph\models\library.h(11,8):
      参见“NodeLibraryItem”的声明
  
C:\work\qt\Studio\src\shadergraph\widgets\propertylistwidget.h(15,7): warning C4099: “FloatProperty”: 类型名称以前使用“struct”现在使用的是“class”
  (编译源文件“../src/widgets/propertywidgets/physicspropertywidget.cpp”)
      C:\work\qt\Studio\src\shadergraph\models\properties.h(147,8):
      参见“FloatProperty”的声明
  
C:\work\qt\Studio\src\shadergraph\widgets\propertylistwidget.h(16,7): warning C4099: “Vec2Property”: 类型名称以前使用“struct”现在使用的是“class”
  (编译源文件“../src/widgets/propertywidgets/physicspropertywidget.cpp”)
      C:\work\qt\Studio\src\shadergraph\models\properties.h(287,8):
      参见“Vec2Property”的声明
  
C:\work\qt\Studio\src\shadergraph\widgets\propertylistwidget.h(17,7): warning C4099: “Vec3Property”: 类型名称以前使用“struct”现在使用的是“class”
  (编译源文件“../src/widgets/propertywidgets/physicspropertywidget.cpp”)
      C:\work\qt\Studio\src\shadergraph\models\properties.h(332,8):
      参见“Vec3Property”的声明
  
C:\work\qt\Studio\src\shadergraph\widgets\propertylistwidget.h(18,7): warning C4099: “Vec4Property”: 类型名称以前使用“struct”现在使用的是“class”
  (编译源文件“../src/widgets/propertywidgets/physicspropertywidget.cpp”)
      C:\work\qt\Studio\src\shadergraph\models\properties.h(382,8):
      参见“Vec4Property”的声明
  
C:\work\qt\Studio\src\shadergraph\widgets\propertylistwidget.h(19,7): warning C4099: “IntProperty”: 类型名称以前使用“struct”现在使用的是“class”
  (编译源文件“../src/widgets/propertywidgets/physicspropertywidget.cpp”)
      C:\work\qt\Studio\src\shadergraph\models\properties.h(95,8):
      参见“IntProperty”的声明
  
C:\work\qt\Studio\src\shadergraph\widgets\propertylistwidget.h(20,7): warning C4099: “TextureProperty”: 类型名称以前使用“struct”现在使用的是“class”
  (编译源文件“../src/widgets/propertywidgets/physicspropertywidget.cpp”)
      C:\work\qt\Studio\src\shadergraph\models\properties.h(248,8):
      参见“TextureProperty”的声明
  
C:\work\qt\Studio\src\shadergraph\shadergraphmainwindow.h(31,7): warning C4099: “NodeLibraryItem”: 类型名称以前使用“struct”现在使用的是“class”
  (编译源文件“../src/widgets/propertywidgets/physicspropertywidget.cpp”)
      C:\work\qt\Studio\src\shadergraph\models\library.h(11,8):
      参见“NodeLibraryItem”的声明
  
C:\work\qt\Studio\src\widgets\propertywidgets\worldskypropertywidget.cpp(203,49): warning C4305: “参数”: 从“double”到“float”截断
  postprocesspropertywidget.cpp
  scenepropertywidget.cpp
  postprocesseswidget.cpp
C:\work\qt\Studio\irisgl\src\graphics\forwardrenderer.h(35,7): warning C4099: “iris::RenderData”: 类型名称以前使用“struct”现在使用的是“class”
  (编译源文件“../src/widgets/propertywidgets/emitterpropertywidget.cpp”)
      C:\work\qt\Studio\irisgl\src\graphics\renderdata.h(22,8):
      参见“iris::RenderData”的声明
  
  newprojectdialog.cpp
C:\work\qt\Studio\irisgl\src\graphics\forwardrenderer.h(35,7): warning C4099: “iris::RenderData”: 类型名称以前使用“struct”现在使用的是“class”
  (编译源文件“../src/io/scenereader.cpp”)
      C:\work\qt\Studio\irisgl\src\graphics\renderdata.h(22,8):
      参见“iris::RenderData”的声明
  
C:\work\qt\Studio\irisgl\src\graphics\graphicshelper.h(21,7): warning C4099: “aiScene”: 类型名称以前使用“struct”现在使用的是“class”
  (编译源文件“../src/widgets/propertywidgets/emitterpropertywidget.cpp”)
      C:\work\qt\Studio\irisgl\src\assimp\include\assimp\scene.h(273,19):
      参见“aiScene”的声明
  
C:\work\qt\Studio\src\io\assetmanager.h(23,7): warning C4099: “aiScene”: 类型名称以前使用“struct”现在使用的是“class”
  (编译源文件“../src/widgets/propertywidgets/emitterpropertywidget.cpp”)
      C:\work\qt\Studio\irisgl\src\assimp\include\assimp\scene.h(273,19):
      参见“aiScene”的声明
  
C:\work\qt\Studio\src\io\scenewriter.cpp(494,1): warning C4715: “evalShadowTypeName”: 不是所有的控件路径都返回值
  assetwidget.cpp
  assetmanager.cpp
C:\work\qt\Studio\irisgl\src\graphics\graphicshelper.h(21,7): warning C4099: “aiScene”: 类型名称以前使用“struct”现在使用的是“class”
  (编译源文件“../src/io/scenereader.cpp”)
      C:\work\qt\Studio\irisgl\src\assimp\include\assimp\scene.h(273,19):
      参见“aiScene”的声明
  
C:\work\qt\Studio\irisgl\src\graphics\mesh.h(26,7): warning C4099: “aiMesh”: 类型名称以前使用“struct”现在使用的是“class”
  (编译源文件“../src/widgets/propertywidgets/nodepropertywidget.cpp”)
      C:\work\qt\Studio\irisgl\src\assimp\include\assimp\mesh.h(638,8):
      参见“aiMesh”的声明
  
C:\work\qt\Studio\irisgl\src\graphics\renderitem.h(34,8): warning C4099: “iris::RenderItem”: 类型名称以前使用“class”现在使用的是“struct”
  (编译源文件“../src/widgets/propertywidgets/nodepropertywidget.cpp”)
      C:\work\qt\Studio\irisgl\src\graphics\renderitem.h(34,8):
      参见“iris::RenderItem”的声明
  
C:\work\qt\Studio\irisgl\src\scenegraph\meshnode.h(26,7): warning C4099: “aiScene”: 类型名称以前使用“struct”现在使用的是“class”
  (编译源文件“../src/widgets/propertywidgets/nodepropertywidget.cpp”)
      C:\work\qt\Studio\irisgl\src\assimp\include\assimp\scene.h(273,19):
      参见“aiScene”的声明
  
C:\work\qt\Studio\irisgl\src\scenegraph\meshnode.h(31,7): warning C4099: “iris::RenderItem”: 类型名称以前使用“struct”现在使用的是“class”
  (编译源文件“../src/widgets/propertywidgets/nodepropertywidget.cpp”)
      C:\work\qt\Studio\irisgl\src\graphics\renderitem.h(34,8):
      参见“iris::RenderItem”的声明
  
C:\work\qt\Studio\irisgl\src\scenegraph\meshnode.h(26,7): warning C4099: “aiScene”: 类型名称以前使用“struct”现在使用的是“class”
  (编译源文件“../src/editor/editorvrcontroller.cpp”)
      C:\work\qt\Studio\irisgl\src\assimp\include\assimp\scene.h(273,19):
      参见“aiScene”的声明
  
C:\work\qt\Studio\irisgl\src\scenegraph\meshnode.h(31,7): warning C4099: “iris::RenderItem”: 类型名称以前使用“struct”现在使用的是“class”
  (编译源文件“../src/editor/editorvrcontroller.cpp”)
      C:\work\qt\Studio\irisgl\src\graphics\renderitem.h(34,8):
      参见“iris::RenderItem”的声明
  
C:\work\qt\Studio\irisgl\src\scenegraph\particlesystemnode.h(25,7): warning C4099: “iris::RenderItem”: 类型名称以前使用“struct”现在使用的是“class”
  (编译源文件“../src/widgets/propertywidgets/nodepropertywidget.cpp”)
      C:\work\qt\Studio\irisgl\src\graphics\renderitem.h(34,8):
      参见“iris::RenderItem”的声明
  
C:\work\qt\Studio\src\io\assetmanager.h(23,7): warning C4099: “aiScene”: 类型名称以前使用“struct”现在使用的是“class”
  (编译源文件“../src/io/scenereader.cpp”)
      C:\work\qt\Studio\irisgl\src\assimp\include\assimp\scene.h(273,19):
      参见“aiScene”的声明
  
C:\work\qt\Studio\irisgl\src\graphics\renderlist.h(9,7): warning C4099: “iris::RenderItem”: 类型名称以前使用“struct”现在使用的是“class”
  (编译源文件“../src/editor/editorvrcontroller.cpp”)
      C:\work\qt\Studio\irisgl\src\graphics\renderitem.h(34,8):
      参见“iris::RenderItem”的声明
  
  assetpickerwidget.cpp
C:\work\qt\Studio\irisgl\src\scenegraph\scenenode.h(36,7): warning C4099: “iris::PhysicsProperty”: 类型名称以前使用“struct”现在使用的是“class”
  (编译源文件“../src/widgets/propertywidgets/emitterpropertywidget.cpp”)
      C:\work\qt\Studio\irisgl\src\physics\physicsproperties.h(43,8):
      参见“iris::PhysicsProperty”的声明
  
C:\work\qt\Studio\irisgl\src\scenegraph\scenenode.h(37,7): warning C4099: “iris::Property”: 类型名称以前使用“struct”现在使用的是“class”
  (编译源文件“../src/widgets/propertywidgets/emitterpropertywidget.cpp”)
      C:\work\qt\Studio\irisgl\src\core\property.h(28,8):
      参见“iris::Property”的声明
  
C:\work\qt\Studio\src\editor\editorvrcontroller.cpp(461,31): warning C4996: 'operator *': Use matrix.map(vector) instead
C:\work\qt\Studio\src\editor\editorvrcontroller.cpp(462,31): warning C4996: 'operator *': Use matrix.map(vector) instead
C:\work\qt\Studio\src\editor\editorvrcontroller.cpp(532,25): warning C4996: 'operator *': Use matrix.map(vector) instead
C:\work\qt\Studio\irisgl\src\graphics\renderitem.h(34,8): warning C4099: “iris::RenderItem”: 类型名称以前使用“class”现在使用的是“struct”
  (编译源文件“../src/widgets/propertywidgets/emitterpropertywidget.cpp”)
      C:\work\qt\Studio\irisgl\src\graphics\renderitem.h(34,8):
      参见“iris::RenderItem”的声明
  
C:\work\qt\Studio\irisgl\src\scenegraph\meshnode.h(26,7): warning C4099: “aiScene”: 类型名称以前使用“struct”现在使用的是“class”
  (编译源文件“../src/widgets/propertywidgets/emitterpropertywidget.cpp”)
      C:\work\qt\Studio\irisgl\src\assimp\include\assimp\scene.h(273,19):
      参见“aiScene”的声明
  
C:\work\qt\Studio\irisgl\src\scenegraph\meshnode.h(31,7): warning C4099: “iris::RenderItem”: 类型名称以前使用“struct”现在使用的是“class”
  (编译源文件“../src/widgets/propertywidgets/emitterpropertywidget.cpp”)
      C:\work\qt\Studio\irisgl\src\graphics\renderitem.h(34,8):
      参见“iris::RenderItem”的声明
  
C:\work\qt\Studio\irisgl\src\scenegraph\particlesystemnode.h(25,7): warning C4099: “iris::RenderItem”: 类型名称以前使用“struct”现在使用的是“class”
  (编译源文件“../src/widgets/propertywidgets/emitterpropertywidget.cpp”)
      C:\work\qt\Studio\irisgl\src\graphics\renderitem.h(34,8):
      参见“iris::RenderItem”的声明
  
C:\work\qt\Studio\irisgl\src\core\property.h(28,8): warning C4099: “iris::Property”: 类型名称以前使用“class”现在使用的是“struct”
  (编译源文件“../src/io/scenereader.cpp”)
      C:\work\qt\Studio\irisgl\src\core\property.h(28,8):
      参见“iris::Property”的声明
  
C:\work\qt\Studio\irisgl\src\animation\animableproperty.h(16,8): warning C4099: “iris::AnimableProperty”: 类型名称以前使用“class”现在使用的是“struct”
  (编译源文件“../src/io/scenereader.cpp”)
      C:\work\qt\Studio\irisgl\src\animation\animableproperty.h(16,8):
      参见“iris::AnimableProperty”的声明
  
C:\work\qt\Studio\irisgl\src\animation\propertyanim.h(12,8): warning C4099: “iris::PropertyAnimInfo”: 类型名称以前使用“class”现在使用的是“struct”
  (编译源文件“../src/io/scenereader.cpp”)
      C:\work\qt\Studio\irisgl\src\animation\propertyanim.h(12,8):
      参见“iris::PropertyAnimInfo”的声明
  
C:\work\qt\Studio\irisgl\src\graphics\renderitem.h(34,8): warning C4099: “iris::RenderItem”: 类型名称以前使用“class”现在使用的是“struct”
  (编译源文件“../src/io/scenereader.cpp”)
      C:\work\qt\Studio\irisgl\src\graphics\renderitem.h(34,8):
      参见“iris::RenderItem”的声明
  
C:\work\qt\Studio\irisgl\src\scenegraph\meshnode.h(26,7): warning C4099: “aiScene”: 类型名称以前使用“struct”现在使用的是“class”
  (编译源文件“../src/io/scenereader.cpp”)
      C:\work\qt\Studio\irisgl\src\assimp\include\assimp\scene.h(273,19):
      参见“aiScene”的声明
  
C:\work\qt\Studio\irisgl\src\scenegraph\meshnode.h(31,7): warning C4099: “iris::RenderItem”: 类型名称以前使用“struct”现在使用的是“class”
  (编译源文件“../src/io/scenereader.cpp”)
      C:\work\qt\Studio\irisgl\src\graphics\renderitem.h(34,8):
      参见“iris::RenderItem”的声明
  
C:\work\qt\Studio\irisgl\src\scenegraph\particlesystemnode.h(25,7): warning C4099: “iris::RenderItem”: 类型名称以前使用“struct”现在使用的是“class”
  (编译源文件“../src/io/scenereader.cpp”)
      C:\work\qt\Studio\irisgl\src\graphics\renderitem.h(34,8):
      参见“iris::RenderItem”的声明
  
C:\work\qt\Studio\irisgl\src\scenegraph\scene.h(30,7): warning C4099: “iris::RenderItem”: 类型名称以前使用“struct”现在使用的是“class”
  (编译源文件“../src/widgets/propertywidgets/emitterpropertywidget.cpp”)
      C:\work\qt\Studio\irisgl\src\graphics\renderitem.h(34,8):
      参见“iris::RenderItem”的声明
  
C:\work\qt\Studio\irisgl\src\scenegraph\scene.h(39,8): warning C4099: “iris::PickingResult”: 类型名称以前使用“class”现在使用的是“struct”
  (编译源文件“../src/widgets/propertywidgets/emitterpropertywidget.cpp”)
      C:\work\qt\Studio\irisgl\src\scenegraph\scene.h(39,8):
      参见“iris::PickingResult”的声明
  
C:\work\qt\Studio\irisgl\src\scenegraph\viewernode.h(21,7): warning C4099: “iris::RenderItem”: 类型名称以前使用“struct”现在使用的是“class”
  (编译源文件“../src/io/scenereader.cpp”)
      C:\work\qt\Studio\irisgl\src\graphics\renderitem.h(34,8):
      参见“iris::RenderItem”的声明
  
C:\work\qt\Studio\irisgl\src\graphics\postprocess.h(12,7): warning C4099: “iris::Property”: 类型名称以前使用“struct”现在使用的是“class”
  (编译源文件“../src/io/scenereader.cpp”)
      C:\work\qt\Studio\irisgl\src\core\property.h(28,8):
      参见“iris::Property”的声明
  
  keyframelabel.cpp
C:\work\qt\Studio\irisgl\src\core\property.h(28,8): warning C4099: “iris::Property”: 类型名称以前使用“class”现在使用的是“struct”
  (编译源文件“../src/widgets/propertywidgets/shaderpropertywidget.cpp”)
      C:\work\qt\Studio\irisgl\src\core\property.h(28,8):
      参见“iris::Property”的声明
  
  uimanager.cpp
C:\work\qt\Studio\irisgl\src\core\property.h(28,8): warning C4099: “iris::Property”: 类型名称以前使用“class”现在使用的是“struct”
  (编译源文件“../src/widgets/propertywidgets/meshpropertywidget.cpp”)
      C:\work\qt\Studio\irisgl\src\core\property.h(28,8):
      参见“iris::Property”的声明
  
C:\work\qt\Studio\irisgl\src\graphics\mesh.h(26,7): warning C4099: “aiMesh”: 类型名称以前使用“struct”现在使用的是“class”
  (编译源文件“../src/io/materialreader.cpp”)
      C:\work\qt\Studio\irisgl\src\assimp\include\assimp\mesh.h(638,8):
      参见“aiMesh”的声明
  
  keyframecurvewidget.cpp
  getnamedialog.cpp
C:\work\qt\Studio\irisgl\src\scenegraph\scene.h(39,8): warning C4099: “iris::PickingResult”: 类型名称以前使用“class”现在使用的是“struct”
  (编译源文件“../src/widgets/propertywidgets/handpropertywidget.cpp”)
      C:\work\qt\Studio\irisgl\src\scenegraph\scene.h(39,8):
      参见“iris::PickingResult”的声明
  
  createanimationwidget.cpp
C:\work\qt\Studio\irisgl\src\scenegraph\scenenode.h(36,7): warning C4099: “iris::PhysicsProperty”: 类型名称以前使用“struct”现在使用的是“class”
  (编译源文件“../src/widgets/propertywidgets/handpropertywidget.cpp”)
      C:\work\qt\Studio\irisgl\src\physics\physicsproperties.h(43,8):
      参见“iris::PhysicsProperty”的声明
  
  database.cpp
C:\work\qt\Studio\irisgl\src\irisglfwd.h(59,7): warning C4099: “iris::Property”: 类型名称以前使用“struct”现在使用的是“class”
  (编译源文件“../src/widgets/propertywidgets/postprocesspropertywidget.cpp”)
      C:\work\qt\Studio\irisgl\src\core\property.h(28,8):
      参见“iris::Property”的声明
  
C:\work\qt\Studio\irisgl\src\scenegraph\scenenode.h(36,7): warning C4099: “iris::PhysicsProperty”: 类型名称以前使用“struct”现在使用的是“class”
  (编译源文件“../src/widgets/propertywidgets/meshpropertywidget.cpp”)
      C:\work\qt\Studio\irisgl\src\physics\physicsproperties.h(43,8):
      参见“iris::PhysicsProperty”的声明
  
C:\work\qt\Studio\irisgl\src\scenegraph\scenenode.h(37,7): warning C4099: “iris::Property”: 类型名称以前使用“struct”现在使用的是“class”
  (编译源文件“../src/widgets/propertywidgets/meshpropertywidget.cpp”)
      C:\work\qt\Studio\irisgl\src\core\property.h(28,8):
      参见“iris::Property”的声明
  
C:\work\qt\Studio\irisgl\src\graphics\postprocess.h(12,7): warning C4099: “iris::Property”: 类型名称以前使用“struct”现在使用的是“class”
  (编译源文件“../src/widgets/propertywidgets/postprocesspropertywidget.cpp”)
      C:\work\qt\Studio\irisgl\src\core\property.h(28,8):
      参见“iris::Property”的声明
  
C:\work\qt\Studio\irisgl\src\graphics\mesh.h(26,7): warning C4099: “aiMesh”: 类型名称以前使用“struct”现在使用的是“class”
  (编译源文件“../src/widgets/texturepickerwidget.cpp”)
      C:\work\qt\Studio\irisgl\src\assimp\include\assimp\mesh.h(638,8):
      参见“aiMesh”的声明
  
C:\work\qt\Studio\irisgl\src\scenegraph\scenenode.h(36,7): warning C4099: “iris::PhysicsProperty”: 类型名称以前使用“struct”现在使用的是“class”
  (编译源文件“../src/widgets/propertywidgets/shaderpropertywidget.cpp”)
      C:\work\qt\Studio\irisgl\src\physics\physicsproperties.h(43,8):
      参见“iris::PhysicsProperty”的声明
  
C:\work\qt\Studio\irisgl\src\scenegraph\scenenode.h(37,7): warning C4099: “iris::Property”: 类型名称以前使用“struct”现在使用的是“class”
  (编译源文件“../src/widgets/propertywidgets/shaderpropertywidget.cpp”)
      C:\work\qt\Studio\irisgl\src\core\property.h(28,8):
      参见“iris::Property”的声明
  
C:\work\qt\Studio\irisgl\src\irisglfwd.h(59,7): warning C4099: “iris::Property”: 类型名称以前使用“struct”现在使用的是“class”
  (编译源文件“../src/widgets/propertywidget.cpp”)
      C:\work\qt\Studio\irisgl\src\core\property.h(28,8):
      参见“iris::Property”的声明
  
C:\work\qt\Studio\irisgl\src\core\property.h(28,8): warning C4099: “iris::Property”: 类型名称以前使用“class”现在使用的是“struct”
  (编译源文件“../src/widgets/postprocesseswidget.cpp”)
      C:\work\qt\Studio\irisgl\src\core\property.h(28,8):
      参见“iris::Property”的声明
  
  projectdatabase.cpp
C:\work\qt\Studio\irisgl\src\graphics\postprocess.h(12,7): warning C4099: “iris::Property”: 类型名称以前使用“struct”现在使用的是“class”
  (编译源文件“../src/widgets/postprocesseswidget.cpp”)
      C:\work\qt\Studio\irisgl\src\core\property.h(28,8):
      参见“iris::Property”的声明
  
C:\work\qt\Studio\irisgl\src\graphics\mesh.h(26,7): warning C4099: “aiMesh”: 类型名称以前使用“struct”现在使用的是“class”
  (编译源文件“../src/widgets/filepickerwidget.cpp”)
      C:\work\qt\Studio\irisgl\src\assimp\include\assimp\mesh.h(638,8):
      参见“aiMesh”的声明
  
C:\work\qt\Studio\irisgl\src\graphics\forwardrenderer.h(35,7): warning C4099: “iris::RenderData”: 类型名称以前使用“struct”现在使用的是“class”
  (编译源文件“../src/io/materialreader.cpp”)
      C:\work\qt\Studio\irisgl\src\graphics\renderdata.h(22,8):
      参见“iris::RenderData”的声明
  
  guidmanager.cpp
  transfrormscenenodecommand.cpp
C:\work\qt\Studio\irisgl\src\scenegraph\scene.h(39,8): warning C4099: “iris::PickingResult”: 类型名称以前使用“class”现在使用的是“struct”
  (编译源文件“../src/widgets/propertywidget.cpp”)
      C:\work\qt\Studio\irisgl\src\scenegraph\scene.h(39,8):
      参见“iris::PickingResult”的声明
  
C:\work\qt\Studio\irisgl\src\graphics\graphicshelper.h(21,7): warning C4099: “aiScene”: 类型名称以前使用“struct”现在使用的是“class”
  (编译源文件“../src/io/materialreader.cpp”)
      C:\work\qt\Studio\irisgl\src\assimp\include\assimp\scene.h(273,19):
      参见“aiScene”的声明
  
C:\work\qt\Studio\irisgl\src\graphics\mesh.h(26,7): warning C4099: “aiMesh”: 类型名称以前使用“struct”现在使用的是“class”
  (编译源文件“../src/io/assetmanager.cpp”)
      C:\work\qt\Studio\irisgl\src\assimp\include\assimp\mesh.h(638,8):
      参见“aiMesh”的声明
  
C:\work\qt\Studio\src\io\assetmanager.h(23,7): warning C4099: “aiScene”: 类型名称以前使用“struct”现在使用的是“class”
  (编译源文件“../src/io/materialreader.cpp”)
      C:\work\qt\Studio\irisgl\src\assimp\include\assimp\scene.h(273,19):
      参见“aiScene”的声明
  
  changematerialpropertycommand.cpp
C:\work\qt\Studio\irisgl\src\scenegraph\scene.h(39,8): warning C4099: “iris::PickingResult”: 类型名称以前使用“class”现在使用的是“struct”
  (编译源文件“../src/io/materialreader.cpp”)
      C:\work\qt\Studio\irisgl\src\scenegraph\scene.h(39,8):
      参见“iris::PickingResult”的声明
  
C:\work\qt\Studio\irisgl\src\core\property.h(28,8): warning C4099: “iris::Property”: 类型名称以前使用“class”现在使用的是“struct”
  (编译源文件“../src/io/materialreader.cpp”)
      C:\work\qt\Studio\irisgl\src\core\property.h(28,8):
      参见“iris::Property”的声明
  
C:\work\qt\Studio\src\io\materialreader.cpp(125,8): warning C4996: 'QColor::setNamedColor': Use fromString() instead.
C:\work\qt\Studio\irisgl\src\graphics\forwardrenderer.h(35,7): warning C4099: “iris::RenderData”: 类型名称以前使用“struct”现在使用的是“class”
  (编译源文件“../src/widgets/texturepickerwidget.cpp”)
      C:\work\qt\Studio\irisgl\src\graphics\renderdata.h(22,8):
      参见“iris::RenderData”的声明
  
C:\work\qt\Studio\irisgl\src\graphics\graphicshelper.h(21,7): warning C4099: “aiScene”: 类型名称以前使用“struct”现在使用的是“class”
  (编译源文件“../src/widgets/texturepickerwidget.cpp”)
      C:\work\qt\Studio\irisgl\src\assimp\include\assimp\scene.h(273,19):
      参见“aiScene”的声明
  
C:\work\qt\Studio\irisgl\src\graphics\mesh.h(26,7): warning C4099: “aiMesh”: 类型名称以前使用“struct”现在使用的是“class”
  (编译源文件“../src/widgets/propertywidgets/shaderpropertywidget.cpp”)
      C:\work\qt\Studio\irisgl\src\assimp\include\assimp\mesh.h(638,8):
      参见“aiMesh”的声明
  
  addscenenodecommand.cpp
C:\work\qt\Studio\src\io\assetmanager.h(23,7): warning C4099: “aiScene”: 类型名称以前使用“struct”现在使用的是“class”
  (编译源文件“../src/widgets/texturepickerwidget.cpp”)
      C:\work\qt\Studio\irisgl\src\assimp\include\assimp\scene.h(273,19):
      参见“aiScene”的声明
  
C:\work\qt\Studio\irisgl\src\scenegraph\scene.h(39,8): warning C4099: “iris::PickingResult”: 类型名称以前使用“class”现在使用的是“struct”
  (编译源文件“../src/widgets/texturepickerwidget.cpp”)
      C:\work\qt\Studio\irisgl\src\scenegraph\scene.h(39,8):
      参见“iris::PickingResult”的声明
  
C:\work\qt\Studio\irisgl\src\graphics\renderitem.h(34,8): warning C4099: “iris::RenderItem”: 类型名称以前使用“class”现在使用的是“struct”
  (编译源文件“../src/widgets/propertywidgets/shaderpropertywidget.cpp”)
      C:\work\qt\Studio\irisgl\src\graphics\renderitem.h(34,8):
      参见“iris::RenderItem”的声明
  
C:\work\qt\Studio\irisgl\src\scenegraph\meshnode.h(26,7): warning C4099: “aiScene”: 类型名称以前使用“struct”现在使用的是“class”
  (编译源文件“../src/widgets/propertywidgets/shaderpropertywidget.cpp”)
      C:\work\qt\Studio\irisgl\src\assimp\include\assimp\scene.h(273,19):
      参见“aiScene”的声明
  
C:\work\qt\Studio\irisgl\src\scenegraph\meshnode.h(31,7): warning C4099: “iris::RenderItem”: 类型名称以前使用“struct”现在使用的是“class”
  (编译源文件“../src/widgets/propertywidgets/shaderpropertywidget.cpp”)
      C:\work\qt\Studio\irisgl\src\graphics\renderitem.h(34,8):
      参见“iris::RenderItem”的声明
  
C:\work\qt\Studio\irisgl\src\graphics\mesh.h(26,7): warning C4099: “aiMesh”: 类型名称以前使用“struct”现在使用的是“class”
  (编译源文件“../src/widgets/propertywidgets/handpropertywidget.cpp”)
      C:\work\qt\Studio\irisgl\src\assimp\include\assimp\mesh.h(638,8):
      参见“aiMesh”的声明
  
C:\work\qt\Studio\irisgl\src\scenegraph\scene.h(30,7): warning C4099: “iris::RenderItem”: 类型名称以前使用“struct”现在使用的是“class”
  (编译源文件“../src/widgets/propertywidgets/shaderpropertywidget.cpp”)
      C:\work\qt\Studio\irisgl\src\graphics\renderitem.h(34,8):
      参见“iris::RenderItem”的声明
  
C:\work\qt\Studio\irisgl\src\scenegraph\scene.h(39,8): warning C4099: “iris::PickingResult”: 类型名称以前使用“class”现在使用的是“struct”
  (编译源文件“../src/widgets/propertywidgets/shaderpropertywidget.cpp”)
      C:\work\qt\Studio\irisgl\src\scenegraph\scene.h(39,8):
      参见“iris::PickingResult”的声明
  
C:\work\qt\Studio\irisgl\src\graphics\forwardrenderer.h(35,7): warning C4099: “iris::RenderData”: 类型名称以前使用“struct”现在使用的是“class”
  (编译源文件“../src/widgets/filepickerwidget.cpp”)
      C:\work\qt\Studio\irisgl\src\graphics\renderdata.h(22,8):
      参见“iris::RenderData”的声明
  
C:\work\qt\Studio\irisgl\src\graphics\renderitem.h(34,8): warning C4099: “iris::RenderItem”: 类型名称以前使用“class”现在使用的是“struct”
  (编译源文件“../src/widgets/propertywidgets/handpropertywidget.cpp”)
      C:\work\qt\Studio\irisgl\src\graphics\renderitem.h(34,8):
      参见“iris::RenderItem”的声明
  
C:\work\qt\Studio\irisgl\src\scenegraph\meshnode.h(26,7): warning C4099: “aiScene”: 类型名称以前使用“struct”现在使用的是“class”
  (编译源文件“../src/widgets/propertywidgets/handpropertywidget.cpp”)
      C:\work\qt\Studio\irisgl\src\assimp\include\assimp\scene.h(273,19):
      参见“aiScene”的声明
  
C:\work\qt\Studio\irisgl\src\scenegraph\meshnode.h(31,7): warning C4099: “iris::RenderItem”: 类型名称以前使用“struct”现在使用的是“class”
  (编译源文件“../src/widgets/propertywidgets/handpropertywidget.cpp”)
      C:\work\qt\Studio\irisgl\src\graphics\renderitem.h(34,8):
      参见“iris::RenderItem”的声明
  
C:\work\qt\Studio\irisgl\src\scenegraph\particlesystemnode.h(25,7): warning C4099: “iris::RenderItem”: 类型名称以前使用“struct”现在使用的是“class”
  (编译源文件“../src/widgets/propertywidgets/handpropertywidget.cpp”)
      C:\work\qt\Studio\irisgl\src\graphics\renderitem.h(34,8):
      参见“iris::RenderItem”的声明
  
C:\work\qt\Studio\irisgl\src\scenegraph\viewernode.h(21,7): warning C4099: “iris::RenderItem”: 类型名称以前使用“struct”现在使用的是“class”
  (编译源文件“../src/widgets/propertywidgets/handpropertywidget.cpp”)
      C:\work\qt\Studio\irisgl\src\graphics\renderitem.h(34,8):
      参见“iris::RenderItem”的声明
  
C:\work\qt\Studio\irisgl\src\graphics\graphicshelper.h(21,7): warning C4099: “aiScene”: 类型名称以前使用“struct”现在使用的是“class”
  (编译源文件“../src/widgets/filepickerwidget.cpp”)
      C:\work\qt\Studio\irisgl\src\assimp\include\assimp\scene.h(273,19):
      参见“aiScene”的声明
  
C:\work\qt\Studio\src\io\assetmanager.h(23,7): warning C4099: “aiScene”: 类型名称以前使用“struct”现在使用的是“class”
  (编译源文件“../src/widgets/filepickerwidget.cpp”)
      C:\work\qt\Studio\irisgl\src\assimp\include\assimp\scene.h(273,19):
      参见“aiScene”的声明
  
C:\work\qt\Studio\irisgl\src\graphics\mesh.h(26,7): warning C4099: “aiMesh”: 类型名称以前使用“struct”现在使用的是“class”
  (编译源文件“../src/widgets/assetpickerwidget.cpp”)
      C:\work\qt\Studio\irisgl\src\assimp\include\assimp\mesh.h(638,8):
      参见“aiMesh”的声明
  
C:\work\qt\Studio\irisgl\src\core\property.h(28,8): warning C4099: “iris::Property”: 类型名称以前使用“class”现在使用的是“struct”
  (编译源文件“../src/widgets/propertywidgets/handpropertywidget.cpp”)
      C:\work\qt\Studio\irisgl\src\core\property.h(28,8):
      参见“iris::Property”的声明
  
  deletescenenodecommand.cpp
C:\work\qt\Studio\irisgl\src\graphics\mesh.h(26,7): warning C4099: “aiMesh”: 类型名称以前使用“struct”现在使用的是“class”
  (编译源文件“../src/widgets/propertywidgets/meshpropertywidget.cpp”)
      C:\work\qt\Studio\irisgl\src\assimp\include\assimp\mesh.h(638,8):
      参见“aiMesh”的声明
  
C:\work\qt\Studio\irisgl\src\graphics\renderitem.h(34,8): warning C4099: “iris::RenderItem”: 类型名称以前使用“class”现在使用的是“struct”
  (编译源文件“../src/widgets/propertywidgets/meshpropertywidget.cpp”)
      C:\work\qt\Studio\irisgl\src\graphics\renderitem.h(34,8):
      参见“iris::RenderItem”的声明
  
C:\work\qt\Studio\irisgl\src\scenegraph\meshnode.h(26,7): warning C4099: “aiScene”: 类型名称以前使用“struct”现在使用的是“class”
  (编译源文件“../src/widgets/propertywidgets/meshpropertywidget.cpp”)
      C:\work\qt\Studio\irisgl\src\assimp\include\assimp\scene.h(273,19):
      参见“aiScene”的声明
  
C:\work\qt\Studio\irisgl\src\scenegraph\meshnode.h(31,7): warning C4099: “iris::RenderItem”: 类型名称以前使用“struct”现在使用的是“class”
  (编译源文件“../src/widgets/propertywidgets/meshpropertywidget.cpp”)
      C:\work\qt\Studio\irisgl\src\graphics\renderitem.h(34,8):
      参见“iris::RenderItem”的声明
  
C:\work\qt\Studio\irisgl\src\scenegraph\scene.h(30,7): warning C4099: “iris::RenderItem”: 类型名称以前使用“struct”现在使用的是“class”
  (编译源文件“../src/widgets/propertywidgets/meshpropertywidget.cpp”)
      C:\work\qt\Studio\irisgl\src\graphics\renderitem.h(34,8):
      参见“iris::RenderItem”的声明
  
C:\work\qt\Studio\irisgl\src\scenegraph\scene.h(39,8): warning C4099: “iris::PickingResult”: 类型名称以前使用“class”现在使用的是“struct”
  (编译源文件“../src/widgets/propertywidgets/meshpropertywidget.cpp”)
      C:\work\qt\Studio\irisgl\src\scenegraph\scene.h(39,8):
      参见“iris::PickingResult”的声明
  
C:\work\qt\Studio\irisgl\src\graphics\mesh.h(26,7): warning C4099: “aiMesh”: 类型名称以前使用“struct”现在使用的是“class”
  (编译源文件“../src/widgets/assetwidget.cpp”)
      C:\work\qt\Studio\irisgl\src\assimp\include\assimp\mesh.h(638,8):
      参见“aiMesh”的声明
  
C:\work\qt\Studio\irisgl\src\scenegraph\scene.h(39,8): warning C4099: “iris::PickingResult”: 类型名称以前使用“class”现在使用的是“struct”
  (编译源文件“../src/dialogs/newprojectdialog.cpp”)
      C:\work\qt\Studio\irisgl\src\scenegraph\scene.h(39,8):
      参见“iris::PickingResult”的声明
  
C:\work\qt\Studio\irisgl\src\graphics\forwardrenderer.h(35,7): warning C4099: “iris::RenderData”: 类型名称以前使用“struct”现在使用的是“class”
  (编译源文件“../src/io/assetmanager.cpp”)
      C:\work\qt\Studio\irisgl\src\graphics\renderdata.h(22,8):
      参见“iris::RenderData”的声明
  
  progressdialog.cpp
C:\work\qt\Studio\irisgl\src\graphics\renderlist.h(9,7): warning C4099: “iris::RenderItem”: 类型名称以前使用“struct”现在使用的是“class”
  (编译源文件“../src/widgets/propertywidgets/shaderpropertywidget.cpp”)
      C:\work\qt\Studio\irisgl\src\graphics\renderitem.h(34,8):
      参见“iris::RenderItem”的声明
  
C:\work\qt\Studio\irisgl\src\graphics\graphicshelper.h(21,7): warning C4099: “aiScene”: 类型名称以前使用“struct”现在使用的是“class”
  (编译源文件“../src/io/assetmanager.cpp”)
      C:\work\qt\Studio\irisgl\src\assimp\include\assimp\scene.h(273,19):
      参见“aiScene”的声明
  
  screenshotwidget.cpp
C:\work\qt\Studio\irisgl\src\graphics\renderlist.h(9,7): warning C4099: “iris::RenderItem”: 类型名称以前使用“struct”现在使用的是“class”
  (编译源文件“../src/widgets/propertywidgets/handpropertywidget.cpp”)
      C:\work\qt\Studio\irisgl\src\graphics\renderitem.h(34,8):
      参见“iris::RenderItem”的声明
  
C:\work\qt\Studio\src\io\assetmanager.h(23,7): warning C4099: “aiScene”: 类型名称以前使用“struct”现在使用的是“class”
  (编译源文件“../src/io/assetmanager.cpp”)
      C:\work\qt\Studio\irisgl\src\assimp\include\assimp\scene.h(273,19):
      参见“aiScene”的声明
  
C:\work\qt\Studio\irisgl\src\graphics\renderlist.h(9,7): warning C4099: “iris::RenderItem”: 类型名称以前使用“struct”现在使用的是“class”
  (编译源文件“../src/widgets/propertywidgets/meshpropertywidget.cpp”)
      C:\work\qt\Studio\irisgl\src\graphics\renderitem.h(34,8):
      参见“iris::RenderItem”的声明
  
  projectmanager.cpp
C:\work\qt\Studio\irisgl\src\scenegraph\scenenode.h(36,7): warning C4099: “iris::PhysicsProperty”: 类型名称以前使用“struct”现在使用的是“class”
  (编译源文件“../src/widgets/keyframecurvewidget.cpp”)
      C:\work\qt\Studio\irisgl\src\physics\physicsproperties.h(43,8):
      参见“iris::PhysicsProperty”的声明
  
  dynamicgrid.cpp
C:\work\qt\Studio\irisgl\src\scenegraph\scenenode.h(36,7): warning C4099: “iris::PhysicsProperty”: 类型名称以前使用“struct”现在使用的是“class”
  (编译源文件“../src/commands/transfrormscenenodecommand.cpp”)
      C:\work\qt\Studio\irisgl\src\physics\physicsproperties.h(43,8):
      参见“iris::PhysicsProperty”的声明
  
  itemgridwidget.cpp
C:\work\qt\Studio\irisgl\src\graphics\forwardrenderer.h(35,7): warning C4099: “iris::RenderData”: 类型名称以前使用“struct”现在使用的是“class”
  (编译源文件“../src/widgets/propertywidgets/handpropertywidget.cpp”)
      C:\work\qt\Studio\irisgl\src\graphics\renderdata.h(22,8):
      参见“iris::RenderData”的声明
  
C:\work\qt\Studio\irisgl\src\graphics\forwardrenderer.h(35,7): warning C4099: “iris::RenderData”: 类型名称以前使用“struct”现在使用的是“class”
  (编译源文件“../src/widgets/propertywidgets/shaderpropertywidget.cpp”)
      C:\work\qt\Studio\irisgl\src\graphics\renderdata.h(22,8):
      参见“iris::RenderData”的声明
  
C:\work\qt\Studio\irisgl\src\graphics\graphicshelper.h(21,7): warning C4099: “aiScene”: 类型名称以前使用“struct”现在使用的是“class”
  (编译源文件“../src/widgets/propertywidgets/shaderpropertywidget.cpp”)
      C:\work\qt\Studio\irisgl\src\assimp\include\assimp\scene.h(273,19):
      参见“aiScene”的声明
  
C:\work\qt\Studio\irisgl\src\graphics\graphicshelper.h(21,7): warning C4099: “aiScene”: 类型名称以前使用“struct”现在使用的是“class”
  (编译源文件“../src/widgets/propertywidgets/handpropertywidget.cpp”)
      C:\work\qt\Studio\irisgl\src\assimp\include\assimp\scene.h(273,19):
      参见“aiScene”的声明
  
  renameprojectdialog.cpp
C:\work\qt\Studio\irisgl\src\content\modelloader.h(7,7): warning C4099: “aiScene”: 类型名称以前使用“struct”现在使用的是“class”
  (编译源文件“../src/widgets/propertywidgets/handpropertywidget.cpp”)
      C:\work\qt\Studio\irisgl\src\assimp\include\assimp\scene.h(273,19):
      参见“aiScene”的声明
  
C:\work\qt\Studio\irisgl\src\animation\animableproperty.h(16,8): warning C4099: “iris::AnimableProperty”: 类型名称以前使用“class”现在使用的是“struct”
  (编译源文件“../src/widgets/propertywidgets/handpropertywidget.cpp”)
      C:\work\qt\Studio\irisgl\src\animation\animableproperty.h(16,8):
      参见“iris::AnimableProperty”的声明
  
C:\work\qt\Studio\irisgl\src\graphics\forwardrenderer.h(35,7): warning C4099: “iris::RenderData”: 类型名称以前使用“struct”现在使用的是“class”
  (编译源文件“../src/widgets/assetwidget.cpp”)
      C:\work\qt\Studio\irisgl\src\graphics\renderdata.h(22,8):
      参见“iris::RenderData”的声明
  
C:\work\qt\Studio\irisgl\src\animation\propertyanim.h(12,8): warning C4099: “iris::PropertyAnimInfo”: 类型名称以前使用“class”现在使用的是“struct”
  (编译源文件“../src/widgets/propertywidgets/handpropertywidget.cpp”)
      C:\work\qt\Studio\irisgl\src\animation\propertyanim.h(12,8):
      参见“iris::PropertyAnimInfo”的声明
  
C:\work\qt\Studio\irisgl\src\vr\vrdevice.h(89,8): warning C4099: “iris::VrSwapChain”: 类型名称以前使用“class”现在使用的是“struct”
  (编译源文件“../src/widgets/propertywidgets/handpropertywidget.cpp”)
      C:\work\qt\Studio\irisgl\src\vr\vrdevice.h(89,8):
      参见“iris::VrSwapChain”的声明
  
C:\work\qt\Studio\irisgl\src\scenegraph\particlesystemnode.h(25,7): warning C4099: “iris::RenderItem”: 类型名称以前使用“struct”现在使用的是“class”
  (编译源文件“../src/widgets/propertywidgets/shaderpropertywidget.cpp”)
      C:\work\qt\Studio\irisgl\src\graphics\renderitem.h(34,8):
      参见“iris::RenderItem”的声明
  
  thumbnailgenerator.cpp
C:\work\qt\Studio\irisgl\src\scenegraph\viewernode.h(21,7): warning C4099: “iris::RenderItem”: 类型名称以前使用“struct”现在使用的是“class”
  (编译源文件“../src/widgets/propertywidgets/shaderpropertywidget.cpp”)
      C:\work\qt\Studio\irisgl\src\graphics\renderitem.h(34,8):
      参见“iris::RenderItem”的声明
  
C:\work\qt\Studio\src\widgets\keyframecurvewidget.cpp(225,44): warning C4996: 'QMouseEvent::x': Use position()
C:\work\qt\Studio\src\widgets\keyframecurvewidget.cpp(228,60): warning C4996: 'QMouseEvent::y': Use position()
C:\work\qt\Studio\src\widgets\keyframecurvewidget.cpp(294,61): warning C4996: 'QMouseEvent::x': Use position()
C:\work\qt\Studio\src\widgets\keyframecurvewidget.cpp(299,40): warning C4996: 'QMouseEvent::x': Use position()
C:\work\qt\Studio\src\widgets\keyframecurvewidget.cpp(305,56): warning C4996: 'QMouseEvent::y': Use position()
C:\work\qt\Studio\irisgl\src\content\modelloader.h(7,7): warning C4099: “aiScene”: 类型名称以前使用“struct”现在使用的是“class”
  (编译源文件“../src/widgets/propertywidgets/shaderpropertywidget.cpp”)
      C:\work\qt\Studio\irisgl\src\assimp\include\assimp\scene.h(273,19):
      参见“aiScene”的声明
  
C:\work\qt\Studio\irisgl\src\animation\animableproperty.h(16,8): warning C4099: “iris::AnimableProperty”: 类型名称以前使用“class”现在使用的是“struct”
  (编译源文件“../src/widgets/propertywidgets/shaderpropertywidget.cpp”)
      C:\work\qt\Studio\irisgl\src\animation\animableproperty.h(16,8):
      参见“iris::AnimableProperty”的声明
  
  mainwindowviewport.cpp
C:\work\qt\Studio\irisgl\src\animation\propertyanim.h(12,8): warning C4099: “iris::PropertyAnimInfo”: 类型名称以前使用“class”现在使用的是“struct”
  (编译源文件“../src/widgets/propertywidgets/shaderpropertywidget.cpp”)
      C:\work\qt\Studio\irisgl\src\animation\propertyanim.h(12,8):
      参见“iris::PropertyAnimInfo”的声明
  
C:\work\qt\Studio\irisgl\src\graphics\graphicshelper.h(21,7): warning C4099: “aiScene”: 类型名称以前使用“struct”现在使用的是“class”
  (编译源文件“../src/widgets/assetwidget.cpp”)
      C:\work\qt\Studio\irisgl\src\assimp\include\assimp\scene.h(273,19):
      参见“aiScene”的声明
  
C:\work\qt\Studio\irisgl\src\graphics\forwardrenderer.h(35,7): warning C4099: “iris::RenderData”: 类型名称以前使用“struct”现在使用的是“class”
  (编译源文件“../src/widgets/propertywidgets/meshpropertywidget.cpp”)
      C:\work\qt\Studio\irisgl\src\graphics\renderdata.h(22,8):
      参见“iris::RenderData”的声明
  
C:\work\qt\Studio\irisgl\src\vr\vrdevice.h(89,8): warning C4099: “iris::VrSwapChain”: 类型名称以前使用“class”现在使用的是“struct”
  (编译源文件“../src/widgets/propertywidgets/shaderpropertywidget.cpp”)
      C:\work\qt\Studio\irisgl\src\vr\vrdevice.h(89,8):
      参见“iris::VrSwapChain”的声明
  
  viewercontroller.cpp
C:\work\qt\Studio\src\shadergraph\models\properties.h(158,10): warning C4305: “=”: 从“double”到“float”截断
  (编译源文件“../src/widgets/propertywidgets/handpropertywidget.cpp”)
  
C:\work\qt\Studio\src\io\assetmanager.h(23,7): warning C4099: “aiScene”: 类型名称以前使用“struct”现在使用的是“class”
  (编译源文件“../src/widgets/assetwidget.cpp”)
      C:\work\qt\Studio\irisgl\src\assimp\include\assimp\scene.h(273,19):
      参见“aiScene”的声明
  
C:\work\qt\Studio\irisgl\src\scenegraph\scenenode.h(36,7): warning C4099: “iris::PhysicsProperty”: 类型名称以前使用“struct”现在使用的是“class”
  (编译源文件“../src/widgets/assetwidget.cpp”)
      C:\work\qt\Studio\irisgl\src\physics\physicsproperties.h(43,8):
      参见“iris::PhysicsProperty”的声明
  
C:\work\qt\Studio\irisgl\src\graphics\forwardrenderer.h(35,7): warning C4099: “iris::RenderData”: 类型名称以前使用“struct”现在使用的是“class”
  (编译源文件“../src/widgets/assetpickerwidget.cpp”)
      C:\work\qt\Studio\irisgl\src\graphics\renderdata.h(22,8):
      参见“iris::RenderData”的声明
  
C:\work\qt\Studio\irisgl\src\graphics\graphicshelper.h(21,7): warning C4099: “aiScene”: 类型名称以前使用“struct”现在使用的是“class”
  (编译源文件“../src/widgets/propertywidgets/meshpropertywidget.cpp”)
      C:\work\qt\Studio\irisgl\src\assimp\include\assimp\scene.h(273,19):
      参见“aiScene”的声明
  
C:\work\qt\Studio\irisgl\src\graphics\renderitem.h(34,8): warning C4099: “iris::RenderItem”: 类型名称以前使用“class”现在使用的是“struct”
  (编译源文件“../src/widgets/assetwidget.cpp”)
      C:\work\qt\Studio\irisgl\src\graphics\renderitem.h(34,8):
      参见“iris::RenderItem”的声明
  
C:\work\qt\Studio\src\shadergraph\graph\graphnodescene.h(39,7): warning C4099: “Property”: 类型名称以前使用“struct”现在使用的是“class”
  (编译源文件“../src/widgets/propertywidgets/handpropertywidget.cpp”)
      C:\work\qt\Studio\src\shadergraph\models\properties.h(25,8):
      参见“Property”的声明
  
C:\work\qt\Studio\irisgl\src\scenegraph\meshnode.h(26,7): warning C4099: “aiScene”: 类型名称以前使用“struct”现在使用的是“class”
  (编译源文件“../src/widgets/assetwidget.cpp”)
      C:\work\qt\Studio\irisgl\src\assimp\include\assimp\scene.h(273,19):
      参见“aiScene”的声明
  
C:\work\qt\Studio\irisgl\src\scenegraph\meshnode.h(31,7): warning C4099: “iris::RenderItem”: 类型名称以前使用“struct”现在使用的是“class”
  (编译源文件“../src/widgets/assetwidget.cpp”)
      C:\work\qt\Studio\irisgl\src\graphics\renderitem.h(34,8):
      参见“iris::RenderItem”的声明
  
C:\work\qt\Studio\irisgl\src\graphics\mesh.h(26,7): warning C4099: “aiMesh”: 类型名称以前使用“struct”现在使用的是“class”
  (编译源文件“../src/uimanager.cpp”)
      C:\work\qt\Studio\irisgl\src\assimp\include\assimp\mesh.h(638,8):
      参见“aiMesh”的声明
  
C:\work\qt\Studio\irisgl\src\core\property.h(28,8): warning C4099: “iris::Property”: 类型名称以前使用“class”现在使用的是“struct”
  (编译源文件“../src/widgets/assetwidget.cpp”)
      C:\work\qt\Studio\irisgl\src\core\property.h(28,8):
      参见“iris::Property”的声明
  
C:\work\qt\Studio\src\shadergraph\widgets\propertylistwidget.h(15,7): warning C4099: “FloatProperty”: 类型名称以前使用“struct”现在使用的是“class”
  (编译源文件“../src/widgets/propertywidgets/handpropertywidget.cpp”)
      C:\work\qt\Studio\src\shadergraph\models\properties.h(147,8):
      参见“FloatProperty”的声明
  
C:\work\qt\Studio\src\shadergraph\widgets\propertylistwidget.h(16,7): warning C4099: “Vec2Property”: 类型名称以前使用“struct”现在使用的是“class”
  (编译源文件“../src/widgets/propertywidgets/handpropertywidget.cpp”)
      C:\work\qt\Studio\src\shadergraph\models\properties.h(287,8):
      参见“Vec2Property”的声明
  
C:\work\qt\Studio\src\shadergraph\widgets\propertylistwidget.h(17,7): warning C4099: “Vec3Property”: 类型名称以前使用“struct”现在使用的是“class”
  (编译源文件“../src/widgets/propertywidgets/handpropertywidget.cpp”)
      C:\work\qt\Studio\src\shadergraph\models\properties.h(332,8):
      参见“Vec3Property”的声明
  
C:\work\qt\Studio\src\shadergraph\widgets\propertylistwidget.h(18,7): warning C4099: “Vec4Property”: 类型名称以前使用“struct”现在使用的是“class”
  (编译源文件“../src/widgets/propertywidgets/handpropertywidget.cpp”)
      C:\work\qt\Studio\src\shadergraph\models\properties.h(382,8):
      参见“Vec4Property”的声明
  
C:\work\qt\Studio\src\shadergraph\widgets\propertylistwidget.h(19,7): warning C4099: “IntProperty”: 类型名称以前使用“struct”现在使用的是“class”
  (编译源文件“../src/widgets/propertywidgets/handpropertywidget.cpp”)
      C:\work\qt\Studio\src\shadergraph\models\properties.h(95,8):
      参见“IntProperty”的声明
  
C:\work\qt\Studio\src\shadergraph\widgets\propertylistwidget.h(20,7): warning C4099: “TextureProperty”: 类型名称以前使用“struct”现在使用的是“class”
  (编译源文件“../src/widgets/propertywidgets/handpropertywidget.cpp”)
      C:\work\qt\Studio\src\shadergraph\models\properties.h(248,8):
      参见“TextureProperty”的声明
  
  donatedialog.cpp
C:\work\qt\Studio\irisgl\src\scenegraph\particlesystemnode.h(25,7): warning C4099: “iris::RenderItem”: 类型名称以前使用“struct”现在使用的是“class”
  (编译源文件“../src/widgets/propertywidgets/meshpropertywidget.cpp”)
      C:\work\qt\Studio\irisgl\src\graphics\renderitem.h(34,8):
      参见“iris::RenderItem”的声明
  
C:\work\qt\Studio\irisgl\src\core\property.h(28,8): warning C4099: “iris::Property”: 类型名称以前使用“class”现在使用的是“struct”
  (编译源文件“../src/commands/changematerialpropertycommand.cpp”)
      C:\work\qt\Studio\irisgl\src\core\property.h(28,8):
      参见“iris::Property”的声明
  
C:\work\qt\Studio\src\shadergraph\shadergraphmainwindow.h(31,7): warning C4099: “NodeLibraryItem”: 类型名称以前使用“struct”现在使用的是“class”
  (编译源文件“../src/widgets/propertywidgets/handpropertywidget.cpp”)
      C:\work\qt\Studio\src\shadergraph\models\library.h(11,8):
      参见“NodeLibraryItem”的声明
  
C:\work\qt\Studio\irisgl\src\graphics\graphicshelper.h(21,7): warning C4099: “aiScene”: 类型名称以前使用“struct”现在使用的是“class”
  (编译源文件“../src/widgets/assetpickerwidget.cpp”)
      C:\work\qt\Studio\irisgl\src\assimp\include\assimp\scene.h(273,19):
      参见“aiScene”的声明
  
C:\work\qt\Studio\src\shadergraph\models\properties.h(158,10): warning C4305: “=”: 从“double”到“float”截断
  (编译源文件“../src/widgets/propertywidgets/shaderpropertywidget.cpp”)
  
C:\work\qt\Studio\irisgl\src\graphics\mesh.h(26,7): warning C4099: “aiMesh”: 类型名称以前使用“struct”现在使用的是“class”
  (编译源文件“../src/core/database/database.cpp”)
      C:\work\qt\Studio\irisgl\src\assimp\include\assimp\mesh.h(638,8):
      参见“aiMesh”的声明
  
C:\work\qt\Studio\irisgl\src\scenegraph\viewernode.h(21,7): warning C4099: “iris::RenderItem”: 类型名称以前使用“struct”现在使用的是“class”
  (编译源文件“../src/widgets/propertywidgets/meshpropertywidget.cpp”)
      C:\work\qt\Studio\irisgl\src\graphics\renderitem.h(34,8):
      参见“iris::RenderItem”的声明
  
C:\work\qt\Studio\src\io\assetmanager.h(23,7): warning C4099: “aiScene”: 类型名称以前使用“struct”现在使用的是“class”
  (编译源文件“../src/widgets/assetpickerwidget.cpp”)
      C:\work\qt\Studio\irisgl\src\assimp\include\assimp\scene.h(273,19):
      参见“aiScene”的声明
  
C:\work\qt\Studio\irisgl\src\content\modelloader.h(7,7): warning C4099: “aiScene”: 类型名称以前使用“struct”现在使用的是“class”
  (编译源文件“../src/widgets/propertywidgets/meshpropertywidget.cpp”)
      C:\work\qt\Studio\irisgl\src\assimp\include\assimp\scene.h(273,19):
      参见“aiScene”的声明
  
C:\work\qt\Studio\irisgl\src\animation\animableproperty.h(16,8): warning C4099: “iris::AnimableProperty”: 类型名称以前使用“class”现在使用的是“struct”
  (编译源文件“../src/widgets/propertywidgets/meshpropertywidget.cpp”)
      C:\work\qt\Studio\irisgl\src\animation\animableproperty.h(16,8):
      参见“iris::AnimableProperty”的声明
  
C:\work\qt\Studio\irisgl\src\animation\propertyanim.h(12,8): warning C4099: “iris::PropertyAnimInfo”: 类型名称以前使用“class”现在使用的是“struct”
  (编译源文件“../src/widgets/propertywidgets/meshpropertywidget.cpp”)
      C:\work\qt\Studio\irisgl\src\animation\propertyanim.h(12,8):
      参见“iris::PropertyAnimInfo”的声明
  
C:\work\qt\Studio\src\widgets\propertywidgets\handpropertywidget.cpp(60,3): warning C4065: switch 语句包含“default”但是未包含“case”标签
C:\work\qt\Studio\src\shadergraph\graph\graphnodescene.h(39,7): warning C4099: “Property”: 类型名称以前使用“struct”现在使用的是“class”
  (编译源文件“../src/widgets/propertywidgets/shaderpropertywidget.cpp”)
      C:\work\qt\Studio\src\shadergraph\models\properties.h(25,8):
      参见“Property”的声明
  
C:\work\qt\Studio\irisgl\src\vr\vrdevice.h(89,8): warning C4099: “iris::VrSwapChain”: 类型名称以前使用“class”现在使用的是“struct”
  (编译源文件“../src/widgets/propertywidgets/meshpropertywidget.cpp”)
      C:\work\qt\Studio\irisgl\src\vr\vrdevice.h(89,8):
      参见“iris::VrSwapChain”的声明
  
C:\work\qt\Studio\src\shadergraph\widgets\propertylistwidget.h(15,7): warning C4099: “FloatProperty”: 类型名称以前使用“struct”现在使用的是“class”
  (编译源文件“../src/widgets/propertywidgets/shaderpropertywidget.cpp”)
      C:\work\qt\Studio\src\shadergraph\models\properties.h(147,8):
      参见“FloatProperty”的声明
  
C:\work\qt\Studio\src\shadergraph\widgets\propertylistwidget.h(16,7): warning C4099: “Vec2Property”: 类型名称以前使用“struct”现在使用的是“class”
  (编译源文件“../src/widgets/propertywidgets/shaderpropertywidget.cpp”)
      C:\work\qt\Studio\src\shadergraph\models\properties.h(287,8):
      参见“Vec2Property”的声明
  
C:\work\qt\Studio\src\shadergraph\widgets\propertylistwidget.h(17,7): warning C4099: “Vec3Property”: 类型名称以前使用“struct”现在使用的是“class”
  (编译源文件“../src/widgets/propertywidgets/shaderpropertywidget.cpp”)
      C:\work\qt\Studio\src\shadergraph\models\properties.h(332,8):
      参见“Vec3Property”的声明
  
C:\work\qt\Studio\src\shadergraph\widgets\propertylistwidget.h(18,7): warning C4099: “Vec4Property”: 类型名称以前使用“struct”现在使用的是“class”
  (编译源文件“../src/widgets/propertywidgets/shaderpropertywidget.cpp”)
      C:\work\qt\Studio\src\shadergraph\models\properties.h(382,8):
      参见“Vec4Property”的声明
  
C:\work\qt\Studio\src\shadergraph\widgets\propertylistwidget.h(19,7): warning C4099: “IntProperty”: 类型名称以前使用“struct”现在使用的是“class”
  (编译源文件“../src/widgets/propertywidgets/shaderpropertywidget.cpp”)
      C:\work\qt\Studio\src\shadergraph\models\properties.h(95,8):
      参见“IntProperty”的声明
  
C:\work\qt\Studio\src\shadergraph\widgets\propertylistwidget.h(20,7): warning C4099: “TextureProperty”: 类型名称以前使用“struct”现在使用的是“class”
  (编译源文件“../src/widgets/propertywidgets/shaderpropertywidget.cpp”)
      C:\work\qt\Studio\src\shadergraph\models\properties.h(248,8):
      参见“TextureProperty”的声明
  
C:\work\qt\Studio\src\shadergraph\shadergraphmainwindow.h(31,7): warning C4099: “NodeLibraryItem”: 类型名称以前使用“struct”现在使用的是“class”
  (编译源文件“../src/widgets/propertywidgets/shaderpropertywidget.cpp”)
      C:\work\qt\Studio\src\shadergraph\models\library.h(11,8):
      参见“NodeLibraryItem”的声明
  
C:\work\qt\Studio\src\shadergraph\models\properties.h(158,10): warning C4305: “=”: 从“double”到“float”截断
  (编译源文件“../src/widgets/propertywidgets/meshpropertywidget.cpp”)
  
C:\work\qt\Studio\src\io\assetmanager.h(23,7): warning C4099: “aiScene”: 类型名称以前使用“struct”现在使用的是“class”
  (编译源文件“../src/widgets/propertywidgets/shaderpropertywidget.cpp”)
      C:\work\qt\Studio\irisgl\src\assimp\include\assimp\scene.h(273,19):
      参见“aiScene”的声明
  
C:\work\qt\Studio\irisgl\src\scenegraph\scenenode.h(36,7): warning C4099: “iris::PhysicsProperty”: 类型名称以前使用“struct”现在使用的是“class”
  (编译源文件“../src/commands/addscenenodecommand.cpp”)
      C:\work\qt\Studio\irisgl\src\physics\physicsproperties.h(43,8):
      参见“iris::PhysicsProperty”的声明
  
  assetview.cpp
C:\work\qt\Studio\src\shadergraph\graph\graphnodescene.h(39,7): warning C4099: “Property”: 类型名称以前使用“struct”现在使用的是“class”
  (编译源文件“../src/widgets/propertywidgets/meshpropertywidget.cpp”)
      C:\work\qt\Studio\src\shadergraph\models\properties.h(25,8):
      参见“Property”的声明
  
C:\work\qt\Studio\src\shadergraph\widgets\propertylistwidget.h(15,7): warning C4099: “FloatProperty”: 类型名称以前使用“struct”现在使用的是“class”
  (编译源文件“../src/widgets/propertywidgets/meshpropertywidget.cpp”)
      C:\work\qt\Studio\src\shadergraph\models\properties.h(147,8):
      参见“FloatProperty”的声明
  
C:\work\qt\Studio\src\shadergraph\widgets\propertylistwidget.h(16,7): warning C4099: “Vec2Property”: 类型名称以前使用“struct”现在使用的是“class”
  (编译源文件“../src/widgets/propertywidgets/meshpropertywidget.cpp”)
      C:\work\qt\Studio\src\shadergraph\models\properties.h(287,8):
      参见“Vec2Property”的声明
  
C:\work\qt\Studio\src\shadergraph\widgets\propertylistwidget.h(17,7): warning C4099: “Vec3Property”: 类型名称以前使用“struct”现在使用的是“class”
  (编译源文件“../src/widgets/propertywidgets/meshpropertywidget.cpp”)
      C:\work\qt\Studio\src\shadergraph\models\properties.h(332,8):
      参见“Vec3Property”的声明
  
C:\work\qt\Studio\src\shadergraph\widgets\propertylistwidget.h(18,7): warning C4099: “Vec4Property”: 类型名称以前使用“struct”现在使用的是“class”
  (编译源文件“../src/widgets/propertywidgets/meshpropertywidget.cpp”)
      C:\work\qt\Studio\src\shadergraph\models\properties.h(382,8):
      参见“Vec4Property”的声明
  
C:\work\qt\Studio\src\shadergraph\widgets\propertylistwidget.h(19,7): warning C4099: “IntProperty”: 类型名称以前使用“struct”现在使用的是“class”
  (编译源文件“../src/widgets/propertywidgets/meshpropertywidget.cpp”)
      C:\work\qt\Studio\src\shadergraph\models\properties.h(95,8):
      参见“IntProperty”的声明
  
C:\work\qt\Studio\src\shadergraph\widgets\propertylistwidget.h(20,7): warning C4099: “TextureProperty”: 类型名称以前使用“struct”现在使用的是“class”
  (编译源文件“../src/widgets/propertywidgets/meshpropertywidget.cpp”)
      C:\work\qt\Studio\src\shadergraph\models\properties.h(248,8):
      参见“TextureProperty”的声明
  
C:\work\qt\Studio\src\shadergraph\shadergraphmainwindow.h(31,7): warning C4099: “NodeLibraryItem”: 类型名称以前使用“struct”现在使用的是“class”
  (编译源文件“../src/widgets/propertywidgets/meshpropertywidget.cpp”)
      C:\work\qt\Studio\src\shadergraph\models\library.h(11,8):
      参见“NodeLibraryItem”的声明
  
  assetviewer.cpp
C:\work\qt\Studio\irisgl\src\scenegraph\scenenode.h(36,7): warning C4099: “iris::PhysicsProperty”: 类型名称以前使用“struct”现在使用的是“class”
  (编译源文件“../src/commands/deletescenenodecommand.cpp”)
      C:\work\qt\Studio\irisgl\src\physics\physicsproperties.h(43,8):
      参见“iris::PhysicsProperty”的声明
  
  assetviewgrid.cpp
  assetgriditem.cpp
C:\work\qt\Studio\irisgl\src\graphics\forwardrenderer.h(35,7): warning C4099: “iris::RenderData”: 类型名称以前使用“struct”现在使用的是“class”
  (编译源文件“../src/core/database/database.cpp”)
      C:\work\qt\Studio\irisgl\src\graphics\renderdata.h(22,8):
      参见“iris::RenderData”的声明
  
C:\work\qt\Studio\irisgl\src\graphics\graphicshelper.h(21,7): warning C4099: “aiScene”: 类型名称以前使用“struct”现在使用的是“class”
  (编译源文件“../src/core/database/database.cpp”)
      C:\work\qt\Studio\irisgl\src\assimp\include\assimp\scene.h(273,19):
      参见“aiScene”的声明
  
C:\work\qt\Studio\irisgl\src\scenegraph\scene.h(39,8): warning C4099: “iris::PickingResult”: 类型名称以前使用“class”现在使用的是“struct”
  (编译源文件“../src/core/database/database.cpp”)
      C:\work\qt\Studio\irisgl\src\scenegraph\scene.h(39,8):
      参见“iris::PickingResult”的声明
  
C:\work\qt\Studio\irisgl\src\scenegraph\scenenode.h(36,7): warning C4099: “iris::PhysicsProperty”: 类型名称以前使用“struct”现在使用的是“class”
  (编译源文件“../src/core/database/database.cpp”)
      C:\work\qt\Studio\irisgl\src\physics\physicsproperties.h(43,8):
      参见“iris::PhysicsProperty”的声明
  
C:\work\qt\Studio\irisgl\src\graphics\renderitem.h(34,8): warning C4099: “iris::RenderItem”: 类型名称以前使用“class”现在使用的是“struct”
  (编译源文件“../src/core/database/database.cpp”)
      C:\work\qt\Studio\irisgl\src\graphics\renderitem.h(34,8):
      参见“iris::RenderItem”的声明
  
C:\work\qt\Studio\irisgl\src\scenegraph\meshnode.h(26,7): warning C4099: “aiScene”: 类型名称以前使用“struct”现在使用的是“class”
  (编译源文件“../src/core/database/database.cpp”)
      C:\work\qt\Studio\irisgl\src\assimp\include\assimp\scene.h(273,19):
      参见“aiScene”的声明
  
C:\work\qt\Studio\irisgl\src\scenegraph\meshnode.h(31,7): warning C4099: “iris::RenderItem”: 类型名称以前使用“struct”现在使用的是“class”
  (编译源文件“../src/core/database/database.cpp”)
      C:\work\qt\Studio\irisgl\src\graphics\renderitem.h(34,8):
      参见“iris::RenderItem”的声明
  
C:\work\qt\Studio\irisgl\src\scenegraph\particlesystemnode.h(25,7): warning C4099: “iris::RenderItem”: 类型名称以前使用“struct”现在使用的是“class”
  (编译源文件“../src/core/database/database.cpp”)
      C:\work\qt\Studio\irisgl\src\graphics\renderitem.h(34,8):
      参见“iris::RenderItem”的声明
  
C:\work\qt\Studio\irisgl\src\scenegraph\viewernode.h(21,7): warning C4099: “iris::RenderItem”: 类型名称以前使用“struct”现在使用的是“class”
  (编译源文件“../src/core/database/database.cpp”)
      C:\work\qt\Studio\irisgl\src\graphics\renderitem.h(34,8):
      参见“iris::RenderItem”的声明
  
C:\work\qt\Studio\irisgl\src\content\modelloader.h(7,7): warning C4099: “aiScene”: 类型名称以前使用“struct”现在使用的是“class”
  (编译源文件“../src/core/database/database.cpp”)
      C:\work\qt\Studio\irisgl\src\assimp\include\assimp\scene.h(273,19):
      参见“aiScene”的声明
  
C:\work\qt\Studio\irisgl\src\animation\animableproperty.h(16,8): warning C4099: “iris::AnimableProperty”: 类型名称以前使用“class”现在使用的是“struct”
  (编译源文件“../src/core/database/database.cpp”)
      C:\work\qt\Studio\irisgl\src\animation\animableproperty.h(16,8):
      参见“iris::AnimableProperty”的声明
  
C:\work\qt\Studio\irisgl\src\graphics\forwardrenderer.h(35,7): warning C4099: “iris::RenderData”: 类型名称以前使用“struct”现在使用的是“class”
  (编译源文件“../src/uimanager.cpp”)
      C:\work\qt\Studio\irisgl\src\graphics\renderdata.h(22,8):
      参见“iris::RenderData”的声明
  
C:\work\qt\Studio\irisgl\src\animation\propertyanim.h(12,8): warning C4099: “iris::PropertyAnimInfo”: 类型名称以前使用“class”现在使用的是“struct”
  (编译源文件“../src/core/database/database.cpp”)
      C:\work\qt\Studio\irisgl\src\animation\propertyanim.h(12,8):
      参见“iris::PropertyAnimInfo”的声明
  
C:\work\qt\Studio\irisgl\src\scenegraph\scene.h(30,7): warning C4099: “iris::RenderItem”: 类型名称以前使用“struct”现在使用的是“class”
  (编译源文件“../src/widgets/assetwidget.cpp”)
      C:\work\qt\Studio\irisgl\src\graphics\renderitem.h(34,8):
      参见“iris::RenderItem”的声明
  
C:\work\qt\Studio\irisgl\src\scenegraph\scene.h(39,8): warning C4099: “iris::PickingResult”: 类型名称以前使用“class”现在使用的是“struct”
  (编译源文件“../src/widgets/assetwidget.cpp”)
      C:\work\qt\Studio\irisgl\src\scenegraph\scene.h(39,8):
      参见“iris::PickingResult”的声明
  
C:\work\qt\Studio\irisgl\src\graphics\graphicshelper.h(21,7): warning C4099: “aiScene”: 类型名称以前使用“struct”现在使用的是“class”
  (编译源文件“../src/uimanager.cpp”)
      C:\work\qt\Studio\irisgl\src\assimp\include\assimp\scene.h(273,19):
      参见“aiScene”的声明
  
C:\work\qt\Studio\irisgl\src\scenegraph\scene.h(39,8): warning C4099: “iris::PickingResult”: 类型名称以前使用“class”现在使用的是“struct”
  (编译源文件“../src/uimanager.cpp”)
      C:\work\qt\Studio\irisgl\src\scenegraph\scene.h(39,8):
      参见“iris::PickingResult”的声明
  
C:\work\qt\Studio\irisgl\src\scenegraph\particlesystemnode.h(25,7): warning C4099: “iris::RenderItem”: 类型名称以前使用“struct”现在使用的是“class”
  (编译源文件“../src/widgets/assetwidget.cpp”)
      C:\work\qt\Studio\irisgl\src\graphics\renderitem.h(34,8):
      参见“iris::RenderItem”的声明
  
  outlinerenderer.cpp
C:\work\qt\Studio\irisgl\src\scenegraph\viewernode.h(21,7): warning C4099: “iris::RenderItem”: 类型名称以前使用“struct”现在使用的是“class”
  (编译源文件“../src/widgets/assetwidget.cpp”)
      C:\work\qt\Studio\irisgl\src\graphics\renderitem.h(34,8):
      参见“iris::RenderItem”的声明
  
C:\work\qt\Studio\irisgl\src\content\modelloader.h(7,7): warning C4099: “aiScene”: 类型名称以前使用“struct”现在使用的是“class”
  (编译源文件“../src/widgets/assetwidget.cpp”)
      C:\work\qt\Studio\irisgl\src\assimp\include\assimp\scene.h(273,19):
      参见“aiScene”的声明
  
C:\work\qt\Studio\irisgl\src\animation\animableproperty.h(16,8): warning C4099: “iris::AnimableProperty”: 类型名称以前使用“class”现在使用的是“struct”
  (编译源文件“../src/widgets/assetwidget.cpp”)
      C:\work\qt\Studio\irisgl\src\animation\animableproperty.h(16,8):
      参见“iris::AnimableProperty”的声明
  
C:\work\qt\Studio\irisgl\src\animation\propertyanim.h(12,8): warning C4099: “iris::PropertyAnimInfo”: 类型名称以前使用“class”现在使用的是“struct”
  (编译源文件“../src/widgets/assetwidget.cpp”)
      C:\work\qt\Studio\irisgl\src\animation\propertyanim.h(12,8):
      参见“iris::PropertyAnimInfo”的声明
  
C:\work\qt\Studio\irisgl\src\scenegraph\scenenode.h(36,7): warning C4099: “iris::PhysicsProperty”: 类型名称以前使用“struct”现在使用的是“class”
  (编译源文件“../src/uimanager.cpp”)
      C:\work\qt\Studio\irisgl\src\physics\physicsproperties.h(43,8):
      参见“iris::PhysicsProperty”的声明
  
C:\work\qt\Studio\irisgl\src\vr\vrdevice.h(89,8): warning C4099: “iris::VrSwapChain”: 类型名称以前使用“class”现在使用的是“struct”
  (编译源文件“../src/widgets/assetwidget.cpp”)
      C:\work\qt\Studio\irisgl\src\vr\vrdevice.h(89,8):
      参见“iris::VrSwapChain”的声明
  
  viewermaterial.cpp
C:\work\qt\Studio\irisgl\src\graphics\renderitem.h(34,8): warning C4099: “iris::RenderItem”: 类型名称以前使用“class”现在使用的是“struct”
  (编译源文件“../src/uimanager.cpp”)
      C:\work\qt\Studio\irisgl\src\graphics\renderitem.h(34,8):
      参见“iris::RenderItem”的声明
  
C:\work\qt\Studio\irisgl\src\scenegraph\meshnode.h(26,7): warning C4099: “aiScene”: 类型名称以前使用“struct”现在使用的是“class”
  (编译源文件“../src/uimanager.cpp”)
      C:\work\qt\Studio\irisgl\src\assimp\include\assimp\scene.h(273,19):
      参见“aiScene”的声明
  
C:\work\qt\Studio\irisgl\src\scenegraph\meshnode.h(31,7): warning C4099: “iris::RenderItem”: 类型名称以前使用“struct”现在使用的是“class”
  (编译源文件“../src/uimanager.cpp”)
      C:\work\qt\Studio\irisgl\src\graphics\renderitem.h(34,8):
      参见“iris::RenderItem”的声明
  
C:\work\qt\Studio\src\shadergraph\models\properties.h(158,10): warning C4305: “=”: 从“double”到“float”截断
  (编译源文件“../src/widgets/assetwidget.cpp”)
  
C:\work\qt\Studio\irisgl\src\scenegraph\particlesystemnode.h(25,7): warning C4099: “iris::RenderItem”: 类型名称以前使用“struct”现在使用的是“class”
  (编译源文件“../src/uimanager.cpp”)
      C:\work\qt\Studio\irisgl\src\graphics\renderitem.h(34,8):
      参见“iris::RenderItem”的声明
  
C:\work\qt\Studio\irisgl\src\scenegraph\viewernode.h(21,7): warning C4099: “iris::RenderItem”: 类型名称以前使用“struct”现在使用的是“class”
  (编译源文件“../src/uimanager.cpp”)
      C:\work\qt\Studio\irisgl\src\graphics\renderitem.h(34,8):
      参见“iris::RenderItem”的声明
  
C:\work\qt\Studio\irisgl\src\graphics\mesh.h(26,7): warning C4099: “aiMesh”: 类型名称以前使用“struct”现在使用的是“class”
  (编译源文件“../src/commands/addscenenodecommand.cpp”)
      C:\work\qt\Studio\irisgl\src\assimp\include\assimp\mesh.h(638,8):
      参见“aiMesh”的声明
  
C:\work\qt\Studio\irisgl\src\content\modelloader.h(7,7): warning C4099: “aiScene”: 类型名称以前使用“struct”现在使用的是“class”
  (编译源文件“../src/uimanager.cpp”)
      C:\work\qt\Studio\irisgl\src\assimp\include\assimp\scene.h(273,19):
      参见“aiScene”的声明
  
C:\work\qt\Studio\irisgl\src\animation\animableproperty.h(16,8): warning C4099: “iris::AnimableProperty”: 类型名称以前使用“class”现在使用的是“struct”
  (编译源文件“../src/uimanager.cpp”)
      C:\work\qt\Studio\irisgl\src\animation\animableproperty.h(16,8):
      参见“iris::AnimableProperty”的声明
  
C:\work\qt\Studio\src\shadergraph\graph\graphnodescene.h(39,7): warning C4099: “Property”: 类型名称以前使用“struct”现在使用的是“class”
  (编译源文件“../src/widgets/assetwidget.cpp”)
      C:\work\qt\Studio\src\shadergraph\models\properties.h(25,8):
      参见“Property”的声明
  
C:\work\qt\Studio\irisgl\src\scenegraph\scenenode.h(36,7): warning C4099: “iris::PhysicsProperty”: 类型名称以前使用“struct”现在使用的是“class”
  (编译源文件“../src/editor/thumbnailgenerator.cpp”)
      C:\work\qt\Studio\irisgl\src\physics\physicsproperties.h(43,8):
      参见“iris::PhysicsProperty”的声明
  
C:\work\qt\Studio\irisgl\src\animation\propertyanim.h(12,8): warning C4099: “iris::PropertyAnimInfo”: 类型名称以前使用“class”现在使用的是“struct”
  (编译源文件“../src/uimanager.cpp”)
      C:\work\qt\Studio\irisgl\src\animation\propertyanim.h(12,8):
      参见“iris::PropertyAnimInfo”的声明
  
C:\work\qt\Studio\src\shadergraph\widgets\propertylistwidget.h(15,7): warning C4099: “FloatProperty”: 类型名称以前使用“struct”现在使用的是“class”
  (编译源文件“../src/widgets/assetwidget.cpp”)
      C:\work\qt\Studio\src\shadergraph\models\properties.h(147,8):
      参见“FloatProperty”的声明
  
C:\work\qt\Studio\src\shadergraph\widgets\propertylistwidget.h(16,7): warning C4099: “Vec2Property”: 类型名称以前使用“struct”现在使用的是“class”
  (编译源文件“../src/widgets/assetwidget.cpp”)
      C:\work\qt\Studio\src\shadergraph\models\properties.h(287,8):
      参见“Vec2Property”的声明
  
C:\work\qt\Studio\src\shadergraph\widgets\propertylistwidget.h(17,7): warning C4099: “Vec3Property”: 类型名称以前使用“struct”现在使用的是“class”
  (编译源文件“../src/widgets/assetwidget.cpp”)
      C:\work\qt\Studio\src\shadergraph\models\properties.h(332,8):
      参见“Vec3Property”的声明
  
C:\work\qt\Studio\src\shadergraph\widgets\propertylistwidget.h(18,7): warning C4099: “Vec4Property”: 类型名称以前使用“struct”现在使用的是“class”
  (编译源文件“../src/widgets/assetwidget.cpp”)
      C:\work\qt\Studio\src\shadergraph\models\properties.h(382,8):
      参见“Vec4Property”的声明
  
C:\work\qt\Studio\src\shadergraph\widgets\propertylistwidget.h(19,7): warning C4099: “IntProperty”: 类型名称以前使用“struct”现在使用的是“class”
  (编译源文件“../src/widgets/assetwidget.cpp”)
      C:\work\qt\Studio\src\shadergraph\models\properties.h(95,8):
      参见“IntProperty”的声明
  
C:\work\qt\Studio\src\shadergraph\widgets\propertylistwidget.h(20,7): warning C4099: “TextureProperty”: 类型名称以前使用“struct”现在使用的是“class”
  (编译源文件“../src/widgets/assetwidget.cpp”)
      C:\work\qt\Studio\src\shadergraph\models\properties.h(248,8):
      参见“TextureProperty”的声明
  
C:\work\qt\Studio\irisgl\src\vr\vrdevice.h(89,8): warning C4099: “iris::VrSwapChain”: 类型名称以前使用“class”现在使用的是“struct”
  (编译源文件“../src/core/database/database.cpp”)
      C:\work\qt\Studio\irisgl\src\vr\vrdevice.h(89,8):
      参见“iris::VrSwapChain”的声明
  
C:\work\qt\Studio\src\shadergraph\shadergraphmainwindow.h(31,7): warning C4099: “NodeLibraryItem”: 类型名称以前使用“struct”现在使用的是“class”
  (编译源文件“../src/widgets/assetwidget.cpp”)
      C:\work\qt\Studio\src\shadergraph\models\library.h(11,8):
      参见“NodeLibraryItem”的声明
  
C:\work\qt\Studio\src\io\assetmanager.h(23,7): warning C4099: “aiScene”: 类型名称以前使用“struct”现在使用的是“class”
  (编译源文件“../src/core/database/database.cpp”)
      C:\work\qt\Studio\irisgl\src\assimp\include\assimp\scene.h(273,19):
      参见“aiScene”的声明
  
C:\work\qt\Studio\src\widgets\assetwidget.h(45,16): warning C4091: “typedef ”: 没有声明变量时忽略“directory_tupleA”的左侧
  (编译源文件“../src/widgets/assetwidget.cpp”)
  
  animationpath.cpp
C:\work\qt\Studio\src\widgets\projectmanager.h(25,7): warning C4099: “aiScene”: 类型名称以前使用“struct”现在使用的是“class”
  (编译源文件“../src/widgets/projectmanager.cpp”)
      C:\work\qt\Studio\irisgl\src\assimp\include\assimp\scene.h(273,19):
      参见“aiScene”的声明
  
C:\work\qt\Studio\src\widgets\assetview.h(74,16): warning C4091: “typedef ”: 没有声明变量时忽略“directory_tuple”的左侧
  (编译源文件“../src/widgets/assetwidget.cpp”)
  
C:\work\qt\Studio\irisgl\src\graphics\mesh.h(26,7): warning C4099: “aiMesh”: 类型名称以前使用“struct”现在使用的是“class”
  (编译源文件“../src/commands/deletescenenodecommand.cpp”)
      C:\work\qt\Studio\irisgl\src\assimp\include\assimp\mesh.h(638,8):
      参见“aiMesh”的声明
  
C:\work\qt\Studio\src\core\materialpreset.h(18,8): warning C4099: “MaterialPreset”: 类型名称以前使用“class”现在使用的是“struct”
  (编译源文件“../src/widgets/assetwidget.cpp”)
      C:\work\qt\Studio\src\core\materialpreset.h(18,8):
      参见“MaterialPreset”的声明
  
C:\work\qt\Studio\src\io\materialpresetreader.h(22,7): warning C4099: “MaterialPreset”: 类型名称以前使用“struct”现在使用的是“class”
  (编译源文件“../src/widgets/assetwidget.cpp”)
      C:\work\qt\Studio\src\core\materialpreset.h(18,8):
      参见“MaterialPreset”的声明
  
C:\work\qt\Studio\irisgl\src\scenegraph\scenenode.h(36,7): warning C4099: “iris::PhysicsProperty”: 类型名称以前使用“struct”现在使用的是“class”
  (编译源文件“../src/editor/viewercontroller.cpp”)
      C:\work\qt\Studio\irisgl\src\physics\physicsproperties.h(43,8):
      参见“iris::PhysicsProperty”的声明
  
  constants.cpp
C:\work\qt\Studio\irisgl\src\vr\vrdevice.h(89,8): warning C4099: “iris::VrSwapChain”: 类型名称以前使用“class”现在使用的是“struct”
  (编译源文件“../src/uimanager.cpp”)
      C:\work\qt\Studio\irisgl\src\vr\vrdevice.h(89,8):
      参见“iris::VrSwapChain”的声明
  
  updatechecker.cpp
C:\work\qt\Studio\src\shadergraph\models\properties.h(158,10): warning C4305: “=”: 从“double”到“float”截断
  (编译源文件“../src/uimanager.cpp”)
  
C:\work\qt\Studio\src\widgets\assetwidget.cpp(2342,15): warning C4101: “type”: 未引用的局部变量
C:\work\qt\Studio\src\shadergraph\graph\graphnodescene.h(39,7): warning C4099: “Property”: 类型名称以前使用“struct”现在使用的是“class”
  (编译源文件“../src/uimanager.cpp”)
      C:\work\qt\Studio\src\shadergraph\models\properties.h(25,8):
      参见“Property”的声明
  
  softwareupdatedialog.cpp
C:\work\qt\Studio\src\shadergraph\widgets\propertylistwidget.h(15,7): warning C4099: “FloatProperty”: 类型名称以前使用“struct”现在使用的是“class”
  (编译源文件“../src/uimanager.cpp”)
      C:\work\qt\Studio\src\shadergraph\models\properties.h(147,8):
      参见“FloatProperty”的声明
  
C:\work\qt\Studio\src\shadergraph\widgets\propertylistwidget.h(16,7): warning C4099: “Vec2Property”: 类型名称以前使用“struct”现在使用的是“class”
  (编译源文件“../src/uimanager.cpp”)
      C:\work\qt\Studio\src\shadergraph\models\properties.h(287,8):
      参见“Vec2Property”的声明
  
C:\work\qt\Studio\src\shadergraph\widgets\propertylistwidget.h(17,7): warning C4099: “Vec3Property”: 类型名称以前使用“struct”现在使用的是“class”
  (编译源文件“../src/uimanager.cpp”)
      C:\work\qt\Studio\src\shadergraph\models\properties.h(332,8):
      参见“Vec3Property”的声明
  
C:\work\qt\Studio\src\shadergraph\widgets\propertylistwidget.h(18,7): warning C4099: “Vec4Property”: 类型名称以前使用“struct”现在使用的是“class”
  (编译源文件“../src/uimanager.cpp”)
      C:\work\qt\Studio\src\shadergraph\models\properties.h(382,8):
      参见“Vec4Property”的声明
  
C:\work\qt\Studio\src\shadergraph\widgets\propertylistwidget.h(19,7): warning C4099: “IntProperty”: 类型名称以前使用“struct”现在使用的是“class”
  (编译源文件“../src/uimanager.cpp”)
      C:\work\qt\Studio\src\shadergraph\models\properties.h(95,8):
      参见“IntProperty”的声明
  
C:\work\qt\Studio\src\shadergraph\widgets\propertylistwidget.h(20,7): warning C4099: “TextureProperty”: 类型名称以前使用“struct”现在使用的是“class”
  (编译源文件“../src/uimanager.cpp”)
      C:\work\qt\Studio\src\shadergraph\models\properties.h(248,8):
      参见“TextureProperty”的声明
  
C:\work\qt\Studio\src\shadergraph\shadergraphmainwindow.h(31,7): warning C4099: “NodeLibraryItem”: 类型名称以前使用“struct”现在使用的是“class”
  (编译源文件“../src/uimanager.cpp”)
      C:\work\qt\Studio\src\shadergraph\models\library.h(11,8):
      参见“NodeLibraryItem”的声明
  
  assethelper.cpp
  subscriber.cpp
C:\work\qt\Studio\irisgl\src\graphics\mesh.h(26,7): warning C4099: “aiMesh”: 类型名称以前使用“struct”现在使用的是“class”
  (编译源文件“../src/widgets/assetview.cpp”)
      C:\work\qt\Studio\irisgl\src\assimp\include\assimp\mesh.h(638,8):
      参见“aiMesh”的声明
  
  scenenodehelper.cpp
C:\work\qt\Studio\irisgl\src\scenegraph\scene.h(39,8): warning C4099: “iris::PickingResult”: 类型名称以前使用“class”现在使用的是“struct”
  (编译源文件“../src/widgets/dynamicgrid.cpp”)
      C:\work\qt\Studio\irisgl\src\scenegraph\scene.h(39,8):
      参见“iris::PickingResult”的声明
  
C:\work\qt\Studio\irisgl\src\graphics\forwardrenderer.h(35,7): warning C4099: “iris::RenderData”: 类型名称以前使用“struct”现在使用的是“class”
  (编译源文件“../src/commands/addscenenodecommand.cpp”)
      C:\work\qt\Studio\irisgl\src\graphics\renderdata.h(22,8):
      参见“iris::RenderData”的声明
  
C:\work\qt\Studio\irisgl\src\graphics\graphicshelper.h(21,7): warning C4099: “aiScene”: 类型名称以前使用“struct”现在使用的是“class”
  (编译源文件“../src/commands/addscenenodecommand.cpp”)
      C:\work\qt\Studio\irisgl\src\assimp\include\assimp\scene.h(273,19):
      参见“aiScene”的声明
  
C:\work\qt\Studio\irisgl\src\scenegraph\scene.h(39,8): warning C4099: “iris::PickingResult”: 类型名称以前使用“class”现在使用的是“struct”
  (编译源文件“../src/commands/addscenenodecommand.cpp”)
      C:\work\qt\Studio\irisgl\src\scenegraph\scene.h(39,8):
      参见“iris::PickingResult”的声明
  
C:\work\qt\Studio\irisgl\src\graphics\renderitem.h(34,8): warning C4099: “iris::RenderItem”: 类型名称以前使用“class”现在使用的是“struct”
  (编译源文件“../src/commands/addscenenodecommand.cpp”)
      C:\work\qt\Studio\irisgl\src\graphics\renderitem.h(34,8):
      参见“iris::RenderItem”的声明
  
C:\work\qt\Studio\irisgl\src\scenegraph\meshnode.h(26,7): warning C4099: “aiScene”: 类型名称以前使用“struct”现在使用的是“class”
  (编译源文件“../src/commands/addscenenodecommand.cpp”)
      C:\work\qt\Studio\irisgl\src\assimp\include\assimp\scene.h(273,19):
      参见“aiScene”的声明
  
C:\work\qt\Studio\irisgl\src\scenegraph\meshnode.h(31,7): warning C4099: “iris::RenderItem”: 类型名称以前使用“struct”现在使用的是“class”
  (编译源文件“../src/commands/addscenenodecommand.cpp”)
      C:\work\qt\Studio\irisgl\src\graphics\renderitem.h(34,8):
      参见“iris::RenderItem”的声明
  
C:\work\qt\Studio\irisgl\src\scenegraph\particlesystemnode.h(25,7): warning C4099: “iris::RenderItem”: 类型名称以前使用“struct”现在使用的是“class”
  (编译源文件“../src/commands/addscenenodecommand.cpp”)
      C:\work\qt\Studio\irisgl\src\graphics\renderitem.h(34,8):
      参见“iris::RenderItem”的声明
  
C:\work\qt\Studio\irisgl\src\scenegraph\viewernode.h(21,7): warning C4099: “iris::RenderItem”: 类型名称以前使用“struct”现在使用的是“class”
  (编译源文件“../src/commands/addscenenodecommand.cpp”)
      C:\work\qt\Studio\irisgl\src\graphics\renderitem.h(34,8):
      参见“iris::RenderItem”的声明
  
C:\work\qt\Studio\irisgl\src\graphics\forwardrenderer.h(35,7): warning C4099: “iris::RenderData”: 类型名称以前使用“struct”现在使用的是“class”
  (编译源文件“../src/commands/deletescenenodecommand.cpp”)
      C:\work\qt\Studio\irisgl\src\graphics\renderdata.h(22,8):
      参见“iris::RenderData”的声明
  
C:\work\qt\Studio\irisgl\src\graphics\mesh.h(26,7): warning C4099: “aiMesh”: 类型名称以前使用“struct”现在使用的是“class”
  (编译源文件“../src/editor/thumbnailgenerator.cpp”)
      C:\work\qt\Studio\irisgl\src\assimp\include\assimp\mesh.h(638,8):
      参见“aiMesh”的声明
  
C:\work\qt\Studio\irisgl\src\content\modelloader.h(7,7): warning C4099: “aiScene”: 类型名称以前使用“struct”现在使用的是“class”
  (编译源文件“../src/commands/addscenenodecommand.cpp”)
      C:\work\qt\Studio\irisgl\src\assimp\include\assimp\scene.h(273,19):
      参见“aiScene”的声明
  
C:\work\qt\Studio\irisgl\src\animation\animableproperty.h(16,8): warning C4099: “iris::AnimableProperty”: 类型名称以前使用“class”现在使用的是“struct”
  (编译源文件“../src/commands/addscenenodecommand.cpp”)
      C:\work\qt\Studio\irisgl\src\animation\animableproperty.h(16,8):
      参见“iris::AnimableProperty”的声明
  
  upgrader.cpp
C:\work\qt\Studio\irisgl\src\animation\propertyanim.h(12,8): warning C4099: “iris::PropertyAnimInfo”: 类型名称以前使用“class”现在使用的是“struct”
  (编译源文件“../src/commands/addscenenodecommand.cpp”)
      C:\work\qt\Studio\irisgl\src\animation\propertyanim.h(12,8):
      参见“iris::PropertyAnimInfo”的声明
  
C:\work\qt\Studio\irisgl\src\scenegraph\scene.h(39,8): warning C4099: “iris::PickingResult”: 类型名称以前使用“class”现在使用的是“struct”
  (编译源文件“../src/dialogs/donatedialog.cpp”)
      C:\work\qt\Studio\irisgl\src\scenegraph\scene.h(39,8):
      参见“iris::PickingResult”的声明
  
C:\work\qt\Studio\irisgl\src\graphics\renderitem.h(34,8): warning C4099: “iris::RenderItem”: 类型名称以前使用“class”现在使用的是“struct”
  (编译源文件“../src/editor/thumbnailgenerator.cpp”)
      C:\work\qt\Studio\irisgl\src\graphics\renderitem.h(34,8):
      参见“iris::RenderItem”的声明
  
C:\work\qt\Studio\irisgl\src\scenegraph\meshnode.h(26,7): warning C4099: “aiScene”: 类型名称以前使用“struct”现在使用的是“class”
  (编译源文件“../src/editor/thumbnailgenerator.cpp”)
      C:\work\qt\Studio\irisgl\src\assimp\include\assimp\scene.h(273,19):
      参见“aiScene”的声明
  
C:\work\qt\Studio\irisgl\src\scenegraph\meshnode.h(31,7): warning C4099: “iris::RenderItem”: 类型名称以前使用“struct”现在使用的是“class”
  (编译源文件“../src/editor/thumbnailgenerator.cpp”)
      C:\work\qt\Studio\irisgl\src\graphics\renderitem.h(34,8):
      参见“iris::RenderItem”的声明
  
C:\work\qt\Studio\irisgl\src\core\property.h(28,8): warning C4099: “iris::Property”: 类型名称以前使用“class”现在使用的是“struct”
  (编译源文件“../src/editor/thumbnailgenerator.cpp”)
      C:\work\qt\Studio\irisgl\src\core\property.h(28,8):
      参见“iris::Property”的声明
  
C:\work\qt\Studio\irisgl\src\graphics\graphicshelper.h(21,7): warning C4099: “aiScene”: 类型名称以前使用“struct”现在使用的是“class”
  (编译源文件“../src/commands/deletescenenodecommand.cpp”)
      C:\work\qt\Studio\irisgl\src\assimp\include\assimp\scene.h(273,19):
      参见“aiScene”的声明
  
C:\work\qt\Studio\irisgl\src\scenegraph\scene.h(39,8): warning C4099: “iris::PickingResult”: 类型名称以前使用“class”现在使用的是“struct”
  (编译源文件“../src/commands/deletescenenodecommand.cpp”)
      C:\work\qt\Studio\irisgl\src\scenegraph\scene.h(39,8):
      参见“iris::PickingResult”的声明
  
C:\work\qt\Studio\src\widgets\projectmanager.h(25,7): warning C4099: “aiScene”: 类型名称以前使用“struct”现在使用的是“class”
  (编译源文件“../src/widgets/dynamicgrid.cpp”)
      C:\work\qt\Studio\irisgl\src\assimp\include\assimp\scene.h(273,19):
      参见“aiScene”的声明
  
C:\work\qt\Studio\irisgl\src\graphics\renderitem.h(34,8): warning C4099: “iris::RenderItem”: 类型名称以前使用“class”现在使用的是“struct”
  (编译源文件“../src/commands/deletescenenodecommand.cpp”)
      C:\work\qt\Studio\irisgl\src\graphics\renderitem.h(34,8):
      参见“iris::RenderItem”的声明
  
C:\work\qt\Studio\irisgl\src\scenegraph\meshnode.h(26,7): warning C4099: “aiScene”: 类型名称以前使用“struct”现在使用的是“class”
  (编译源文件“../src/commands/deletescenenodecommand.cpp”)
      C:\work\qt\Studio\irisgl\src\assimp\include\assimp\scene.h(273,19):
      参见“aiScene”的声明
  
C:\work\qt\Studio\irisgl\src\scenegraph\meshnode.h(31,7): warning C4099: “iris::RenderItem”: 类型名称以前使用“struct”现在使用的是“class”
  (编译源文件“../src/commands/deletescenenodecommand.cpp”)
      C:\work\qt\Studio\irisgl\src\graphics\renderitem.h(34,8):
      参见“iris::RenderItem”的声明
  
C:\work\qt\Studio\irisgl\src\scenegraph\particlesystemnode.h(25,7): warning C4099: “iris::RenderItem”: 类型名称以前使用“struct”现在使用的是“class”
  (编译源文件“../src/commands/deletescenenodecommand.cpp”)
      C:\work\qt\Studio\irisgl\src\graphics\renderitem.h(34,8):
      参见“iris::RenderItem”的声明
  
C:\work\qt\Studio\irisgl\src\scenegraph\viewernode.h(21,7): warning C4099: “iris::RenderItem”: 类型名称以前使用“struct”现在使用的是“class”
  (编译源文件“../src/commands/deletescenenodecommand.cpp”)
      C:\work\qt\Studio\irisgl\src\graphics\renderitem.h(34,8):
      参见“iris::RenderItem”的声明
  
C:\work\qt\Studio\irisgl\src\content\modelloader.h(7,7): warning C4099: “aiScene”: 类型名称以前使用“struct”现在使用的是“class”
  (编译源文件“../src/commands/deletescenenodecommand.cpp”)
      C:\work\qt\Studio\irisgl\src\assimp\include\assimp\scene.h(273,19):
      参见“aiScene”的声明
  
C:\work\qt\Studio\irisgl\src\animation\animableproperty.h(16,8): warning C4099: “iris::AnimableProperty”: 类型名称以前使用“class”现在使用的是“struct”
  (编译源文件“../src/commands/deletescenenodecommand.cpp”)
      C:\work\qt\Studio\irisgl\src\animation\animableproperty.h(16,8):
      参见“iris::AnimableProperty”的声明
  
C:\work\qt\Studio\irisgl\src\animation\propertyanim.h(12,8): warning C4099: “iris::PropertyAnimInfo”: 类型名称以前使用“class”现在使用的是“struct”
  (编译源文件“../src/commands/deletescenenodecommand.cpp”)
      C:\work\qt\Studio\irisgl\src\animation\propertyanim.h(12,8):
      参见“iris::PropertyAnimInfo”的声明
  
C:\work\qt\Studio\irisgl\src\vr\vrdevice.h(89,8): warning C4099: “iris::VrSwapChain”: 类型名称以前使用“class”现在使用的是“struct”
  (编译源文件“../src/commands/addscenenodecommand.cpp”)
      C:\work\qt\Studio\irisgl\src\vr\vrdevice.h(89,8):
      参见“iris::VrSwapChain”的声明
  
C:\work\qt\Studio\irisgl\src\graphics\forwardrenderer.h(35,7): warning C4099: “iris::RenderData”: 类型名称以前使用“struct”现在使用的是“class”
  (编译源文件“../src/editor/thumbnailgenerator.cpp”)
      C:\work\qt\Studio\irisgl\src\graphics\renderdata.h(22,8):
      参见“iris::RenderData”的声明
  
C:\work\qt\Studio\irisgl\src\scenegraph\scene.h(30,7): warning C4099: “iris::RenderItem”: 类型名称以前使用“struct”现在使用的是“class”
  (编译源文件“../src/editor/thumbnailgenerator.cpp”)
      C:\work\qt\Studio\irisgl\src\graphics\renderitem.h(34,8):
      参见“iris::RenderItem”的声明
  
C:\work\qt\Studio\irisgl\src\scenegraph\scene.h(39,8): warning C4099: “iris::PickingResult”: 类型名称以前使用“class”现在使用的是“struct”
  (编译源文件“../src/editor/thumbnailgenerator.cpp”)
      C:\work\qt\Studio\irisgl\src\scenegraph\scene.h(39,8):
      参见“iris::PickingResult”的声明
  
C:\work\qt\Studio\src\shadergraph\models\properties.h(158,10): warning C4305: “=”: 从“double”到“float”截断
  (编译源文件“../src/commands/addscenenodecommand.cpp”)
  
C:\work\qt\Studio\irisgl\src\graphics\renderlist.h(9,7): warning C4099: “iris::RenderItem”: 类型名称以前使用“struct”现在使用的是“class”
  (编译源文件“../src/editor/thumbnailgenerator.cpp”)
      C:\work\qt\Studio\irisgl\src\graphics\renderitem.h(34,8):
      参见“iris::RenderItem”的声明
  
C:\work\qt\Studio\irisgl\src\graphics\mesh.h(26,7): warning C4099: “aiMesh”: 类型名称以前使用“struct”现在使用的是“class”
  (编译源文件“../src/editor/outlinerenderer.cpp”)
      C:\work\qt\Studio\irisgl\src\assimp\include\assimp\mesh.h(638,8):
      参见“aiMesh”的声明
  
C:\work\qt\Studio\irisgl\src\graphics\graphicshelper.h(21,7): warning C4099: “aiScene”: 类型名称以前使用“struct”现在使用的是“class”
  (编译源文件“../src/editor/thumbnailgenerator.cpp”)
      C:\work\qt\Studio\irisgl\src\assimp\include\assimp\scene.h(273,19):
      参见“aiScene”的声明
  
C:\work\qt\Studio\src\core\database\database.cpp(323,1): warning C4715: “Database::createCollectionsTable”: 不是所有的控件路径都返回值
C:\work\qt\Studio\src\core\database\database.cpp(372,1): warning C4715: “Database::createMetadataTable”: 不是所有的控件路径都返回值
C:\work\qt\Studio\src\shadergraph\graph\graphnodescene.h(39,7): warning C4099: “Property”: 类型名称以前使用“struct”现在使用的是“class”
  (编译源文件“../src/commands/addscenenodecommand.cpp”)
      C:\work\qt\Studio\src\shadergraph\models\properties.h(25,8):
      参见“Property”的声明
  
C:\work\qt\Studio\irisgl\src\vr\vrdevice.h(89,8): warning C4099: “iris::VrSwapChain”: 类型名称以前使用“class”现在使用的是“struct”
  (编译源文件“../src/commands/deletescenenodecommand.cpp”)
      C:\work\qt\Studio\irisgl\src\vr\vrdevice.h(89,8):
      参见“iris::VrSwapChain”的声明
  
C:\work\qt\Studio\irisgl\src\graphics\graphicshelper.h(21,7): warning C4099: “aiScene”: 类型名称以前使用“struct”现在使用的是“class”
  (编译源文件“../src/editor/outlinerenderer.cpp”)
      C:\work\qt\Studio\irisgl\src\assimp\include\assimp\scene.h(273,19):
      参见“aiScene”的声明
  
C:\work\qt\Studio\src\shadergraph\widgets\propertylistwidget.h(15,7): warning C4099: “FloatProperty”: 类型名称以前使用“struct”现在使用的是“class”
  (编译源文件“../src/commands/addscenenodecommand.cpp”)
      C:\work\qt\Studio\src\shadergraph\models\properties.h(147,8):
      参见“FloatProperty”的声明
  
C:\work\qt\Studio\src\shadergraph\widgets\propertylistwidget.h(16,7): warning C4099: “Vec2Property”: 类型名称以前使用“struct”现在使用的是“class”
  (编译源文件“../src/commands/addscenenodecommand.cpp”)
      C:\work\qt\Studio\src\shadergraph\models\properties.h(287,8):
      参见“Vec2Property”的声明
  
C:\work\qt\Studio\src\shadergraph\widgets\propertylistwidget.h(17,7): warning C4099: “Vec3Property”: 类型名称以前使用“struct”现在使用的是“class”
  (编译源文件“../src/commands/addscenenodecommand.cpp”)
      C:\work\qt\Studio\src\shadergraph\models\properties.h(332,8):
      参见“Vec3Property”的声明
  
C:\work\qt\Studio\src\shadergraph\widgets\propertylistwidget.h(18,7): warning C4099: “Vec4Property”: 类型名称以前使用“struct”现在使用的是“class”
  (编译源文件“../src/commands/addscenenodecommand.cpp”)
      C:\work\qt\Studio\src\shadergraph\models\properties.h(382,8):
      参见“Vec4Property”的声明
  
C:\work\qt\Studio\src\shadergraph\widgets\propertylistwidget.h(19,7): warning C4099: “IntProperty”: 类型名称以前使用“struct”现在使用的是“class”
  (编译源文件“../src/commands/addscenenodecommand.cpp”)
      C:\work\qt\Studio\src\shadergraph\models\properties.h(95,8):
      参见“IntProperty”的声明
  
C:\work\qt\Studio\src\shadergraph\widgets\propertylistwidget.h(20,7): warning C4099: “TextureProperty”: 类型名称以前使用“struct”现在使用的是“class”
  (编译源文件“../src/commands/addscenenodecommand.cpp”)
      C:\work\qt\Studio\src\shadergraph\models\properties.h(248,8):
      参见“TextureProperty”的声明
  
C:\work\qt\Studio\src\widgets\assetview.h(74,16): warning C4091: “typedef ”: 没有声明变量时忽略“directory_tuple”的左侧
  (编译源文件“../src/widgets/assetview.cpp”)
  
C:\work\qt\Studio\irisgl\src\scenegraph\scene.h(39,8): warning C4099: “iris::PickingResult”: 类型名称以前使用“class”现在使用的是“struct”
  (编译源文件“../src/editor/animationpath.cpp”)
      C:\work\qt\Studio\irisgl\src\scenegraph\scene.h(39,8):
      参见“iris::PickingResult”的声明
  
C:\work\qt\Studio\src\shadergraph\shadergraphmainwindow.h(31,7): warning C4099: “NodeLibraryItem”: 类型名称以前使用“struct”现在使用的是“class”
  (编译源文件“../src/commands/addscenenodecommand.cpp”)
      C:\work\qt\Studio\src\shadergraph\models\library.h(11,8):
      参见“NodeLibraryItem”的声明
  
  QtAwesome.cpp
C:\work\qt\Studio\src\io\assetmanager.h(23,7): warning C4099: “aiScene”: 类型名称以前使用“struct”现在使用的是“class”
  (编译源文件“../src/editor/thumbnailgenerator.cpp”)
      C:\work\qt\Studio\irisgl\src\assimp\include\assimp\scene.h(273,19):
      参见“aiScene”的声明
  
C:\work\qt\Studio\src\io\scenereader.h(35,7): warning C4099: “aiScene”: 类型名称以前使用“struct”现在使用的是“class”
  (编译源文件“../src/editor/thumbnailgenerator.cpp”)
      C:\work\qt\Studio\irisgl\src\assimp\include\assimp\scene.h(273,19):
      参见“aiScene”的声明
  
C:\work\qt\Studio\irisgl\src\scenegraph\scenenode.h(36,7): warning C4099: “iris::PhysicsProperty”: 类型名称以前使用“struct”现在使用的是“class”
  (编译源文件“../src/editor/outlinerenderer.cpp”)
      C:\work\qt\Studio\irisgl\src\physics\physicsproperties.h(43,8):
      参见“iris::PhysicsProperty”的声明
  
C:\work\qt\Studio\src\shadergraph\models\properties.h(158,10): warning C4305: “=”: 从“double”到“float”截断
  (编译源文件“../src/commands/deletescenenodecommand.cpp”)
  
C:\work\qt\Studio\src\editor\thumbnailgenerator.cpp(119,22): warning C4305: “=”: 从“double”到“float”截断
C:\work\qt\Studio\src\editor\thumbnailgenerator.cpp(128,22): warning C4305: “=”: 从“double”到“float”截断
  QtAwesomeAnim.cpp
C:\work\qt\Studio\irisgl\src\scenegraph\scenenode.h(36,7): warning C4099: “iris::PhysicsProperty”: 类型名称以前使用“struct”现在使用的是“class”
  (编译源文件“../src/editor/animationpath.cpp”)
      C:\work\qt\Studio\irisgl\src\physics\physicsproperties.h(43,8):
      参见“iris::PhysicsProperty”的声明
  
C:\work\qt\Studio\irisgl\src\graphics\mesh.h(26,7): warning C4099: “aiMesh”: 类型名称以前使用“struct”现在使用的是“class”
  (编译源文件“../src/editor/viewermaterial.cpp”)
      C:\work\qt\Studio\irisgl\src\assimp\include\assimp\mesh.h(638,8):
      参见“aiMesh”的声明
  
C:\work\qt\Studio\irisgl\src\scenegraph\scene.h(39,8): warning C4099: “iris::PickingResult”: 类型名称以前使用“class”现在使用的是“struct”
  (编译源文件“../src/widgets/assetview.cpp”)
      C:\work\qt\Studio\irisgl\src\scenegraph\scene.h(39,8):
      参见“iris::PickingResult”的声明
  
C:\work\qt\Studio\irisgl\src\graphics\mesh.h(26,7): warning C4099: “aiMesh”: 类型名称以前使用“struct”现在使用的是“class”
  (编译源文件“../src/widgets/assetviewgrid.cpp”)
      C:\work\qt\Studio\irisgl\src\assimp\include\assimp\mesh.h(638,8):
      参见“aiMesh”的声明
  
C:\work\qt\Studio\src\shadergraph\graph\graphnodescene.h(39,7): warning C4099: “Property”: 类型名称以前使用“struct”现在使用的是“class”
  (编译源文件“../src/commands/deletescenenodecommand.cpp”)
      C:\work\qt\Studio\src\shadergraph\models\properties.h(25,8):
      参见“Property”的声明
  
C:\work\qt\Studio\src\shadergraph\widgets\propertylistwidget.h(15,7): warning C4099: “FloatProperty”: 类型名称以前使用“struct”现在使用的是“class”
  (编译源文件“../src/commands/deletescenenodecommand.cpp”)
      C:\work\qt\Studio\src\shadergraph\models\properties.h(147,8):
      参见“FloatProperty”的声明
  
C:\work\qt\Studio\src\shadergraph\widgets\propertylistwidget.h(16,7): warning C4099: “Vec2Property”: 类型名称以前使用“struct”现在使用的是“class”
  (编译源文件“../src/commands/deletescenenodecommand.cpp”)
      C:\work\qt\Studio\src\shadergraph\models\properties.h(287,8):
      参见“Vec2Property”的声明
  
C:\work\qt\Studio\src\shadergraph\widgets\propertylistwidget.h(17,7): warning C4099: “Vec3Property”: 类型名称以前使用“struct”现在使用的是“class”
  (编译源文件“../src/commands/deletescenenodecommand.cpp”)
      C:\work\qt\Studio\src\shadergraph\models\properties.h(332,8):
      参见“Vec3Property”的声明
  
C:\work\qt\Studio\src\shadergraph\widgets\propertylistwidget.h(18,7): warning C4099: “Vec4Property”: 类型名称以前使用“struct”现在使用的是“class”
  (编译源文件“../src/commands/deletescenenodecommand.cpp”)
      C:\work\qt\Studio\src\shadergraph\models\properties.h(382,8):
      参见“Vec4Property”的声明
  
C:\work\qt\Studio\src\shadergraph\widgets\propertylistwidget.h(19,7): warning C4099: “IntProperty”: 类型名称以前使用“struct”现在使用的是“class”
  (编译源文件“../src/commands/deletescenenodecommand.cpp”)
      C:\work\qt\Studio\src\shadergraph\models\properties.h(95,8):
      参见“IntProperty”的声明
  
C:\work\qt\Studio\src\shadergraph\widgets\propertylistwidget.h(20,7): warning C4099: “TextureProperty”: 类型名称以前使用“struct”现在使用的是“class”
  (编译源文件“../src/commands/deletescenenodecommand.cpp”)
      C:\work\qt\Studio\src\shadergraph\models\properties.h(248,8):
      参见“TextureProperty”的声明
  
C:\work\qt\Studio\src\dialogs\preferencesdialog.h(53,23): warning C4996: 'QMouseEvent::globalPos': Use globalPosition()
  (编译源文件“../src/widgets/assetview.cpp”)
  
C:\work\qt\Studio\src\dialogs\preferencesdialog.h(57,35): warning C4996: 'QMouseEvent::globalPos': Use globalPosition()
  (编译源文件“../src/widgets/assetview.cpp”)
  
C:\work\qt\Studio\src\dialogs\preferencesdialog.h(59,23): warning C4996: 'QMouseEvent::globalPos': Use globalPosition()
  (编译源文件“../src/widgets/assetview.cpp”)
  
C:\work\qt\Studio\src\shadergraph\shadergraphmainwindow.h(31,7): warning C4099: “NodeLibraryItem”: 类型名称以前使用“struct”现在使用的是“class”
  (编译源文件“../src/commands/deletescenenodecommand.cpp”)
      C:\work\qt\Studio\src\shadergraph\models\library.h(11,8):
      参见“NodeLibraryItem”的声明
  
C:\work\qt\Studio\irisgl\src\core\property.h(28,8): warning C4099: “iris::Property”: 类型名称以前使用“class”现在使用的是“struct”
  (编译源文件“../src/widgets/projectmanager.cpp”)
      C:\work\qt\Studio\irisgl\src\core\property.h(28,8):
      参见“iris::Property”的声明
  
C:\work\qt\Studio\irisgl\src\scenegraph\scene.h(39,8): warning C4099: “iris::PickingResult”: 类型名称以前使用“class”现在使用的是“struct”
  (编译源文件“../src/widgets/projectmanager.cpp”)
      C:\work\qt\Studio\irisgl\src\scenegraph\scene.h(39,8):
      参见“iris::PickingResult”的声明
  
  stylesheet.cpp
C:\work\qt\Studio\irisgl\src\scenegraph\scenenode.h(36,7): warning C4099: “iris::PhysicsProperty”: 类型名称以前使用“struct”现在使用的是“class”
  (编译源文件“../src/core/scenenodehelper.cpp”)
      C:\work\qt\Studio\irisgl\src\physics\physicsproperties.h(43,8):
      参见“iris::PhysicsProperty”的声明
  
  colorview.cpp
C:\work\qt\Studio\irisgl\src\scenegraph\scene.h(39,8): warning C4099: “iris::PickingResult”: 类型名称以前使用“class”现在使用的是“struct”
  (编译源文件“../src/core/subscriber.cpp”)
      C:\work\qt\Studio\irisgl\src\scenegraph\scene.h(39,8):
      参见“iris::PickingResult”的声明
  
C:\work\qt\Studio\src\widgets\assetview.h(74,16): warning C4091: “typedef ”: 没有声明变量时忽略“directory_tuple”的左侧
  (编译源文件“../src/widgets/assetviewgrid.cpp”)
  
C:\work\qt\Studio\irisgl\src\core\property.h(28,8): warning C4099: “iris::Property”: 类型名称以前使用“class”现在使用的是“struct”
  (编译源文件“../src/core/assethelper.cpp”)
      C:\work\qt\Studio\irisgl\src\core\property.h(28,8):
      参见“iris::Property”的声明
  
  toast.cpp
  tooltip.cpp
  dialoghelper.cpp
  switch.cpp
C:\work\qt\Studio\irisgl\src\scenegraph\scenenode.h(36,7): warning C4099: “iris::PhysicsProperty”: 类型名称以前使用“struct”现在使用的是“class”
  (编译源文件“../src/core/assethelper.cpp”)
      C:\work\qt\Studio\irisgl\src\physics\physicsproperties.h(43,8):
      参见“iris::PhysicsProperty”的声明
  
C:\work\qt\Studio\irisgl\src\scenegraph\scenenode.h(37,7): warning C4099: “iris::Property”: 类型名称以前使用“struct”现在使用的是“class”
  (编译源文件“../src/core/assethelper.cpp”)
      C:\work\qt\Studio\irisgl\src\core\property.h(28,8):
      参见“iris::Property”的声明
  
C:\work\qt\Studio\irisgl\src\graphics\mesh.h(26,7): warning C4099: “aiMesh”: 类型名称以前使用“struct”现在使用的是“class”
  (编译源文件“../src/widgets/projectmanager.cpp”)
      C:\work\qt\Studio\irisgl\src\assimp\include\assimp\mesh.h(638,8):
      参见“aiMesh”的声明
  
  handgizmo.cpp
C:\work\qt\Studio\irisgl\src\graphics\forwardrenderer.h(35,7): warning C4099: “iris::RenderData”: 类型名称以前使用“struct”现在使用的是“class”
  (编译源文件“../src/widgets/projectmanager.cpp”)
      C:\work\qt\Studio\irisgl\src\graphics\renderdata.h(22,8):
      参见“iris::RenderData”的声明
  
C:\work\qt\Studio\irisgl\src\graphics\graphicshelper.h(21,7): warning C4099: “aiScene”: 类型名称以前使用“struct”现在使用的是“class”
  (编译源文件“../src/widgets/projectmanager.cpp”)
      C:\work\qt\Studio\irisgl\src\assimp\include\assimp\scene.h(273,19):
      参见“aiScene”的声明
  
C:\work\qt\Studio\irisgl\src\scenegraph\scenenode.h(36,7): warning C4099: “iris::PhysicsProperty”: 类型名称以前使用“struct”现在使用的是“class”
  (编译源文件“../src/widgets/projectmanager.cpp”)
      C:\work\qt\Studio\irisgl\src\physics\physicsproperties.h(43,8):
      参见“iris::PhysicsProperty”的声明
  
C:\work\qt\Studio\irisgl\src\scenegraph\scenenode.h(37,7): warning C4099: “iris::Property”: 类型名称以前使用“struct”现在使用的是“class”
  (编译源文件“../src/widgets/projectmanager.cpp”)
      C:\work\qt\Studio\irisgl\src\core\property.h(28,8):
      参见“iris::Property”的声明
  
C:\work\qt\Studio\irisgl\src\graphics\renderitem.h(34,8): warning C4099: “iris::RenderItem”: 类型名称以前使用“class”现在使用的是“struct”
  (编译源文件“../src/widgets/projectmanager.cpp”)
      C:\work\qt\Studio\irisgl\src\graphics\renderitem.h(34,8):
      参见“iris::RenderItem”的声明
  
C:\work\qt\Studio\irisgl\src\scenegraph\meshnode.h(26,7): warning C4099: “aiScene”: 类型名称以前使用“struct”现在使用的是“class”
  (编译源文件“../src/widgets/projectmanager.cpp”)
      C:\work\qt\Studio\irisgl\src\assimp\include\assimp\scene.h(273,19):
      参见“aiScene”的声明
  
C:\work\qt\Studio\irisgl\src\scenegraph\meshnode.h(31,7): warning C4099: “iris::RenderItem”: 类型名称以前使用“struct”现在使用的是“class”
  (编译源文件“../src/widgets/projectmanager.cpp”)
      C:\work\qt\Studio\irisgl\src\graphics\renderitem.h(34,8):
      参见“iris::RenderItem”的声明
  
C:\work\qt\Studio\irisgl\src\scenegraph\particlesystemnode.h(25,7): warning C4099: “iris::RenderItem”: 类型名称以前使用“struct”现在使用的是“class”
  (编译源文件“../src/widgets/projectmanager.cpp”)
      C:\work\qt\Studio\irisgl\src\graphics\renderitem.h(34,8):
      参见“iris::RenderItem”的声明
  
C:\work\qt\Studio\irisgl\src\scenegraph\viewernode.h(21,7): warning C4099: “iris::RenderItem”: 类型名称以前使用“struct”现在使用的是“class”
  (编译源文件“../src/widgets/projectmanager.cpp”)
      C:\work\qt\Studio\irisgl\src\graphics\renderitem.h(34,8):
      参见“iris::RenderItem”的声明
  
C:\work\qt\Studio\irisgl\src\content\modelloader.h(7,7): warning C4099: “aiScene”: 类型名称以前使用“struct”现在使用的是“class”
  (编译源文件“../src/widgets/projectmanager.cpp”)
      C:\work\qt\Studio\irisgl\src\assimp\include\assimp\scene.h(273,19):
      参见“aiScene”的声明
  
C:\work\qt\Studio\irisgl\src\animation\animableproperty.h(16,8): warning C4099: “iris::AnimableProperty”: 类型名称以前使用“class”现在使用的是“struct”
  (编译源文件“../src/widgets/projectmanager.cpp”)
      C:\work\qt\Studio\irisgl\src\animation\animableproperty.h(16,8):
      参见“iris::AnimableProperty”的声明
  
C:\work\qt\Studio\irisgl\src\graphics\mesh.h(26,7): warning C4099: “aiMesh”: 类型名称以前使用“struct”现在使用的是“class”
  (编译源文件“../src/editor/animationpath.cpp”)
      C:\work\qt\Studio\irisgl\src\assimp\include\assimp\mesh.h(638,8):
      参见“aiMesh”的声明
  
  playerwidget.cpp
C:\work\qt\Studio\irisgl\src\animation\propertyanim.h(12,8): warning C4099: “iris::PropertyAnimInfo”: 类型名称以前使用“class”现在使用的是“struct”
  (编译源文件“../src/widgets/projectmanager.cpp”)
      C:\work\qt\Studio\irisgl\src\animation\propertyanim.h(12,8):
      参见“iris::PropertyAnimInfo”的声明
  
C:\work\qt\Studio\irisgl\src\scenegraph\scene.h(39,8): warning C4099: “iris::PickingResult”: 类型名称以前使用“class”现在使用的是“struct”
  (编译源文件“../src/dialogs/softwareupdatedialog.cpp”)
      C:\work\qt\Studio\irisgl\src\scenegraph\scene.h(39,8):
      参见“iris::PickingResult”的声明
  
C:\work\qt\Studio\irisgl\src\graphics\renderitem.h(34,8): warning C4099: “iris::RenderItem”: 类型名称以前使用“class”现在使用的是“struct”
  (编译源文件“../src/editor/animationpath.cpp”)
      C:\work\qt\Studio\irisgl\src\graphics\renderitem.h(34,8):
      参见“iris::RenderItem”的声明
  
C:\work\qt\Studio\irisgl\src\scenegraph\meshnode.h(26,7): warning C4099: “aiScene”: 类型名称以前使用“struct”现在使用的是“class”
  (编译源文件“../src/editor/animationpath.cpp”)
      C:\work\qt\Studio\irisgl\src\assimp\include\assimp\scene.h(273,19):
      参见“aiScene”的声明
  
C:\work\qt\Studio\irisgl\src\scenegraph\meshnode.h(31,7): warning C4099: “iris::RenderItem”: 类型名称以前使用“struct”现在使用的是“class”
  (编译源文件“../src/editor/animationpath.cpp”)
      C:\work\qt\Studio\irisgl\src\graphics\renderitem.h(34,8):
      参见“iris::RenderItem”的声明
  
C:\work\qt\Studio\irisgl\src\scenegraph\particlesystemnode.h(25,7): warning C4099: “iris::RenderItem”: 类型名称以前使用“struct”现在使用的是“class”
  (编译源文件“../src/editor/animationpath.cpp”)
      C:\work\qt\Studio\irisgl\src\graphics\renderitem.h(34,8):
      参见“iris::RenderItem”的声明
  
C:\work\qt\Studio\irisgl\src\graphics\renderitem.h(34,8): warning C4099: “iris::RenderItem”: 类型名称以前使用“class”现在使用的是“struct”
  (编译源文件“../src/editor/outlinerenderer.cpp”)
      C:\work\qt\Studio\irisgl\src\graphics\renderitem.h(34,8):
      参见“iris::RenderItem”的声明
  
C:\work\qt\Studio\irisgl\src\scenegraph\meshnode.h(26,7): warning C4099: “aiScene”: 类型名称以前使用“struct”现在使用的是“class”
  (编译源文件“../src/editor/outlinerenderer.cpp”)
      C:\work\qt\Studio\irisgl\src\assimp\include\assimp\scene.h(273,19):
      参见“aiScene”的声明
  
C:\work\qt\Studio\irisgl\src\scenegraph\meshnode.h(31,7): warning C4099: “iris::RenderItem”: 类型名称以前使用“struct”现在使用的是“class”
  (编译源文件“../src/editor/outlinerenderer.cpp”)
      C:\work\qt\Studio\irisgl\src\graphics\renderitem.h(34,8):
      参见“iris::RenderItem”的声明
  
C:\work\qt\Studio\irisgl\src\scenegraph\viewernode.h(21,7): warning C4099: “iris::RenderItem”: 类型名称以前使用“struct”现在使用的是“class”
  (编译源文件“../src/editor/animationpath.cpp”)
      C:\work\qt\Studio\irisgl\src\graphics\renderitem.h(34,8):
      参见“iris::RenderItem”的声明
  
C:\work\qt\Studio\irisgl\src\scenegraph\particlesystemnode.h(25,7): warning C4099: “iris::RenderItem”: 类型名称以前使用“struct”现在使用的是“class”
  (编译源文件“../src/editor/outlinerenderer.cpp”)
      C:\work\qt\Studio\irisgl\src\graphics\renderitem.h(34,8):
      参见“iris::RenderItem”的声明
  
C:\work\qt\Studio\irisgl\src\animation\animableproperty.h(16,8): warning C4099: “iris::AnimableProperty”: 类型名称以前使用“class”现在使用的是“struct”
  (编译源文件“../src/editor/animationpath.cpp”)
      C:\work\qt\Studio\irisgl\src\animation\animableproperty.h(16,8):
      参见“iris::AnimableProperty”的声明
  
C:\work\qt\Studio\irisgl\src\animation\propertyanim.h(12,8): warning C4099: “iris::PropertyAnimInfo”: 类型名称以前使用“class”现在使用的是“struct”
  (编译源文件“../src/editor/animationpath.cpp”)
      C:\work\qt\Studio\irisgl\src\animation\propertyanim.h(12,8):
      参见“iris::PropertyAnimInfo”的声明
  
C:\work\qt\Studio\irisgl\src\graphics\mesh.h(26,7): warning C4099: “aiMesh”: 类型名称以前使用“struct”现在使用的是“class”
  (编译源文件“../src/widgets/assetviewer.cpp”)
      C:\work\qt\Studio\irisgl\src\assimp\include\assimp\mesh.h(638,8):
      参见“aiMesh”的声明
  
C:\work\qt\Studio\irisgl\src\graphics\forwardrenderer.h(35,7): warning C4099: “iris::RenderData”: 类型名称以前使用“struct”现在使用的是“class”
  (编译源文件“../src/editor/animationpath.cpp”)
      C:\work\qt\Studio\irisgl\src\graphics\renderdata.h(22,8):
      参见“iris::RenderData”的声明
  
C:\work\qt\Studio\irisgl\src\graphics\mesh.h(26,7): warning C4099: “aiMesh”: 类型名称以前使用“struct”现在使用的是“class”
  (编译源文件“../src/core/assethelper.cpp”)
      C:\work\qt\Studio\irisgl\src\assimp\include\assimp\mesh.h(638,8):
      参见“aiMesh”的声明
  
C:\work\qt\Studio\irisgl\src\graphics\forwardrenderer.h(35,7): warning C4099: “iris::RenderData”: 类型名称以前使用“struct”现在使用的是“class”
  (编译源文件“../src/widgets/assetviewer.cpp”)
      C:\work\qt\Studio\irisgl\src\graphics\renderdata.h(22,8):
      参见“iris::RenderData”的声明
  
C:\work\qt\Studio\irisgl\src\graphics\renderitem.h(34,8): warning C4099: “iris::RenderItem”: 类型名称以前使用“class”现在使用的是“struct”
  (编译源文件“../src/core/assethelper.cpp”)
      C:\work\qt\Studio\irisgl\src\graphics\renderitem.h(34,8):
      参见“iris::RenderItem”的声明
  
C:\work\qt\Studio\irisgl\src\scenegraph\scene.h(39,8): warning C4099: “iris::PickingResult”: 类型名称以前使用“class”现在使用的是“struct”
  (编译源文件“../src/widgets/assetviewer.cpp”)
      C:\work\qt\Studio\irisgl\src\scenegraph\scene.h(39,8):
      参见“iris::PickingResult”的声明
  
C:\work\qt\Studio\irisgl\src\scenegraph\meshnode.h(26,7): warning C4099: “aiScene”: 类型名称以前使用“struct”现在使用的是“class”
  (编译源文件“../src/core/assethelper.cpp”)
      C:\work\qt\Studio\irisgl\src\assimp\include\assimp\scene.h(273,19):
      参见“aiScene”的声明
  
C:\work\qt\Studio\irisgl\src\scenegraph\meshnode.h(31,7): warning C4099: “iris::RenderItem”: 类型名称以前使用“struct”现在使用的是“class”
  (编译源文件“../src/core/assethelper.cpp”)
      C:\work\qt\Studio\irisgl\src\graphics\renderitem.h(34,8):
      参见“iris::RenderItem”的声明
  
C:\work\qt\Studio\irisgl\src\graphics\renderlist.h(9,7): warning C4099: “iris::RenderItem”: 类型名称以前使用“struct”现在使用的是“class”
  (编译源文件“../src/editor/animationpath.cpp”)
      C:\work\qt\Studio\irisgl\src\graphics\renderitem.h(34,8):
      参见“iris::RenderItem”的声明
  
  playerview.cpp
C:\work\qt\Studio\irisgl\src\graphics\graphicshelper.h(21,7): warning C4099: “aiScene”: 类型名称以前使用“struct”现在使用的是“class”
  (编译源文件“../src/editor/animationpath.cpp”)
      C:\work\qt\Studio\irisgl\src\assimp\include\assimp\scene.h(273,19):
      参见“aiScene”的声明
  
C:\work\qt\Studio\irisgl\src\scenegraph\scenenode.h(36,7): warning C4099: “iris::PhysicsProperty”: 类型名称以前使用“struct”现在使用的是“class”
  (编译源文件“../src/widgets/assetviewer.cpp”)
      C:\work\qt\Studio\irisgl\src\physics\physicsproperties.h(43,8):
      参见“iris::PhysicsProperty”的声明
  
  playervrcontroller.cpp
  playermousecontroller.cpp
C:\work\qt\Studio\irisgl\src\graphics\renderitem.h(34,8): warning C4099: “iris::RenderItem”: 类型名称以前使用“class”现在使用的是“struct”
  (编译源文件“../src/widgets/assetviewer.cpp”)
      C:\work\qt\Studio\irisgl\src\graphics\renderitem.h(34,8):
      参见“iris::RenderItem”的声明
  
C:\work\qt\Studio\irisgl\src\scenegraph\meshnode.h(26,7): warning C4099: “aiScene”: 类型名称以前使用“struct”现在使用的是“class”
  (编译源文件“../src/widgets/assetviewer.cpp”)
      C:\work\qt\Studio\irisgl\src\assimp\include\assimp\scene.h(273,19):
      参见“aiScene”的声明
  
C:\work\qt\Studio\irisgl\src\scenegraph\meshnode.h(31,7): warning C4099: “iris::RenderItem”: 类型名称以前使用“struct”现在使用的是“class”
  (编译源文件“../src/widgets/assetviewer.cpp”)
      C:\work\qt\Studio\irisgl\src\graphics\renderitem.h(34,8):
      参见“iris::RenderItem”的声明
  
C:\work\qt\Studio\irisgl\src\graphics\forwardrenderer.h(35,7): warning C4099: “iris::RenderData”: 类型名称以前使用“struct”现在使用的是“class”
  (编译源文件“../src/core/assethelper.cpp”)
      C:\work\qt\Studio\irisgl\src\graphics\renderdata.h(22,8):
      参见“iris::RenderData”的声明
  
C:\work\qt\Studio\irisgl\src\core\property.h(28,8): warning C4099: “iris::Property”: 类型名称以前使用“class”现在使用的是“struct”
  (编译源文件“../src/widgets/assetviewer.cpp”)
      C:\work\qt\Studio\irisgl\src\core\property.h(28,8):
      参见“iris::Property”的声明
  
  hand.cpp
C:\work\qt\Studio\irisgl\src\vr\vrdevice.h(89,8): warning C4099: “iris::VrSwapChain”: 类型名称以前使用“class”现在使用的是“struct”
  (编译源文件“../src/widgets/projectmanager.cpp”)
      C:\work\qt\Studio\irisgl\src\vr\vrdevice.h(89,8):
      参见“iris::VrSwapChain”的声明
  
C:\work\qt\Studio\irisgl\src\graphics\renderlist.h(9,7): warning C4099: “iris::RenderItem”: 类型名称以前使用“struct”现在使用的是“class”
  (编译源文件“../src/core/assethelper.cpp”)
      C:\work\qt\Studio\irisgl\src\graphics\renderitem.h(34,8):
      参见“iris::RenderItem”的声明
  
C:\work\qt\Studio\src\editor\animationpath.cpp(53,94): warning C4267: “参数”: 从“size_t”转换到“int”，可能丢失数据
C:\work\qt\Studio\src\shadergraph\models\properties.h(158,10): warning C4305: “=”: 从“double”到“float”截断
  (编译源文件“../src/widgets/projectmanager.cpp”)
  
C:\work\qt\Studio\irisgl\src\graphics\graphicshelper.h(21,7): warning C4099: “aiScene”: 类型名称以前使用“struct”现在使用的是“class”
  (编译源文件“../src/core/assethelper.cpp”)
      C:\work\qt\Studio\irisgl\src\assimp\include\assimp\scene.h(273,19):
      参见“aiScene”的声明
  
C:\work\qt\Studio\irisgl\src\graphics\mesh.h(26,7): warning C4099: “aiMesh”: 类型名称以前使用“struct”现在使用的是“class”
  (编译源文件“../src/core/scenenodehelper.cpp”)
      C:\work\qt\Studio\irisgl\src\assimp\include\assimp\mesh.h(638,8):
      参见“aiMesh”的声明
  
C:\work\qt\Studio\irisgl\src\graphics\forwardrenderer.h(35,7): warning C4099: “iris::RenderData”: 类型名称以前使用“struct”现在使用的是“class”
  (编译源文件“../src/widgets/assetview.cpp”)
      C:\work\qt\Studio\irisgl\src\graphics\renderdata.h(22,8):
      参见“iris::RenderData”的声明
  
C:\work\qt\Studio\irisgl\src\graphics\renderitem.h(34,8): warning C4099: “iris::RenderItem”: 类型名称以前使用“class”现在使用的是“struct”
  (编译源文件“../src/core/scenenodehelper.cpp”)
      C:\work\qt\Studio\irisgl\src\graphics\renderitem.h(34,8):
      参见“iris::RenderItem”的声明
  
C:\work\qt\Studio\irisgl\src\scenegraph\scenenode.h(36,7): warning C4099: “iris::PhysicsProperty”: 类型名称以前使用“struct”现在使用的是“class”
  (编译源文件“../src/widgets/assetview.cpp”)
      C:\work\qt\Studio\irisgl\src\physics\physicsproperties.h(43,8):
      参见“iris::PhysicsProperty”的声明
  
C:\work\qt\Studio\irisgl\src\scenegraph\meshnode.h(26,7): warning C4099: “aiScene”: 类型名称以前使用“struct”现在使用的是“class”
  (编译源文件“../src/core/scenenodehelper.cpp”)
      C:\work\qt\Studio\irisgl\src\assimp\include\assimp\scene.h(273,19):
      参见“aiScene”的声明
  
C:\work\qt\Studio\irisgl\src\scenegraph\meshnode.h(31,7): warning C4099: “iris::RenderItem”: 类型名称以前使用“struct”现在使用的是“class”
  (编译源文件“../src/core/scenenodehelper.cpp”)
      C:\work\qt\Studio\irisgl\src\graphics\renderitem.h(34,8):
      参见“iris::RenderItem”的声明
  
C:\work\qt\Studio\src\shadergraph\graph\graphnodescene.h(39,7): warning C4099: “Property”: 类型名称以前使用“struct”现在使用的是“class”
  (编译源文件“../src/widgets/projectmanager.cpp”)
      C:\work\qt\Studio\src\shadergraph\models\properties.h(25,8):
      参见“Property”的声明
  
C:\work\qt\Studio\src\shadergraph\widgets\propertylistwidget.h(15,7): warning C4099: “FloatProperty”: 类型名称以前使用“struct”现在使用的是“class”
  (编译源文件“../src/widgets/projectmanager.cpp”)
      C:\work\qt\Studio\src\shadergraph\models\properties.h(147,8):
      参见“FloatProperty”的声明
  
C:\work\qt\Studio\src\shadergraph\widgets\propertylistwidget.h(16,7): warning C4099: “Vec2Property”: 类型名称以前使用“struct”现在使用的是“class”
  (编译源文件“../src/widgets/projectmanager.cpp”)
      C:\work\qt\Studio\src\shadergraph\models\properties.h(287,8):
      参见“Vec2Property”的声明
  
C:\work\qt\Studio\src\shadergraph\widgets\propertylistwidget.h(17,7): warning C4099: “Vec3Property”: 类型名称以前使用“struct”现在使用的是“class”
  (编译源文件“../src/widgets/projectmanager.cpp”)
      C:\work\qt\Studio\src\shadergraph\models\properties.h(332,8):
      参见“Vec3Property”的声明
  
C:\work\qt\Studio\src\shadergraph\widgets\propertylistwidget.h(18,7): warning C4099: “Vec4Property”: 类型名称以前使用“struct”现在使用的是“class”
  (编译源文件“../src/widgets/projectmanager.cpp”)
      C:\work\qt\Studio\src\shadergraph\models\properties.h(382,8):
      参见“Vec4Property”的声明
  
C:\work\qt\Studio\src\shadergraph\widgets\propertylistwidget.h(19,7): warning C4099: “IntProperty”: 类型名称以前使用“struct”现在使用的是“class”
  (编译源文件“../src/widgets/projectmanager.cpp”)
      C:\work\qt\Studio\src\shadergraph\models\properties.h(95,8):
      参见“IntProperty”的声明
  
C:\work\qt\Studio\src\shadergraph\widgets\propertylistwidget.h(20,7): warning C4099: “TextureProperty”: 类型名称以前使用“struct”现在使用的是“class”
  (编译源文件“../src/widgets/projectmanager.cpp”)
      C:\work\qt\Studio\src\shadergraph\models\properties.h(248,8):
      参见“TextureProperty”的声明
  
C:\work\qt\Studio\src\shadergraph\shadergraphmainwindow.h(31,7): warning C4099: “NodeLibraryItem”: 类型名称以前使用“struct”现在使用的是“class”
  (编译源文件“../src/widgets/projectmanager.cpp”)
      C:\work\qt\Studio\src\shadergraph\models\library.h(11,8):
      参见“NodeLibraryItem”的声明
  
C:\work\qt\Studio\src\io\assetmanager.h(23,7): warning C4099: “aiScene”: 类型名称以前使用“struct”现在使用的是“class”
  (编译源文件“../src/core/assethelper.cpp”)
      C:\work\qt\Studio\irisgl\src\assimp\include\assimp\scene.h(273,19):
      参见“aiScene”的声明
  
C:\work\qt\Studio\irisgl\src\graphics\renderitem.h(34,8): warning C4099: “iris::RenderItem”: 类型名称以前使用“class”现在使用的是“struct”
  (编译源文件“../src/widgets/assetview.cpp”)
      C:\work\qt\Studio\irisgl\src\graphics\renderitem.h(34,8):
      参见“iris::RenderItem”的声明
  
C:\work\qt\Studio\irisgl\src\scenegraph\meshnode.h(26,7): warning C4099: “aiScene”: 类型名称以前使用“struct”现在使用的是“class”
  (编译源文件“../src/widgets/assetview.cpp”)
      C:\work\qt\Studio\irisgl\src\assimp\include\assimp\scene.h(273,19):
      参见“aiScene”的声明
  
C:\work\qt\Studio\irisgl\src\scenegraph\meshnode.h(31,7): warning C4099: “iris::RenderItem”: 类型名称以前使用“struct”现在使用的是“class”
  (编译源文件“../src/widgets/assetview.cpp”)
      C:\work\qt\Studio\irisgl\src\graphics\renderitem.h(34,8):
      参见“iris::RenderItem”的声明
  
C:\work\qt\Studio\irisgl\src\core\property.h(28,8): warning C4099: “iris::Property”: 类型名称以前使用“class”现在使用的是“struct”
  (编译源文件“../src/widgets/assetview.cpp”)
      C:\work\qt\Studio\irisgl\src\core\property.h(28,8):
      参见“iris::Property”的声明
  
C:\work\qt\Studio\src\io\assetmanager.h(23,7): warning C4099: “aiScene”: 类型名称以前使用“struct”现在使用的是“class”
  (编译源文件“../src/widgets/projectmanager.cpp”)
      C:\work\qt\Studio\irisgl\src\assimp\include\assimp\scene.h(273,19):
      参见“aiScene”的声明
  
  playback.cpp
C:\work\qt\Studio\irisgl\src\graphics\renderlist.h(9,7): warning C4099: “iris::RenderItem”: 类型名称以前使用“struct”现在使用的是“class”
  (编译源文件“../src/widgets/assetview.cpp”)
      C:\work\qt\Studio\irisgl\src\graphics\renderitem.h(34,8):
      参见“iris::RenderItem”的声明
  
C:\work\qt\Studio\irisgl\src\graphics\graphicshelper.h(21,7): warning C4099: “aiScene”: 类型名称以前使用“struct”现在使用的是“class”
  (编译源文件“../src/widgets/assetview.cpp”)
      C:\work\qt\Studio\irisgl\src\assimp\include\assimp\scene.h(273,19):
      参见“aiScene”的声明
  
C:\work\qt\Studio\src\io\assetmanager.h(23,7): warning C4099: “aiScene”: 类型名称以前使用“struct”现在使用的是“class”
  (编译源文件“../src/widgets/assetview.cpp”)
      C:\work\qt\Studio\irisgl\src\assimp\include\assimp\scene.h(273,19):
      参见“aiScene”的声明
  
  materialhelper.cpp
  materialwriter.cpp
  texturemanager.cpp
C:\work\qt\Studio\irisgl\src\scenegraph\scene.h(39,8): warning C4099: “iris::PickingResult”: 类型名称以前使用“class”现在使用的是“struct”
  (编译源文件“../src/misc/upgrader.cpp”)
      C:\work\qt\Studio\irisgl\src\scenegraph\scene.h(39,8):
      参见“iris::PickingResult”的声明
  
C:\work\qt\Studio\src\helpers\tooltip.cpp(52,34): warning C4996: 'Qt::AA_EnableHighDpiScaling': High-DPI scaling is always enabled. This attribute no longer has any effect.
C:\work\qt\Studio\irisgl\src\graphics\mesh.h(26,7): warning C4099: “aiMesh”: 类型名称以前使用“struct”现在使用的是“class”
  (编译源文件“../src/editor/handgizmo.cpp”)
      C:\work\qt\Studio\irisgl\src\assimp\include\assimp\mesh.h(638,8):
      参见“aiMesh”的声明
  
  undoredo.cpp
  sockethelper.cpp
C:\work\qt\Studio\src\widgets\colorview.cpp(462,23): warning C4996: 'QMouseEvent::screenPos': Use globalPosition()
C:\work\qt\Studio\src\widgets\colorview.cpp(463,23): warning C4996: 'QMouseEvent::screenPos': Use globalPosition()
C:\work\qt\Studio\src\widgets\colorview.cpp(555,17): warning C4996: 'QMouseEvent::globalPos': Use globalPosition()
C:\work\qt\Studio\src\widgets\colorview.cpp(559,23): warning C4996: 'QMouseEvent::globalPos': Use globalPosition()
C:\work\qt\Studio\src\widgets\colorview.cpp(561,17): warning C4996: 'QMouseEvent::globalPos': Use globalPosition()
C:\work\qt\Studio\src\widgets\colorview.cpp(572,16): warning C4996: 'QColor::isValidColor': Use isValidColorName() instead.
  createnewdialog.cpp
  searchdialog.cpp
  shadercontext.cpp
  shadergenerator.cpp
  graphnode.cpp
C:\work\qt\Studio\src\widgets\assetview.cpp(1335,20): warning C4101: “type”: 未引用的局部变量
  graphnodescene.cpp
  nodegraph.cpp
  socket.cpp
C:\work\qt\Studio\irisgl\src\vtkmeta\assetdatatypes.h(190,7): warning C4099: “vtkmeta::ModelDocument”: 类型名称以前使用“struct”现在使用的是“class”
  (编译源文件“../src/widgets/assetviewer.cpp”)
      C:\work\qt\Studio\irisgl\src\vtkmeta\assetdatatypes.h(190,7):
      参见“vtkmeta::ModelDocument”的声明
  
C:\work\qt\Studio\irisgl\src\scenegraph\particlesystemnode.h(25,7): warning C4099: “iris::RenderItem”: 类型名称以前使用“struct”现在使用的是“class”
  (编译源文件“../src/widgets/assetviewer.cpp”)
      C:\work\qt\Studio\irisgl\src\graphics\renderitem.h(34,8):
      参见“iris::RenderItem”的声明
  
C:\work\qt\Studio\irisgl\src\graphics\mesh.h(26,7): warning C4099: “aiMesh”: 类型名称以前使用“struct”现在使用的是“class”
  (编译源文件“../src/player/playervrcontroller.cpp”)
      C:\work\qt\Studio\irisgl\src\assimp\include\assimp\mesh.h(638,8):
      参见“aiMesh”的声明
  
C:\work\qt\Studio\irisgl\src\scenegraph\scenenode.h(36,7): warning C4099: “iris::PhysicsProperty”: 类型名称以前使用“struct”现在使用的是“class”
  (编译源文件“../src/player/playervrcontroller.cpp”)
      C:\work\qt\Studio\irisgl\src\physics\physicsproperties.h(43,8):
      参见“iris::PhysicsProperty”的声明
  
C:\work\qt\Studio\irisgl\src\graphics\forwardrenderer.h(35,7): warning C4099: “iris::RenderData”: 类型名称以前使用“struct”现在使用的是“class”
  (编译源文件“../src/editor/handgizmo.cpp”)
      C:\work\qt\Studio\irisgl\src\graphics\renderdata.h(22,8):
      参见“iris::RenderData”的声明
  
  socketconnection.cpp
C:\work\qt\Studio\irisgl\src\graphics\mesh.h(26,7): warning C4099: “aiMesh”: 类型名称以前使用“struct”现在使用的是“class”
  (编译源文件“../src/player/playermousecontroller.cpp”)
      C:\work\qt\Studio\irisgl\src\assimp\include\assimp\mesh.h(638,8):
      参见“aiMesh”的声明
  
C:\work\qt\Studio\irisgl\src\graphics\graphicshelper.h(21,7): warning C4099: “aiScene”: 类型名称以前使用“struct”现在使用的是“class”
  (编译源文件“../src/editor/handgizmo.cpp”)
      C:\work\qt\Studio\irisgl\src\assimp\include\assimp\scene.h(273,19):
      参见“aiScene”的声明
  
C:\work\qt\Studio\irisgl\src\scenegraph\scenenode.h(36,7): warning C4099: “iris::PhysicsProperty”: 类型名称以前使用“struct”现在使用的是“class”
  (编译源文件“../src/player/playermousecontroller.cpp”)
      C:\work\qt\Studio\irisgl\src\physics\physicsproperties.h(43,8):
      参见“iris::PhysicsProperty”的声明
  
C:\work\qt\Studio\src\shadergraph\models\properties.h(147,8): warning C4099: “FloatProperty”: 类型名称以前使用“class”现在使用的是“struct”
  (编译源文件“../src/shadergraph/core/materialwriter.cpp”)
      C:\work\qt\Studio\src\shadergraph\models\properties.h(147,8):
      参见“FloatProperty”的声明
  
C:\work\qt\Studio\src\shadergraph\models\properties.h(158,10): warning C4305: “=”: 从“double”到“float”截断
  (编译源文件“../src/shadergraph/core/materialwriter.cpp”)
  
C:\work\qt\Studio\irisgl\src\graphics\mesh.h(26,7): warning C4099: “aiMesh”: 类型名称以前使用“struct”现在使用的是“class”
  (编译源文件“../src/player/playerwidget.cpp”)
      C:\work\qt\Studio\irisgl\src\assimp\include\assimp\mesh.h(638,8):
      参见“aiMesh”的声明
  
C:\work\qt\Studio\irisgl\src\core\property.h(28,8): warning C4099: “iris::Property”: 类型名称以前使用“class”现在使用的是“struct”
  (编译源文件“../src/shadergraph/core/materialhelper.cpp”)
      C:\work\qt\Studio\irisgl\src\core\property.h(28,8):
      参见“iris::Property”的声明
  
C:\work\qt\Studio\irisgl\src\graphics\mesh.h(26,7): warning C4099: “aiMesh”: 类型名称以前使用“struct”现在使用的是“class”
  (编译源文件“../src/player/hand.cpp”)
      C:\work\qt\Studio\irisgl\src\assimp\include\assimp\mesh.h(638,8):
      参见“aiMesh”的声明
  
C:\work\qt\Studio\irisgl\src\scenegraph\scene.h(39,8): warning C4099: “iris::PickingResult”: 类型名称以前使用“class”现在使用的是“struct”
  (编译源文件“../src/editor/handgizmo.cpp”)
      C:\work\qt\Studio\irisgl\src\scenegraph\scene.h(39,8):
      参见“iris::PickingResult”的声明
  
C:\work\qt\Studio\irisgl\src\scenegraph\scenenode.h(36,7): warning C4099: “iris::PhysicsProperty”: 类型名称以前使用“struct”现在使用的是“class”
  (编译源文件“../src/player/hand.cpp”)
      C:\work\qt\Studio\irisgl\src\physics\physicsproperties.h(43,8):
      参见“iris::PhysicsProperty”的声明
  
C:\work\qt\Studio\irisgl\src\graphics\renderlist.h(9,7): warning C4099: “iris::RenderItem”: 类型名称以前使用“struct”现在使用的是“class”
  (编译源文件“../src/widgets/assetviewer.cpp”)
      C:\work\qt\Studio\irisgl\src\graphics\renderitem.h(34,8):
      参见“iris::RenderItem”的声明
  
C:\work\qt\Studio\irisgl\src\scenegraph\scenenode.h(36,7): warning C4099: “iris::PhysicsProperty”: 类型名称以前使用“struct”现在使用的是“class”
  (编译源文件“../src/editor/handgizmo.cpp”)
      C:\work\qt\Studio\irisgl\src\physics\physicsproperties.h(43,8):
      参见“iris::PhysicsProperty”的声明
  
C:\work\qt\Studio\irisgl\src\graphics\renderitem.h(34,8): warning C4099: “iris::RenderItem”: 类型名称以前使用“class”现在使用的是“struct”
  (编译源文件“../src/editor/handgizmo.cpp”)
      C:\work\qt\Studio\irisgl\src\graphics\renderitem.h(34,8):
      参见“iris::RenderItem”的声明
  
C:\work\qt\Studio\irisgl\src\scenegraph\meshnode.h(26,7): warning C4099: “aiScene”: 类型名称以前使用“struct”现在使用的是“class”
  (编译源文件“../src/editor/handgizmo.cpp”)
      C:\work\qt\Studio\irisgl\src\assimp\include\assimp\scene.h(273,19):
      参见“aiScene”的声明
  
C:\work\qt\Studio\irisgl\src\scenegraph\meshnode.h(31,7): warning C4099: “iris::RenderItem”: 类型名称以前使用“struct”现在使用的是“class”
  (编译源文件“../src/editor/handgizmo.cpp”)
      C:\work\qt\Studio\irisgl\src\graphics\renderitem.h(34,8):
      参见“iris::RenderItem”的声明
  
C:\work\qt\Studio\irisgl\src\scenegraph\particlesystemnode.h(25,7): warning C4099: “iris::RenderItem”: 类型名称以前使用“struct”现在使用的是“class”
  (编译源文件“../src/editor/handgizmo.cpp”)
      C:\work\qt\Studio\irisgl\src\graphics\renderitem.h(34,8):
      参见“iris::RenderItem”的声明
  
C:\work\qt\Studio\irisgl\src\scenegraph\viewernode.h(21,7): warning C4099: “iris::RenderItem”: 类型名称以前使用“struct”现在使用的是“class”
  (编译源文件“../src/editor/handgizmo.cpp”)
      C:\work\qt\Studio\irisgl\src\graphics\renderitem.h(34,8):
      参见“iris::RenderItem”的声明
  
C:\work\qt\Studio\irisgl\src\content\modelloader.h(7,7): warning C4099: “aiScene”: 类型名称以前使用“struct”现在使用的是“class”
  (编译源文件“../src/editor/handgizmo.cpp”)
      C:\work\qt\Studio\irisgl\src\assimp\include\assimp\scene.h(273,19):
      参见“aiScene”的声明
  
C:\work\qt\Studio\src\shadergraph\models\properties.h(158,10): warning C4305: “=”: 从“double”到“float”截断
  (编译源文件“../src/shadergraph/generator/shadergenerator.cpp”)
  
C:\work\qt\Studio\irisgl\src\graphics\mesh.h(26,7): warning C4099: “aiMesh”: 类型名称以前使用“struct”现在使用的是“class”
  (编译源文件“../src/player/playback.cpp”)
      C:\work\qt\Studio\irisgl\src\assimp\include\assimp\mesh.h(638,8):
      参见“aiMesh”的声明
  
C:\work\qt\Studio\irisgl\src\graphics\mesh.h(26,7): warning C4099: “aiMesh”: 类型名称以前使用“struct”现在使用的是“class”
  (编译源文件“../src/shadergraph/core/texturemanager.cpp”)
      C:\work\qt\Studio\irisgl\src\assimp\include\assimp\mesh.h(638,8):
      参见“aiMesh”的声明
  
  connectionmodel.cpp
C:\work\qt\Studio\irisgl\src\scenegraph\scenenode.h(36,7): warning C4099: “iris::PhysicsProperty”: 类型名称以前使用“struct”现在使用的是“class”
  (编译源文件“../src/player/playback.cpp”)
      C:\work\qt\Studio\irisgl\src\physics\physicsproperties.h(43,8):
      参见“iris::PhysicsProperty”的声明
  
  library.cpp
C:\work\qt\Studio\src\shadergraph\models\properties.h(158,10): warning C4305: “=”: 从“double”到“float”截断
  (编译源文件“../src/shadergraph/generator/shadercontext.cpp”)
  
C:\work\qt\Studio\src\shadergraph\models\properties.h(158,10): warning C4305: “=”: 从“double”到“float”截断
  (编译源文件“../src/shadergraph/graph/nodegraph.cpp”)
  
C:\work\qt\Studio\irisgl\src\graphics\graphicshelper.h(21,7): warning C4099: “aiScene”: 类型名称以前使用“struct”现在使用的是“class”
  (编译源文件“../src/widgets/assetviewer.cpp”)
      C:\work\qt\Studio\irisgl\src\assimp\include\assimp\scene.h(273,19):
      参见“aiScene”的声明
  
C:\work\qt\Studio\irisgl\src\scenegraph\viewernode.h(21,7): warning C4099: “iris::RenderItem”: 类型名称以前使用“struct”现在使用的是“class”
  (编译源文件“../src/widgets/assetviewer.cpp”)
      C:\work\qt\Studio\irisgl\src\graphics\renderitem.h(34,8):
      参见“iris::RenderItem”的声明
  
C:\work\qt\Studio\irisgl\src\graphics\mesh.h(26,7): warning C4099: “aiMesh”: 类型名称以前使用“struct”现在使用的是“class”
  (编译源文件“../src/shadergraph/graph/graphnode.cpp”)
      C:\work\qt\Studio\irisgl\src\assimp\include\assimp\mesh.h(638,8):
      参见“aiMesh”的声明
  
C:\work\qt\Studio\irisgl\src\content\modelloader.h(7,7): warning C4099: “aiScene”: 类型名称以前使用“struct”现在使用的是“class”
  (编译源文件“../src/widgets/assetviewer.cpp”)
      C:\work\qt\Studio\irisgl\src\assimp\include\assimp\scene.h(273,19):
      参见“aiScene”的声明
  
C:\work\qt\Studio\irisgl\src\animation\animableproperty.h(16,8): warning C4099: “iris::AnimableProperty”: 类型名称以前使用“class”现在使用的是“struct”
  (编译源文件“../src/widgets/assetviewer.cpp”)
      C:\work\qt\Studio\irisgl\src\animation\animableproperty.h(16,8):
      参见“iris::AnimableProperty”的声明
  
C:\work\qt\Studio\irisgl\src\animation\propertyanim.h(12,8): warning C4099: “iris::PropertyAnimInfo”: 类型名称以前使用“class”现在使用的是“struct”
  (编译源文件“../src/widgets/assetviewer.cpp”)
      C:\work\qt\Studio\irisgl\src\animation\propertyanim.h(12,8):
      参见“iris::PropertyAnimInfo”的声明
  
C:\work\qt\Studio\irisgl\src\vr\vrdevice.h(89,8): warning C4099: “iris::VrSwapChain”: 类型名称以前使用“class”现在使用的是“struct”
  (编译源文件“../src/widgets/assetviewer.cpp”)
      C:\work\qt\Studio\irisgl\src\vr\vrdevice.h(89,8):
      参见“iris::VrSwapChain”的声明
  
C:\work\qt\Studio\irisgl\src\graphics\renderitem.h(34,8): warning C4099: “iris::RenderItem”: 类型名称以前使用“class”现在使用的是“struct”
  (编译源文件“../src/player/playervrcontroller.cpp”)
      C:\work\qt\Studio\irisgl\src\graphics\renderitem.h(34,8):
      参见“iris::RenderItem”的声明
  
C:\work\qt\Studio\irisgl\src\scenegraph\meshnode.h(26,7): warning C4099: “aiScene”: 类型名称以前使用“struct”现在使用的是“class”
  (编译源文件“../src/player/playervrcontroller.cpp”)
      C:\work\qt\Studio\irisgl\src\assimp\include\assimp\scene.h(273,19):
      参见“aiScene”的声明
  
C:\work\qt\Studio\irisgl\src\scenegraph\meshnode.h(31,7): warning C4099: “iris::RenderItem”: 类型名称以前使用“struct”现在使用的是“class”
  (编译源文件“../src/player/playervrcontroller.cpp”)
      C:\work\qt\Studio\irisgl\src\graphics\renderitem.h(34,8):
      参见“iris::RenderItem”的声明
  
C:\work\qt\Studio\irisgl\src\graphics\renderitem.h(34,8): warning C4099: “iris::RenderItem”: 类型名称以前使用“class”现在使用的是“struct”
  (编译源文件“../src/player/playermousecontroller.cpp”)
      C:\work\qt\Studio\irisgl\src\graphics\renderitem.h(34,8):
      参见“iris::RenderItem”的声明
  
C:\work\qt\Studio\irisgl\src\graphics\mesh.h(26,7): warning C4099: “aiMesh”: 类型名称以前使用“struct”现在使用的是“class”
  (编译源文件“../src/shadergraph/core/materialhelper.cpp”)
      C:\work\qt\Studio\irisgl\src\assimp\include\assimp\mesh.h(638,8):
      参见“aiMesh”的声明
  
C:\work\qt\Studio\irisgl\src\scenegraph\meshnode.h(26,7): warning C4099: “aiScene”: 类型名称以前使用“struct”现在使用的是“class”
  (编译源文件“../src/player/playermousecontroller.cpp”)
      C:\work\qt\Studio\irisgl\src\assimp\include\assimp\scene.h(273,19):
      参见“aiScene”的声明
  
C:\work\qt\Studio\irisgl\src\scenegraph\meshnode.h(31,7): warning C4099: “iris::RenderItem”: 类型名称以前使用“struct”现在使用的是“class”
  (编译源文件“../src/player/playermousecontroller.cpp”)
      C:\work\qt\Studio\irisgl\src\graphics\renderitem.h(34,8):
      参见“iris::RenderItem”的声明
  
C:\work\qt\Studio\irisgl\src\graphics\renderlist.h(9,7): warning C4099: “iris::RenderItem”: 类型名称以前使用“struct”现在使用的是“class”
  (编译源文件“../src/player/playervrcontroller.cpp”)
      C:\work\qt\Studio\irisgl\src\graphics\renderitem.h(34,8):
      参见“iris::RenderItem”的声明
  
C:\work\qt\Studio\irisgl\src\graphics\renderlist.h(9,7): warning C4099: “iris::RenderItem”: 类型名称以前使用“struct”现在使用的是“class”
  (编译源文件“../src/player/playermousecontroller.cpp”)
      C:\work\qt\Studio\irisgl\src\graphics\renderitem.h(34,8):
      参见“iris::RenderItem”的声明
  
C:\work\qt\Studio\src\shadergraph\graph\graphnodescene.h(39,7): warning C4099: “Property”: 类型名称以前使用“struct”现在使用的是“class”
  (编译源文件“../src/widgets/assetviewer.cpp”)
      C:\work\qt\Studio\src\shadergraph\models\properties.h(25,8):
      参见“Property”的声明
  
C:\work\qt\Studio\src\shadergraph\models\properties.h(158,10): warning C4305: “=”: 从“double”到“float”截断
  (编译源文件“../src/shadergraph/dialogs/searchdialog.cpp”)
  
C:\work\qt\Studio\src\shadergraph\widgets\propertylistwidget.h(15,7): warning C4099: “FloatProperty”: 类型名称以前使用“struct”现在使用的是“class”
  (编译源文件“../src/widgets/assetviewer.cpp”)
      C:\work\qt\Studio\src\shadergraph\models\properties.h(147,8):
      参见“FloatProperty”的声明
  
C:\work\qt\Studio\src\shadergraph\widgets\propertylistwidget.h(16,7): warning C4099: “Vec2Property”: 类型名称以前使用“struct”现在使用的是“class”
  (编译源文件“../src/widgets/assetviewer.cpp”)
      C:\work\qt\Studio\src\shadergraph\models\properties.h(287,8):
      参见“Vec2Property”的声明
  
C:\work\qt\Studio\src\shadergraph\widgets\propertylistwidget.h(17,7): warning C4099: “Vec3Property”: 类型名称以前使用“struct”现在使用的是“class”
  (编译源文件“../src/widgets/assetviewer.cpp”)
      C:\work\qt\Studio\src\shadergraph\models\properties.h(332,8):
      参见“Vec3Property”的声明
  
C:\work\qt\Studio\src\shadergraph\widgets\propertylistwidget.h(18,7): warning C4099: “Vec4Property”: 类型名称以前使用“struct”现在使用的是“class”
  (编译源文件“../src/widgets/assetviewer.cpp”)
      C:\work\qt\Studio\src\shadergraph\models\properties.h(382,8):
      参见“Vec4Property”的声明
  
C:\work\qt\Studio\src\shadergraph\widgets\propertylistwidget.h(19,7): warning C4099: “IntProperty”: 类型名称以前使用“struct”现在使用的是“class”
  (编译源文件“../src/widgets/assetviewer.cpp”)
      C:\work\qt\Studio\src\shadergraph\models\properties.h(95,8):
      参见“IntProperty”的声明
  
C:\work\qt\Studio\src\shadergraph\widgets\propertylistwidget.h(20,7): warning C4099: “TextureProperty”: 类型名称以前使用“struct”现在使用的是“class”
  (编译源文件“../src/widgets/assetviewer.cpp”)
      C:\work\qt\Studio\src\shadergraph\models\properties.h(248,8):
      参见“TextureProperty”的声明
  
C:\work\qt\Studio\irisgl\src\graphics\forwardrenderer.h(35,7): warning C4099: “iris::RenderData”: 类型名称以前使用“struct”现在使用的是“class”
  (编译源文件“../src/player/playerwidget.cpp”)
      C:\work\qt\Studio\irisgl\src\graphics\renderdata.h(22,8):
      参见“iris::RenderData”的声明
  
C:\work\qt\Studio\src\shadergraph\shadergraphmainwindow.h(31,7): warning C4099: “NodeLibraryItem”: 类型名称以前使用“struct”现在使用的是“class”
  (编译源文件“../src/widgets/assetviewer.cpp”)
      C:\work\qt\Studio\src\shadergraph\models\library.h(11,8):
      参见“NodeLibraryItem”的声明
  
  libraryv1.cpp
C:\work\qt\Studio\irisgl\src\graphics\renderitem.h(34,8): warning C4099: “iris::RenderItem”: 类型名称以前使用“class”现在使用的是“struct”
  (编译源文件“../src/player/playback.cpp”)
      C:\work\qt\Studio\irisgl\src\graphics\renderitem.h(34,8):
      参见“iris::RenderItem”的声明
  
C:\work\qt\Studio\irisgl\src\graphics\mesh.h(26,7): warning C4099: “aiMesh”: 类型名称以前使用“struct”现在使用的是“class”
  (编译源文件“../src/shadergraph/core/undoredo.cpp”)
      C:\work\qt\Studio\irisgl\src\assimp\include\assimp\mesh.h(638,8):
      参见“aiMesh”的声明
  
C:\work\qt\Studio\irisgl\src\scenegraph\scene.h(30,7): warning C4099: “iris::RenderItem”: 类型名称以前使用“struct”现在使用的是“class”
  (编译源文件“../src/player/playervrcontroller.cpp”)
      C:\work\qt\Studio\irisgl\src\graphics\renderitem.h(34,8):
      参见“iris::RenderItem”的声明
  
C:\work\qt\Studio\irisgl\src\scenegraph\scene.h(39,8): warning C4099: “iris::PickingResult”: 类型名称以前使用“class”现在使用的是“struct”
  (编译源文件“../src/player/playervrcontroller.cpp”)
      C:\work\qt\Studio\irisgl\src\scenegraph\scene.h(39,8):
      参见“iris::PickingResult”的声明
  
C:\work\qt\Studio\irisgl\src\scenegraph\meshnode.h(26,7): warning C4099: “aiScene”: 类型名称以前使用“struct”现在使用的是“class”
  (编译源文件“../src/player/playback.cpp”)
      C:\work\qt\Studio\irisgl\src\assimp\include\assimp\scene.h(273,19):
      参见“aiScene”的声明
  
C:\work\qt\Studio\irisgl\src\scenegraph\meshnode.h(31,7): warning C4099: “iris::RenderItem”: 类型名称以前使用“struct”现在使用的是“class”
  (编译源文件“../src/player/playback.cpp”)
      C:\work\qt\Studio\irisgl\src\graphics\renderitem.h(34,8):
      参见“iris::RenderItem”的声明
  
C:\work\qt\Studio\src\io\assetmanager.h(23,7): warning C4099: “aiScene”: 类型名称以前使用“struct”现在使用的是“class”
  (编译源文件“../src/widgets/assetviewer.cpp”)
      C:\work\qt\Studio\irisgl\src\assimp\include\assimp\scene.h(273,19):
      参见“aiScene”的声明
  
C:\work\qt\Studio\src\io\scenereader.h(35,7): warning C4099: “aiScene”: 类型名称以前使用“struct”现在使用的是“class”
  (编译源文件“../src/widgets/assetviewer.cpp”)
      C:\work\qt\Studio\irisgl\src\assimp\include\assimp\scene.h(273,19):
      参见“aiScene”的声明
  
C:\work\qt\Studio\irisgl\src\graphics\graphicshelper.h(21,7): warning C4099: “aiScene”: 类型名称以前使用“struct”现在使用的是“class”
  (编译源文件“../src/player/playerwidget.cpp”)
      C:\work\qt\Studio\irisgl\src\assimp\include\assimp\scene.h(273,19):
      参见“aiScene”的声明
  
C:\work\qt\Studio\irisgl\src\graphics\renderlist.h(9,7): warning C4099: “iris::RenderItem”: 类型名称以前使用“struct”现在使用的是“class”
  (编译源文件“../src/player/playback.cpp”)
      C:\work\qt\Studio\irisgl\src\graphics\renderitem.h(34,8):
      参见“iris::RenderItem”的声明
  
C:\work\qt\Studio\irisgl\src\scenegraph\viewernode.h(21,7): warning C4099: “iris::RenderItem”: 类型名称以前使用“struct”现在使用的是“class”
  (编译源文件“../src/player/playervrcontroller.cpp”)
      C:\work\qt\Studio\irisgl\src\graphics\renderitem.h(34,8):
      参见“iris::RenderItem”的声明
  
C:\work\qt\Studio\irisgl\src\scenegraph\scene.h(39,8): warning C4099: “iris::PickingResult”: 类型名称以前使用“class”现在使用的是“struct”
  (编译源文件“../src/player/playerwidget.cpp”)
      C:\work\qt\Studio\irisgl\src\scenegraph\scene.h(39,8):
      参见“iris::PickingResult”的声明
  
C:\work\qt\Studio\irisgl\src\graphics\renderitem.h(34,8): warning C4099: “iris::RenderItem”: 类型名称以前使用“class”现在使用的是“struct”
  (编译源文件“../src/player/hand.cpp”)
      C:\work\qt\Studio\irisgl\src\graphics\renderitem.h(34,8):
      参见“iris::RenderItem”的声明
  
C:\work\qt\Studio\irisgl\src\scenegraph\meshnode.h(26,7): warning C4099: “aiScene”: 类型名称以前使用“struct”现在使用的是“class”
  (编译源文件“../src/player/hand.cpp”)
      C:\work\qt\Studio\irisgl\src\assimp\include\assimp\scene.h(273,19):
      参见“aiScene”的声明
  
C:\work\qt\Studio\irisgl\src\scenegraph\meshnode.h(31,7): warning C4099: “iris::RenderItem”: 类型名称以前使用“struct”现在使用的是“class”
  (编译源文件“../src/player/hand.cpp”)
      C:\work\qt\Studio\irisgl\src\graphics\renderitem.h(34,8):
      参见“iris::RenderItem”的声明
  
C:\work\qt\Studio\irisgl\src\graphics\mesh.h(26,7): warning C4099: “aiMesh”: 类型名称以前使用“struct”现在使用的是“class”
  (编译源文件“../src/shadergraph/graph/socket.cpp”)
      C:\work\qt\Studio\irisgl\src\assimp\include\assimp\mesh.h(638,8):
      参见“aiMesh”的声明
  
C:\work\qt\Studio\irisgl\src\scenegraph\scenenode.h(36,7): warning C4099: “iris::PhysicsProperty”: 类型名称以前使用“struct”现在使用的是“class”
  (编译源文件“../src/player/playerwidget.cpp”)
      C:\work\qt\Studio\irisgl\src\physics\physicsproperties.h(43,8):
      参见“iris::PhysicsProperty”的声明
  
C:\work\qt\Studio\irisgl\src\graphics\renderlist.h(9,7): warning C4099: “iris::RenderItem”: 类型名称以前使用“struct”现在使用的是“class”
  (编译源文件“../src/player/hand.cpp”)
      C:\work\qt\Studio\irisgl\src\graphics\renderitem.h(34,8):
      参见“iris::RenderItem”的声明
  
C:\work\qt\Studio\irisgl\src\graphics\renderitem.h(34,8): warning C4099: “iris::RenderItem”: 类型名称以前使用“class”现在使用的是“struct”
  (编译源文件“../src/player/playerwidget.cpp”)
      C:\work\qt\Studio\irisgl\src\graphics\renderitem.h(34,8):
      参见“iris::RenderItem”的声明
  
C:\work\qt\Studio\irisgl\src\scenegraph\meshnode.h(26,7): warning C4099: “aiScene”: 类型名称以前使用“struct”现在使用的是“class”
  (编译源文件“../src/player/playerwidget.cpp”)
      C:\work\qt\Studio\irisgl\src\assimp\include\assimp\scene.h(273,19):
      参见“aiScene”的声明
  
C:\work\qt\Studio\irisgl\src\scenegraph\meshnode.h(31,7): warning C4099: “iris::RenderItem”: 类型名称以前使用“struct”现在使用的是“class”
  (编译源文件“../src/player/playerwidget.cpp”)
      C:\work\qt\Studio\irisgl\src\graphics\renderitem.h(34,8):
      参见“iris::RenderItem”的声明
  
C:\work\qt\Studio\irisgl\src\scenegraph\particlesystemnode.h(25,7): warning C4099: “iris::RenderItem”: 类型名称以前使用“struct”现在使用的是“class”
  (编译源文件“../src/player/playerwidget.cpp”)
      C:\work\qt\Studio\irisgl\src\graphics\renderitem.h(34,8):
      参见“iris::RenderItem”的声明
  
C:\work\qt\Studio\irisgl\src\animation\animableproperty.h(16,8): warning C4099: “iris::AnimableProperty”: 类型名称以前使用“class”现在使用的是“struct”
  (编译源文件“../src/editor/handgizmo.cpp”)
      C:\work\qt\Studio\irisgl\src\animation\animableproperty.h(16,8):
      参见“iris::AnimableProperty”的声明
  
C:\work\qt\Studio\irisgl\src\animation\propertyanim.h(12,8): warning C4099: “iris::PropertyAnimInfo”: 类型名称以前使用“class”现在使用的是“struct”
  (编译源文件“../src/editor/handgizmo.cpp”)
      C:\work\qt\Studio\irisgl\src\animation\propertyanim.h(12,8):
      参见“iris::PropertyAnimInfo”的声明
  
C:\work\qt\Studio\irisgl\src\scenegraph\viewernode.h(21,7): warning C4099: “iris::RenderItem”: 类型名称以前使用“struct”现在使用的是“class”
  (编译源文件“../src/player/playerwidget.cpp”)
      C:\work\qt\Studio\irisgl\src\graphics\renderitem.h(34,8):
      参见“iris::RenderItem”的声明
  
C:\work\qt\Studio\irisgl\src\vr\vrdevice.h(89,8): warning C4099: “iris::VrSwapChain”: 类型名称以前使用“class”现在使用的是“struct”
  (编译源文件“../src/editor/handgizmo.cpp”)
      C:\work\qt\Studio\irisgl\src\vr\vrdevice.h(89,8):
      参见“iris::VrSwapChain”的声明
  
C:\work\qt\Studio\irisgl\src\content\modelloader.h(7,7): warning C4099: “aiScene”: 类型名称以前使用“struct”现在使用的是“class”
  (编译源文件“../src/player/playerwidget.cpp”)
      C:\work\qt\Studio\irisgl\src\assimp\include\assimp\scene.h(273,19):
      参见“aiScene”的声明
  
C:\work\qt\Studio\irisgl\src\animation\animableproperty.h(16,8): warning C4099: “iris::AnimableProperty”: 类型名称以前使用“class”现在使用的是“struct”
  (编译源文件“../src/player/playerwidget.cpp”)
      C:\work\qt\Studio\irisgl\src\animation\animableproperty.h(16,8):
      参见“iris::AnimableProperty”的声明
  
C:\work\qt\Studio\irisgl\src\animation\propertyanim.h(12,8): warning C4099: “iris::PropertyAnimInfo”: 类型名称以前使用“class”现在使用的是“struct”
  (编译源文件“../src/player/playerwidget.cpp”)
      C:\work\qt\Studio\irisgl\src\animation\propertyanim.h(12,8):
      参见“iris::PropertyAnimInfo”的声明
  
C:\work\qt\Studio\src\shadergraph\models\properties.h(158,10): warning C4305: “=”: 从“double”到“float”截断
  (编译源文件“../src/editor/handgizmo.cpp”)
  
C:\work\qt\Studio\irisgl\src\scenegraph\scene.h(30,7): warning C4099: “iris::RenderItem”: 类型名称以前使用“struct”现在使用的是“class”
  (编译源文件“../src/player/hand.cpp”)
      C:\work\qt\Studio\irisgl\src\graphics\renderitem.h(34,8):
      参见“iris::RenderItem”的声明
  
C:\work\qt\Studio\irisgl\src\scenegraph\scene.h(39,8): warning C4099: “iris::PickingResult”: 类型名称以前使用“class”现在使用的是“struct”
  (编译源文件“../src/player/hand.cpp”)
      C:\work\qt\Studio\irisgl\src\scenegraph\scene.h(39,8):
      参见“iris::PickingResult”的声明
  
  nodemodel.cpp
  properties.cpp
C:\work\qt\Studio\src\shadergraph\graph\graphnodescene.h(39,7): warning C4099: “Property”: 类型名称以前使用“struct”现在使用的是“class”
  (编译源文件“../src/editor/handgizmo.cpp”)
      C:\work\qt\Studio\src\shadergraph\models\properties.h(25,8):
      参见“Property”的声明
  
C:\work\qt\Studio\irisgl\src\scenegraph\viewernode.h(21,7): warning C4099: “iris::RenderItem”: 类型名称以前使用“struct”现在使用的是“class”
  (编译源文件“../src/player/hand.cpp”)
      C:\work\qt\Studio\irisgl\src\graphics\renderitem.h(34,8):
      参见“iris::RenderItem”的声明
  
C:\work\qt\Studio\src\shadergraph\widgets\propertylistwidget.h(15,7): warning C4099: “FloatProperty”: 类型名称以前使用“struct”现在使用的是“class”
  (编译源文件“../src/editor/handgizmo.cpp”)
      C:\work\qt\Studio\src\shadergraph\models\properties.h(147,8):
      参见“FloatProperty”的声明
  
C:\work\qt\Studio\src\shadergraph\widgets\propertylistwidget.h(16,7): warning C4099: “Vec2Property”: 类型名称以前使用“struct”现在使用的是“class”
  (编译源文件“../src/editor/handgizmo.cpp”)
      C:\work\qt\Studio\src\shadergraph\models\properties.h(287,8):
      参见“Vec2Property”的声明
  
C:\work\qt\Studio\src\shadergraph\widgets\propertylistwidget.h(17,7): warning C4099: “Vec3Property”: 类型名称以前使用“struct”现在使用的是“class”
  (编译源文件“../src/editor/handgizmo.cpp”)
      C:\work\qt\Studio\src\shadergraph\models\properties.h(332,8):
      参见“Vec3Property”的声明
  
C:\work\qt\Studio\src\shadergraph\widgets\propertylistwidget.h(18,7): warning C4099: “Vec4Property”: 类型名称以前使用“struct”现在使用的是“class”
  (编译源文件“../src/editor/handgizmo.cpp”)
      C:\work\qt\Studio\src\shadergraph\models\properties.h(382,8):
      参见“Vec4Property”的声明
  
C:\work\qt\Studio\src\shadergraph\widgets\propertylistwidget.h(19,7): warning C4099: “IntProperty”: 类型名称以前使用“struct”现在使用的是“class”
  (编译源文件“../src/editor/handgizmo.cpp”)
      C:\work\qt\Studio\src\shadergraph\models\properties.h(95,8):
      参见“IntProperty”的声明
  
C:\work\qt\Studio\src\shadergraph\widgets\propertylistwidget.h(20,7): warning C4099: “TextureProperty”: 类型名称以前使用“struct”现在使用的是“class”
  (编译源文件“../src/editor/handgizmo.cpp”)
      C:\work\qt\Studio\src\shadergraph\models\properties.h(248,8):
      参见“TextureProperty”的声明
  
C:\work\qt\Studio\irisgl\src\graphics\mesh.h(26,7): warning C4099: “aiMesh”: 类型名称以前使用“struct”现在使用的是“class”
  (编译源文件“../src/shadergraph/dialogs/createnewdialog.cpp”)
      C:\work\qt\Studio\irisgl\src\assimp\include\assimp\mesh.h(638,8):
      参见“aiMesh”的声明
  
C:\work\qt\Studio\src\shadergraph\shadergraphmainwindow.h(31,7): warning C4099: “NodeLibraryItem”: 类型名称以前使用“struct”现在使用的是“class”
  (编译源文件“../src/editor/handgizmo.cpp”)
      C:\work\qt\Studio\src\shadergraph\models\library.h(11,8):
      参见“NodeLibraryItem”的声明
  
C:\work\qt\Studio\irisgl\src\graphics\forwardrenderer.h(35,7): warning C4099: “iris::RenderData”: 类型名称以前使用“struct”现在使用的是“class”
  (编译源文件“../src/player/playermousecontroller.cpp”)
      C:\work\qt\Studio\irisgl\src\graphics\renderdata.h(22,8):
      参见“iris::RenderData”的声明
  
  socketmodel.cpp
  inputs.cpp
  math.cpp
C:\work\qt\Studio\irisgl\src\graphics\graphicshelper.h(21,7): warning C4099: “aiScene”: 类型名称以前使用“struct”现在使用的是“class”
  (编译源文件“../src/player/playermousecontroller.cpp”)
      C:\work\qt\Studio\irisgl\src\assimp\include\assimp\scene.h(273,19):
      参见“aiScene”的声明
  
C:\work\qt\Studio\irisgl\src\scenegraph\scene.h(30,7): warning C4099: “iris::RenderItem”: 类型名称以前使用“struct”现在使用的是“class”
  (编译源文件“../src/player/playermousecontroller.cpp”)
      C:\work\qt\Studio\irisgl\src\graphics\renderitem.h(34,8):
      参见“iris::RenderItem”的声明
  
C:\work\qt\Studio\irisgl\src\scenegraph\scene.h(39,8): warning C4099: “iris::PickingResult”: 类型名称以前使用“class”现在使用的是“struct”
  (编译源文件“../src/player/playermousecontroller.cpp”)
      C:\work\qt\Studio\irisgl\src\scenegraph\scene.h(39,8):
      参见“iris::PickingResult”的声明
  
C:\work\qt\Studio\irisgl\src\graphics\mesh.h(26,7): warning C4099: “aiMesh”: 类型名称以前使用“struct”现在使用的是“class”
  (编译源文件“../src/shadergraph/dialogs/searchdialog.cpp”)
      C:\work\qt\Studio\irisgl\src\assimp\include\assimp\mesh.h(638,8):
      参见“aiMesh”的声明
  
C:\work\qt\Studio\irisgl\src\vr\vrdevice.h(89,8): warning C4099: “iris::VrSwapChain”: 类型名称以前使用“class”现在使用的是“struct”
  (编译源文件“../src/player/playerwidget.cpp”)
      C:\work\qt\Studio\irisgl\src\vr\vrdevice.h(89,8):
      参见“iris::VrSwapChain”的声明
  
C:\work\qt\Studio\irisgl\src\graphics\forwardrenderer.h(35,7): warning C4099: “iris::RenderData”: 类型名称以前使用“struct”现在使用的是“class”
  (编译源文件“../src/shadergraph/core/texturemanager.cpp”)
      C:\work\qt\Studio\irisgl\src\graphics\renderdata.h(22,8):
      参见“iris::RenderData”的声明
  
C:\work\qt\Studio\irisgl\src\scenegraph\particlesystemnode.h(25,7): warning C4099: “iris::RenderItem”: 类型名称以前使用“struct”现在使用的是“class”
  (编译源文件“../src/player/playermousecontroller.cpp”)
      C:\work\qt\Studio\irisgl\src\graphics\renderitem.h(34,8):
      参见“iris::RenderItem”的声明
  
C:\work\qt\Studio\irisgl\src\scenegraph\viewernode.h(21,7): warning C4099: “iris::RenderItem”: 类型名称以前使用“struct”现在使用的是“class”
  (编译源文件“../src/player/playermousecontroller.cpp”)
      C:\work\qt\Studio\irisgl\src\graphics\renderitem.h(34,8):
      参见“iris::RenderItem”的声明
  
C:\work\qt\Studio\irisgl\src\content\modelloader.h(7,7): warning C4099: “aiScene”: 类型名称以前使用“struct”现在使用的是“class”
  (编译源文件“../src/player/playermousecontroller.cpp”)
      C:\work\qt\Studio\irisgl\src\assimp\include\assimp\scene.h(273,19):
      参见“aiScene”的声明
  
C:\work\qt\Studio\irisgl\src\animation\animableproperty.h(16,8): warning C4099: “iris::AnimableProperty”: 类型名称以前使用“class”现在使用的是“struct”
  (编译源文件“../src/player/playermousecontroller.cpp”)
      C:\work\qt\Studio\irisgl\src\animation\animableproperty.h(16,8):
      参见“iris::AnimableProperty”的声明
  
C:\work\qt\Studio\irisgl\src\animation\propertyanim.h(12,8): warning C4099: “iris::PropertyAnimInfo”: 类型名称以前使用“class”现在使用的是“struct”
  (编译源文件“../src/player/playermousecontroller.cpp”)
      C:\work\qt\Studio\irisgl\src\animation\propertyanim.h(12,8):
      参见“iris::PropertyAnimInfo”的声明
  
C:\work\qt\Studio\irisgl\src\graphics\forwardrenderer.h(35,7): warning C4099: “iris::RenderData”: 类型名称以前使用“struct”现在使用的是“class”
  (编译源文件“../src/shadergraph/core/materialhelper.cpp”)
      C:\work\qt\Studio\irisgl\src\graphics\renderdata.h(22,8):
      参见“iris::RenderData”的声明
  
C:\work\qt\Studio\irisgl\src\graphics\forwardrenderer.h(35,7): warning C4099: “iris::RenderData”: 类型名称以前使用“struct”现在使用的是“class”
  (编译源文件“../src/player/playback.cpp”)
      C:\work\qt\Studio\irisgl\src\graphics\renderdata.h(22,8):
      参见“iris::RenderData”的声明
  
C:\work\qt\Studio\irisgl\src\vr\vrdevice.h(89,8): warning C4099: “iris::VrSwapChain”: 类型名称以前使用“class”现在使用的是“struct”
  (编译源文件“../src/player/playermousecontroller.cpp”)
      C:\work\qt\Studio\irisgl\src\vr\vrdevice.h(89,8):
      参见“iris::VrSwapChain”的声明
  
C:\work\qt\Studio\irisgl\src\graphics\mesh.h(26,7): warning C4099: “aiMesh”: 类型名称以前使用“struct”现在使用的是“class”
  (编译源文件“../src/shadergraph/graph/nodegraph.cpp”)
      C:\work\qt\Studio\irisgl\src\assimp\include\assimp\mesh.h(638,8):
      参见“aiMesh”的声明
  
C:\work\qt\Studio\irisgl\src\graphics\graphicshelper.h(21,7): warning C4099: “aiScene”: 类型名称以前使用“struct”现在使用的是“class”
  (编译源文件“../src/player/playback.cpp”)
      C:\work\qt\Studio\irisgl\src\assimp\include\assimp\scene.h(273,19):
      参见“aiScene”的声明
  
C:\work\qt\Studio\irisgl\src\graphics\graphicshelper.h(21,7): warning C4099: “aiScene”: 类型名称以前使用“struct”现在使用的是“class”
  (编译源文件“../src/shadergraph/core/materialhelper.cpp”)
      C:\work\qt\Studio\irisgl\src\assimp\include\assimp\scene.h(273,19):
      参见“aiScene”的声明
  
C:\work\qt\Studio\irisgl\src\graphics\graphicshelper.h(21,7): warning C4099: “aiScene”: 类型名称以前使用“struct”现在使用的是“class”
  (编译源文件“../src/shadergraph/core/texturemanager.cpp”)
      C:\work\qt\Studio\irisgl\src\assimp\include\assimp\scene.h(273,19):
      参见“aiScene”的声明
  
C:\work\qt\Studio\irisgl\src\scenegraph\scene.h(30,7): warning C4099: “iris::RenderItem”: 类型名称以前使用“struct”现在使用的是“class”
  (编译源文件“../src/player/playback.cpp”)
      C:\work\qt\Studio\irisgl\src\graphics\renderitem.h(34,8):
      参见“iris::RenderItem”的声明
  
C:\work\qt\Studio\irisgl\src\scenegraph\scene.h(39,8): warning C4099: “iris::PickingResult”: 类型名称以前使用“class”现在使用的是“struct”
  (编译源文件“../src/player/playback.cpp”)
      C:\work\qt\Studio\irisgl\src\scenegraph\scene.h(39,8):
      参见“iris::PickingResult”的声明
  
C:\work\qt\Studio\src\shadergraph\models\properties.h(158,10): warning C4305: “=”: 从“double”到“float”截断
  (编译源文件“../src/player/playermousecontroller.cpp”)
  
C:\work\qt\Studio\irisgl\src\scenegraph\scene.h(39,8): warning C4099: “iris::PickingResult”: 类型名称以前使用“class”现在使用的是“struct”
  (编译源文件“../src/shadergraph/core/materialhelper.cpp”)
      C:\work\qt\Studio\irisgl\src\scenegraph\scene.h(39,8):
      参见“iris::PickingResult”的声明
  
C:\work\qt\Studio\irisgl\src\graphics\forwardrenderer.h(35,7): warning C4099: “iris::RenderData”: 类型名称以前使用“struct”现在使用的是“class”
  (编译源文件“../src/shadergraph/graph/graphnode.cpp”)
      C:\work\qt\Studio\irisgl\src\graphics\renderdata.h(22,8):
      参见“iris::RenderData”的声明
  
C:\work\qt\Studio\irisgl\src\graphics\mesh.h(26,7): warning C4099: “aiMesh”: 类型名称以前使用“struct”现在使用的是“class”
  (编译源文件“../src/shadergraph/graph/graphnodescene.cpp”)
      C:\work\qt\Studio\irisgl\src\assimp\include\assimp\mesh.h(638,8):
      参见“aiMesh”的声明
  
C:\work\qt\Studio\irisgl\src\scenegraph\scenenode.h(36,7): warning C4099: “iris::PhysicsProperty”: 类型名称以前使用“struct”现在使用的是“class”
  (编译源文件“../src/shadergraph/core/materialhelper.cpp”)
      C:\work\qt\Studio\irisgl\src\physics\physicsproperties.h(43,8):
      参见“iris::PhysicsProperty”的声明
  
C:\work\qt\Studio\irisgl\src\scenegraph\scenenode.h(37,7): warning C4099: “iris::Property”: 类型名称以前使用“struct”现在使用的是“class”
  (编译源文件“../src/shadergraph/core/materialhelper.cpp”)
      C:\work\qt\Studio\irisgl\src\core\property.h(28,8):
      参见“iris::Property”的声明
  
C:\work\qt\Studio\irisgl\src\scenegraph\particlesystemnode.h(25,7): warning C4099: “iris::RenderItem”: 类型名称以前使用“struct”现在使用的是“class”
  (编译源文件“../src/player/playback.cpp”)
      C:\work\qt\Studio\irisgl\src\graphics\renderitem.h(34,8):
      参见“iris::RenderItem”的声明
  
C:\work\qt\Studio\src\shadergraph\graph\graphnodescene.h(39,7): warning C4099: “Property”: 类型名称以前使用“struct”现在使用的是“class”
  (编译源文件“../src/player/playermousecontroller.cpp”)
      C:\work\qt\Studio\src\shadergraph\models\properties.h(25,8):
      参见“Property”的声明
  
C:\work\qt\Studio\irisgl\src\scenegraph\scene.h(39,8): warning C4099: “iris::PickingResult”: 类型名称以前使用“class”现在使用的是“struct”
  (编译源文件“../src/shadergraph/core/texturemanager.cpp”)
      C:\work\qt\Studio\irisgl\src\scenegraph\scene.h(39,8):
      参见“iris::PickingResult”的声明
  
C:\work\qt\Studio\irisgl\src\scenegraph\viewernode.h(21,7): warning C4099: “iris::RenderItem”: 类型名称以前使用“struct”现在使用的是“class”
  (编译源文件“../src/player/playback.cpp”)
      C:\work\qt\Studio\irisgl\src\graphics\renderitem.h(34,8):
      参见“iris::RenderItem”的声明
  
C:\work\qt\Studio\irisgl\src\graphics\renderitem.h(34,8): warning C4099: “iris::RenderItem”: 类型名称以前使用“class”现在使用的是“struct”
  (编译源文件“../src/shadergraph/core/materialhelper.cpp”)
      C:\work\qt\Studio\irisgl\src\graphics\renderitem.h(34,8):
      参见“iris::RenderItem”的声明
  
C:\work\qt\Studio\irisgl\src\scenegraph\meshnode.h(26,7): warning C4099: “aiScene”: 类型名称以前使用“struct”现在使用的是“class”
  (编译源文件“../src/shadergraph/core/materialhelper.cpp”)
      C:\work\qt\Studio\irisgl\src\assimp\include\assimp\scene.h(273,19):
      参见“aiScene”的声明
  
C:\work\qt\Studio\irisgl\src\scenegraph\meshnode.h(31,7): warning C4099: “iris::RenderItem”: 类型名称以前使用“struct”现在使用的是“class”
  (编译源文件“../src/shadergraph/core/materialhelper.cpp”)
      C:\work\qt\Studio\irisgl\src\graphics\renderitem.h(34,8):
      参见“iris::RenderItem”的声明
  
C:\work\qt\Studio\irisgl\src\graphics\graphicshelper.h(21,7): warning C4099: “aiScene”: 类型名称以前使用“struct”现在使用的是“class”
  (编译源文件“../src/shadergraph/graph/graphnode.cpp”)
      C:\work\qt\Studio\irisgl\src\assimp\include\assimp\scene.h(273,19):
      参见“aiScene”的声明
  
C:\work\qt\Studio\irisgl\src\scenegraph\particlesystemnode.h(25,7): warning C4099: “iris::RenderItem”: 类型名称以前使用“struct”现在使用的是“class”
  (编译源文件“../src/shadergraph/core/materialhelper.cpp”)
      C:\work\qt\Studio\irisgl\src\graphics\renderitem.h(34,8):
      参见“iris::RenderItem”的声明
  
C:\work\qt\Studio\irisgl\src\content\modelloader.h(7,7): warning C4099: “aiScene”: 类型名称以前使用“struct”现在使用的是“class”
  (编译源文件“../src/player/playback.cpp”)
      C:\work\qt\Studio\irisgl\src\assimp\include\assimp\scene.h(273,19):
      参见“aiScene”的声明
  
C:\work\qt\Studio\irisgl\src\animation\animableproperty.h(16,8): warning C4099: “iris::AnimableProperty”: 类型名称以前使用“class”现在使用的是“struct”
  (编译源文件“../src/player/playback.cpp”)
      C:\work\qt\Studio\irisgl\src\animation\animableproperty.h(16,8):
      参见“iris::AnimableProperty”的声明
  
C:\work\qt\Studio\irisgl\src\animation\propertyanim.h(12,8): warning C4099: “iris::PropertyAnimInfo”: 类型名称以前使用“class”现在使用的是“struct”
  (编译源文件“../src/player/playback.cpp”)
      C:\work\qt\Studio\irisgl\src\animation\propertyanim.h(12,8):
      参见“iris::PropertyAnimInfo”的声明
  
C:\work\qt\Studio\src\shadergraph\widgets\propertylistwidget.h(15,7): warning C4099: “FloatProperty”: 类型名称以前使用“struct”现在使用的是“class”
  (编译源文件“../src/player/playermousecontroller.cpp”)
      C:\work\qt\Studio\src\shadergraph\models\properties.h(147,8):
      参见“FloatProperty”的声明
  
C:\work\qt\Studio\src\shadergraph\widgets\propertylistwidget.h(16,7): warning C4099: “Vec2Property”: 类型名称以前使用“struct”现在使用的是“class”
  (编译源文件“../src/player/playermousecontroller.cpp”)
      C:\work\qt\Studio\src\shadergraph\models\properties.h(287,8):
      参见“Vec2Property”的声明
  
C:\work\qt\Studio\src\shadergraph\widgets\propertylistwidget.h(17,7): warning C4099: “Vec3Property”: 类型名称以前使用“struct”现在使用的是“class”
  (编译源文件“../src/player/playermousecontroller.cpp”)
      C:\work\qt\Studio\src\shadergraph\models\properties.h(332,8):
      参见“Vec3Property”的声明
  
C:\work\qt\Studio\src\shadergraph\widgets\propertylistwidget.h(18,7): warning C4099: “Vec4Property”: 类型名称以前使用“struct”现在使用的是“class”
  (编译源文件“../src/player/playermousecontroller.cpp”)
      C:\work\qt\Studio\src\shadergraph\models\properties.h(382,8):
      参见“Vec4Property”的声明
  
C:\work\qt\Studio\src\shadergraph\widgets\propertylistwidget.h(19,7): warning C4099: “IntProperty”: 类型名称以前使用“struct”现在使用的是“class”
  (编译源文件“../src/player/playermousecontroller.cpp”)
      C:\work\qt\Studio\src\shadergraph\models\properties.h(95,8):
      参见“IntProperty”的声明
  
C:\work\qt\Studio\src\shadergraph\widgets\propertylistwidget.h(20,7): warning C4099: “TextureProperty”: 类型名称以前使用“struct”现在使用的是“class”
  (编译源文件“../src/player/playermousecontroller.cpp”)
      C:\work\qt\Studio\src\shadergraph\models\properties.h(248,8):
      参见“TextureProperty”的声明
  
C:\work\qt\Studio\irisgl\src\scenegraph\viewernode.h(21,7): warning C4099: “iris::RenderItem”: 类型名称以前使用“struct”现在使用的是“class”
  (编译源文件“../src/shadergraph/core/materialhelper.cpp”)
      C:\work\qt\Studio\irisgl\src\graphics\renderitem.h(34,8):
      参见“iris::RenderItem”的声明
  
C:\work\qt\Studio\src\shadergraph\shadergraphmainwindow.h(31,7): warning C4099: “NodeLibraryItem”: 类型名称以前使用“struct”现在使用的是“class”
  (编译源文件“../src/player/playermousecontroller.cpp”)
      C:\work\qt\Studio\src\shadergraph\models\library.h(11,8):
      参见“NodeLibraryItem”的声明
  
C:\work\qt\Studio\irisgl\src\content\modelloader.h(7,7): warning C4099: “aiScene”: 类型名称以前使用“struct”现在使用的是“class”
  (编译源文件“../src/shadergraph/core/materialhelper.cpp”)
      C:\work\qt\Studio\irisgl\src\assimp\include\assimp\scene.h(273,19):
      参见“aiScene”的声明
  
C:\work\qt\Studio\irisgl\src\animation\animableproperty.h(16,8): warning C4099: “iris::AnimableProperty”: 类型名称以前使用“class”现在使用的是“struct”
  (编译源文件“../src/shadergraph/core/materialhelper.cpp”)
      C:\work\qt\Studio\irisgl\src\animation\animableproperty.h(16,8):
      参见“iris::AnimableProperty”的声明
  
C:\work\qt\Studio\irisgl\src\vr\vrdevice.h(89,8): warning C4099: “iris::VrSwapChain”: 类型名称以前使用“class”现在使用的是“struct”
  (编译源文件“../src/player/playback.cpp”)
      C:\work\qt\Studio\irisgl\src\vr\vrdevice.h(89,8):
      参见“iris::VrSwapChain”的声明
  
C:\work\qt\Studio\irisgl\src\animation\propertyanim.h(12,8): warning C4099: “iris::PropertyAnimInfo”: 类型名称以前使用“class”现在使用的是“struct”
  (编译源文件“../src/shadergraph/core/materialhelper.cpp”)
      C:\work\qt\Studio\irisgl\src\animation\propertyanim.h(12,8):
      参见“iris::PropertyAnimInfo”的声明
  
C:\work\qt\Studio\irisgl\src\scenegraph\scenenode.h(36,7): warning C4099: “iris::PhysicsProperty”: 类型名称以前使用“struct”现在使用的是“class”
  (编译源文件“../src/shadergraph/core/texturemanager.cpp”)
      C:\work\qt\Studio\irisgl\src\physics\physicsproperties.h(43,8):
      参见“iris::PhysicsProperty”的声明
  
C:\work\qt\Studio\irisgl\src\scenegraph\scene.h(39,8): warning C4099: “iris::PickingResult”: 类型名称以前使用“class”现在使用的是“struct”
  (编译源文件“../src/shadergraph/graph/graphnode.cpp”)
      C:\work\qt\Studio\irisgl\src\scenegraph\scene.h(39,8):
      参见“iris::PickingResult”的声明
  
C:\work\qt\Studio\irisgl\src\graphics\mesh.h(26,7): warning C4099: “aiMesh”: 类型名称以前使用“struct”现在使用的是“class”
  (编译源文件“../src/shadergraph/graph/socketconnection.cpp”)
      C:\work\qt\Studio\irisgl\src\assimp\include\assimp\mesh.h(638,8):
      参见“aiMesh”的声明
  
C:\work\qt\Studio\irisgl\src\graphics\renderitem.h(34,8): warning C4099: “iris::RenderItem”: 类型名称以前使用“class”现在使用的是“struct”
  (编译源文件“../src/shadergraph/core/texturemanager.cpp”)
      C:\work\qt\Studio\irisgl\src\graphics\renderitem.h(34,8):
      参见“iris::RenderItem”的声明
  
C:\work\qt\Studio\irisgl\src\scenegraph\meshnode.h(26,7): warning C4099: “aiScene”: 类型名称以前使用“struct”现在使用的是“class”
  (编译源文件“../src/shadergraph/core/texturemanager.cpp”)
      C:\work\qt\Studio\irisgl\src\assimp\include\assimp\scene.h(273,19):
      参见“aiScene”的声明
  
C:\work\qt\Studio\irisgl\src\scenegraph\meshnode.h(31,7): warning C4099: “iris::RenderItem”: 类型名称以前使用“struct”现在使用的是“class”
  (编译源文件“../src/shadergraph/core/texturemanager.cpp”)
      C:\work\qt\Studio\irisgl\src\graphics\renderitem.h(34,8):
      参见“iris::RenderItem”的声明
  
C:\work\qt\Studio\irisgl\src\graphics\forwardrenderer.h(35,7): warning C4099: “iris::RenderData”: 类型名称以前使用“struct”现在使用的是“class”
  (编译源文件“../src/shadergraph/core/undoredo.cpp”)
      C:\work\qt\Studio\irisgl\src\graphics\renderdata.h(22,8):
      参见“iris::RenderData”的声明
  
C:\work\qt\Studio\irisgl\src\scenegraph\particlesystemnode.h(25,7): warning C4099: “iris::RenderItem”: 类型名称以前使用“struct”现在使用的是“class”
  (编译源文件“../src/shadergraph/core/texturemanager.cpp”)
      C:\work\qt\Studio\irisgl\src\graphics\renderitem.h(34,8):
      参见“iris::RenderItem”的声明
  
C:\work\qt\Studio\irisgl\src\scenegraph\scenenode.h(36,7): warning C4099: “iris::PhysicsProperty”: 类型名称以前使用“struct”现在使用的是“class”
  (编译源文件“../src/shadergraph/graph/graphnode.cpp”)
      C:\work\qt\Studio\irisgl\src\physics\physicsproperties.h(43,8):
      参见“iris::PhysicsProperty”的声明
  
C:\work\qt\Studio\src\shadergraph\models\properties.h(158,10): warning C4305: “=”: 从“double”到“float”截断
  (编译源文件“../src/player/playback.cpp”)
  
C:\work\qt\Studio\irisgl\src\scenegraph\viewernode.h(21,7): warning C4099: “iris::RenderItem”: 类型名称以前使用“struct”现在使用的是“class”
  (编译源文件“../src/shadergraph/core/texturemanager.cpp”)
      C:\work\qt\Studio\irisgl\src\graphics\renderitem.h(34,8):
      参见“iris::RenderItem”的声明
  
C:\work\qt\Studio\irisgl\src\content\modelloader.h(7,7): warning C4099: “aiScene”: 类型名称以前使用“struct”现在使用的是“class”
  (编译源文件“../src/shadergraph/core/texturemanager.cpp”)
      C:\work\qt\Studio\irisgl\src\assimp\include\assimp\scene.h(273,19):
      参见“aiScene”的声明
  
C:\work\qt\Studio\irisgl\src\animation\animableproperty.h(16,8): warning C4099: “iris::AnimableProperty”: 类型名称以前使用“class”现在使用的是“struct”
  (编译源文件“../src/shadergraph/core/texturemanager.cpp”)
      C:\work\qt\Studio\irisgl\src\animation\animableproperty.h(16,8):
      参见“iris::AnimableProperty”的声明
  
C:\work\qt\Studio\irisgl\src\animation\propertyanim.h(12,8): warning C4099: “iris::PropertyAnimInfo”: 类型名称以前使用“class”现在使用的是“struct”
  (编译源文件“../src/shadergraph/core/texturemanager.cpp”)
      C:\work\qt\Studio\irisgl\src\animation\propertyanim.h(12,8):
      参见“iris::PropertyAnimInfo”的声明
  
C:\work\qt\Studio\irisgl\src\graphics\renderitem.h(34,8): warning C4099: “iris::RenderItem”: 类型名称以前使用“class”现在使用的是“struct”
  (编译源文件“../src/shadergraph/graph/graphnode.cpp”)
      C:\work\qt\Studio\irisgl\src\graphics\renderitem.h(34,8):
      参见“iris::RenderItem”的声明
  
C:\work\qt\Studio\irisgl\src\scenegraph\meshnode.h(26,7): warning C4099: “aiScene”: 类型名称以前使用“struct”现在使用的是“class”
  (编译源文件“../src/shadergraph/graph/graphnode.cpp”)
      C:\work\qt\Studio\irisgl\src\assimp\include\assimp\scene.h(273,19):
      参见“aiScene”的声明
  
C:\work\qt\Studio\irisgl\src\scenegraph\meshnode.h(31,7): warning C4099: “iris::RenderItem”: 类型名称以前使用“struct”现在使用的是“class”
  (编译源文件“../src/shadergraph/graph/graphnode.cpp”)
      C:\work\qt\Studio\irisgl\src\graphics\renderitem.h(34,8):
      参见“iris::RenderItem”的声明
  
C:\work\qt\Studio\irisgl\src\graphics\graphicshelper.h(21,7): warning C4099: “aiScene”: 类型名称以前使用“struct”现在使用的是“class”
  (编译源文件“../src/shadergraph/core/undoredo.cpp”)
      C:\work\qt\Studio\irisgl\src\assimp\include\assimp\scene.h(273,19):
      参见“aiScene”的声明
  
C:\work\qt\Studio\irisgl\src\scenegraph\particlesystemnode.h(25,7): warning C4099: “iris::RenderItem”: 类型名称以前使用“struct”现在使用的是“class”
  (编译源文件“../src/shadergraph/graph/graphnode.cpp”)
      C:\work\qt\Studio\irisgl\src\graphics\renderitem.h(34,8):
      参见“iris::RenderItem”的声明
  
C:\work\qt\Studio\irisgl\src\scenegraph\viewernode.h(21,7): warning C4099: “iris::RenderItem”: 类型名称以前使用“struct”现在使用的是“class”
  (编译源文件“../src/shadergraph/graph/graphnode.cpp”)
      C:\work\qt\Studio\irisgl\src\graphics\renderitem.h(34,8):
      参见“iris::RenderItem”的声明
  
C:\work\qt\Studio\irisgl\src\scenegraph\scene.h(39,8): warning C4099: “iris::PickingResult”: 类型名称以前使用“class”现在使用的是“struct”
  (编译源文件“../src/shadergraph/core/undoredo.cpp”)
      C:\work\qt\Studio\irisgl\src\scenegraph\scene.h(39,8):
      参见“iris::PickingResult”的声明
  
C:\work\qt\Studio\irisgl\src\content\modelloader.h(7,7): warning C4099: “aiScene”: 类型名称以前使用“struct”现在使用的是“class”
  (编译源文件“../src/shadergraph/graph/graphnode.cpp”)
      C:\work\qt\Studio\irisgl\src\assimp\include\assimp\scene.h(273,19):
      参见“aiScene”的声明
  
C:\work\qt\Studio\irisgl\src\animation\animableproperty.h(16,8): warning C4099: “iris::AnimableProperty”: 类型名称以前使用“class”现在使用的是“struct”
  (编译源文件“../src/shadergraph/graph/graphnode.cpp”)
      C:\work\qt\Studio\irisgl\src\animation\animableproperty.h(16,8):
      参见“iris::AnimableProperty”的声明
  
C:\work\qt\Studio\src\shadergraph\graph\graphnodescene.h(39,7): warning C4099: “Property”: 类型名称以前使用“struct”现在使用的是“class”
  (编译源文件“../src/player/playback.cpp”)
      C:\work\qt\Studio\src\shadergraph\models\properties.h(25,8):
      参见“Property”的声明
  
C:\work\qt\Studio\irisgl\src\graphics\forwardrenderer.h(35,7): warning C4099: “iris::RenderData”: 类型名称以前使用“struct”现在使用的是“class”
  (编译源文件“../src/shadergraph/graph/socket.cpp”)
      C:\work\qt\Studio\irisgl\src\graphics\renderdata.h(22,8):
      参见“iris::RenderData”的声明
  
C:\work\qt\Studio\irisgl\src\animation\propertyanim.h(12,8): warning C4099: “iris::PropertyAnimInfo”: 类型名称以前使用“class”现在使用的是“struct”
  (编译源文件“../src/shadergraph/graph/graphnode.cpp”)
      C:\work\qt\Studio\irisgl\src\animation\propertyanim.h(12,8):
      参见“iris::PropertyAnimInfo”的声明
  
C:\work\qt\Studio\src\shadergraph\widgets\propertylistwidget.h(15,7): warning C4099: “FloatProperty”: 类型名称以前使用“struct”现在使用的是“class”
  (编译源文件“../src/player/playback.cpp”)
      C:\work\qt\Studio\src\shadergraph\models\properties.h(147,8):
      参见“FloatProperty”的声明
  
C:\work\qt\Studio\src\shadergraph\widgets\propertylistwidget.h(16,7): warning C4099: “Vec2Property”: 类型名称以前使用“struct”现在使用的是“class”
  (编译源文件“../src/player/playback.cpp”)
      C:\work\qt\Studio\src\shadergraph\models\properties.h(287,8):
      参见“Vec2Property”的声明
  
C:\work\qt\Studio\src\shadergraph\widgets\propertylistwidget.h(17,7): warning C4099: “Vec3Property”: 类型名称以前使用“struct”现在使用的是“class”
  (编译源文件“../src/player/playback.cpp”)
      C:\work\qt\Studio\src\shadergraph\models\properties.h(332,8):
      参见“Vec3Property”的声明
  
C:\work\qt\Studio\src\shadergraph\widgets\propertylistwidget.h(18,7): warning C4099: “Vec4Property”: 类型名称以前使用“struct”现在使用的是“class”
  (编译源文件“../src/player/playback.cpp”)
      C:\work\qt\Studio\src\shadergraph\models\properties.h(382,8):
      参见“Vec4Property”的声明
  
C:\work\qt\Studio\src\shadergraph\widgets\propertylistwidget.h(19,7): warning C4099: “IntProperty”: 类型名称以前使用“struct”现在使用的是“class”
  (编译源文件“../src/player/playback.cpp”)
      C:\work\qt\Studio\src\shadergraph\models\properties.h(95,8):
      参见“IntProperty”的声明
  
C:\work\qt\Studio\src\shadergraph\widgets\propertylistwidget.h(20,7): warning C4099: “TextureProperty”: 类型名称以前使用“struct”现在使用的是“class”
  (编译源文件“../src/player/playback.cpp”)
      C:\work\qt\Studio\src\shadergraph\models\properties.h(248,8):
      参见“TextureProperty”的声明
  
C:\work\qt\Studio\irisgl\src\scenegraph\scenenode.h(36,7): warning C4099: “iris::PhysicsProperty”: 类型名称以前使用“struct”现在使用的是“class”
  (编译源文件“../src/shadergraph/core/undoredo.cpp”)
      C:\work\qt\Studio\irisgl\src\physics\physicsproperties.h(43,8):
      参见“iris::PhysicsProperty”的声明
  
C:\work\qt\Studio\src\shadergraph\shadergraphmainwindow.h(31,7): warning C4099: “NodeLibraryItem”: 类型名称以前使用“struct”现在使用的是“class”
  (编译源文件“../src/player/playback.cpp”)
      C:\work\qt\Studio\src\shadergraph\models\library.h(11,8):
      参见“NodeLibraryItem”的声明
  
  object.cpp
C:\work\qt\Studio\irisgl\src\graphics\renderitem.h(34,8): warning C4099: “iris::RenderItem”: 类型名称以前使用“class”现在使用的是“struct”
  (编译源文件“../src/shadergraph/core/undoredo.cpp”)
      C:\work\qt\Studio\irisgl\src\graphics\renderitem.h(34,8):
      参见“iris::RenderItem”的声明
  
C:\work\qt\Studio\irisgl\src\scenegraph\meshnode.h(26,7): warning C4099: “aiScene”: 类型名称以前使用“struct”现在使用的是“class”
  (编译源文件“../src/shadergraph/core/undoredo.cpp”)
      C:\work\qt\Studio\irisgl\src\assimp\include\assimp\scene.h(273,19):
      参见“aiScene”的声明
  
C:\work\qt\Studio\irisgl\src\scenegraph\meshnode.h(31,7): warning C4099: “iris::RenderItem”: 类型名称以前使用“struct”现在使用的是“class”
  (编译源文件“../src/shadergraph/core/undoredo.cpp”)
      C:\work\qt\Studio\irisgl\src\graphics\renderitem.h(34,8):
      参见“iris::RenderItem”的声明
  
C:\work\qt\Studio\irisgl\src\scenegraph\particlesystemnode.h(25,7): warning C4099: “iris::RenderItem”: 类型名称以前使用“struct”现在使用的是“class”
  (编译源文件“../src/shadergraph/core/undoredo.cpp”)
      C:\work\qt\Studio\irisgl\src\graphics\renderitem.h(34,8):
      参见“iris::RenderItem”的声明
  
C:\work\qt\Studio\irisgl\src\graphics\graphicshelper.h(21,7): warning C4099: “aiScene”: 类型名称以前使用“struct”现在使用的是“class”
  (编译源文件“../src/shadergraph/graph/socket.cpp”)
      C:\work\qt\Studio\irisgl\src\assimp\include\assimp\scene.h(273,19):
      参见“aiScene”的声明
  
C:\work\qt\Studio\irisgl\src\scenegraph\viewernode.h(21,7): warning C4099: “iris::RenderItem”: 类型名称以前使用“struct”现在使用的是“class”
  (编译源文件“../src/shadergraph/core/undoredo.cpp”)
      C:\work\qt\Studio\irisgl\src\graphics\renderitem.h(34,8):
      参见“iris::RenderItem”的声明
  
C:\work\qt\Studio\irisgl\src\content\modelloader.h(7,7): warning C4099: “aiScene”: 类型名称以前使用“struct”现在使用的是“class”
  (编译源文件“../src/shadergraph/core/undoredo.cpp”)
      C:\work\qt\Studio\irisgl\src\assimp\include\assimp\scene.h(273,19):
      参见“aiScene”的声明
  
C:\work\qt\Studio\irisgl\src\animation\animableproperty.h(16,8): warning C4099: “iris::AnimableProperty”: 类型名称以前使用“class”现在使用的是“struct”
  (编译源文件“../src/shadergraph/core/undoredo.cpp”)
      C:\work\qt\Studio\irisgl\src\animation\animableproperty.h(16,8):
      参见“iris::AnimableProperty”的声明
  
C:\work\qt\Studio\irisgl\src\animation\propertyanim.h(12,8): warning C4099: “iris::PropertyAnimInfo”: 类型名称以前使用“class”现在使用的是“struct”
  (编译源文件“../src/shadergraph/core/undoredo.cpp”)
      C:\work\qt\Studio\irisgl\src\animation\propertyanim.h(12,8):
      参见“iris::PropertyAnimInfo”的声明
  
C:\work\qt\Studio\irisgl\src\graphics\forwardrenderer.h(35,7): warning C4099: “iris::RenderData”: 类型名称以前使用“struct”现在使用的是“class”
  (编译源文件“../src/shadergraph/graph/nodegraph.cpp”)
      C:\work\qt\Studio\irisgl\src\graphics\renderdata.h(22,8):
      参见“iris::RenderData”的声明
  
C:\work\qt\Studio\irisgl\src\scenegraph\scene.h(39,8): warning C4099: “iris::PickingResult”: 类型名称以前使用“class”现在使用的是“struct”
  (编译源文件“../src/shadergraph/graph/socket.cpp”)
      C:\work\qt\Studio\irisgl\src\scenegraph\scene.h(39,8):
      参见“iris::PickingResult”的声明
  
C:\work\qt\Studio\irisgl\src\vr\vrdevice.h(89,8): warning C4099: “iris::VrSwapChain”: 类型名称以前使用“class”现在使用的是“struct”
  (编译源文件“../src/shadergraph/core/materialhelper.cpp”)
      C:\work\qt\Studio\irisgl\src\vr\vrdevice.h(89,8):
      参见“iris::VrSwapChain”的声明
  
C:\work\qt\Studio\src\shadergraph\models\properties.h(158,10): warning C4305: “=”: 从“double”到“float”截断
  (编译源文件“../src/shadergraph/core/materialhelper.cpp”)
  
C:\work\qt\Studio\irisgl\src\scenegraph\scenenode.h(36,7): warning C4099: “iris::PhysicsProperty”: 类型名称以前使用“struct”现在使用的是“class”
  (编译源文件“../src/shadergraph/graph/socket.cpp”)
      C:\work\qt\Studio\irisgl\src\physics\physicsproperties.h(43,8):
      参见“iris::PhysicsProperty”的声明
  
C:\work\qt\Studio\irisgl\src\graphics\graphicshelper.h(21,7): warning C4099: “aiScene”: 类型名称以前使用“struct”现在使用的是“class”
  (编译源文件“../src/shadergraph/graph/nodegraph.cpp”)
      C:\work\qt\Studio\irisgl\src\assimp\include\assimp\scene.h(273,19):
      参见“aiScene”的声明
  
C:\work\qt\Studio\irisgl\src\graphics\renderitem.h(34,8): warning C4099: “iris::RenderItem”: 类型名称以前使用“class”现在使用的是“struct”
  (编译源文件“../src/shadergraph/graph/socket.cpp”)
      C:\work\qt\Studio\irisgl\src\graphics\renderitem.h(34,8):
      参见“iris::RenderItem”的声明
  
C:\work\qt\Studio\irisgl\src\scenegraph\meshnode.h(26,7): warning C4099: “aiScene”: 类型名称以前使用“struct”现在使用的是“class”
  (编译源文件“../src/shadergraph/graph/socket.cpp”)
      C:\work\qt\Studio\irisgl\src\assimp\include\assimp\scene.h(273,19):
      参见“aiScene”的声明
  
C:\work\qt\Studio\irisgl\src\scenegraph\meshnode.h(31,7): warning C4099: “iris::RenderItem”: 类型名称以前使用“struct”现在使用的是“class”
  (编译源文件“../src/shadergraph/graph/socket.cpp”)
      C:\work\qt\Studio\irisgl\src\graphics\renderitem.h(34,8):
      参见“iris::RenderItem”的声明
  
C:\work\qt\Studio\irisgl\src\graphics\forwardrenderer.h(35,7): warning C4099: “iris::RenderData”: 类型名称以前使用“struct”现在使用的是“class”
  (编译源文件“../src/shadergraph/dialogs/searchdialog.cpp”)
      C:\work\qt\Studio\irisgl\src\graphics\renderdata.h(22,8):
      参见“iris::RenderData”的声明
  
C:\work\qt\Studio\irisgl\src\vr\vrdevice.h(89,8): warning C4099: “iris::VrSwapChain”: 类型名称以前使用“class”现在使用的是“struct”
  (编译源文件“../src/shadergraph/core/texturemanager.cpp”)
      C:\work\qt\Studio\irisgl\src\vr\vrdevice.h(89,8):
      参见“iris::VrSwapChain”的声明
  
C:\work\qt\Studio\irisgl\src\scenegraph\particlesystemnode.h(25,7): warning C4099: “iris::RenderItem”: 类型名称以前使用“struct”现在使用的是“class”
  (编译源文件“../src/shadergraph/graph/socket.cpp”)
      C:\work\qt\Studio\irisgl\src\graphics\renderitem.h(34,8):
      参见“iris::RenderItem”的声明
  
C:\work\qt\Studio\irisgl\src\scenegraph\scene.h(39,8): warning C4099: “iris::PickingResult”: 类型名称以前使用“class”现在使用的是“struct”
  (编译源文件“../src/shadergraph/graph/nodegraph.cpp”)
      C:\work\qt\Studio\irisgl\src\scenegraph\scene.h(39,8):
      参见“iris::PickingResult”的声明
  
C:\work\qt\Studio\irisgl\src\scenegraph\viewernode.h(21,7): warning C4099: “iris::RenderItem”: 类型名称以前使用“struct”现在使用的是“class”
  (编译源文件“../src/shadergraph/graph/socket.cpp”)
      C:\work\qt\Studio\irisgl\src\graphics\renderitem.h(34,8):
      参见“iris::RenderItem”的声明
  
C:\work\qt\Studio\irisgl\src\graphics\forwardrenderer.h(35,7): warning C4099: “iris::RenderData”: 类型名称以前使用“struct”现在使用的是“class”
  (编译源文件“../src/shadergraph/dialogs/createnewdialog.cpp”)
      C:\work\qt\Studio\irisgl\src\graphics\renderdata.h(22,8):
      参见“iris::RenderData”的声明
  
  test.cpp
C:\work\qt\Studio\irisgl\src\content\modelloader.h(7,7): warning C4099: “aiScene”: 类型名称以前使用“struct”现在使用的是“class”
  (编译源文件“../src/shadergraph/graph/socket.cpp”)
      C:\work\qt\Studio\irisgl\src\assimp\include\assimp\scene.h(273,19):
      参见“aiScene”的声明
  
C:\work\qt\Studio\irisgl\src\animation\animableproperty.h(16,8): warning C4099: “iris::AnimableProperty”: 类型名称以前使用“class”现在使用的是“struct”
  (编译源文件“../src/shadergraph/graph/socket.cpp”)
      C:\work\qt\Studio\irisgl\src\animation\animableproperty.h(16,8):
      参见“iris::AnimableProperty”的声明
  
C:\work\qt\Studio\irisgl\src\vr\vrdevice.h(89,8): warning C4099: “iris::VrSwapChain”: 类型名称以前使用“class”现在使用的是“struct”
  (编译源文件“../src/shadergraph/graph/graphnode.cpp”)
      C:\work\qt\Studio\irisgl\src\vr\vrdevice.h(89,8):
      参见“iris::VrSwapChain”的声明
  
C:\work\qt\Studio\irisgl\src\animation\propertyanim.h(12,8): warning C4099: “iris::PropertyAnimInfo”: 类型名称以前使用“class”现在使用的是“struct”
  (编译源文件“../src/shadergraph/graph/socket.cpp”)
      C:\work\qt\Studio\irisgl\src\animation\propertyanim.h(12,8):
      参见“iris::PropertyAnimInfo”的声明
  
C:\work\qt\Studio\irisgl\src\scenegraph\scenenode.h(36,7): warning C4099: “iris::PhysicsProperty”: 类型名称以前使用“struct”现在使用的是“class”
  (编译源文件“../src/shadergraph/graph/nodegraph.cpp”)
      C:\work\qt\Studio\irisgl\src\physics\physicsproperties.h(43,8):
      参见“iris::PhysicsProperty”的声明
  
C:\work\qt\Studio\irisgl\src\graphics\graphicshelper.h(21,7): warning C4099: “aiScene”: 类型名称以前使用“struct”现在使用的是“class”
  (编译源文件“../src/shadergraph/dialogs/searchdialog.cpp”)
      C:\work\qt\Studio\irisgl\src\assimp\include\assimp\scene.h(273,19):
      参见“aiScene”的声明
  
C:\work\qt\Studio\irisgl\src\graphics\graphicshelper.h(21,7): warning C4099: “aiScene”: 类型名称以前使用“struct”现在使用的是“class”
  (编译源文件“../src/shadergraph/dialogs/createnewdialog.cpp”)
      C:\work\qt\Studio\irisgl\src\assimp\include\assimp\scene.h(273,19):
      参见“aiScene”的声明
  
C:\work\qt\Studio\irisgl\src\scenegraph\scene.h(39,8): warning C4099: “iris::PickingResult”: 类型名称以前使用“class”现在使用的是“struct”
  (编译源文件“../src/shadergraph/dialogs/searchdialog.cpp”)
      C:\work\qt\Studio\irisgl\src\scenegraph\scene.h(39,8):
      参见“iris::PickingResult”的声明
  
C:\work\qt\Studio\irisgl\src\graphics\renderitem.h(34,8): warning C4099: “iris::RenderItem”: 类型名称以前使用“class”现在使用的是“struct”
  (编译源文件“../src/shadergraph/graph/nodegraph.cpp”)
      C:\work\qt\Studio\irisgl\src\graphics\renderitem.h(34,8):
      参见“iris::RenderItem”的声明
  
C:\work\qt\Studio\irisgl\src\scenegraph\meshnode.h(26,7): warning C4099: “aiScene”: 类型名称以前使用“struct”现在使用的是“class”
  (编译源文件“../src/shadergraph/graph/nodegraph.cpp”)
      C:\work\qt\Studio\irisgl\src\assimp\include\assimp\scene.h(273,19):
      参见“aiScene”的声明
  
C:\work\qt\Studio\irisgl\src\scenegraph\meshnode.h(31,7): warning C4099: “iris::RenderItem”: 类型名称以前使用“struct”现在使用的是“class”
  (编译源文件“../src/shadergraph/graph/nodegraph.cpp”)
      C:\work\qt\Studio\irisgl\src\graphics\renderitem.h(34,8):
      参见“iris::RenderItem”的声明
  
C:\work\qt\Studio\irisgl\src\scenegraph\scene.h(39,8): warning C4099: “iris::PickingResult”: 类型名称以前使用“class”现在使用的是“struct”
  (编译源文件“../src/shadergraph/dialogs/createnewdialog.cpp”)
      C:\work\qt\Studio\irisgl\src\scenegraph\scene.h(39,8):
      参见“iris::PickingResult”的声明
  
C:\work\qt\Studio\irisgl\src\scenegraph\particlesystemnode.h(25,7): warning C4099: “iris::RenderItem”: 类型名称以前使用“struct”现在使用的是“class”
  (编译源文件“../src/shadergraph/graph/nodegraph.cpp”)
      C:\work\qt\Studio\irisgl\src\graphics\renderitem.h(34,8):
      参见“iris::RenderItem”的声明
  
C:\work\qt\Studio\irisgl\src\scenegraph\scenenode.h(36,7): warning C4099: “iris::PhysicsProperty”: 类型名称以前使用“struct”现在使用的是“class”
  (编译源文件“../src/shadergraph/dialogs/searchdialog.cpp”)
      C:\work\qt\Studio\irisgl\src\physics\physicsproperties.h(43,8):
      参见“iris::PhysicsProperty”的声明
  
C:\work\qt\Studio\irisgl\src\scenegraph\viewernode.h(21,7): warning C4099: “iris::RenderItem”: 类型名称以前使用“struct”现在使用的是“class”
  (编译源文件“../src/shadergraph/graph/nodegraph.cpp”)
      C:\work\qt\Studio\irisgl\src\graphics\renderitem.h(34,8):
      参见“iris::RenderItem”的声明
  
C:\work\qt\Studio\irisgl\src\vr\vrdevice.h(89,8): warning C4099: “iris::VrSwapChain”: 类型名称以前使用“class”现在使用的是“struct”
  (编译源文件“../src/shadergraph/core/undoredo.cpp”)
      C:\work\qt\Studio\irisgl\src\vr\vrdevice.h(89,8):
      参见“iris::VrSwapChain”的声明
  
C:\work\qt\Studio\irisgl\src\scenegraph\scenenode.h(36,7): warning C4099: “iris::PhysicsProperty”: 类型名称以前使用“struct”现在使用的是“class”
  (编译源文件“../src/shadergraph/dialogs/createnewdialog.cpp”)
      C:\work\qt\Studio\irisgl\src\physics\physicsproperties.h(43,8):
      参见“iris::PhysicsProperty”的声明
  
C:\work\qt\Studio\irisgl\src\content\modelloader.h(7,7): warning C4099: “aiScene”: 类型名称以前使用“struct”现在使用的是“class”
  (编译源文件“../src/shadergraph/graph/nodegraph.cpp”)
      C:\work\qt\Studio\irisgl\src\assimp\include\assimp\scene.h(273,19):
      参见“aiScene”的声明
  
C:\work\qt\Studio\irisgl\src\animation\animableproperty.h(16,8): warning C4099: “iris::AnimableProperty”: 类型名称以前使用“class”现在使用的是“struct”
  (编译源文件“../src/shadergraph/graph/nodegraph.cpp”)
      C:\work\qt\Studio\irisgl\src\animation\animableproperty.h(16,8):
      参见“iris::AnimableProperty”的声明
  
C:\work\qt\Studio\irisgl\src\animation\propertyanim.h(12,8): warning C4099: “iris::PropertyAnimInfo”: 类型名称以前使用“class”现在使用的是“struct”
  (编译源文件“../src/shadergraph/graph/nodegraph.cpp”)
      C:\work\qt\Studio\irisgl\src\animation\propertyanim.h(12,8):
      参见“iris::PropertyAnimInfo”的声明
  
C:\work\qt\Studio\src\shadergraph\graph\graphnodescene.h(39,7): warning C4099: “Property”: 类型名称以前使用“struct”现在使用的是“class”
  (编译源文件“../src/shadergraph/core/materialhelper.cpp”)
      C:\work\qt\Studio\src\shadergraph\models\properties.h(25,8):
      参见“Property”的声明
  
C:\work\qt\Studio\irisgl\src\graphics\renderitem.h(34,8): warning C4099: “iris::RenderItem”: 类型名称以前使用“class”现在使用的是“struct”
  (编译源文件“../src/shadergraph/dialogs/createnewdialog.cpp”)
      C:\work\qt\Studio\irisgl\src\graphics\renderitem.h(34,8):
      参见“iris::RenderItem”的声明
  
C:\work\qt\Studio\irisgl\src\scenegraph\meshnode.h(26,7): warning C4099: “aiScene”: 类型名称以前使用“struct”现在使用的是“class”
  (编译源文件“../src/shadergraph/dialogs/createnewdialog.cpp”)
      C:\work\qt\Studio\irisgl\src\assimp\include\assimp\scene.h(273,19):
      参见“aiScene”的声明
  
C:\work\qt\Studio\irisgl\src\scenegraph\meshnode.h(31,7): warning C4099: “iris::RenderItem”: 类型名称以前使用“struct”现在使用的是“class”
  (编译源文件“../src/shadergraph/dialogs/createnewdialog.cpp”)
      C:\work\qt\Studio\irisgl\src\graphics\renderitem.h(34,8):
      参见“iris::RenderItem”的声明
  
C:\work\qt\Studio\irisgl\src\graphics\renderitem.h(34,8): warning C4099: “iris::RenderItem”: 类型名称以前使用“class”现在使用的是“struct”
  (编译源文件“../src/shadergraph/dialogs/searchdialog.cpp”)
      C:\work\qt\Studio\irisgl\src\graphics\renderitem.h(34,8):
      参见“iris::RenderItem”的声明
  
C:\work\qt\Studio\irisgl\src\scenegraph\meshnode.h(26,7): warning C4099: “aiScene”: 类型名称以前使用“struct”现在使用的是“class”
  (编译源文件“../src/shadergraph/dialogs/searchdialog.cpp”)
      C:\work\qt\Studio\irisgl\src\assimp\include\assimp\scene.h(273,19):
      参见“aiScene”的声明
  
C:\work\qt\Studio\irisgl\src\scenegraph\meshnode.h(31,7): warning C4099: “iris::RenderItem”: 类型名称以前使用“struct”现在使用的是“class”
  (编译源文件“../src/shadergraph/dialogs/searchdialog.cpp”)
      C:\work\qt\Studio\irisgl\src\graphics\renderitem.h(34,8):
      参见“iris::RenderItem”的声明
  
C:\work\qt\Studio\irisgl\src\scenegraph\particlesystemnode.h(25,7): warning C4099: “iris::RenderItem”: 类型名称以前使用“struct”现在使用的是“class”
  (编译源文件“../src/shadergraph/dialogs/createnewdialog.cpp”)
      C:\work\qt\Studio\irisgl\src\graphics\renderitem.h(34,8):
      参见“iris::RenderItem”的声明
  
  texture.cpp
C:\work\qt\Studio\src\shadergraph\models\properties.h(158,10): warning C4305: “=”: 从“double”到“float”截断
  (编译源文件“../src/shadergraph/graph/graphnode.cpp”)
  
C:\work\qt\Studio\irisgl\src\scenegraph\particlesystemnode.h(25,7): warning C4099: “iris::RenderItem”: 类型名称以前使用“struct”现在使用的是“class”
  (编译源文件“../src/shadergraph/dialogs/searchdialog.cpp”)
      C:\work\qt\Studio\irisgl\src\graphics\renderitem.h(34,8):
      参见“iris::RenderItem”的声明
  
  utils.cpp
C:\work\qt\Studio\irisgl\src\scenegraph\viewernode.h(21,7): warning C4099: “iris::RenderItem”: 类型名称以前使用“struct”现在使用的是“class”
  (编译源文件“../src/shadergraph/dialogs/createnewdialog.cpp”)
      C:\work\qt\Studio\irisgl\src\graphics\renderitem.h(34,8):
      参见“iris::RenderItem”的声明
  
C:\work\qt\Studio\irisgl\src\graphics\forwardrenderer.h(35,7): warning C4099: “iris::RenderData”: 类型名称以前使用“struct”现在使用的是“class”
  (编译源文件“../src/shadergraph/graph/graphnodescene.cpp”)
      C:\work\qt\Studio\irisgl\src\graphics\renderdata.h(22,8):
      参见“iris::RenderData”的声明
  
  vector.cpp
C:\work\qt\Studio\irisgl\src\content\modelloader.h(7,7): warning C4099: “aiScene”: 类型名称以前使用“struct”现在使用的是“class”
  (编译源文件“../src/shadergraph/dialogs/createnewdialog.cpp”)
      C:\work\qt\Studio\irisgl\src\assimp\include\assimp\scene.h(273,19):
      参见“aiScene”的声明
  
C:\work\qt\Studio\irisgl\src\animation\animableproperty.h(16,8): warning C4099: “iris::AnimableProperty”: 类型名称以前使用“class”现在使用的是“struct”
  (编译源文件“../src/shadergraph/dialogs/createnewdialog.cpp”)
      C:\work\qt\Studio\irisgl\src\animation\animableproperty.h(16,8):
      参见“iris::AnimableProperty”的声明
  
C:\work\qt\Studio\irisgl\src\animation\propertyanim.h(12,8): warning C4099: “iris::PropertyAnimInfo”: 类型名称以前使用“class”现在使用的是“struct”
  (编译源文件“../src/shadergraph/dialogs/createnewdialog.cpp”)
      C:\work\qt\Studio\irisgl\src\animation\propertyanim.h(12,8):
      参见“iris::PropertyAnimInfo”的声明
  
C:\work\qt\Studio\irisgl\src\scenegraph\viewernode.h(21,7): warning C4099: “iris::RenderItem”: 类型名称以前使用“struct”现在使用的是“class”
  (编译源文件“../src/shadergraph/dialogs/searchdialog.cpp”)
      C:\work\qt\Studio\irisgl\src\graphics\renderitem.h(34,8):
      参见“iris::RenderItem”的声明
  
C:\work\qt\Studio\irisgl\src\content\modelloader.h(7,7): warning C4099: “aiScene”: 类型名称以前使用“struct”现在使用的是“class”
  (编译源文件“../src/shadergraph/dialogs/searchdialog.cpp”)
      C:\work\qt\Studio\irisgl\src\assimp\include\assimp\scene.h(273,19):
      参见“aiScene”的声明
  
C:\work\qt\Studio\irisgl\src\animation\animableproperty.h(16,8): warning C4099: “iris::AnimableProperty”: 类型名称以前使用“class”现在使用的是“struct”
  (编译源文件“../src/shadergraph/dialogs/searchdialog.cpp”)
      C:\work\qt\Studio\irisgl\src\animation\animableproperty.h(16,8):
      参见“iris::AnimableProperty”的声明
  
C:\work\qt\Studio\irisgl\src\animation\propertyanim.h(12,8): warning C4099: “iris::PropertyAnimInfo”: 类型名称以前使用“class”现在使用的是“struct”
  (编译源文件“../src/shadergraph/dialogs/searchdialog.cpp”)
      C:\work\qt\Studio\irisgl\src\animation\propertyanim.h(12,8):
      参见“iris::PropertyAnimInfo”的声明
  
C:\work\qt\Studio\irisgl\src\graphics\graphicshelper.h(21,7): warning C4099: “aiScene”: 类型名称以前使用“struct”现在使用的是“class”
  (编译源文件“../src/shadergraph/graph/graphnodescene.cpp”)
      C:\work\qt\Studio\irisgl\src\assimp\include\assimp\scene.h(273,19):
      参见“aiScene”的声明
  
C:\work\qt\Studio\irisgl\src\scenegraph\scene.h(39,8): warning C4099: “iris::PickingResult”: 类型名称以前使用“class”现在使用的是“struct”
  (编译源文件“../src/shadergraph/graph/graphnodescene.cpp”)
      C:\work\qt\Studio\irisgl\src\scenegraph\scene.h(39,8):
      参见“iris::PickingResult”的声明
  
C:\work\qt\Studio\irisgl\src\vr\vrdevice.h(89,8): warning C4099: “iris::VrSwapChain”: 类型名称以前使用“class”现在使用的是“struct”
  (编译源文件“../src/shadergraph/graph/socket.cpp”)
      C:\work\qt\Studio\irisgl\src\vr\vrdevice.h(89,8):
      参见“iris::VrSwapChain”的声明
  
  view.cpp
  floatpropertywidget.cpp
C:\work\qt\Studio\src\shadergraph\models\properties.h(158,10): warning C4305: “=”: 从“double”到“float”截断
  (编译源文件“../src/shadergraph/models/properties.cpp”)
  
C:\work\qt\Studio\irisgl\src\scenegraph\scenenode.h(36,7): warning C4099: “iris::PhysicsProperty”: 类型名称以前使用“struct”现在使用的是“class”
  (编译源文件“../src/shadergraph/graph/graphnodescene.cpp”)
      C:\work\qt\Studio\irisgl\src\physics\physicsproperties.h(43,8):
      参见“iris::PhysicsProperty”的声明
  
C:\work\qt\Studio\irisgl\src\graphics\renderitem.h(34,8): warning C4099: “iris::RenderItem”: 类型名称以前使用“class”现在使用的是“struct”
  (编译源文件“../src/shadergraph/graph/graphnodescene.cpp”)
      C:\work\qt\Studio\irisgl\src\graphics\renderitem.h(34,8):
      参见“iris::RenderItem”的声明
  
C:\work\qt\Studio\irisgl\src\vr\vrdevice.h(89,8): warning C4099: “iris::VrSwapChain”: 类型名称以前使用“class”现在使用的是“struct”
  (编译源文件“../src/shadergraph/graph/nodegraph.cpp”)
      C:\work\qt\Studio\irisgl\src\vr\vrdevice.h(89,8):
      参见“iris::VrSwapChain”的声明
  
C:\work\qt\Studio\irisgl\src\scenegraph\meshnode.h(26,7): warning C4099: “aiScene”: 类型名称以前使用“struct”现在使用的是“class”
  (编译源文件“../src/shadergraph/graph/graphnodescene.cpp”)
      C:\work\qt\Studio\irisgl\src\assimp\include\assimp\scene.h(273,19):
      参见“aiScene”的声明
  
C:\work\qt\Studio\irisgl\src\scenegraph\meshnode.h(31,7): warning C4099: “iris::RenderItem”: 类型名称以前使用“struct”现在使用的是“class”
  (编译源文件“../src/shadergraph/graph/graphnodescene.cpp”)
      C:\work\qt\Studio\irisgl\src\graphics\renderitem.h(34,8):
      参见“iris::RenderItem”的声明
  
C:\work\qt\Studio\src\shadergraph\models\properties.h(158,10): warning C4305: “=”: 从“double”到“float”截断
  (编译源文件“../src/shadergraph/core/undoredo.cpp”)
  
C:\work\qt\Studio\src\shadergraph\widgets\scenewidget.h(22,7): warning C4099: “MaterialSettings”: 类型名称以前使用“struct”现在使用的是“class”
  (编译源文件“../src/shadergraph/graph/nodegraph.cpp”)
      C:\work\qt\Studio\src\shadergraph\graph\nodegraph.h(37,8):
      参见“MaterialSettings”的声明
  
C:\work\qt\Studio\irisgl\src\scenegraph\particlesystemnode.h(25,7): warning C4099: “iris::RenderItem”: 类型名称以前使用“struct”现在使用的是“class”
  (编译源文件“../src/shadergraph/graph/graphnodescene.cpp”)
      C:\work\qt\Studio\irisgl\src\graphics\renderitem.h(34,8):
      参见“iris::RenderItem”的声明
  
  vectorpropertywidget.cpp
C:\work\qt\Studio\src\shadergraph\graph\graphnodescene.h(39,7): warning C4099: “Property”: 类型名称以前使用“struct”现在使用的是“class”
  (编译源文件“../src/shadergraph/graph/graphnode.cpp”)
      C:\work\qt\Studio\src\shadergraph\models\properties.h(25,8):
      参见“Property”的声明
  
C:\work\qt\Studio\irisgl\src\graphics\forwardrenderer.h(35,7): warning C4099: “iris::RenderData”: 类型名称以前使用“struct”现在使用的是“class”
  (编译源文件“../src/shadergraph/graph/socketconnection.cpp”)
      C:\work\qt\Studio\irisgl\src\graphics\renderdata.h(22,8):
      参见“iris::RenderData”的声明
  
C:\work\qt\Studio\irisgl\src\scenegraph\viewernode.h(21,7): warning C4099: “iris::RenderItem”: 类型名称以前使用“struct”现在使用的是“class”
  (编译源文件“../src/shadergraph/graph/graphnodescene.cpp”)
      C:\work\qt\Studio\irisgl\src\graphics\renderitem.h(34,8):
      参见“iris::RenderItem”的声明
  
C:\work\qt\Studio\irisgl\src\content\modelloader.h(7,7): warning C4099: “aiScene”: 类型名称以前使用“struct”现在使用的是“class”
  (编译源文件“../src/shadergraph/graph/graphnodescene.cpp”)
      C:\work\qt\Studio\irisgl\src\assimp\include\assimp\scene.h(273,19):
      参见“aiScene”的声明
  
C:\work\qt\Studio\irisgl\src\animation\animableproperty.h(16,8): warning C4099: “iris::AnimableProperty”: 类型名称以前使用“class”现在使用的是“struct”
  (编译源文件“../src/shadergraph/graph/graphnodescene.cpp”)
      C:\work\qt\Studio\irisgl\src\animation\animableproperty.h(16,8):
      参见“iris::AnimableProperty”的声明
  
C:\work\qt\Studio\irisgl\src\animation\propertyanim.h(12,8): warning C4099: “iris::PropertyAnimInfo”: 类型名称以前使用“class”现在使用的是“struct”
  (编译源文件“../src/shadergraph/graph/graphnodescene.cpp”)
      C:\work\qt\Studio\irisgl\src\animation\propertyanim.h(12,8):
      参见“iris::PropertyAnimInfo”的声明
  
C:\work\qt\Studio\src\shadergraph\models\properties.h(158,10): warning C4305: “=”: 从“double”到“float”截断
  (编译源文件“../src/shadergraph/core/texturemanager.cpp”)
  
C:\work\qt\Studio\irisgl\src\vr\vrdevice.h(89,8): warning C4099: “iris::VrSwapChain”: 类型名称以前使用“class”现在使用的是“struct”
  (编译源文件“../src/shadergraph/dialogs/createnewdialog.cpp”)
      C:\work\qt\Studio\irisgl\src\vr\vrdevice.h(89,8):
      参见“iris::VrSwapChain”的声明
  
C:\work\qt\Studio\src\shadergraph\models\properties.h(158,10): warning C4305: “=”: 从“double”到“float”截断
  (编译源文件“../src/shadergraph/models/libraryv1.cpp”)
  
C:\work\qt\Studio\irisgl\src\graphics\graphicshelper.h(21,7): warning C4099: “aiScene”: 类型名称以前使用“struct”现在使用的是“class”
  (编译源文件“../src/shadergraph/graph/socketconnection.cpp”)
      C:\work\qt\Studio\irisgl\src\assimp\include\assimp\scene.h(273,19):
      参见“aiScene”的声明
  
C:\work\qt\Studio\src\shadergraph\graph\graphnodescene.h(39,7): warning C4099: “Property”: 类型名称以前使用“struct”现在使用的是“class”
  (编译源文件“../src/shadergraph/core/undoredo.cpp”)
      C:\work\qt\Studio\src\shadergraph\models\properties.h(25,8):
      参见“Property”的声明
  
C:\work\qt\Studio\irisgl\src\core\property.h(28,8): warning C4099: “iris::Property”: 类型名称以前使用“class”现在使用的是“struct”
  (编译源文件“../src/shadergraph/graph/graphnode.cpp”)
      C:\work\qt\Studio\irisgl\src\core\property.h(28,8):
      参见“iris::Property”的声明
  
C:\work\qt\Studio\irisgl\src\vr\vrdevice.h(89,8): warning C4099: “iris::VrSwapChain”: 类型名称以前使用“class”现在使用的是“struct”
  (编译源文件“../src/shadergraph/dialogs/searchdialog.cpp”)
      C:\work\qt\Studio\irisgl\src\vr\vrdevice.h(89,8):
      参见“iris::VrSwapChain”的声明
  
C:\work\qt\Studio\src\shadergraph\graph\graphnodescene.h(39,7): warning C4099: “Property”: 类型名称以前使用“struct”现在使用的是“class”
  (编译源文件“../src/shadergraph/core/texturemanager.cpp”)
      C:\work\qt\Studio\src\shadergraph\models\properties.h(25,8):
      参见“Property”的声明
  
C:\work\qt\Studio\src\shadergraph\widgets\scenewidget.h(22,7): warning C4099: “MaterialSettings”: 类型名称以前使用“struct”现在使用的是“class”
  (编译源文件“../src/shadergraph/graph/graphnode.cpp”)
      C:\work\qt\Studio\src\shadergraph\graph\nodegraph.h(37,8):
      参见“MaterialSettings”的声明
  
C:\work\qt\Studio\src\shadergraph\models\properties.h(158,10): warning C4305: “=”: 从“double”到“float”截断
  (编译源文件“../src/shadergraph/dialogs/createnewdialog.cpp”)
  
C:\work\qt\Studio\irisgl\src\scenegraph\scene.h(39,8): warning C4099: “iris::PickingResult”: 类型名称以前使用“class”现在使用的是“struct”
  (编译源文件“../src/shadergraph/graph/socketconnection.cpp”)
      C:\work\qt\Studio\irisgl\src\scenegraph\scene.h(39,8):
      参见“iris::PickingResult”的声明
  
  intpropertywidget.cpp
C:\work\qt\Studio\src\shadergraph\models\properties.h(158,10): warning C4305: “=”: 从“double”到“float”截断
  (编译源文件“../src/shadergraph/graph/socket.cpp”)
  
C:\work\qt\Studio\src\shadergraph\widgets\propertylistwidget.h(15,7): warning C4099: “FloatProperty”: 类型名称以前使用“struct”现在使用的是“class”
  (编译源文件“../src/shadergraph/core/texturemanager.cpp”)
      C:\work\qt\Studio\src\shadergraph\models\properties.h(147,8):
      参见“FloatProperty”的声明
  
C:\work\qt\Studio\src\shadergraph\widgets\propertylistwidget.h(16,7): warning C4099: “Vec2Property”: 类型名称以前使用“struct”现在使用的是“class”
  (编译源文件“../src/shadergraph/core/texturemanager.cpp”)
      C:\work\qt\Studio\src\shadergraph\models\properties.h(287,8):
      参见“Vec2Property”的声明
  
C:\work\qt\Studio\src\shadergraph\widgets\propertylistwidget.h(17,7): warning C4099: “Vec3Property”: 类型名称以前使用“struct”现在使用的是“class”
  (编译源文件“../src/shadergraph/core/texturemanager.cpp”)
      C:\work\qt\Studio\src\shadergraph\models\properties.h(332,8):
      参见“Vec3Property”的声明
  
C:\work\qt\Studio\src\shadergraph\widgets\propertylistwidget.h(18,7): warning C4099: “Vec4Property”: 类型名称以前使用“struct”现在使用的是“class”
  (编译源文件“../src/shadergraph/core/texturemanager.cpp”)
      C:\work\qt\Studio\src\shadergraph\models\properties.h(382,8):
      参见“Vec4Property”的声明
  
C:\work\qt\Studio\src\shadergraph\widgets\propertylistwidget.h(19,7): warning C4099: “IntProperty”: 类型名称以前使用“struct”现在使用的是“class”
  (编译源文件“../src/shadergraph/core/texturemanager.cpp”)
      C:\work\qt\Studio\src\shadergraph\models\properties.h(95,8):
      参见“IntProperty”的声明
  
C:\work\qt\Studio\src\shadergraph\widgets\propertylistwidget.h(20,7): warning C4099: “TextureProperty”: 类型名称以前使用“struct”现在使用的是“class”
  (编译源文件“../src/shadergraph/core/texturemanager.cpp”)
      C:\work\qt\Studio\src\shadergraph\models\properties.h(248,8):
      参见“TextureProperty”的声明
  
  texturepropertywidget.cpp
C:\work\qt\Studio\src\shadergraph\shadergraphmainwindow.h(31,7): warning C4099: “NodeLibraryItem”: 类型名称以前使用“struct”现在使用的是“class”
  (编译源文件“../src/shadergraph/core/texturemanager.cpp”)
      C:\work\qt\Studio\src\shadergraph\models\library.h(11,8):
      参见“NodeLibraryItem”的声明
  
C:\work\qt\Studio\irisgl\src\scenegraph\scenenode.h(36,7): warning C4099: “iris::PhysicsProperty”: 类型名称以前使用“struct”现在使用的是“class”
  (编译源文件“../src/shadergraph/graph/socketconnection.cpp”)
      C:\work\qt\Studio\irisgl\src\physics\physicsproperties.h(43,8):
      参见“iris::PhysicsProperty”的声明
  
C:\work\qt\Studio\src\shadergraph\graph\graphnodescene.h(39,7): warning C4099: “Property”: 类型名称以前使用“struct”现在使用的是“class”
  (编译源文件“../src/shadergraph/dialogs/createnewdialog.cpp”)
      C:\work\qt\Studio\src\shadergraph\models\properties.h(25,8):
      参见“Property”的声明
  
C:\work\qt\Studio\irisgl\src\graphics\renderitem.h(34,8): warning C4099: “iris::RenderItem”: 类型名称以前使用“class”现在使用的是“struct”
  (编译源文件“../src/shadergraph/graph/socketconnection.cpp”)
      C:\work\qt\Studio\irisgl\src\graphics\renderitem.h(34,8):
      参见“iris::RenderItem”的声明
  
C:\work\qt\Studio\src\shadergraph\widgets\propertylistwidget.h(15,7): warning C4099: “FloatProperty”: 类型名称以前使用“struct”现在使用的是“class”
  (编译源文件“../src/shadergraph/core/undoredo.cpp”)
      C:\work\qt\Studio\src\shadergraph\models\properties.h(147,8):
      参见“FloatProperty”的声明
  
C:\work\qt\Studio\src\shadergraph\widgets\propertylistwidget.h(16,7): warning C4099: “Vec2Property”: 类型名称以前使用“struct”现在使用的是“class”
  (编译源文件“../src/shadergraph/core/undoredo.cpp”)
      C:\work\qt\Studio\src\shadergraph\models\properties.h(287,8):
      参见“Vec2Property”的声明
  
C:\work\qt\Studio\src\shadergraph\widgets\propertylistwidget.h(17,7): warning C4099: “Vec3Property”: 类型名称以前使用“struct”现在使用的是“class”
  (编译源文件“../src/shadergraph/core/undoredo.cpp”)
      C:\work\qt\Studio\src\shadergraph\models\properties.h(332,8):
      参见“Vec3Property”的声明
  
C:\work\qt\Studio\src\shadergraph\widgets\propertylistwidget.h(18,7): warning C4099: “Vec4Property”: 类型名称以前使用“struct”现在使用的是“class”
  (编译源文件“../src/shadergraph/core/undoredo.cpp”)
      C:\work\qt\Studio\src\shadergraph\models\properties.h(382,8):
      参见“Vec4Property”的声明
  
C:\work\qt\Studio\src\shadergraph\widgets\propertylistwidget.h(19,7): warning C4099: “IntProperty”: 类型名称以前使用“struct”现在使用的是“class”
  (编译源文件“../src/shadergraph/core/undoredo.cpp”)
      C:\work\qt\Studio\src\shadergraph\models\properties.h(95,8):
      参见“IntProperty”的声明
  
C:\work\qt\Studio\src\shadergraph\widgets\propertylistwidget.h(20,7): warning C4099: “TextureProperty”: 类型名称以前使用“struct”现在使用的是“class”
  (编译源文件“../src/shadergraph/core/undoredo.cpp”)
      C:\work\qt\Studio\src\shadergraph\models\properties.h(248,8):
      参见“TextureProperty”的声明
  
C:\work\qt\Studio\irisgl\src\scenegraph\meshnode.h(26,7): warning C4099: “aiScene”: 类型名称以前使用“struct”现在使用的是“class”
  (编译源文件“../src/shadergraph/graph/socketconnection.cpp”)
      C:\work\qt\Studio\irisgl\src\assimp\include\assimp\scene.h(273,19):
      参见“aiScene”的声明
  
C:\work\qt\Studio\irisgl\src\scenegraph\meshnode.h(31,7): warning C4099: “iris::RenderItem”: 类型名称以前使用“struct”现在使用的是“class”
  (编译源文件“../src/shadergraph/graph/socketconnection.cpp”)
      C:\work\qt\Studio\irisgl\src\graphics\renderitem.h(34,8):
      参见“iris::RenderItem”的声明
  
C:\work\qt\Studio\irisgl\src\scenegraph\particlesystemnode.h(25,7): warning C4099: “iris::RenderItem”: 类型名称以前使用“struct”现在使用的是“class”
  (编译源文件“../src/shadergraph/graph/socketconnection.cpp”)
      C:\work\qt\Studio\irisgl\src\graphics\renderitem.h(34,8):
      参见“iris::RenderItem”的声明
  
C:\work\qt\Studio\irisgl\src\scenegraph\viewernode.h(21,7): warning C4099: “iris::RenderItem”: 类型名称以前使用“struct”现在使用的是“class”
  (编译源文件“../src/shadergraph/graph/socketconnection.cpp”)
      C:\work\qt\Studio\irisgl\src\graphics\renderitem.h(34,8):
      参见“iris::RenderItem”的声明
  
C:\work\qt\Studio\src\shadergraph\widgets\propertylistwidget.h(15,7): warning C4099: “FloatProperty”: 类型名称以前使用“struct”现在使用的是“class”
  (编译源文件“../src/shadergraph/dialogs/createnewdialog.cpp”)
      C:\work\qt\Studio\src\shadergraph\models\properties.h(147,8):
      参见“FloatProperty”的声明
  
C:\work\qt\Studio\src\shadergraph\widgets\propertylistwidget.h(16,7): warning C4099: “Vec2Property”: 类型名称以前使用“struct”现在使用的是“class”
  (编译源文件“../src/shadergraph/dialogs/createnewdialog.cpp”)
      C:\work\qt\Studio\src\shadergraph\models\properties.h(287,8):
      参见“Vec2Property”的声明
  
C:\work\qt\Studio\src\shadergraph\widgets\propertylistwidget.h(17,7): warning C4099: “Vec3Property”: 类型名称以前使用“struct”现在使用的是“class”
  (编译源文件“../src/shadergraph/dialogs/createnewdialog.cpp”)
      C:\work\qt\Studio\src\shadergraph\models\properties.h(332,8):
      参见“Vec3Property”的声明
  
C:\work\qt\Studio\src\shadergraph\widgets\propertylistwidget.h(18,7): warning C4099: “Vec4Property”: 类型名称以前使用“struct”现在使用的是“class”
  (编译源文件“../src/shadergraph/dialogs/createnewdialog.cpp”)
      C:\work\qt\Studio\src\shadergraph\models\properties.h(382,8):
      参见“Vec4Property”的声明
  
C:\work\qt\Studio\src\shadergraph\widgets\propertylistwidget.h(19,7): warning C4099: “IntProperty”: 类型名称以前使用“struct”现在使用的是“class”
  (编译源文件“../src/shadergraph/dialogs/createnewdialog.cpp”)
      C:\work\qt\Studio\src\shadergraph\models\properties.h(95,8):
      参见“IntProperty”的声明
  
C:\work\qt\Studio\src\shadergraph\widgets\propertylistwidget.h(20,7): warning C4099: “TextureProperty”: 类型名称以前使用“struct”现在使用的是“class”
  (编译源文件“../src/shadergraph/dialogs/createnewdialog.cpp”)
      C:\work\qt\Studio\src\shadergraph\models\properties.h(248,8):
      参见“TextureProperty”的声明
  
C:\work\qt\Studio\irisgl\src\content\modelloader.h(7,7): warning C4099: “aiScene”: 类型名称以前使用“struct”现在使用的是“class”
  (编译源文件“../src/shadergraph/graph/socketconnection.cpp”)
      C:\work\qt\Studio\irisgl\src\assimp\include\assimp\scene.h(273,19):
      参见“aiScene”的声明
  
C:\work\qt\Studio\irisgl\src\animation\animableproperty.h(16,8): warning C4099: “iris::AnimableProperty”: 类型名称以前使用“class”现在使用的是“struct”
  (编译源文件“../src/shadergraph/graph/socketconnection.cpp”)
      C:\work\qt\Studio\irisgl\src\animation\animableproperty.h(16,8):
      参见“iris::AnimableProperty”的声明
  
C:\work\qt\Studio\src\shadergraph\shadergraphmainwindow.h(31,7): warning C4099: “NodeLibraryItem”: 类型名称以前使用“struct”现在使用的是“class”
  (编译源文件“../src/shadergraph/dialogs/createnewdialog.cpp”)
      C:\work\qt\Studio\src\shadergraph\models\library.h(11,8):
      参见“NodeLibraryItem”的声明
  
C:\work\qt\Studio\irisgl\src\animation\propertyanim.h(12,8): warning C4099: “iris::PropertyAnimInfo”: 类型名称以前使用“class”现在使用的是“struct”
  (编译源文件“../src/shadergraph/graph/socketconnection.cpp”)
      C:\work\qt\Studio\irisgl\src\animation\propertyanim.h(12,8):
      参见“iris::PropertyAnimInfo”的声明
  
  basepropertywidget.cpp
C:\work\qt\Studio\src\shadergraph\graph\graphnodescene.h(39,7): warning C4099: “Property”: 类型名称以前使用“struct”现在使用的是“class”
  (编译源文件“../src/shadergraph/dialogs/searchdialog.cpp”)
      C:\work\qt\Studio\src\shadergraph\models\properties.h(25,8):
      参见“Property”的声明
  
C:\work\qt\Studio\irisgl\src\vr\vrdevice.h(89,8): warning C4099: “iris::VrSwapChain”: 类型名称以前使用“class”现在使用的是“struct”
  (编译源文件“../src/shadergraph/graph/graphnodescene.cpp”)
      C:\work\qt\Studio\irisgl\src\vr\vrdevice.h(89,8):
      参见“iris::VrSwapChain”的声明
  
C:\work\qt\Studio\src\shadergraph\models\properties.h(158,10): warning C4305: “=”: 从“double”到“float”截断
  (编译源文件“../src/shadergraph/graph/graphnodescene.cpp”)
  
C:\work\qt\Studio\src\shadergraph\graph\graphnodescene.h(39,7): warning C4099: “Property”: 类型名称以前使用“struct”现在使用的是“class”
  (编译源文件“../src/shadergraph/graph/socket.cpp”)
      C:\work\qt\Studio\src\shadergraph\models\properties.h(25,8):
      参见“Property”的声明
  
C:\work\qt\Studio\src\shadergraph\models\properties.h(158,10): warning C4305: “=”: 从“double”到“float”截断
  (编译源文件“../src/shadergraph/nodes/math.cpp”)
  
C:\work\qt\Studio\irisgl\src\materials\materialhelper.h(21,7): warning C4099: “aiMaterial”: 类型名称以前使用“struct”现在使用的是“class”
  (编译源文件“../src/shadergraph/dialogs/createnewdialog.cpp”)
      C:\work\qt\Studio\irisgl\src\assimp\include\assimp\material.h(725,19):
      参见“aiMaterial”的声明
  
C:\work\qt\Studio\irisgl\src\core\property.h(28,8): warning C4099: “iris::Property”: 类型名称以前使用“class”现在使用的是“struct”
  (编译源文件“../src/shadergraph/dialogs/createnewdialog.cpp”)
      C:\work\qt\Studio\irisgl\src\core\property.h(28,8):
      参见“iris::Property”的声明
  
  propertywidgetbase.cpp
C:\work\qt\Studio\irisgl\src\vr\vrdevice.h(89,8): warning C4099: “iris::VrSwapChain”: 类型名称以前使用“class”现在使用的是“struct”
  (编译源文件“../src/shadergraph/graph/socketconnection.cpp”)
      C:\work\qt\Studio\irisgl\src\vr\vrdevice.h(89,8):
      参见“iris::VrSwapChain”的声明
  
  graphicsview.cpp
C:\work\qt\Studio\src\shadergraph\graph\graphnodescene.h(39,7): warning C4099: “Property”: 类型名称以前使用“struct”现在使用的是“class”
  (编译源文件“../src/shadergraph/graph/graphnodescene.cpp”)
      C:\work\qt\Studio\src\shadergraph\models\properties.h(25,8):
      参见“Property”的声明
  
C:\work\qt\Studio\src\shadergraph\graph\graphnodescene.cpp(740,10): warning C4101: “rightSock”: 未引用的局部变量
C:\work\qt\Studio\src\shadergraph\graph\graphnodescene.cpp(739,10): warning C4101: “leftSock”: 未引用的局部变量
C:\work\qt\Studio\src\shadergraph\models\properties.h(158,10): warning C4305: “=”: 从“double”到“float”截断
  (编译源文件“../src/shadergraph/nodes/object.cpp”)
  
  listwidget.cpp
  materialsettingswidget.cpp
  propertylistwidget.cpp
C:\work\qt\Studio\src\shadergraph\models\properties.h(158,10): warning C4305: “=”: 从“double”到“float”截断
  (编译源文件“../src/shadergraph/nodes/test.cpp”)
  
  scenewidget.cpp
C:\work\qt\Studio\src\shadergraph\models\properties.h(158,10): warning C4305: “=”: 从“double”到“float”截断
  (编译源文件“../src/shadergraph/nodes/texture.cpp”)
  
  shaderlistwidget.cpp
C:\work\qt\Studio\src\shadergraph\models\properties.h(158,10): warning C4305: “=”: 从“double”到“float”截断
  (编译源文件“../src/shadergraph/nodes/vector.cpp”)
  
C:\work\qt\Studio\src\shadergraph\models\properties.h(158,10): warning C4305: “=”: 从“double”到“float”截断
  (编译源文件“../src/shadergraph/propertywidgets/floatpropertywidget.cpp”)
  
  shaderassetwidget.cpp
C:\work\qt\Studio\src\shadergraph\graph\graphnode.cpp(370,1): warning C4715: “GraphNode::getOutSocket”: 不是所有的控件路径都返回值
  treewidget.cpp
C:\work\qt\Studio\src\shadergraph\models\properties.h(158,10): warning C4305: “=”: 从“double”到“float”截断
  (编译源文件“../src/shadergraph/propertywidgets/vectorpropertywidget.cpp”)
  
  assets.cpp
C:\work\qt\Studio\src\shadergraph\models\properties.h(158,10): warning C4305: “=”: 从“double”到“float”截断
  (编译源文件“../src/shadergraph/propertywidgets/intpropertywidget.cpp”)
  
  shadergraph.cpp
  shadergraphmainwindow.cpp
  versionsplashscreen.cpp
  vtkplayerinteractorstyle.cpp
  vtkplaybackmanager.cpp
  newjsonadapter.cpp
C:\work\qt\Studio\irisgl\src\graphics\mesh.h(26,7): warning C4099: “aiMesh”: 类型名称以前使用“struct”现在使用的是“class”
  (编译源文件“../src/shadergraph/nodes/test.cpp”)
      C:\work\qt\Studio\irisgl\src\assimp\include\assimp\mesh.h(638,8):
      参见“aiMesh”的声明
  
C:\work\qt\Studio\src\shadergraph\models\properties.h(158,10): warning C4305: “=”: 从“double”到“float”截断
  (编译源文件“../src/shadergraph/propertywidgets/texturepropertywidget.cpp”)
  
C:\work\qt\Studio\src\shadergraph\models\properties.h(158,10): warning C4305: “=”: 从“double”到“float”截断
  (编译源文件“../src/shadergraph/propertywidgets/basepropertywidget.cpp”)
  
C:\work\qt\Studio\src\shadergraph\graph\graphnodescene.cpp(197,1): warning C4715: “`GraphNodeScene::removeConnectionContextMenu'::`2'::<lambda_1>::operator()”: 不是所有的控件路径都返回值
C:\work\qt\Studio\irisgl\src\graphics\mesh.h(26,7): warning C4099: “aiMesh”: 类型名称以前使用“struct”现在使用的是“class”
  (编译源文件“../src/shadergraph/propertywidgets/texturepropertywidget.cpp”)
      C:\work\qt\Studio\irisgl\src\assimp\include\assimp\mesh.h(638,8):
      参见“aiMesh”的声明
  
C:\work\qt\Studio\irisgl\src\graphics\forwardrenderer.h(35,7): warning C4099: “iris::RenderData”: 类型名称以前使用“struct”现在使用的是“class”
  (编译源文件“../src/shadergraph/nodes/test.cpp”)
      C:\work\qt\Studio\irisgl\src\graphics\renderdata.h(22,8):
      参见“iris::RenderData”的声明
  
C:\work\qt\Studio\src\shadergraph\models\properties.h(158,10): warning C4305: “=”: 从“double”到“float”截断
  (编译源文件“../src/shadergraph/propertywidgets/propertywidgetbase.cpp”)
  
C:\work\qt\Studio\irisgl\src\graphics\graphicshelper.h(21,7): warning C4099: “aiScene”: 类型名称以前使用“struct”现在使用的是“class”
  (编译源文件“../src/shadergraph/nodes/test.cpp”)
      C:\work\qt\Studio\irisgl\src\assimp\include\assimp\scene.h(273,19):
      参见“aiScene”的声明
  
C:\work\qt\Studio\irisgl\src\scenegraph\scene.h(39,8): warning C4099: “iris::PickingResult”: 类型名称以前使用“class”现在使用的是“struct”
  (编译源文件“../src/shadergraph/nodes/test.cpp”)
      C:\work\qt\Studio\irisgl\src\scenegraph\scene.h(39,8):
      参见“iris::PickingResult”的声明
  
C:\work\qt\Studio\irisgl\src\scenegraph\scenenode.h(36,7): warning C4099: “iris::PhysicsProperty”: 类型名称以前使用“struct”现在使用的是“class”
  (编译源文件“../src/shadergraph/nodes/test.cpp”)
      C:\work\qt\Studio\irisgl\src\physics\physicsproperties.h(43,8):
      参见“iris::PhysicsProperty”的声明
  
C:\work\qt\Studio\irisgl\src\graphics\renderitem.h(34,8): warning C4099: “iris::RenderItem”: 类型名称以前使用“class”现在使用的是“struct”
  (编译源文件“../src/shadergraph/nodes/test.cpp”)
      C:\work\qt\Studio\irisgl\src\graphics\renderitem.h(34,8):
      参见“iris::RenderItem”的声明
  
C:\work\qt\Studio\irisgl\src\scenegraph\meshnode.h(26,7): warning C4099: “aiScene”: 类型名称以前使用“struct”现在使用的是“class”
  (编译源文件“../src/shadergraph/nodes/test.cpp”)
      C:\work\qt\Studio\irisgl\src\assimp\include\assimp\scene.h(273,19):
      参见“aiScene”的声明
  
C:\work\qt\Studio\irisgl\src\scenegraph\meshnode.h(31,7): warning C4099: “iris::RenderItem”: 类型名称以前使用“struct”现在使用的是“class”
  (编译源文件“../src/shadergraph/nodes/test.cpp”)
      C:\work\qt\Studio\irisgl\src\graphics\renderitem.h(34,8):
      参见“iris::RenderItem”的声明
  
C:\work\qt\Studio\irisgl\src\scenegraph\particlesystemnode.h(25,7): warning C4099: “iris::RenderItem”: 类型名称以前使用“struct”现在使用的是“class”
  (编译源文件“../src/shadergraph/nodes/test.cpp”)
      C:\work\qt\Studio\irisgl\src\graphics\renderitem.h(34,8):
      参见“iris::RenderItem”的声明
  
C:\work\qt\Studio\irisgl\src\scenegraph\viewernode.h(21,7): warning C4099: “iris::RenderItem”: 类型名称以前使用“struct”现在使用的是“class”
  (编译源文件“../src/shadergraph/nodes/test.cpp”)
      C:\work\qt\Studio\irisgl\src\graphics\renderitem.h(34,8):
      参见“iris::RenderItem”的声明
  
C:\work\qt\Studio\irisgl\src\content\modelloader.h(7,7): warning C4099: “aiScene”: 类型名称以前使用“struct”现在使用的是“class”
  (编译源文件“../src/shadergraph/nodes/test.cpp”)
      C:\work\qt\Studio\irisgl\src\assimp\include\assimp\scene.h(273,19):
      参见“aiScene”的声明
  
C:\work\qt\Studio\irisgl\src\animation\animableproperty.h(16,8): warning C4099: “iris::AnimableProperty”: 类型名称以前使用“class”现在使用的是“struct”
  (编译源文件“../src/shadergraph/nodes/test.cpp”)
      C:\work\qt\Studio\irisgl\src\animation\animableproperty.h(16,8):
      参见“iris::AnimableProperty”的声明
  
C:\work\qt\Studio\irisgl\src\animation\propertyanim.h(12,8): warning C4099: “iris::PropertyAnimInfo”: 类型名称以前使用“class”现在使用的是“struct”
  (编译源文件“../src/shadergraph/nodes/test.cpp”)
      C:\work\qt\Studio\irisgl\src\animation\propertyanim.h(12,8):
      参见“iris::PropertyAnimInfo”的声明
  
C:\work\qt\Studio\irisgl\src\graphics\mesh.h(26,7): warning C4099: “aiMesh”: 类型名称以前使用“struct”现在使用的是“class”
  (编译源文件“../src/shadergraph/widgets/scenewidget.cpp”)
      C:\work\qt\Studio\irisgl\src\assimp\include\assimp\mesh.h(638,8):
      参见“aiMesh”的声明
  
C:\work\qt\Studio\src\shadergraph\models\properties.h(158,10): warning C4305: “=”: 从“double”到“float”截断
  (编译源文件“../src/shadergraph/widgets/materialsettingswidget.cpp”)
  
C:\work\qt\Studio\irisgl\src\graphics\forwardrenderer.h(35,7): warning C4099: “iris::RenderData”: 类型名称以前使用“struct”现在使用的是“class”
  (编译源文件“../src/shadergraph/propertywidgets/texturepropertywidget.cpp”)
      C:\work\qt\Studio\irisgl\src\graphics\renderdata.h(22,8):
      参见“iris::RenderData”的声明
  
C:\work\qt\Studio\src\shadergraph\widgets\materialsettingswidget.cpp(329,23): warning C4996: 'QCheckBox::stateChanged': Use checkStateChanged() instead
C:\work\qt\Studio\src\shadergraph\widgets\materialsettingswidget.cpp(330,25): warning C4996: 'QCheckBox::stateChanged': Use checkStateChanged() instead
C:\work\qt\Studio\src\shadergraph\widgets\materialsettingswidget.cpp(331,25): warning C4996: 'QCheckBox::stateChanged': Use checkStateChanged() instead
C:\work\qt\Studio\src\shadergraph\widgets\materialsettingswidget.cpp(332,25): warning C4996: 'QCheckBox::stateChanged': Use checkStateChanged() instead
C:\work\qt\Studio\src\shadergraph\widgets\materialsettingswidget.cpp(333,25): warning C4996: 'QCheckBox::stateChanged': Use checkStateChanged() instead
C:\work\qt\Studio\src\shadergraph\widgets\materialsettingswidget.cpp(334,25): warning C4996: 'QCheckBox::stateChanged': Use checkStateChanged() instead
C:\work\qt\Studio\irisgl\src\graphics\mesh.h(26,7): warning C4099: “aiMesh”: 类型名称以前使用“struct”现在使用的是“class”
  (编译源文件“../src/shadergraph/widgets/graphicsview.cpp”)
      C:\work\qt\Studio\irisgl\src\assimp\include\assimp\mesh.h(638,8):
      参见“aiMesh”的声明
  
C:\work\qt\Studio\irisgl\src\graphics\graphicshelper.h(21,7): warning C4099: “aiScene”: 类型名称以前使用“struct”现在使用的是“class”
  (编译源文件“../src/shadergraph/propertywidgets/texturepropertywidget.cpp”)
      C:\work\qt\Studio\irisgl\src\assimp\include\assimp\scene.h(273,19):
      参见“aiScene”的声明
  
C:\work\qt\Studio\irisgl\src\scenegraph\scene.h(39,8): warning C4099: “iris::PickingResult”: 类型名称以前使用“class”现在使用的是“struct”
  (编译源文件“../src/shadergraph/propertywidgets/texturepropertywidget.cpp”)
      C:\work\qt\Studio\irisgl\src\scenegraph\scene.h(39,8):
      参见“iris::PickingResult”的声明
  
C:\work\qt\Studio\irisgl\src\scenegraph\scenenode.h(36,7): warning C4099: “iris::PhysicsProperty”: 类型名称以前使用“struct”现在使用的是“class”
  (编译源文件“../src/shadergraph/propertywidgets/texturepropertywidget.cpp”)
      C:\work\qt\Studio\irisgl\src\physics\physicsproperties.h(43,8):
      参见“iris::PhysicsProperty”的声明
  
C:\work\qt\Studio\irisgl\src\vr\vrdevice.h(89,8): warning C4099: “iris::VrSwapChain”: 类型名称以前使用“class”现在使用的是“struct”
  (编译源文件“../src/shadergraph/nodes/test.cpp”)
      C:\work\qt\Studio\irisgl\src\vr\vrdevice.h(89,8):
      参见“iris::VrSwapChain”的声明
  
C:\work\qt\Studio\irisgl\src\graphics\mesh.h(26,7): warning C4099: “aiMesh”: 类型名称以前使用“struct”现在使用的是“class”
  (编译源文件“../src/shadergraph/widgets/propertylistwidget.cpp”)
      C:\work\qt\Studio\irisgl\src\assimp\include\assimp\mesh.h(638,8):
      参见“aiMesh”的声明
  
C:\work\qt\Studio\irisgl\src\graphics\renderitem.h(34,8): warning C4099: “iris::RenderItem”: 类型名称以前使用“class”现在使用的是“struct”
  (编译源文件“../src/shadergraph/propertywidgets/texturepropertywidget.cpp”)
      C:\work\qt\Studio\irisgl\src\graphics\renderitem.h(34,8):
      参见“iris::RenderItem”的声明
  
C:\work\qt\Studio\irisgl\src\scenegraph\meshnode.h(26,7): warning C4099: “aiScene”: 类型名称以前使用“struct”现在使用的是“class”
  (编译源文件“../src/shadergraph/propertywidgets/texturepropertywidget.cpp”)
      C:\work\qt\Studio\irisgl\src\assimp\include\assimp\scene.h(273,19):
      参见“aiScene”的声明
  
C:\work\qt\Studio\irisgl\src\scenegraph\meshnode.h(31,7): warning C4099: “iris::RenderItem”: 类型名称以前使用“struct”现在使用的是“class”
  (编译源文件“../src/shadergraph/propertywidgets/texturepropertywidget.cpp”)
      C:\work\qt\Studio\irisgl\src\graphics\renderitem.h(34,8):
      参见“iris::RenderItem”的声明
  
C:\work\qt\Studio\irisgl\src\scenegraph\particlesystemnode.h(25,7): warning C4099: “iris::RenderItem”: 类型名称以前使用“struct”现在使用的是“class”
  (编译源文件“../src/shadergraph/propertywidgets/texturepropertywidget.cpp”)
      C:\work\qt\Studio\irisgl\src\graphics\renderitem.h(34,8):
      参见“iris::RenderItem”的声明
  
C:\work\qt\Studio\irisgl\src\graphics\mesh.h(26,7): warning C4099: “aiMesh”: 类型名称以前使用“struct”现在使用的是“class”
  (编译源文件“../src/shadergraph/assets.cpp”)
      C:\work\qt\Studio\irisgl\src\assimp\include\assimp\mesh.h(638,8):
      参见“aiMesh”的声明
  
C:\work\qt\Studio\src\shadergraph\models\properties.h(158,10): warning C4305: “=”: 从“double”到“float”截断
  (编译源文件“../src/shadergraph/shadergraph.cpp”)
  
C:\work\qt\Studio\irisgl\src\scenegraph\viewernode.h(21,7): warning C4099: “iris::RenderItem”: 类型名称以前使用“struct”现在使用的是“class”
  (编译源文件“../src/shadergraph/propertywidgets/texturepropertywidget.cpp”)
      C:\work\qt\Studio\irisgl\src\graphics\renderitem.h(34,8):
      参见“iris::RenderItem”的声明
  
C:\work\qt\Studio\irisgl\src\content\modelloader.h(7,7): warning C4099: “aiScene”: 类型名称以前使用“struct”现在使用的是“class”
  (编译源文件“../src/shadergraph/propertywidgets/texturepropertywidget.cpp”)
      C:\work\qt\Studio\irisgl\src\assimp\include\assimp\scene.h(273,19):
      参见“aiScene”的声明
  
C:\work\qt\Studio\irisgl\src\animation\animableproperty.h(16,8): warning C4099: “iris::AnimableProperty”: 类型名称以前使用“class”现在使用的是“struct”
  (编译源文件“../src/shadergraph/propertywidgets/texturepropertywidget.cpp”)
      C:\work\qt\Studio\irisgl\src\animation\animableproperty.h(16,8):
      参见“iris::AnimableProperty”的声明
  
C:\work\qt\Studio\irisgl\src\animation\propertyanim.h(12,8): warning C4099: “iris::PropertyAnimInfo”: 类型名称以前使用“class”现在使用的是“struct”
  (编译源文件“../src/shadergraph/propertywidgets/texturepropertywidget.cpp”)
      C:\work\qt\Studio\irisgl\src\animation\propertyanim.h(12,8):
      参见“iris::PropertyAnimInfo”的声明
  
C:\work\qt\Studio\irisgl\src\scenegraph\scene.h(39,8): warning C4099: “iris::PickingResult”: 类型名称以前使用“class”现在使用的是“struct”
  (编译源文件“../src/io/newjsonadapter.cpp”)
      C:\work\qt\Studio\irisgl\src\scenegraph\scene.h(39,8):
      参见“iris::PickingResult”的声明
  
C:\work\qt\Studio\irisgl\src\scenegraph\scenenode.h(36,7): warning C4099: “iris::PhysicsProperty”: 类型名称以前使用“struct”现在使用的是“class”
  (编译源文件“../src/io/newjsonadapter.cpp”)
      C:\work\qt\Studio\irisgl\src\physics\physicsproperties.h(43,8):
      参见“iris::PhysicsProperty”的声明
  
C:\work\qt\Studio\irisgl\src\vr\vrdevice.h(89,8): warning C4099: “iris::VrSwapChain”: 类型名称以前使用“class”现在使用的是“struct”
  (编译源文件“../src/shadergraph/propertywidgets/texturepropertywidget.cpp”)
      C:\work\qt\Studio\irisgl\src\vr\vrdevice.h(89,8):
      参见“iris::VrSwapChain”的声明
  
C:\work\qt\Studio\irisgl\src\graphics\forwardrenderer.h(35,7): warning C4099: “iris::RenderData”: 类型名称以前使用“struct”现在使用的是“class”
  (编译源文件“../src/shadergraph/widgets/graphicsview.cpp”)
      C:\work\qt\Studio\irisgl\src\graphics\renderdata.h(22,8):
      参见“iris::RenderData”的声明
  
C:\work\qt\Studio\irisgl\src\graphics\forwardrenderer.h(35,7): warning C4099: “iris::RenderData”: 类型名称以前使用“struct”现在使用的是“class”
  (编译源文件“../src/shadergraph/widgets/scenewidget.cpp”)
      C:\work\qt\Studio\irisgl\src\graphics\renderdata.h(22,8):
      参见“iris::RenderData”的声明
  
C:\work\qt\Studio\irisgl\src\graphics\graphicshelper.h(21,7): warning C4099: “aiScene”: 类型名称以前使用“struct”现在使用的是“class”
  (编译源文件“../src/shadergraph/widgets/graphicsview.cpp”)
      C:\work\qt\Studio\irisgl\src\assimp\include\assimp\scene.h(273,19):
      参见“aiScene”的声明
  
C:\work\qt\Studio\irisgl\src\scenegraph\scene.h(39,8): warning C4099: “iris::PickingResult”: 类型名称以前使用“class”现在使用的是“struct”
  (编译源文件“../src/shadergraph/widgets/graphicsview.cpp”)
      C:\work\qt\Studio\irisgl\src\scenegraph\scene.h(39,8):
      参见“iris::PickingResult”的声明
  
C:\work\qt\Studio\irisgl\src\scenegraph\scenenode.h(36,7): warning C4099: “iris::PhysicsProperty”: 类型名称以前使用“struct”现在使用的是“class”
  (编译源文件“../src/shadergraph/widgets/graphicsview.cpp”)
      C:\work\qt\Studio\irisgl\src\physics\physicsproperties.h(43,8):
      参见“iris::PhysicsProperty”的声明
  
C:\work\qt\Studio\irisgl\src\graphics\graphicshelper.h(21,7): warning C4099: “aiScene”: 类型名称以前使用“struct”现在使用的是“class”
  (编译源文件“../src/shadergraph/widgets/scenewidget.cpp”)
      C:\work\qt\Studio\irisgl\src\assimp\include\assimp\scene.h(273,19):
      参见“aiScene”的声明
  
C:\work\qt\Studio\irisgl\src\graphics\renderitem.h(34,8): warning C4099: “iris::RenderItem”: 类型名称以前使用“class”现在使用的是“struct”
  (编译源文件“../src/shadergraph/widgets/graphicsview.cpp”)
      C:\work\qt\Studio\irisgl\src\graphics\renderitem.h(34,8):
      参见“iris::RenderItem”的声明
  
C:\work\qt\Studio\irisgl\src\scenegraph\meshnode.h(26,7): warning C4099: “aiScene”: 类型名称以前使用“struct”现在使用的是“class”
  (编译源文件“../src/shadergraph/widgets/graphicsview.cpp”)
      C:\work\qt\Studio\irisgl\src\assimp\include\assimp\scene.h(273,19):
      参见“aiScene”的声明
  
C:\work\qt\Studio\irisgl\src\scenegraph\meshnode.h(31,7): warning C4099: “iris::RenderItem”: 类型名称以前使用“struct”现在使用的是“class”
  (编译源文件“../src/shadergraph/widgets/graphicsview.cpp”)
      C:\work\qt\Studio\irisgl\src\graphics\renderitem.h(34,8):
      参见“iris::RenderItem”的声明
  
C:\work\qt\Studio\irisgl\src\scenegraph\particlesystemnode.h(25,7): warning C4099: “iris::RenderItem”: 类型名称以前使用“struct”现在使用的是“class”
  (编译源文件“../src/shadergraph/widgets/graphicsview.cpp”)
      C:\work\qt\Studio\irisgl\src\graphics\renderitem.h(34,8):
      参见“iris::RenderItem”的声明
  
C:\work\qt\Studio\irisgl\src\graphics\mesh.h(26,7): warning C4099: “aiMesh”: 类型名称以前使用“struct”现在使用的是“class”
  (编译源文件“../src/shadergraph/shadergraphmainwindow.cpp”)
      C:\work\qt\Studio\irisgl\src\assimp\include\assimp\mesh.h(638,8):
      参见“aiMesh”的声明
  
C:\work\qt\Studio\irisgl\src\scenegraph\viewernode.h(21,7): warning C4099: “iris::RenderItem”: 类型名称以前使用“struct”现在使用的是“class”
  (编译源文件“../src/shadergraph/widgets/graphicsview.cpp”)
      C:\work\qt\Studio\irisgl\src\graphics\renderitem.h(34,8):
      参见“iris::RenderItem”的声明
  
C:\work\qt\Studio\irisgl\src\graphics\forwardrenderer.h(35,7): warning C4099: “iris::RenderData”: 类型名称以前使用“struct”现在使用的是“class”
  (编译源文件“../src/shadergraph/widgets/propertylistwidget.cpp”)
      C:\work\qt\Studio\irisgl\src\graphics\renderdata.h(22,8):
      参见“iris::RenderData”的声明
  
C:\work\qt\Studio\irisgl\src\content\modelloader.h(7,7): warning C4099: “aiScene”: 类型名称以前使用“struct”现在使用的是“class”
  (编译源文件“../src/shadergraph/widgets/graphicsview.cpp”)
      C:\work\qt\Studio\irisgl\src\assimp\include\assimp\scene.h(273,19):
      参见“aiScene”的声明
  
C:\work\qt\Studio\irisgl\src\animation\animableproperty.h(16,8): warning C4099: “iris::AnimableProperty”: 类型名称以前使用“class”现在使用的是“struct”
  (编译源文件“../src/shadergraph/widgets/graphicsview.cpp”)
      C:\work\qt\Studio\irisgl\src\animation\animableproperty.h(16,8):
      参见“iris::AnimableProperty”的声明
  
C:\work\qt\Studio\irisgl\src\animation\propertyanim.h(12,8): warning C4099: “iris::PropertyAnimInfo”: 类型名称以前使用“class”现在使用的是“struct”
  (编译源文件“../src/shadergraph/widgets/graphicsview.cpp”)
      C:\work\qt\Studio\irisgl\src\animation\propertyanim.h(12,8):
      参见“iris::PropertyAnimInfo”的声明
  
C:\work\qt\Studio\irisgl\src\scenegraph\scene.h(39,8): warning C4099: “iris::PickingResult”: 类型名称以前使用“class”现在使用的是“struct”
  (编译源文件“../src/shadergraph/widgets/scenewidget.cpp”)
      C:\work\qt\Studio\irisgl\src\scenegraph\scene.h(39,8):
      参见“iris::PickingResult”的声明
  
C:\work\qt\Studio\irisgl\src\scenegraph\scenenode.h(36,7): warning C4099: “iris::PhysicsProperty”: 类型名称以前使用“struct”现在使用的是“class”
  (编译源文件“../src/shadergraph/widgets/scenewidget.cpp”)
      C:\work\qt\Studio\irisgl\src\physics\physicsproperties.h(43,8):
      参见“iris::PhysicsProperty”的声明
  
C:\work\qt\Studio\irisgl\src\graphics\graphicshelper.h(21,7): warning C4099: “aiScene”: 类型名称以前使用“struct”现在使用的是“class”
  (编译源文件“../src/shadergraph/widgets/propertylistwidget.cpp”)
      C:\work\qt\Studio\irisgl\src\assimp\include\assimp\scene.h(273,19):
      参见“aiScene”的声明
  
C:\work\qt\Studio\irisgl\src\graphics\renderitem.h(34,8): warning C4099: “iris::RenderItem”: 类型名称以前使用“class”现在使用的是“struct”
  (编译源文件“../src/shadergraph/widgets/scenewidget.cpp”)
      C:\work\qt\Studio\irisgl\src\graphics\renderitem.h(34,8):
      参见“iris::RenderItem”的声明
  
C:\work\qt\Studio\irisgl\src\scenegraph\scene.h(39,8): warning C4099: “iris::PickingResult”: 类型名称以前使用“class”现在使用的是“struct”
  (编译源文件“../src/shadergraph/widgets/propertylistwidget.cpp”)
      C:\work\qt\Studio\irisgl\src\scenegraph\scene.h(39,8):
      参见“iris::PickingResult”的声明
  
C:\work\qt\Studio\irisgl\src\scenegraph\meshnode.h(26,7): warning C4099: “aiScene”: 类型名称以前使用“struct”现在使用的是“class”
  (编译源文件“../src/shadergraph/widgets/scenewidget.cpp”)
      C:\work\qt\Studio\irisgl\src\assimp\include\assimp\scene.h(273,19):
      参见“aiScene”的声明
  
C:\work\qt\Studio\irisgl\src\scenegraph\meshnode.h(31,7): warning C4099: “iris::RenderItem”: 类型名称以前使用“struct”现在使用的是“class”
  (编译源文件“../src/shadergraph/widgets/scenewidget.cpp”)
      C:\work\qt\Studio\irisgl\src\graphics\renderitem.h(34,8):
      参见“iris::RenderItem”的声明
  
C:\work\qt\Studio\irisgl\src\scenegraph\particlesystemnode.h(25,7): warning C4099: “iris::RenderItem”: 类型名称以前使用“struct”现在使用的是“class”
  (编译源文件“../src/shadergraph/widgets/scenewidget.cpp”)
      C:\work\qt\Studio\irisgl\src\graphics\renderitem.h(34,8):
      参见“iris::RenderItem”的声明
  
C:\work\qt\Studio\irisgl\src\scenegraph\viewernode.h(21,7): warning C4099: “iris::RenderItem”: 类型名称以前使用“struct”现在使用的是“class”
  (编译源文件“../src/shadergraph/widgets/scenewidget.cpp”)
      C:\work\qt\Studio\irisgl\src\graphics\renderitem.h(34,8):
      参见“iris::RenderItem”的声明
  
C:\work\qt\Studio\irisgl\src\content\modelloader.h(7,7): warning C4099: “aiScene”: 类型名称以前使用“struct”现在使用的是“class”
  (编译源文件“../src/shadergraph/widgets/scenewidget.cpp”)
      C:\work\qt\Studio\irisgl\src\assimp\include\assimp\scene.h(273,19):
      参见“aiScene”的声明
  
C:\work\qt\Studio\irisgl\src\animation\animableproperty.h(16,8): warning C4099: “iris::AnimableProperty”: 类型名称以前使用“class”现在使用的是“struct”
  (编译源文件“../src/shadergraph/widgets/scenewidget.cpp”)
      C:\work\qt\Studio\irisgl\src\animation\animableproperty.h(16,8):
      参见“iris::AnimableProperty”的声明
  
C:\work\qt\Studio\irisgl\src\animation\propertyanim.h(12,8): warning C4099: “iris::PropertyAnimInfo”: 类型名称以前使用“class”现在使用的是“struct”
  (编译源文件“../src/shadergraph/widgets/scenewidget.cpp”)
      C:\work\qt\Studio\irisgl\src\animation\propertyanim.h(12,8):
      参见“iris::PropertyAnimInfo”的声明
  
C:\work\qt\Studio\irisgl\src\graphics\forwardrenderer.h(35,7): warning C4099: “iris::RenderData”: 类型名称以前使用“struct”现在使用的是“class”
  (编译源文件“../src/shadergraph/assets.cpp”)
      C:\work\qt\Studio\irisgl\src\graphics\renderdata.h(22,8):
      参见“iris::RenderData”的声明
  
C:\work\qt\Studio\irisgl\src\scenegraph\scenenode.h(36,7): warning C4099: “iris::PhysicsProperty”: 类型名称以前使用“struct”现在使用的是“class”
  (编译源文件“../src/shadergraph/widgets/propertylistwidget.cpp”)
      C:\work\qt\Studio\irisgl\src\physics\physicsproperties.h(43,8):
      参见“iris::PhysicsProperty”的声明
  
C:\work\qt\Studio\irisgl\src\core\property.h(28,8): warning C4099: “iris::Property”: 类型名称以前使用“class”现在使用的是“struct”
  (编译源文件“../src/shadergraph/widgets/shaderassetwidget.cpp”)
      C:\work\qt\Studio\irisgl\src\core\property.h(28,8):
      参见“iris::Property”的声明
  
C:\work\qt\Studio\irisgl\src\graphics\renderitem.h(34,8): warning C4099: “iris::RenderItem”: 类型名称以前使用“class”现在使用的是“struct”
  (编译源文件“../src/shadergraph/widgets/propertylistwidget.cpp”)
      C:\work\qt\Studio\irisgl\src\graphics\renderitem.h(34,8):
      参见“iris::RenderItem”的声明
  
C:\work\qt\Studio\irisgl\src\scenegraph\meshnode.h(26,7): warning C4099: “aiScene”: 类型名称以前使用“struct”现在使用的是“class”
  (编译源文件“../src/shadergraph/widgets/propertylistwidget.cpp”)
      C:\work\qt\Studio\irisgl\src\assimp\include\assimp\scene.h(273,19):
      参见“aiScene”的声明
  
C:\work\qt\Studio\irisgl\src\scenegraph\meshnode.h(31,7): warning C4099: “iris::RenderItem”: 类型名称以前使用“struct”现在使用的是“class”
  (编译源文件“../src/shadergraph/widgets/propertylistwidget.cpp”)
      C:\work\qt\Studio\irisgl\src\graphics\renderitem.h(34,8):
      参见“iris::RenderItem”的声明
  
C:\work\qt\Studio\irisgl\src\scenegraph\particlesystemnode.h(25,7): warning C4099: “iris::RenderItem”: 类型名称以前使用“struct”现在使用的是“class”
  (编译源文件“../src/shadergraph/widgets/propertylistwidget.cpp”)
      C:\work\qt\Studio\irisgl\src\graphics\renderitem.h(34,8):
      参见“iris::RenderItem”的声明
  
C:\work\qt\Studio\src\shadergraph\models\properties.h(158,10): warning C4305: “=”: 从“double”到“float”截断
  (编译源文件“../src/shadergraph/widgets/shaderassetwidget.cpp”)
  
C:\work\qt\Studio\irisgl\src\scenegraph\viewernode.h(21,7): warning C4099: “iris::RenderItem”: 类型名称以前使用“struct”现在使用的是“class”
  (编译源文件“../src/shadergraph/widgets/propertylistwidget.cpp”)
      C:\work\qt\Studio\irisgl\src\graphics\renderitem.h(34,8):
      参见“iris::RenderItem”的声明
  
C:\work\qt\Studio\irisgl\src\content\modelloader.h(7,7): warning C4099: “aiScene”: 类型名称以前使用“struct”现在使用的是“class”
  (编译源文件“../src/shadergraph/widgets/propertylistwidget.cpp”)
      C:\work\qt\Studio\irisgl\src\assimp\include\assimp\scene.h(273,19):
      参见“aiScene”的声明
  
C:\work\qt\Studio\irisgl\src\animation\animableproperty.h(16,8): warning C4099: “iris::AnimableProperty”: 类型名称以前使用“class”现在使用的是“struct”
  (编译源文件“../src/shadergraph/widgets/propertylistwidget.cpp”)
      C:\work\qt\Studio\irisgl\src\animation\animableproperty.h(16,8):
      参见“iris::AnimableProperty”的声明
  
C:\work\qt\Studio\irisgl\src\graphics\graphicshelper.h(21,7): warning C4099: “aiScene”: 类型名称以前使用“struct”现在使用的是“class”
  (编译源文件“../src/shadergraph/assets.cpp”)
      C:\work\qt\Studio\irisgl\src\assimp\include\assimp\scene.h(273,19):
      参见“aiScene”的声明
  
C:\work\qt\Studio\irisgl\src\animation\propertyanim.h(12,8): warning C4099: “iris::PropertyAnimInfo”: 类型名称以前使用“class”现在使用的是“struct”
  (编译源文件“../src/shadergraph/widgets/propertylistwidget.cpp”)
      C:\work\qt\Studio\irisgl\src\animation\propertyanim.h(12,8):
      参见“iris::PropertyAnimInfo”的声明
  
C:\work\qt\Studio\irisgl\src\vr\vrdevice.h(89,8): warning C4099: “iris::VrSwapChain”: 类型名称以前使用“class”现在使用的是“struct”
  (编译源文件“../src/shadergraph/widgets/graphicsview.cpp”)
      C:\work\qt\Studio\irisgl\src\vr\vrdevice.h(89,8):
      参见“iris::VrSwapChain”的声明
  
C:\work\qt\Studio\irisgl\src\graphics\mesh.h(26,7): warning C4099: “aiMesh”: 类型名称以前使用“struct”现在使用的是“class”
  (编译源文件“../src/io/newjsonadapter.cpp”)
      C:\work\qt\Studio\irisgl\src\assimp\include\assimp\mesh.h(638,8):
      参见“aiMesh”的声明
  
C:\work\qt\Studio\irisgl\src\scenegraph\scene.h(39,8): warning C4099: “iris::PickingResult”: 类型名称以前使用“class”现在使用的是“struct”
  (编译源文件“../src/shadergraph/assets.cpp”)
      C:\work\qt\Studio\irisgl\src\scenegraph\scene.h(39,8):
      参见“iris::PickingResult”的声明
  
C:\work\qt\Studio\src\shadergraph\models\properties.h(158,10): warning C4305: “=”: 从“double”到“float”截断
  (编译源文件“../src/shadergraph/widgets/graphicsview.cpp”)
  
C:\work\qt\Studio\irisgl\src\graphics\renderitem.h(34,8): warning C4099: “iris::RenderItem”: 类型名称以前使用“class”现在使用的是“struct”
  (编译源文件“../src/io/newjsonadapter.cpp”)
      C:\work\qt\Studio\irisgl\src\graphics\renderitem.h(34,8):
      参见“iris::RenderItem”的声明
  
C:\work\qt\Studio\irisgl\src\scenegraph\meshnode.h(26,7): warning C4099: “aiScene”: 类型名称以前使用“struct”现在使用的是“class”
  (编译源文件“../src/io/newjsonadapter.cpp”)
      C:\work\qt\Studio\irisgl\src\assimp\include\assimp\scene.h(273,19):
      参见“aiScene”的声明
  
C:\work\qt\Studio\irisgl\src\scenegraph\meshnode.h(31,7): warning C4099: “iris::RenderItem”: 类型名称以前使用“struct”现在使用的是“class”
  (编译源文件“../src/io/newjsonadapter.cpp”)
      C:\work\qt\Studio\irisgl\src\graphics\renderitem.h(34,8):
      参见“iris::RenderItem”的声明
  
C:\work\qt\Studio\irisgl\src\scenegraph\scenenode.h(36,7): warning C4099: “iris::PhysicsProperty”: 类型名称以前使用“struct”现在使用的是“class”
  (编译源文件“../src/shadergraph/assets.cpp”)
      C:\work\qt\Studio\irisgl\src\physics\physicsproperties.h(43,8):
      参见“iris::PhysicsProperty”的声明
  
C:\work\qt\Studio\irisgl\src\graphics\renderitem.h(34,8): warning C4099: “iris::RenderItem”: 类型名称以前使用“class”现在使用的是“struct”
  (编译源文件“../src/shadergraph/assets.cpp”)
      C:\work\qt\Studio\irisgl\src\graphics\renderitem.h(34,8):
      参见“iris::RenderItem”的声明
  
C:\work\qt\Studio\irisgl\src\scenegraph\meshnode.h(26,7): warning C4099: “aiScene”: 类型名称以前使用“struct”现在使用的是“class”
  (编译源文件“../src/shadergraph/assets.cpp”)
      C:\work\qt\Studio\irisgl\src\assimp\include\assimp\scene.h(273,19):
      参见“aiScene”的声明
  
C:\work\qt\Studio\irisgl\src\scenegraph\meshnode.h(31,7): warning C4099: “iris::RenderItem”: 类型名称以前使用“struct”现在使用的是“class”
  (编译源文件“../src/shadergraph/assets.cpp”)
      C:\work\qt\Studio\irisgl\src\graphics\renderitem.h(34,8):
      参见“iris::RenderItem”的声明
  
C:\work\qt\Studio\irisgl\src\vr\vrdevice.h(89,8): warning C4099: “iris::VrSwapChain”: 类型名称以前使用“class”现在使用的是“struct”
  (编译源文件“../src/shadergraph/widgets/scenewidget.cpp”)
      C:\work\qt\Studio\irisgl\src\vr\vrdevice.h(89,8):
      参见“iris::VrSwapChain”的声明
  
C:\work\qt\Studio\irisgl\src\scenegraph\particlesystemnode.h(25,7): warning C4099: “iris::RenderItem”: 类型名称以前使用“struct”现在使用的是“class”
  (编译源文件“../src/shadergraph/assets.cpp”)
      C:\work\qt\Studio\irisgl\src\graphics\renderitem.h(34,8):
      参见“iris::RenderItem”的声明
  
C:\work\qt\Studio\irisgl\src\scenegraph\viewernode.h(21,7): warning C4099: “iris::RenderItem”: 类型名称以前使用“struct”现在使用的是“class”
  (编译源文件“../src/shadergraph/assets.cpp”)
      C:\work\qt\Studio\irisgl\src\graphics\renderitem.h(34,8):
      参见“iris::RenderItem”的声明
  
C:\work\qt\Studio\irisgl\src\content\modelloader.h(7,7): warning C4099: “aiScene”: 类型名称以前使用“struct”现在使用的是“class”
  (编译源文件“../src/shadergraph/assets.cpp”)
      C:\work\qt\Studio\irisgl\src\assimp\include\assimp\scene.h(273,19):
      参见“aiScene”的声明
  
C:\work\qt\Studio\irisgl\src\animation\animableproperty.h(16,8): warning C4099: “iris::AnimableProperty”: 类型名称以前使用“class”现在使用的是“struct”
  (编译源文件“../src/shadergraph/assets.cpp”)
      C:\work\qt\Studio\irisgl\src\animation\animableproperty.h(16,8):
      参见“iris::AnimableProperty”的声明
  
C:\work\qt\Studio\irisgl\src\animation\propertyanim.h(12,8): warning C4099: “iris::PropertyAnimInfo”: 类型名称以前使用“class”现在使用的是“struct”
  (编译源文件“../src/shadergraph/assets.cpp”)
      C:\work\qt\Studio\irisgl\src\animation\propertyanim.h(12,8):
      参见“iris::PropertyAnimInfo”的声明
  
C:\work\qt\Studio\irisgl\src\graphics\mesh.h(26,7): warning C4099: “aiMesh”: 类型名称以前使用“struct”现在使用的是“class”
  (编译源文件“../src/shadergraph/widgets/shaderassetwidget.cpp”)
      C:\work\qt\Studio\irisgl\src\assimp\include\assimp\mesh.h(638,8):
      参见“aiMesh”的声明
  
C:\work\qt\Studio\src\shadergraph\graph\graphnodescene.h(39,7): warning C4099: “Property”: 类型名称以前使用“struct”现在使用的是“class”
  (编译源文件“../src/shadergraph/widgets/graphicsview.cpp”)
      C:\work\qt\Studio\src\shadergraph\models\properties.h(25,8):
      参见“Property”的声明
  
C:\work\qt\Studio\irisgl\src\vr\vrdevice.h(89,8): warning C4099: “iris::VrSwapChain”: 类型名称以前使用“class”现在使用的是“struct”
  (编译源文件“../src/shadergraph/widgets/propertylistwidget.cpp”)
      C:\work\qt\Studio\irisgl\src\vr\vrdevice.h(89,8):
      参见“iris::VrSwapChain”的声明
  
C:\work\qt\Studio\irisgl\src\graphics\forwardrenderer.h(35,7): warning C4099: “iris::RenderData”: 类型名称以前使用“struct”现在使用的是“class”
  (编译源文件“../src/shadergraph/widgets/shaderassetwidget.cpp”)
      C:\work\qt\Studio\irisgl\src\graphics\renderdata.h(22,8):
      参见“iris::RenderData”的声明
  
C:\work\qt\Studio\src\shadergraph\models\properties.h(158,10): warning C4305: “=”: 从“double”到“float”截断
  (编译源文件“../src/shadergraph/widgets/scenewidget.cpp”)
  
C:\work\qt\Studio\irisgl\src\graphics\graphicshelper.h(21,7): warning C4099: “aiScene”: 类型名称以前使用“struct”现在使用的是“class”
  (编译源文件“../src/shadergraph/widgets/shaderassetwidget.cpp”)
      C:\work\qt\Studio\irisgl\src\assimp\include\assimp\scene.h(273,19):
      参见“aiScene”的声明
  
C:\work\qt\Studio\src\shadergraph\models\properties.h(158,10): warning C4305: “=”: 从“double”到“float”截断
  (编译源文件“../src/shadergraph/widgets/propertylistwidget.cpp”)
  
C:\work\qt\Studio\irisgl\src\scenegraph\scene.h(39,8): warning C4099: “iris::PickingResult”: 类型名称以前使用“class”现在使用的是“struct”
  (编译源文件“../src/shadergraph/widgets/shaderassetwidget.cpp”)
      C:\work\qt\Studio\irisgl\src\scenegraph\scene.h(39,8):
      参见“iris::PickingResult”的声明
  
C:\work\qt\Studio\src\shadergraph\widgets\scenewidget.h(22,7): warning C4099: “MaterialSettings”: 类型名称以前使用“struct”现在使用的是“class”
  (编译源文件“../src/shadergraph/widgets/scenewidget.cpp”)
      C:\work\qt\Studio\src\shadergraph\graph\nodegraph.h(37,8):
      参见“MaterialSettings”的声明
  
C:\work\qt\Studio\irisgl\src\scenegraph\scenenode.h(36,7): warning C4099: “iris::PhysicsProperty”: 类型名称以前使用“struct”现在使用的是“class”
  (编译源文件“../src/shadergraph/widgets/shaderassetwidget.cpp”)
      C:\work\qt\Studio\irisgl\src\physics\physicsproperties.h(43,8):
      参见“iris::PhysicsProperty”的声明
  
C:\work\qt\Studio\irisgl\src\scenegraph\scenenode.h(37,7): warning C4099: “iris::Property”: 类型名称以前使用“struct”现在使用的是“class”
  (编译源文件“../src/shadergraph/widgets/shaderassetwidget.cpp”)
      C:\work\qt\Studio\irisgl\src\core\property.h(28,8):
      参见“iris::Property”的声明
  
C:\work\qt\Studio\irisgl\src\graphics\renderitem.h(34,8): warning C4099: “iris::RenderItem”: 类型名称以前使用“class”现在使用的是“struct”
  (编译源文件“../src/shadergraph/widgets/shaderassetwidget.cpp”)
      C:\work\qt\Studio\irisgl\src\graphics\renderitem.h(34,8):
      参见“iris::RenderItem”的声明
  
C:\work\qt\Studio\src\shadergraph\graph\graphnodescene.h(39,7): warning C4099: “Property”: 类型名称以前使用“struct”现在使用的是“class”
  (编译源文件“../src/shadergraph/widgets/propertylistwidget.cpp”)
      C:\work\qt\Studio\src\shadergraph\models\properties.h(25,8):
      参见“Property”的声明
  
C:\work\qt\Studio\irisgl\src\scenegraph\meshnode.h(26,7): warning C4099: “aiScene”: 类型名称以前使用“struct”现在使用的是“class”
  (编译源文件“../src/shadergraph/widgets/shaderassetwidget.cpp”)
      C:\work\qt\Studio\irisgl\src\assimp\include\assimp\scene.h(273,19):
      参见“aiScene”的声明
  
C:\work\qt\Studio\irisgl\src\scenegraph\meshnode.h(31,7): warning C4099: “iris::RenderItem”: 类型名称以前使用“struct”现在使用的是“class”
  (编译源文件“../src/shadergraph/widgets/shaderassetwidget.cpp”)
      C:\work\qt\Studio\irisgl\src\graphics\renderitem.h(34,8):
      参见“iris::RenderItem”的声明
  
C:\work\qt\Studio\irisgl\src\graphics\forwardrenderer.h(35,7): warning C4099: “iris::RenderData”: 类型名称以前使用“struct”现在使用的是“class”
  (编译源文件“../src/shadergraph/shadergraphmainwindow.cpp”)
      C:\work\qt\Studio\irisgl\src\graphics\renderdata.h(22,8):
      参见“iris::RenderData”的声明
  
C:\work\qt\Studio\irisgl\src\vr\vrdevice.h(89,8): warning C4099: “iris::VrSwapChain”: 类型名称以前使用“class”现在使用的是“struct”
  (编译源文件“../src/shadergraph/assets.cpp”)
      C:\work\qt\Studio\irisgl\src\vr\vrdevice.h(89,8):
      参见“iris::VrSwapChain”的声明
  
C:\work\qt\Studio\irisgl\src\core\property.h(28,8): warning C4099: “iris::Property”: 类型名称以前使用“class”现在使用的是“struct”
  (编译源文件“../src/shadergraph/assets.cpp”)
      C:\work\qt\Studio\irisgl\src\core\property.h(28,8):
      参见“iris::Property”的声明
  
C:\work\qt\Studio\irisgl\src\scenegraph\particlesystemnode.h(25,7): warning C4099: “iris::RenderItem”: 类型名称以前使用“struct”现在使用的是“class”
  (编译源文件“../src/shadergraph/widgets/shaderassetwidget.cpp”)
      C:\work\qt\Studio\irisgl\src\graphics\renderitem.h(34,8):
      参见“iris::RenderItem”的声明
  
C:\work\qt\Studio\irisgl\src\scenegraph\viewernode.h(21,7): warning C4099: “iris::RenderItem”: 类型名称以前使用“struct”现在使用的是“class”
  (编译源文件“../src/shadergraph/widgets/shaderassetwidget.cpp”)
      C:\work\qt\Studio\irisgl\src\graphics\renderitem.h(34,8):
      参见“iris::RenderItem”的声明
  
C:\work\qt\Studio\irisgl\src\content\modelloader.h(7,7): warning C4099: “aiScene”: 类型名称以前使用“struct”现在使用的是“class”
  (编译源文件“../src/shadergraph/widgets/shaderassetwidget.cpp”)
      C:\work\qt\Studio\irisgl\src\assimp\include\assimp\scene.h(273,19):
      参见“aiScene”的声明
  
C:\work\qt\Studio\irisgl\src\animation\animableproperty.h(16,8): warning C4099: “iris::AnimableProperty”: 类型名称以前使用“class”现在使用的是“struct”
  (编译源文件“../src/shadergraph/widgets/shaderassetwidget.cpp”)
      C:\work\qt\Studio\irisgl\src\animation\animableproperty.h(16,8):
      参见“iris::AnimableProperty”的声明
  
C:\work\qt\Studio\irisgl\src\animation\propertyanim.h(12,8): warning C4099: “iris::PropertyAnimInfo”: 类型名称以前使用“class”现在使用的是“struct”
  (编译源文件“../src/shadergraph/widgets/shaderassetwidget.cpp”)
      C:\work\qt\Studio\irisgl\src\animation\propertyanim.h(12,8):
      参见“iris::PropertyAnimInfo”的声明
  
C:\work\qt\Studio\irisgl\src\graphics\graphicshelper.h(21,7): warning C4099: “aiScene”: 类型名称以前使用“struct”现在使用的是“class”
  (编译源文件“../src/shadergraph/shadergraphmainwindow.cpp”)
      C:\work\qt\Studio\irisgl\src\assimp\include\assimp\scene.h(273,19):
      参见“aiScene”的声明
  
C:\work\qt\Studio\irisgl\src\scenegraph\scene.h(39,8): warning C4099: “iris::PickingResult”: 类型名称以前使用“class”现在使用的是“struct”
  (编译源文件“../src/shadergraph/shadergraphmainwindow.cpp”)
      C:\work\qt\Studio\irisgl\src\scenegraph\scene.h(39,8):
      参见“iris::PickingResult”的声明
  
C:\work\qt\Studio\src\shadergraph\widgets\propertylistwidget.h(15,7): warning C4099: “FloatProperty”: 类型名称以前使用“struct”现在使用的是“class”
  (编译源文件“../src/shadergraph/widgets/propertylistwidget.cpp”)
      C:\work\qt\Studio\src\shadergraph\models\properties.h(147,8):
      参见“FloatProperty”的声明
  
C:\work\qt\Studio\src\shadergraph\widgets\propertylistwidget.h(16,7): warning C4099: “Vec2Property”: 类型名称以前使用“struct”现在使用的是“class”
  (编译源文件“../src/shadergraph/widgets/propertylistwidget.cpp”)
      C:\work\qt\Studio\src\shadergraph\models\properties.h(287,8):
      参见“Vec2Property”的声明
  
C:\work\qt\Studio\src\shadergraph\widgets\propertylistwidget.h(17,7): warning C4099: “Vec3Property”: 类型名称以前使用“struct”现在使用的是“class”
  (编译源文件“../src/shadergraph/widgets/propertylistwidget.cpp”)
      C:\work\qt\Studio\src\shadergraph\models\properties.h(332,8):
      参见“Vec3Property”的声明
  
C:\work\qt\Studio\src\shadergraph\widgets\propertylistwidget.h(18,7): warning C4099: “Vec4Property”: 类型名称以前使用“struct”现在使用的是“class”
  (编译源文件“../src/shadergraph/widgets/propertylistwidget.cpp”)
      C:\work\qt\Studio\src\shadergraph\models\properties.h(382,8):
      参见“Vec4Property”的声明
  
C:\work\qt\Studio\src\shadergraph\widgets\propertylistwidget.h(19,7): warning C4099: “IntProperty”: 类型名称以前使用“struct”现在使用的是“class”
  (编译源文件“../src/shadergraph/widgets/propertylistwidget.cpp”)
      C:\work\qt\Studio\src\shadergraph\models\properties.h(95,8):
      参见“IntProperty”的声明
  
C:\work\qt\Studio\src\shadergraph\widgets\propertylistwidget.h(20,7): warning C4099: “TextureProperty”: 类型名称以前使用“struct”现在使用的是“class”
  (编译源文件“../src/shadergraph/widgets/propertylistwidget.cpp”)
      C:\work\qt\Studio\src\shadergraph\models\properties.h(248,8):
      参见“TextureProperty”的声明
  
C:\work\qt\Studio\irisgl\src\scenegraph\scenenode.h(36,7): warning C4099: “iris::PhysicsProperty”: 类型名称以前使用“struct”现在使用的是“class”
  (编译源文件“../src/shadergraph/shadergraphmainwindow.cpp”)
      C:\work\qt\Studio\irisgl\src\physics\physicsproperties.h(43,8):
      参见“iris::PhysicsProperty”的声明
  
C:\work\qt\Studio\src\shadergraph\shadergraphmainwindow.h(31,7): warning C4099: “NodeLibraryItem”: 类型名称以前使用“struct”现在使用的是“class”
  (编译源文件“../src/shadergraph/widgets/propertylistwidget.cpp”)
      C:\work\qt\Studio\src\shadergraph\models\library.h(11,8):
      参见“NodeLibraryItem”的声明
  
C:\work\qt\Studio\irisgl\src\graphics\renderitem.h(34,8): warning C4099: “iris::RenderItem”: 类型名称以前使用“class”现在使用的是“struct”
  (编译源文件“../src/shadergraph/shadergraphmainwindow.cpp”)
      C:\work\qt\Studio\irisgl\src\graphics\renderitem.h(34,8):
      参见“iris::RenderItem”的声明
  
C:\work\qt\Studio\irisgl\src\scenegraph\meshnode.h(26,7): warning C4099: “aiScene”: 类型名称以前使用“struct”现在使用的是“class”
  (编译源文件“../src/shadergraph/shadergraphmainwindow.cpp”)
      C:\work\qt\Studio\irisgl\src\assimp\include\assimp\scene.h(273,19):
      参见“aiScene”的声明
  
C:\work\qt\Studio\irisgl\src\scenegraph\meshnode.h(31,7): warning C4099: “iris::RenderItem”: 类型名称以前使用“struct”现在使用的是“class”
  (编译源文件“../src/shadergraph/shadergraphmainwindow.cpp”)
      C:\work\qt\Studio\irisgl\src\graphics\renderitem.h(34,8):
      参见“iris::RenderItem”的声明
  
C:\work\qt\Studio\irisgl\src\scenegraph\particlesystemnode.h(25,7): warning C4099: “iris::RenderItem”: 类型名称以前使用“struct”现在使用的是“class”
  (编译源文件“../src/shadergraph/shadergraphmainwindow.cpp”)
      C:\work\qt\Studio\irisgl\src\graphics\renderitem.h(34,8):
      参见“iris::RenderItem”的声明
  
C:\work\qt\Studio\irisgl\src\scenegraph\viewernode.h(21,7): warning C4099: “iris::RenderItem”: 类型名称以前使用“struct”现在使用的是“class”
  (编译源文件“../src/shadergraph/shadergraphmainwindow.cpp”)
      C:\work\qt\Studio\irisgl\src\graphics\renderitem.h(34,8):
      参见“iris::RenderItem”的声明
  
C:\work\qt\Studio\irisgl\src\content\modelloader.h(7,7): warning C4099: “aiScene”: 类型名称以前使用“struct”现在使用的是“class”
  (编译源文件“../src/shadergraph/shadergraphmainwindow.cpp”)
      C:\work\qt\Studio\irisgl\src\assimp\include\assimp\scene.h(273,19):
      参见“aiScene”的声明
  
C:\work\qt\Studio\irisgl\src\animation\animableproperty.h(16,8): warning C4099: “iris::AnimableProperty”: 类型名称以前使用“class”现在使用的是“struct”
  (编译源文件“../src/shadergraph/shadergraphmainwindow.cpp”)
      C:\work\qt\Studio\irisgl\src\animation\animableproperty.h(16,8):
      参见“iris::AnimableProperty”的声明
  
C:\work\qt\Studio\irisgl\src\animation\propertyanim.h(12,8): warning C4099: “iris::PropertyAnimInfo”: 类型名称以前使用“class”现在使用的是“struct”
  (编译源文件“../src/shadergraph/shadergraphmainwindow.cpp”)
      C:\work\qt\Studio\irisgl\src\animation\propertyanim.h(12,8):
      参见“iris::PropertyAnimInfo”的声明
  
C:\work\qt\Studio\src\shadergraph\graph\graphnodescene.h(39,7): warning C4099: “Property”: 类型名称以前使用“struct”现在使用的是“class”
  (编译源文件“../src/shadergraph/widgets/scenewidget.cpp”)
      C:\work\qt\Studio\src\shadergraph\models\properties.h(25,8):
      参见“Property”的声明
  
C:\work\qt\Studio\irisgl\src\core\property.h(28,8): warning C4099: “iris::Property”: 类型名称以前使用“class”现在使用的是“struct”
  (编译源文件“../src/shadergraph/widgets/scenewidget.cpp”)
      C:\work\qt\Studio\irisgl\src\core\property.h(28,8):
      参见“iris::Property”的声明
  
C:\work\qt\Studio\irisgl\src\vr\vrdevice.h(89,8): warning C4099: “iris::VrSwapChain”: 类型名称以前使用“class”现在使用的是“struct”
  (编译源文件“../src/shadergraph/widgets/shaderassetwidget.cpp”)
      C:\work\qt\Studio\irisgl\src\vr\vrdevice.h(89,8):
      参见“iris::VrSwapChain”的声明
  
C:\work\qt\Studio\src\shadergraph\graph\graphnodescene.h(39,7): warning C4099: “Property”: 类型名称以前使用“struct”现在使用的是“class”
  (编译源文件“../src/shadergraph/widgets/shaderassetwidget.cpp”)
      C:\work\qt\Studio\src\shadergraph\models\properties.h(25,8):
      参见“Property”的声明
  
C:\work\qt\Studio\src\shadergraph\widgets\propertylistwidget.h(15,7): warning C4099: “FloatProperty”: 类型名称以前使用“struct”现在使用的是“class”
  (编译源文件“../src/shadergraph/widgets/shaderassetwidget.cpp”)
      C:\work\qt\Studio\src\shadergraph\models\properties.h(147,8):
      参见“FloatProperty”的声明
  
C:\work\qt\Studio\src\shadergraph\widgets\propertylistwidget.h(16,7): warning C4099: “Vec2Property”: 类型名称以前使用“struct”现在使用的是“class”
  (编译源文件“../src/shadergraph/widgets/shaderassetwidget.cpp”)
      C:\work\qt\Studio\src\shadergraph\models\properties.h(287,8):
      参见“Vec2Property”的声明
  
C:\work\qt\Studio\src\shadergraph\widgets\propertylistwidget.h(17,7): warning C4099: “Vec3Property”: 类型名称以前使用“struct”现在使用的是“class”
  (编译源文件“../src/shadergraph/widgets/shaderassetwidget.cpp”)
      C:\work\qt\Studio\src\shadergraph\models\properties.h(332,8):
      参见“Vec3Property”的声明
  
C:\work\qt\Studio\src\shadergraph\widgets\propertylistwidget.h(18,7): warning C4099: “Vec4Property”: 类型名称以前使用“struct”现在使用的是“class”
  (编译源文件“../src/shadergraph/widgets/shaderassetwidget.cpp”)
      C:\work\qt\Studio\src\shadergraph\models\properties.h(382,8):
      参见“Vec4Property”的声明
  
C:\work\qt\Studio\src\shadergraph\widgets\propertylistwidget.h(19,7): warning C4099: “IntProperty”: 类型名称以前使用“struct”现在使用的是“class”
  (编译源文件“../src/shadergraph/widgets/shaderassetwidget.cpp”)
      C:\work\qt\Studio\src\shadergraph\models\properties.h(95,8):
      参见“IntProperty”的声明
  
C:\work\qt\Studio\src\shadergraph\widgets\propertylistwidget.h(20,7): warning C4099: “TextureProperty”: 类型名称以前使用“struct”现在使用的是“class”
  (编译源文件“../src/shadergraph/widgets/shaderassetwidget.cpp”)
      C:\work\qt\Studio\src\shadergraph\models\properties.h(248,8):
      参见“TextureProperty”的声明
  
C:\work\qt\Studio\src\shadergraph\shadergraphmainwindow.h(31,7): warning C4099: “NodeLibraryItem”: 类型名称以前使用“struct”现在使用的是“class”
  (编译源文件“../src/shadergraph/widgets/shaderassetwidget.cpp”)
      C:\work\qt\Studio\src\shadergraph\models\library.h(11,8):
      参见“NodeLibraryItem”的声明
  
C:\work\qt\Studio\src\io\assetmanager.h(23,7): warning C4099: “aiScene”: 类型名称以前使用“struct”现在使用的是“class”
  (编译源文件“../src/shadergraph/widgets/shaderassetwidget.cpp”)
      C:\work\qt\Studio\irisgl\src\assimp\include\assimp\scene.h(273,19):
      参见“aiScene”的声明
  
C:\work\qt\Studio\irisgl\src\vr\vrdevice.h(89,8): warning C4099: “iris::VrSwapChain”: 类型名称以前使用“class”现在使用的是“struct”
  (编译源文件“../src/shadergraph/shadergraphmainwindow.cpp”)
      C:\work\qt\Studio\irisgl\src\vr\vrdevice.h(89,8):
      参见“iris::VrSwapChain”的声明
  
C:\work\qt\Studio\src\shadergraph\models\properties.h(158,10): warning C4305: “=”: 从“double”到“float”截断
  (编译源文件“../src/shadergraph/shadergraphmainwindow.cpp”)
  
C:\work\qt\Studio\src\shadergraph\graph\graphnodescene.h(39,7): warning C4099: “Property”: 类型名称以前使用“struct”现在使用的是“class”
  (编译源文件“../src/shadergraph/shadergraphmainwindow.cpp”)
      C:\work\qt\Studio\src\shadergraph\models\properties.h(25,8):
      参见“Property”的声明
  
C:\work\qt\Studio\src\shadergraph\widgets\propertylistwidget.h(15,7): warning C4099: “FloatProperty”: 类型名称以前使用“struct”现在使用的是“class”
  (编译源文件“../src/shadergraph/shadergraphmainwindow.cpp”)
      C:\work\qt\Studio\src\shadergraph\models\properties.h(147,8):
      参见“FloatProperty”的声明
  
C:\work\qt\Studio\src\shadergraph\widgets\propertylistwidget.h(16,7): warning C4099: “Vec2Property”: 类型名称以前使用“struct”现在使用的是“class”
  (编译源文件“../src/shadergraph/shadergraphmainwindow.cpp”)
      C:\work\qt\Studio\src\shadergraph\models\properties.h(287,8):
      参见“Vec2Property”的声明
  
C:\work\qt\Studio\src\shadergraph\widgets\propertylistwidget.h(17,7): warning C4099: “Vec3Property”: 类型名称以前使用“struct”现在使用的是“class”
  (编译源文件“../src/shadergraph/shadergraphmainwindow.cpp”)
      C:\work\qt\Studio\src\shadergraph\models\properties.h(332,8):
      参见“Vec3Property”的声明
  
C:\work\qt\Studio\src\shadergraph\widgets\propertylistwidget.h(18,7): warning C4099: “Vec4Property”: 类型名称以前使用“struct”现在使用的是“class”
  (编译源文件“../src/shadergraph/shadergraphmainwindow.cpp”)
      C:\work\qt\Studio\src\shadergraph\models\properties.h(382,8):
      参见“Vec4Property”的声明
  
C:\work\qt\Studio\src\shadergraph\widgets\propertylistwidget.h(19,7): warning C4099: “IntProperty”: 类型名称以前使用“struct”现在使用的是“class”
  (编译源文件“../src/shadergraph/shadergraphmainwindow.cpp”)
      C:\work\qt\Studio\src\shadergraph\models\properties.h(95,8):
      参见“IntProperty”的声明
  
C:\work\qt\Studio\src\shadergraph\widgets\propertylistwidget.h(20,7): warning C4099: “TextureProperty”: 类型名称以前使用“struct”现在使用的是“class”
  (编译源文件“../src/shadergraph/shadergraphmainwindow.cpp”)
      C:\work\qt\Studio\src\shadergraph\models\properties.h(248,8):
      参见“TextureProperty”的声明
  
C:\work\qt\Studio\src\shadergraph\shadergraphmainwindow.h(31,7): warning C4099: “NodeLibraryItem”: 类型名称以前使用“struct”现在使用的是“class”
  (编译源文件“../src/shadergraph/shadergraphmainwindow.cpp”)
      C:\work\qt\Studio\src\shadergraph\models\library.h(11,8):
      参见“NodeLibraryItem”的声明
  
C:\work\qt\Studio\src\shadergraph\widgets\scenewidget.h(22,7): warning C4099: “MaterialSettings”: 类型名称以前使用“struct”现在使用的是“class”
  (编译源文件“../src/shadergraph/shadergraphmainwindow.cpp”)
      C:\work\qt\Studio\src\shadergraph\graph\nodegraph.h(37,8):
      参见“MaterialSettings”的声明
  
C:\work\qt\Studio\src\shadergraph\core\materialwriter.h(7,7): warning C4099: “FloatProperty”: 类型名称以前使用“struct”现在使用的是“class”
  (编译源文件“../src/shadergraph/shadergraphmainwindow.cpp”)
      C:\work\qt\Studio\src\shadergraph\models\properties.h(147,8):
      参见“FloatProperty”的声明
  
C:\work\qt\Studio\irisgl\src\core\property.h(28,8): warning C4099: “iris::Property”: 类型名称以前使用“class”现在使用的是“struct”
  (编译源文件“../src/shadergraph/shadergraphmainwindow.cpp”)
      C:\work\qt\Studio\irisgl\src\core\property.h(28,8):
      参见“iris::Property”的声明
  
C:\work\qt\Studio\src\widgets\assetview.h(74,16): warning C4091: “typedef ”: 没有声明变量时忽略“directory_tuple”的左侧
  (编译源文件“../src/shadergraph/shadergraphmainwindow.cpp”)
  
C:\work\qt\Studio\src\io\assetmanager.h(23,7): warning C4099: “aiScene”: 类型名称以前使用“struct”现在使用的是“class”
  (编译源文件“../src/shadergraph/shadergraphmainwindow.cpp”)
      C:\work\qt\Studio\irisgl\src\assimp\include\assimp\scene.h(273,19):
      参见“aiScene”的声明
  
  qrc_fonts.cpp
  qrc_icons.cpp
  qrc_images.cpp
  qrc_models.cpp
  qrc_shaders.cpp
LINK : fatal error LNK1104: 无法打开文件“lib\Debug\IrisGLd.lib”
