# left.obj, baked from mqtp-left.glb by make-controller-obj.py
# WebXR grip space = the OpenXR grip pose frame: metres, Y up, -Z forward.
v -0.005371 -0.000499 0.073384
v -0.001607 0.000300 0.069840
v -0.003705 0.003584 0.071608
v -0.003303 -0.002625 0.071843
v -0.007609 0.001628 0.074206
v -0.006385 0.007035 0.072242
v -0.009487 0.003287 0.074324
v -0.011838 0.005182 0.073846
v -0.015012 0.007509 0.072147
v -0.009196 0.009783 0.071927
v -0.012466 0.011827 0.070689
v -0.003857 0.010039 0.068371
v -0.006623 0.013357 0.068119
v -0.010384 0.016205 0.066727
v -0.004563 0.015452 0.062799
v -0.002080 0.011810 0.063058
v 0.000039 0.007239 0.062549
v -0.000821 0.012745 0.056323
v 0.001237 0.007669 0.055775
v 0.000024 0.012958 0.047833
v -0.003384 0.016731 0.056294
v -0.008040 0.018061 0.062607
v -0.007050 0.019791 0.056438
v -0.002694 0.017343 0.048078
v -0.006285 0.021189 0.039652
v -0.002314 0.017724 0.039371
v -0.006566 0.020781 0.048276
v -0.011441 0.020884 0.056913
v -0.011539 0.022197 0.048550
v -0.017093 0.021105 0.039656
v -0.016940 0.020900 0.048867
v -0.011499 0.022581 0.039768
v -0.011455 0.022473 0.031347
v -0.011498 0.021990 0.023218
v -0.006070 0.021223 0.031454
v -0.016854 0.020868 0.031086
v -0.020949 0.016599 0.030776
v -0.016281 0.020375 0.023062
v -0.021819 0.017180 0.039713
v -0.021481 0.017189 0.049279
v -0.024570 0.012213 0.046522
v -0.024706 0.011906 0.039971
v -0.024617 0.011320 0.030698
v -0.020630 0.015916 0.022657
v -0.024230 0.010635 0.022469
v -0.020330 0.015121 0.015768
v -0.023807 0.009999 0.015421
v -0.020461 0.014625 0.007940
v -0.023600 0.009372 0.007536
v -0.023989 0.009191 0.001051
v -0.020260 0.014578 0.002053
v -0.020002 0.014810 -0.001250
v -0.015125 0.018171 0.001894
v -0.015782 0.018716 0.008867
v -0.010804 0.019974 0.003835
v -0.009890 0.019775 0.001082
v -0.014510 0.018062 -0.001172
v -0.014294 0.018035 -0.001633
v -0.019396 0.015276 -0.004455
v -0.019179 0.015300 -0.004956
v -0.024612 0.009093 -0.005144
v -0.023467 0.011953 -0.008377
v -0.023193 0.012135 -0.008823
v -0.025828 0.009251 -0.011665
v -0.025279 0.009165 -0.008905
v -0.025740 0.009306 -0.012306
v -0.023938 0.009918 -0.013785
v -0.021503 0.012557 -0.010326
v -0.017875 0.015368 -0.006661
v -0.013231 0.017887 -0.003372
v -0.008673 0.019431 -0.001088
v -0.009675 0.019720 0.000659
v -0.004272 0.020326 0.002741
v -0.004404 0.020400 0.003282
v -0.005054 0.020456 0.006169
v 0.000066 0.019788 0.004814
v 0.002849 0.017628 0.006764
v 0.006853 0.018097 0.005812
v 0.000212 0.019849 0.004330
v -0.001387 0.019045 0.007676
v 0.006892 0.018291 0.005387
v 0.013022 0.016355 0.005366
v 0.012955 0.016573 0.003209
v 0.000877 0.019593 0.002294
v 0.007189 0.018260 0.003332
v -0.003521 0.019968 0.000916
v 0.018196 0.014628 0.002225
v 0.022437 0.012736 0.000610
v 0.018547 0.014193 0.004212
v 0.018557 0.013887 0.004592
v 0.012941 0.016018 0.005739
v 0.023016 0.012087 0.002553
v 0.027393 0.010031 -0.002352
v 0.028328 0.009059 -0.000675
v 0.023030 0.011771 0.002889
v 0.027175 0.006984 0.000356
v 0.028362 0.008788 -0.000388
v 0.022425 0.009792 0.003252
v 0.021231 0.007347 0.003686
v 0.024861 0.004543 0.001477
v 0.018051 0.008862 0.004994
v 0.017969 0.011942 0.004992
v 0.013515 0.009959 0.006224
v 0.012555 0.014014 0.006214
v 0.006740 0.015727 0.006897
v 0.008468 0.010258 0.007651
v 0.010701 0.004519 0.007200
v 0.006243 0.006541 0.010415
v 0.004827 0.010345 0.010143
v 0.002768 0.011680 0.013894
v 0.004366 0.009568 0.011855
v 0.000339 0.016292 0.012076
v 0.001375 0.016406 0.008956
v -0.002425 0.018895 0.011538
v -0.003006 0.018996 0.017462
v -0.006444 0.021104 0.017667
v -0.005935 0.020697 0.010866
v -0.011470 0.021411 0.016771
v -0.011199 0.020695 0.009763
v -0.016137 0.019531 0.016247
v -0.002895 0.018822 0.023387
v -0.006343 0.021269 0.023473
v -0.002211 0.017791 0.031302
v 0.000949 0.013454 0.028783
v -0.000353 0.015864 0.022687
v 0.002875 0.009639 0.024017
v -0.000475 0.016327 0.017225
v 0.002074 0.011781 0.021168
v 0.001944 0.011461 0.021082
v 0.001803 0.012258 0.017358
v 0.001890 0.012605 0.017315
v 0.000801 0.011368 0.013305
v -0.000189 0.012547 0.016685
v 0.002614 0.011286 0.014032
v 0.000118 0.011592 0.021014
v 0.000938 0.009428 0.023691
v 0.001929 0.005887 0.025239
v 0.002721 0.009396 0.023776
v 0.003598 0.005968 0.025363
v 0.003788 0.006096 0.025732
v 0.005246 0.000218 0.024848
v 0.004883 0.000759 0.028906
v 0.003346 0.007176 0.030095
v 0.002681 0.007707 0.038701
v 0.000463 0.013369 0.038726
v 0.004236 0.001213 0.037997
v 0.004940 -0.006293 0.036971
v 0.003493 0.001567 0.047036
v 0.004044 -0.004891 0.046877
v 0.002121 -0.009419 0.056325
v 0.003290 -0.010904 0.047249
v 0.002934 -0.003817 0.055794
v 0.002563 0.001963 0.055414
v 0.001705 -0.003081 0.062220
v 0.000945 -0.007767 0.062935
v -0.000505 -0.005879 0.067473
v 0.000254 -0.002195 0.066620
v -0.001728 -0.004383 0.069784
v -0.000704 -0.001593 0.068537
v -0.000096 0.001715 0.066795
v -0.001609 0.006104 0.067834
v 0.001324 0.002150 0.062151
v 0.002075 0.007660 0.047525
v 0.004339 -0.011904 0.036063
v 0.005057 -0.012173 0.025023
v 0.005636 -0.006598 0.026660
v 0.005869 -0.006879 0.022299
v 0.005302 -0.012146 0.020154
v 0.005051 0.000310 0.024439
v 0.005674 -0.006723 0.021915
v 0.003874 -0.011625 0.019641
v 0.005169 -0.012075 0.019827
v 0.003984 -0.006309 0.021719
v 0.003313 0.000512 0.024239
v 0.004238 0.009128 0.011903
v 0.003203 0.007975 0.010978
v 0.006078 0.006010 0.010438
v 0.004712 0.005631 0.009674
v 0.007301 0.003202 0.009563
v 0.004712 0.005631 0.009674
v 0.007681 0.003242 0.009438
v 0.009271 -0.002526 0.007330
v 0.008890 -0.002535 0.007446
v 0.007337 -0.002075 0.006864
v 0.007337 -0.002075 0.006864
v 0.005980 0.002928 0.008715
v 0.009070 -0.006582 0.005735
v 0.007660 -0.005911 0.004980
v 0.007261 -0.009993 0.002644
v 0.008319 -0.010828 0.003780
v 0.008738 -0.010764 0.003587
v 0.009518 -0.006515 0.005601
v 0.011477 -0.010017 0.001857
v 0.015120 -0.009142 0.000666
v 0.013749 -0.004924 0.003413
v 0.017235 0.000847 0.004111
v 0.012720 -0.000706 0.005402
v 0.018786 -0.003266 0.002036
v 0.021478 0.002518 0.002812
v 0.023966 -0.001083 0.000386
v 0.020677 -0.007339 -0.000780
v 0.025501 -0.004976 -0.002389
v 0.030126 -0.001742 -0.004601
v 0.028122 0.001387 -0.001556
v 0.031308 0.004000 -0.003550
v 0.032659 0.005681 -0.004500
v 0.035230 0.003331 -0.008113
v 0.033743 0.001656 -0.006949
v 0.035204 0.003643 -0.008406
v 0.032635 0.005971 -0.004762
v 0.031680 0.007038 -0.006337
v 0.034097 0.004876 -0.009782
v 0.019111 0.006029 0.004416
v 0.015358 0.005381 0.005632
v 0.005980 0.002928 0.008715
v -0.024056 0.012287 0.052857
v -0.020017 0.016580 0.058328
v -0.022907 0.011937 0.059001
v -0.021709 0.011421 0.062692
v -0.019747 0.010419 0.066705
v -0.017999 0.014672 0.064859
v -0.015532 0.013081 0.068600
v -0.013826 0.015939 0.066618
v -0.015005 0.017750 0.063319
v -0.016158 0.019794 0.057322
v -0.011175 0.018802 0.062705
v -0.017481 0.009109 0.069870
v -0.019015 0.008322 -0.013313
v -0.018263 0.006671 -0.015520
v -0.019548 0.006589 -0.015619
v -0.016439 0.009048 -0.012377
v -0.017841 0.007994 -0.013751
v -0.017162 0.009704 -0.011534
v -0.014391 0.010314 -0.010849
v -0.012258 0.009292 -0.012187
v -0.014318 0.009494 -0.011859
v -0.011669 0.010044 -0.011306
v -0.010473 0.008336 -0.013586
v -0.009342 0.008780 -0.013136
v -0.008748 0.007149 -0.015290
v -0.010547 0.005803 -0.016956
v -0.009425 0.005461 -0.017512
v -0.010056 0.007094 -0.015232
v -0.011343 0.004319 -0.018963
v -0.013890 0.003823 -0.019540
v -0.012004 0.004964 -0.018037
v -0.013955 0.004583 -0.018483
v -0.016057 0.004795 -0.018124
v -0.018662 0.005197 -0.017514
v -0.016650 0.004111 -0.019050
v -0.017578 0.005637 -0.016938
v -0.000323 0.009693 -0.014197
v 0.001725 0.010590 -0.012911
v 0.001795 0.009923 -0.013812
v -0.003252 0.008583 -0.015700
v -0.002230 0.008342 -0.016045
v -0.000891 0.010251 -0.013438
v -0.003560 0.006695 -0.018243
v -0.002456 0.006808 -0.018116
v -0.002593 0.005289 -0.020190
v -0.001680 0.005683 -0.019678
v -0.000656 0.004300 -0.021577
v -0.000120 0.004888 -0.020791
v 0.001847 0.003918 -0.022155
v 0.001889 0.004578 -0.021260
v 0.003835 0.004173 -0.021860
v 0.003473 0.004799 -0.021001
v 0.005191 0.005314 -0.020312
v 0.005916 0.004825 -0.020995
v 0.007397 0.006013 -0.019331
v 0.006374 0.006267 -0.018957
v 0.006830 0.007378 -0.017317
v 0.007940 0.007417 -0.017287
v 0.006047 0.008764 -0.015271
v 0.006973 0.009135 -0.014779
v 0.004165 0.009745 -0.013959
v 0.004609 0.010348 -0.013146
v 0.009458 0.002100 -0.024872
v 0.010937 0.003176 -0.023308
v 0.011200 0.002468 -0.024236
v 0.006838 0.001025 -0.026234
v 0.008722 0.002675 -0.024148
v 0.007947 0.000771 -0.026576
v 0.006537 -0.000249 -0.027934
v 0.007736 -0.000221 -0.027928
v 0.008071 -0.001353 -0.029479
v 0.006980 -0.001645 -0.029845
v 0.009306 -0.002344 -0.030829
v 0.008525 -0.002889 -0.031542
v 0.010792 -0.003583 -0.032556
v 0.011122 -0.002900 -0.031638
v 0.013083 -0.002940 -0.031772
v 0.013276 -0.003630 -0.032715
v 0.015710 -0.003001 -0.031892
v 0.016539 -0.001542 -0.029874
v 0.017550 -0.001898 -0.030388
v 0.015040 -0.002427 -0.031094
v 0.017078 -0.000719 -0.028642
v 0.018256 -0.000810 -0.028803
v 0.016967 0.000508 -0.026832
v 0.018092 0.000732 -0.026555
v 0.016313 0.002332 -0.024293
v 0.015530 0.001803 -0.024996
v 0.013636 0.003137 -0.023218
v 0.013385 0.002447 -0.024149
v -0.012768 -0.008518 -0.033375
v -0.016718 -0.006868 -0.030991
v -0.015144 -0.006512 -0.030575
v -0.009122 -0.009395 -0.034731
v -0.013813 -0.009321 -0.034414
v -0.009355 -0.010394 -0.036073
v -0.015241 -0.003855 -0.026993
v -0.016837 -0.003619 -0.026611
v -0.013684 -0.000757 -0.022865
v -0.008401 0.000518 -0.021360
v -0.008342 -0.000472 -0.022699
v -0.012662 -0.001514 -0.023930
v -0.004760 -0.000842 -0.023310
v -0.001737 -0.002337 -0.025406
v -0.004021 0.000065 -0.022106
v -0.000324 -0.001763 -0.024670
v -0.000558 -0.005639 -0.029923
v 0.001118 -0.005801 -0.030193
v -0.001097 -0.008554 -0.033795
v -0.005011 -0.010135 -0.035816
v -0.002369 -0.007891 -0.032869
v -0.005570 -0.009184 -0.034521
v -0.009122 -0.009395 -0.034731
v -0.009355 -0.010394 -0.036073
v -0.023467 0.008955 -0.013163
v -0.021074 0.011578 -0.009752
v -0.019377 0.010601 -0.010431
v -0.021614 0.008156 -0.013645
v -0.024916 0.006690 -0.016160
v -0.025912 0.004254 -0.019442
v -0.022964 0.006046 -0.016442
v -0.023899 0.003757 -0.019496
v -0.024359 0.000872 -0.023367
v -0.026397 0.001202 -0.023558
v -0.026171 -0.001390 -0.027042
v -0.025256 -0.004175 -0.030801
v -0.024146 -0.001539 -0.026621
v -0.023286 -0.004145 -0.030157
v -0.021847 -0.006549 -0.033442
v -0.023720 -0.006735 -0.034311
v -0.021670 -0.009054 -0.037500
v -0.019178 -0.011126 -0.040353
v -0.019925 -0.008720 -0.036429
v -0.017591 -0.010651 -0.039106
v -0.016258 -0.012954 -0.042907
v -0.014851 -0.012364 -0.041502
v -0.013166 -0.014450 -0.044994
v -0.011955 -0.013749 -0.043463
v -0.009888 -0.015688 -0.046701
v -0.008883 -0.014874 -0.045080
v -0.005668 -0.015748 -0.046365
v -0.006460 -0.016644 -0.048060
v -0.003075 -0.017289 -0.049051
v 0.000774 -0.017731 -0.049785
v -0.002508 -0.016356 -0.047288
v 0.001102 -0.016777 -0.047973
v 0.004692 -0.017917 -0.050125
v 0.004764 -0.016929 -0.048303
v 0.008845 -0.016789 -0.048243
v 0.013534 -0.016210 -0.047619
v 0.009057 -0.017803 -0.050037
v 0.014048 -0.017199 -0.049365
v 0.018533 -0.016192 -0.048190
v 0.017725 -0.015281 -0.046515
v 0.021911 -0.013903 -0.044804
v 0.025102 -0.012474 -0.042989
v 0.022986 -0.014696 -0.046388
v 0.026400 -0.013144 -0.044460
v 0.027550 -0.011090 -0.041164
v 0.029041 -0.011665 -0.042485
v 0.031296 -0.010236 -0.040210
v 0.029630 -0.009726 -0.039086
v 0.031527 -0.008372 -0.036469
v 0.033338 -0.008846 -0.037360
v 0.033053 -0.007123 -0.033509
v 0.034972 -0.007581 -0.034146
v 0.034097 -0.006040 -0.030444
v 0.036087 -0.006483 -0.030830
v 0.036817 -0.005204 -0.027405
v 0.034782 -0.004834 -0.027245
v 0.037148 -0.003665 -0.023764
v 0.035087 -0.003434 -0.023813
v 0.037006 -0.001946 -0.020087
v 0.034950 -0.001877 -0.020353
v 0.036251 0.000081 -0.016078
v 0.034237 -0.000039 -0.016559
v 0.032930 0.001972 -0.012868
v 0.034867 0.002268 -0.012184
v 0.033446 0.003774 -0.009465
v 0.030814 0.006018 -0.005839
v 0.031620 0.003388 -0.010372
v 0.029153 0.005524 -0.006977
v 0.026725 0.008873 -0.002065
v 0.025308 0.008203 -0.003418
v 0.021991 0.011425 0.000764
v 0.020851 0.010604 -0.000761
v 0.017072 0.012334 0.000655
v 0.012323 0.014097 0.001610
v 0.017927 0.013272 0.002294
v 0.012858 0.015132 0.003324
v 0.006910 0.015729 0.001724
v 0.007097 0.016872 0.003441
v 0.001427 0.018212 0.002514
v 0.001573 0.016924 0.000900
v -0.002701 0.017351 -0.000329
v -0.007462 0.016871 -0.002104
v -0.003178 0.018751 0.001118
v -0.008299 0.018270 -0.000829
v -0.012981 0.016724 -0.003087
v -0.017546 0.014285 -0.006238
v -0.011796 0.015429 -0.004182
v -0.016072 0.013136 -0.007128
v -0.008300 -0.023887 -0.026838
v -0.004597 -0.024110 -0.019162
v -0.008202 -0.024512 -0.018274
v -0.004689 -0.023872 -0.026134
v -0.004780 -0.023979 -0.034307
v -0.001790 -0.024302 -0.032168
v 0.001100 -0.024060 -0.040317
v 0.003016 -0.024642 -0.037151
v 0.004301 -0.023641 -0.041714
v 0.005356 -0.024422 -0.038151
v 0.007968 -0.023137 -0.042307
v 0.008295 -0.024038 -0.038619
v 0.011043 -0.022759 -0.042278
v 0.010675 -0.023749 -0.038613
v 0.013643 -0.023436 -0.037869
v 0.014773 -0.022371 -0.041363
v 0.017402 -0.022860 -0.036105
v 0.019418 -0.021775 -0.039181
v 0.020273 -0.022186 -0.033312
v 0.022250 -0.021319 -0.026276
v 0.023266 -0.021173 -0.035415
v 0.025872 -0.020405 -0.026723
v 0.025158 -0.021039 -0.017481
v 0.021652 -0.023713 -0.010811
v 0.021639 -0.021582 -0.018676
v 0.018792 -0.023607 -0.013294
v 0.014670 -0.025994 -0.010140
v 0.016338 -0.026772 -0.006829
v 0.010532 -0.028534 -0.005974
v 0.006002 -0.027489 -0.010134
v 0.010238 -0.027342 -0.009557
v 0.005172 -0.028745 -0.006677
v 0.000221 -0.027908 -0.008309
v 0.001974 -0.026726 -0.011425
v -0.002339 -0.025264 -0.013810
v -0.005186 -0.026116 -0.011544
v -0.002427 -0.014732 0.019210
v 0.002828 -0.013787 0.003124
v 0.000156 -0.016007 0.019619
v -0.000057 -0.012195 0.001009
v 0.002516 -0.014687 0.019512
v 0.005890 -0.012185 0.002021
v 0.008619 -0.008733 0.004106
v 0.004463 -0.011394 0.021019
v 0.004816 -0.008066 0.022222
v 0.009062 -0.004721 0.005664
v 0.008408 -0.001190 0.007228
v 0.004714 -0.003981 0.023434
v 0.007221 0.002349 0.008684
v 0.004140 0.000089 0.024540
v 0.004615 0.007781 0.010623
v 0.002794 0.005519 0.025168
v 0.002034 0.011969 0.012066
v -0.000163 0.013875 0.025101
v -0.000966 0.016067 0.014038
v 0.001642 0.009837 0.025642
v 0.010839 -0.011523 -0.043965
v 0.010977 -0.010967 -0.042953
v 0.011239 -0.011380 -0.043786
v 0.011539 -0.011907 -0.044615
v 0.010577 -0.011765 -0.044285
v 0.010203 -0.011244 -0.043300
v 0.009695 -0.011715 -0.043918
v 0.010508 -0.012002 -0.044600
v 0.009561 -0.012173 -0.044531
v 0.010607 -0.012235 -0.044918
v 0.009752 -0.012625 -0.045147
v 0.010108 -0.012902 -0.045533
v 0.010790 -0.012376 -0.045119
v 0.011038 -0.012488 -0.045280
v 0.010589 -0.013121 -0.045844
v 0.011315 -0.013235 -0.046023
v 0.012227 -0.013181 -0.045982
v 0.011883 -0.012519 -0.045351
v 0.011413 -0.012545 -0.045373
v 0.012968 -0.012881 -0.045592
v 0.012254 -0.012335 -0.045122
v 0.012442 -0.012188 -0.044927
v 0.013310 -0.012543 -0.045158
v 0.013489 -0.012071 -0.044528
v 0.012479 -0.011712 -0.044281
v 0.012535 -0.011946 -0.044602
v 0.013381 -0.011615 -0.043910
v 0.012780 -0.011143 -0.043253
v 0.012169 -0.011470 -0.043941
v 0.011985 -0.010927 -0.042934
v 0.011759 -0.011359 -0.043776
v 0.014500 -0.013483 -0.047096
v 0.013072 -0.015716 -0.046920
v 0.012974 -0.014115 -0.047895
v 0.014733 -0.015018 -0.046012
v 0.015372 -0.012710 -0.046102
v 0.015660 -0.014134 -0.044866
v 0.015723 -0.011718 -0.044758
v 0.015909 -0.013043 -0.043418
v 0.015388 -0.010713 -0.043395
v 0.015452 -0.011991 -0.041995
v 0.014093 -0.009754 -0.042057
v 0.014032 -0.011113 -0.040763
v 0.012488 -0.009331 -0.041424
v 0.012353 -0.010738 -0.040194
v 0.010356 -0.009395 -0.041453
v 0.010390 -0.010819 -0.040257
v 0.008788 -0.011353 -0.040931
v 0.008782 -0.009932 -0.042129
v 0.007674 -0.012253 -0.042055
v 0.007621 -0.010924 -0.043430
v 0.007246 -0.013263 -0.043433
v 0.007324 -0.011908 -0.044740
v 0.007551 -0.014327 -0.044870
v 0.007776 -0.012983 -0.046200
v 0.008306 -0.015046 -0.045855
v 0.008553 -0.013591 -0.047049
v 0.009571 -0.014031 -0.047667
v 0.009367 -0.015569 -0.046585
v 0.011041 -0.015890 -0.047065
v 0.011135 -0.014277 -0.048068
v 0.013580 -0.013266 -0.046128
v 0.012542 -0.013686 -0.046673
v 0.012227 -0.013181 -0.045982
v 0.012968 -0.012881 -0.045592
v 0.014179 -0.012741 -0.045461
v 0.013489 -0.012071 -0.044528
v 0.014387 -0.012059 -0.044552
v 0.013310 -0.012543 -0.045158
v 0.013381 -0.011615 -0.043910
v 0.014229 -0.011392 -0.043648
v 0.013351 -0.010701 -0.042688
v 0.012780 -0.011143 -0.043253
v 0.012188 -0.010384 -0.042223
v 0.011985 -0.010927 -0.042934
v 0.010715 -0.010446 -0.042249
v 0.010977 -0.010967 -0.042953
v 0.010203 -0.011244 -0.043300
v 0.009584 -0.010851 -0.042755
v 0.009695 -0.011715 -0.043918
v 0.008841 -0.011543 -0.043657
v 0.009561 -0.012173 -0.044531
v 0.008646 -0.012208 -0.044556
v 0.008925 -0.012870 -0.045456
v 0.009752 -0.012625 -0.045147
v 0.009444 -0.013275 -0.046020
v 0.010108 -0.012902 -0.045533
v 0.010147 -0.013595 -0.046475
v 0.010589 -0.013121 -0.045844
v 0.011209 -0.013761 -0.046735
v 0.011315 -0.013235 -0.046023
v 0.014179 -0.012741 -0.045461
v 0.014500 -0.013483 -0.047096
v 0.013580 -0.013266 -0.046128
v 0.015372 -0.012710 -0.046102
v 0.014387 -0.012059 -0.044552
v 0.015723 -0.011718 -0.044758
v 0.014229 -0.011392 -0.043648
v 0.015388 -0.010713 -0.043395
v 0.013351 -0.010701 -0.042688
v 0.014093 -0.009754 -0.042057
v 0.012188 -0.010384 -0.042223
v 0.012488 -0.009331 -0.041424
v 0.010356 -0.009395 -0.041453
v 0.010715 -0.010446 -0.042249
v 0.009584 -0.010851 -0.042755
v 0.008782 -0.009932 -0.042129
v 0.007621 -0.010924 -0.043430
v 0.008841 -0.011543 -0.043657
v 0.007324 -0.011908 -0.044740
v 0.008646 -0.012208 -0.044556
v 0.007776 -0.012983 -0.046200
v 0.008553 -0.013591 -0.047049
v 0.008925 -0.012870 -0.045456
v 0.009444 -0.013275 -0.046020
v 0.010147 -0.013595 -0.046475
v 0.009571 -0.014031 -0.047667
v 0.011209 -0.013761 -0.046735
v 0.011135 -0.014277 -0.048068
v 0.012542 -0.013686 -0.046673
v 0.012974 -0.014115 -0.047895
v -0.011627 0.005241 0.073049
v -0.014056 0.002424 0.072835
v -0.012031 -0.000775 0.073263
v -0.008538 0.002868 0.073397
v -0.008972 -0.003573 0.073083
v -0.005409 -0.000259 0.073052
v 0.024494 -0.007493 -0.004748
v 0.024475 -0.008252 -0.005188
v 0.024759 -0.008907 -0.005811
v 0.024690 -0.006739 -0.004580
v 0.025159 -0.009217 -0.006372
v 0.025113 -0.006037 -0.004601
v 0.025788 -0.009297 -0.007008
v 0.025730 -0.005383 -0.004901
v 0.027828 -0.003734 -0.006063
v 0.026697 -0.008918 -0.007639
v 0.028623 -0.007393 -0.008753
v 0.030120 -0.006180 -0.009630
v 0.031547 -0.005023 -0.010450
v 0.030043 -0.001991 -0.007303
v 0.030973 -0.001352 -0.007864
v 0.031397 -0.001200 -0.008206
v 0.032234 -0.004307 -0.010705
v 0.032574 -0.003671 -0.010707
v 0.032739 -0.003062 -0.010565
v 0.032154 -0.001292 -0.009017
v 0.032803 -0.002296 -0.010121
v 0.031840 -0.001194 -0.008586
v 0.032558 -0.001665 -0.009588
v 0.026852 -0.009935 -0.006024
v 0.026697 -0.008918 -0.007639
v 0.025788 -0.009297 -0.007008
v 0.026189 -0.009861 -0.005467
v 0.027787 -0.009559 -0.006630
v 0.028623 -0.007393 -0.008753
v 0.029791 -0.007967 -0.007790
v 0.031152 -0.006829 -0.008625
v 0.030120 -0.006180 -0.009630
v 0.032513 -0.005627 -0.009520
v 0.031547 -0.005023 -0.010450
v 0.033131 -0.004866 -0.009860
v 0.032234 -0.004307 -0.010705
v 0.033451 -0.004224 -0.009897
v 0.032574 -0.003671 -0.010707
v 0.033650 -0.003606 -0.009761
v 0.032739 -0.003062 -0.010565
v 0.033717 -0.002856 -0.009388
v 0.032803 -0.002296 -0.010121
v 0.033575 -0.002222 -0.008828
v 0.032558 -0.001665 -0.009588
v 0.033198 -0.001781 -0.008151
v 0.032862 -0.001654 -0.007666
v 0.032154 -0.001292 -0.009017
v 0.031840 -0.001194 -0.008586
v 0.031397 -0.001200 -0.008206
v 0.032500 -0.001669 -0.007228
v 0.032007 -0.001860 -0.006761
v 0.031091 -0.002544 -0.006136
v 0.030043 -0.001991 -0.007303
v 0.030973 -0.001352 -0.007864
v 0.027828 -0.003734 -0.006063
v 0.028918 -0.004273 -0.004894
v 0.025730 -0.005383 -0.004901
v 0.025113 -0.006037 -0.004601
v 0.026651 -0.005892 -0.003851
v 0.025912 -0.006560 -0.003646
v 0.025466 -0.007267 -0.003685
v 0.024690 -0.006739 -0.004580
v 0.024494 -0.007493 -0.004748
v 0.025260 -0.008082 -0.003905
v 0.024475 -0.008252 -0.005188
v 0.025705 -0.009545 -0.004949
v 0.024759 -0.008907 -0.005811
v 0.025305 -0.008819 -0.004309
v 0.025159 -0.009217 -0.006372
v -0.011205 -0.021433 -0.041744
v -0.010713 -0.021116 -0.042961
v -0.011481 -0.021503 -0.041031
v -0.011960 -0.021031 -0.041228
v -0.010828 -0.021695 -0.041739
v -0.011517 -0.021137 -0.041860
v -0.011739 -0.020819 -0.042102
v -0.012289 -0.020538 -0.041613
v -0.011841 -0.020518 -0.042442
v -0.012458 -0.020103 -0.042155
v -0.011797 -0.020267 -0.042859
v -0.012338 -0.019690 -0.042814
v -0.011600 -0.020117 -0.043286
v -0.012054 -0.019478 -0.043497
v -0.011264 -0.020089 -0.043674
v -0.011524 -0.019451 -0.044084
v -0.010845 -0.020184 -0.043960
v -0.010141 -0.020010 -0.044691
v -0.010852 -0.019634 -0.044509
v -0.010399 -0.020408 -0.044087
v -0.010025 -0.020694 -0.044051
v -0.009571 -0.020434 -0.044585
v -0.009153 -0.020941 -0.044340
v -0.009751 -0.020991 -0.043894
v -0.008917 -0.021284 -0.044002
v -0.009577 -0.021260 -0.043672
v -0.009500 -0.021508 -0.043385
v -0.009516 -0.021709 -0.043071
v -0.008819 -0.021696 -0.043572
v -0.008848 -0.022005 -0.043084
v -0.008989 -0.022187 -0.042598
v -0.009618 -0.021852 -0.042756
v -0.009814 -0.021937 -0.042430
v -0.010092 -0.021949 -0.042125
v -0.009295 -0.022331 -0.042065
v -0.009743 -0.022372 -0.041617
v -0.010268 -0.022243 -0.041262
v -0.010914 -0.021943 -0.041038
v -0.010429 -0.021874 -0.041886
v -0.014720 -0.018492 -0.042652
v -0.014774 -0.019231 -0.041272
v -0.014669 -0.019167 -0.041246
v -0.013941 -0.017859 -0.044311
v -0.014017 -0.017939 -0.044374
v -0.014630 -0.018418 -0.042601
v -0.012576 -0.017798 -0.045841
v -0.012646 -0.017875 -0.045914
v -0.011270 -0.018253 -0.046744
v -0.009663 -0.019096 -0.047138
v -0.009606 -0.019017 -0.047057
v -0.011206 -0.018179 -0.046663
v -0.008244 -0.020262 -0.046902
v -0.008188 -0.020175 -0.046828
v -0.007383 -0.021101 -0.046297
v -0.007441 -0.021192 -0.046363
v -0.006860 -0.021982 -0.045495
v -0.006635 -0.022651 -0.044646
v -0.006914 -0.022077 -0.045559
v -0.006674 -0.022753 -0.044710
v -0.006658 -0.023411 -0.043544
v -0.006646 -0.023297 -0.043490
v -0.006996 -0.023743 -0.042240
v -0.006983 -0.023866 -0.042267
v -0.007546 -0.023932 -0.041142
v -0.008634 -0.023848 -0.039851
v -0.007526 -0.024057 -0.041138
v -0.008626 -0.023969 -0.039814
v -0.009811 -0.023595 -0.039003
v -0.009796 -0.023483 -0.039060
v -0.010889 -0.022975 -0.038684
v -0.010930 -0.023076 -0.038619
v -0.012191 -0.022166 -0.038648
v -0.013407 -0.021140 -0.039118
v -0.012262 -0.022251 -0.038587
v -0.013504 -0.021209 -0.039076
v -0.014335 -0.020211 -0.039959
v -0.014225 -0.020150 -0.039969
v -0.011481 -0.021503 -0.041031
v -0.012451 -0.021085 -0.040749
v -0.011960 -0.021031 -0.041228
v -0.011768 -0.021767 -0.040448
v -0.010914 -0.021943 -0.041038
v -0.010986 -0.022303 -0.040469
v -0.010268 -0.022243 -0.041262
v -0.010176 -0.022683 -0.040746
v -0.009743 -0.022372 -0.041617
v -0.009389 -0.022864 -0.041292
v -0.009295 -0.022331 -0.042065
v -0.008873 -0.022839 -0.041862
v -0.008477 -0.022665 -0.042507
v -0.008989 -0.022187 -0.042598
v -0.008278 -0.022373 -0.043163
v -0.008848 -0.022005 -0.043084
v -0.008255 -0.021948 -0.043821
v -0.008819 -0.021696 -0.043572
v -0.008374 -0.021489 -0.044375
v -0.008692 -0.020948 -0.044843
v -0.008917 -0.021284 -0.044002
v -0.009153 -0.020941 -0.044340
v -0.009571 -0.020434 -0.044585
v -0.010141 -0.020010 -0.044691
v -0.009249 -0.020331 -0.045177
v -0.010000 -0.019733 -0.045282
v -0.010908 -0.019242 -0.045066
v -0.010852 -0.019634 -0.044509
v -0.011524 -0.019451 -0.044084
v -0.012532 -0.019053 -0.043664
v -0.011808 -0.019007 -0.044481
v -0.012054 -0.019478 -0.043497
v -0.012932 -0.019332 -0.042839
v -0.012338 -0.019690 -0.042814
v -0.013046 -0.019812 -0.042011
v -0.012458 -0.020103 -0.042155
v -0.012289 -0.020538 -0.041613
v -0.012876 -0.020441 -0.041244
v -0.014335 -0.020211 -0.039959
v -0.013523 -0.021517 -0.039620
v -0.013504 -0.021209 -0.039076
v -0.014187 -0.020552 -0.040352
v -0.014774 -0.019231 -0.041272
v -0.014557 -0.019477 -0.041525
v -0.014720 -0.018492 -0.042652
v -0.014430 -0.018739 -0.042792
v -0.013735 -0.018251 -0.044301
v -0.014017 -0.017939 -0.044374
v -0.012542 -0.018170 -0.045705
v -0.012646 -0.017875 -0.045914
v -0.011280 -0.018537 -0.046481
v -0.011270 -0.018253 -0.046744
v -0.009832 -0.019294 -0.046836
v -0.009663 -0.019096 -0.047138
v -0.008520 -0.020326 -0.046614
v -0.008244 -0.020262 -0.046902
v -0.007441 -0.021192 -0.046363
v -0.007724 -0.021208 -0.046091
v -0.006914 -0.022077 -0.045559
v -0.007248 -0.022035 -0.045341
v -0.006674 -0.022753 -0.044710
v -0.007050 -0.022698 -0.044565
v -0.006658 -0.023411 -0.043544
v -0.007122 -0.023382 -0.043504
v -0.006983 -0.023866 -0.042267
v -0.007474 -0.023892 -0.042416
v -0.007526 -0.024057 -0.041138
v -0.008626 -0.023969 -0.039814
v -0.008113 -0.024157 -0.041421
v -0.009097 -0.024177 -0.040372
v -0.009811 -0.023595 -0.039003
v -0.010238 -0.023880 -0.039684
v -0.010930 -0.023076 -0.038619
v -0.011357 -0.023339 -0.039307
v -0.012497 -0.022533 -0.039273
v -0.012262 -0.022251 -0.038587
v -0.013523 -0.021517 -0.039620
v -0.014187 -0.020552 -0.040352
v -0.013358 -0.021489 -0.039880
v -0.012380 -0.022456 -0.039515
v -0.012497 -0.022533 -0.039273
v -0.011332 -0.023207 -0.039530
v -0.011357 -0.023339 -0.039307
v -0.010243 -0.023717 -0.039920
v -0.010238 -0.023880 -0.039684
v -0.009097 -0.024177 -0.040372
v -0.009204 -0.023964 -0.040607
v -0.008113 -0.024157 -0.041421
v -0.008296 -0.023942 -0.041544
v -0.007474 -0.023892 -0.042416
v -0.007671 -0.023717 -0.042493
v -0.007122 -0.023382 -0.043504
v -0.007341 -0.023250 -0.043489
v -0.007281 -0.022659 -0.044403
v -0.007050 -0.022698 -0.044565
v -0.013999 -0.020571 -0.040537
v -0.014304 -0.019644 -0.041583
v -0.014557 -0.019477 -0.041525
v -0.014164 -0.018902 -0.042850
v -0.013574 -0.018414 -0.044236
v -0.014430 -0.018739 -0.042792
v -0.013735 -0.018251 -0.044301
v -0.012542 -0.018170 -0.045705
v -0.012466 -0.018369 -0.045499
v -0.011260 -0.018738 -0.046196
v -0.009832 -0.019294 -0.046836
v -0.011280 -0.018537 -0.046481
v -0.009910 -0.019399 -0.046608
v -0.008680 -0.020390 -0.046363
v -0.008520 -0.020326 -0.046614
v -0.007724 -0.021208 -0.046091
v -0.007506 -0.021951 -0.045220
v -0.007954 -0.021197 -0.045890
v -0.007248 -0.022035 -0.045341
v -0.007281 -0.022659 -0.044403
v -0.007050 -0.022698 -0.044565
v -0.007506 -0.021951 -0.045220
v -0.007050 -0.022698 -0.044565
v -0.007248 -0.022035 -0.045341
v -0.007506 -0.021951 -0.045220
v -0.009910 -0.019399 -0.046608
v -0.010908 -0.019242 -0.045066
v -0.011260 -0.018738 -0.046196
v -0.010000 -0.019733 -0.045282
v -0.008680 -0.020390 -0.046363
v -0.009249 -0.020331 -0.045177
v -0.007954 -0.021197 -0.045890
v -0.008692 -0.020948 -0.044843
v -0.007506 -0.021951 -0.045220
v -0.008374 -0.021489 -0.044375
v -0.008255 -0.021948 -0.043821
v -0.007281 -0.022659 -0.044403
v -0.008278 -0.022373 -0.043163
v -0.007341 -0.023250 -0.043489
v -0.008477 -0.022665 -0.042507
v -0.007671 -0.023717 -0.042493
v -0.008873 -0.022839 -0.041862
v -0.008296 -0.023942 -0.041544
v -0.009389 -0.022864 -0.041292
v -0.009204 -0.023964 -0.040607
v -0.010176 -0.022683 -0.040746
v -0.010243 -0.023717 -0.039920
v -0.010986 -0.022303 -0.040469
v -0.011332 -0.023207 -0.039530
v -0.012380 -0.022456 -0.039515
v -0.011768 -0.021767 -0.040448
v -0.013358 -0.021489 -0.039880
v -0.012451 -0.021085 -0.040749
v -0.013999 -0.020571 -0.040537
v -0.012876 -0.020441 -0.041244
v -0.014304 -0.019644 -0.041583
v -0.013046 -0.019812 -0.042011
v -0.014164 -0.018902 -0.042850
v -0.012932 -0.019332 -0.042839
v -0.012532 -0.019053 -0.043664
v -0.013574 -0.018414 -0.044236
v -0.011808 -0.019007 -0.044481
v -0.012466 -0.018369 -0.045499
v 0.030288 -0.017600 -0.035981
v 0.030114 -0.017535 -0.036621
v 0.030806 -0.017096 -0.036154
v 0.031010 -0.017003 -0.035776
v 0.030602 -0.017467 -0.035401
v 0.031273 -0.016798 -0.035475
v 0.031028 -0.017145 -0.034881
v 0.031537 -0.016528 -0.035314
v 0.031459 -0.016708 -0.034596
v 0.031787 -0.016222 -0.035266
v 0.031821 -0.016267 -0.034519
v 0.032165 -0.015772 -0.034615
v 0.032001 -0.015913 -0.035326
v 0.032420 -0.015331 -0.034813
v 0.032163 -0.015631 -0.035471
v 0.032609 -0.014909 -0.035174
v 0.032282 -0.015364 -0.035701
v 0.032701 -0.014560 -0.035652
v 0.032336 -0.015148 -0.036012
v 0.032689 -0.014339 -0.036150
v 0.032314 -0.015012 -0.036367
v 0.032211 -0.014957 -0.036778
v 0.032539 -0.014222 -0.036819
v 0.032011 -0.015026 -0.037196
v 0.032241 -0.014301 -0.037487
v 0.031773 -0.014637 -0.038088
v 0.031723 -0.015242 -0.037548
v 0.031255 -0.015160 -0.038432
v 0.031580 -0.016117 -0.036542
v 0.031400 -0.015573 -0.037749
v 0.030780 -0.015759 -0.038490
v 0.031094 -0.015961 -0.037778
v 0.030398 -0.016371 -0.038274
v 0.030850 -0.016346 -0.037637
v 0.030692 -0.016687 -0.037351
v 0.030139 -0.016925 -0.037825
v 0.030048 -0.017311 -0.037267
v 0.030636 -0.016933 -0.036981
v 0.030681 -0.017069 -0.036564
v 0.030288 -0.017600 -0.035981
v 0.029677 -0.018130 -0.036712
v 0.030114 -0.017535 -0.036621
v 0.029968 -0.018206 -0.035772
v 0.030602 -0.017467 -0.035401
v 0.030401 -0.018018 -0.034962
v 0.031028 -0.017145 -0.034881
v 0.030934 -0.017608 -0.034340
v 0.031459 -0.016708 -0.034596
v 0.031553 -0.016979 -0.033939
v 0.032038 -0.016390 -0.033844
v 0.031821 -0.016267 -0.034519
v 0.032473 -0.015746 -0.033946
v 0.032165 -0.015772 -0.034615
v 0.032824 -0.015145 -0.034256
v 0.032420 -0.015331 -0.034813
v 0.033073 -0.014583 -0.034742
v 0.032609 -0.014909 -0.035174
v 0.033188 -0.014129 -0.035349
v 0.032701 -0.014560 -0.035652
v 0.032689 -0.014339 -0.036150
v 0.032539 -0.014222 -0.036819
v 0.033171 -0.013827 -0.036068
v 0.032972 -0.013664 -0.036944
v 0.032241 -0.014301 -0.037487
v 0.032574 -0.013757 -0.037833
v 0.031977 -0.014196 -0.038621
v 0.031773 -0.014637 -0.038088
v 0.031255 -0.015160 -0.038432
v 0.030582 -0.015748 -0.039191
v 0.031272 -0.014900 -0.039105
v 0.030780 -0.015759 -0.038490
v 0.030398 -0.016371 -0.038274
v 0.030097 -0.016551 -0.038902
v 0.029766 -0.017249 -0.038354
v 0.030139 -0.016925 -0.037825
v 0.029624 -0.017816 -0.037554
v 0.030048 -0.017311 -0.037267
v 0.028424 -0.019262 -0.038138
v 0.028992 -0.019576 -0.036775
v 0.028474 -0.019672 -0.036630
v 0.028837 -0.019128 -0.038068
v 0.028717 -0.018408 -0.039534
v 0.028994 -0.018268 -0.039380
v 0.029255 -0.017295 -0.040530
v 0.029492 -0.017199 -0.040276
v 0.030221 -0.015729 -0.041122
v 0.030418 -0.015795 -0.040763
v 0.031573 -0.014388 -0.040610
v 0.032547 -0.013455 -0.039931
v 0.031433 -0.014181 -0.040937
v 0.032549 -0.013090 -0.040145
v 0.033509 -0.012771 -0.038682
v 0.033606 -0.012382 -0.038777
v 0.034157 -0.012615 -0.037126
v 0.034342 -0.012243 -0.037082
v 0.034407 -0.012837 -0.035872
v 0.034605 -0.012508 -0.035758
v 0.034412 -0.013327 -0.034758
v 0.034591 -0.013027 -0.034577
v 0.034249 -0.013939 -0.033888
v 0.034389 -0.013626 -0.033652
v 0.033918 -0.014505 -0.032766
v 0.033849 -0.014846 -0.033100
v 0.033188 -0.015575 -0.032151
v 0.033286 -0.015852 -0.032599
v 0.032408 -0.016532 -0.031929
v 0.032603 -0.016864 -0.032428
v 0.031215 -0.017761 -0.032118
v 0.031729 -0.017947 -0.032653
v 0.030303 -0.018665 -0.032785
v 0.030865 -0.018814 -0.033272
v 0.029549 -0.019265 -0.033679
v 0.029478 -0.019674 -0.035351
v 0.030117 -0.019389 -0.034170
v 0.028873 -0.019664 -0.035011
v 0.029042 -0.018927 -0.037988
v 0.028994 -0.018268 -0.039380
v 0.029189 -0.018193 -0.039174
v 0.028837 -0.019128 -0.038068
v 0.029182 -0.019354 -0.036777
v 0.028992 -0.019576 -0.036775
v 0.029618 -0.019451 -0.035439
v 0.029478 -0.019674 -0.035351
v 0.030210 -0.019202 -0.034352
v 0.030117 -0.019389 -0.034170
v 0.030941 -0.018637 -0.033496
v 0.030865 -0.018814 -0.033272
v 0.031752 -0.017810 -0.032929
v 0.031729 -0.017947 -0.032653
v 0.032603 -0.016864 -0.032428
v 0.032544 -0.016822 -0.032723
v 0.033286 -0.015852 -0.032599
v 0.033200 -0.015854 -0.032861
v 0.033849 -0.014846 -0.033100
v 0.033698 -0.014958 -0.033319
v 0.034249 -0.013939 -0.033888
v 0.034063 -0.014118 -0.034061
v 0.034412 -0.013327 -0.034758
v 0.034226 -0.013518 -0.034904
v 0.034407 -0.012837 -0.035872
v 0.034219 -0.013068 -0.035939
v 0.033996 -0.012851 -0.037092
v 0.034157 -0.012615 -0.037126
v 0.033363 -0.013022 -0.038569
v 0.033509 -0.012771 -0.038682
v 0.032489 -0.013644 -0.039705
v 0.032547 -0.013455 -0.039931
v 0.031563 -0.014531 -0.040360
v 0.031573 -0.014388 -0.040610
v 0.030418 -0.015795 -0.040763
v 0.030500 -0.015833 -0.040474
v 0.029492 -0.017199 -0.040276
v 0.029667 -0.017106 -0.040044
v 0.033363 -0.013022 -0.038569
v 0.031977 -0.014196 -0.038621
v 0.032489 -0.013644 -0.039705
v 0.032574 -0.013757 -0.037833
v 0.033996 -0.012851 -0.037092
v 0.032972 -0.013664 -0.036944
v 0.034219 -0.013068 -0.035939
v 0.033171 -0.013827 -0.036068
v 0.034226 -0.013518 -0.034904
v 0.033188 -0.014129 -0.035349
v 0.034063 -0.014118 -0.034061
v 0.033073 -0.014583 -0.034742
v 0.032824 -0.015145 -0.034256
v 0.033698 -0.014958 -0.033319
v 0.032473 -0.015746 -0.033946
v 0.033200 -0.015854 -0.032861
v 0.032038 -0.016390 -0.033844
v 0.032544 -0.016822 -0.032723
v 0.031553 -0.016979 -0.033939
v 0.031752 -0.017810 -0.032929
v 0.030934 -0.017608 -0.034340
v 0.030941 -0.018637 -0.033496
v 0.030401 -0.018018 -0.034962
v 0.030210 -0.019202 -0.034352
v 0.029618 -0.019451 -0.035439
v 0.029968 -0.018206 -0.035772
v 0.029182 -0.019354 -0.036777
v 0.029677 -0.018130 -0.036712
v 0.029042 -0.018927 -0.037988
v 0.029624 -0.017816 -0.037554
v 0.029189 -0.018193 -0.039174
v 0.029766 -0.017249 -0.038354
v 0.030097 -0.016551 -0.038902
v 0.029667 -0.017106 -0.040044
v 0.030582 -0.015748 -0.039191
v 0.030500 -0.015833 -0.040474
v 0.031272 -0.014900 -0.039105
v 0.031563 -0.014531 -0.040360
v -0.023403 0.009186 -0.012678
v -0.024402 0.008635 -0.012429
v -0.023823 0.009353 -0.011515
v -0.023587 0.008914 -0.013077
v -0.024049 0.009756 -0.014015
v -0.025967 0.009093 -0.012387
v -0.025967 0.009093 -0.012387
v -0.025380 0.007601 -0.016875
v -0.027245 0.006609 -0.015600
v -0.024049 0.009756 -0.014015
v -0.026370 0.005135 -0.020167
v -0.028031 0.004097 -0.018984
v -0.026846 0.002005 -0.024369
v -0.028386 0.000765 -0.023454
v -0.026576 -0.000653 -0.027964
v -0.028019 -0.002073 -0.027274
v -0.025673 -0.003492 -0.031742
v -0.026927 -0.004947 -0.031174
v -0.024054 -0.006027 -0.035285
v -0.025247 -0.007611 -0.034782
v -0.021944 -0.008361 -0.038512
v -0.023077 -0.010056 -0.038076
v -0.019567 -0.010330 -0.041236
v -0.020381 -0.012309 -0.041108
v -0.016467 -0.012294 -0.043955
v -0.017311 -0.014335 -0.043874
v -0.013281 -0.013739 -0.046063
v -0.014134 -0.015962 -0.046139
v -0.009982 -0.014944 -0.047801
v -0.010806 -0.017222 -0.047940
v -0.006552 -0.015895 -0.049170
v -0.007311 -0.018210 -0.049329
v -0.003546 -0.018910 -0.050405
v 0.000789 -0.016968 -0.050899
v 0.000550 -0.019387 -0.051178
v -0.003096 -0.016533 -0.050168
v 0.004745 -0.017154 -0.051254
v 0.004686 -0.019553 -0.051563
v 0.009200 -0.017003 -0.051188
v 0.009610 -0.019340 -0.051530
v 0.014226 -0.016384 -0.050512
v 0.014797 -0.018697 -0.050805
v 0.019307 -0.017688 -0.049611
v 0.018690 -0.015413 -0.049337
v 0.023955 -0.016125 -0.047741
v 0.023200 -0.013906 -0.047493
v 0.027644 -0.014411 -0.045574
v 0.026625 -0.012319 -0.045520
v 0.030552 -0.012869 -0.043489
v 0.029319 -0.010867 -0.043561
v 0.032890 -0.011399 -0.040994
v 0.031594 -0.009426 -0.041325
v 0.035073 -0.009974 -0.038142
v 0.033713 -0.008042 -0.038544
v 0.036623 -0.008751 -0.035068
v 0.035400 -0.006763 -0.035413
v 0.037885 -0.007573 -0.031886
v 0.038777 -0.006173 -0.027894
v 0.036644 -0.005635 -0.032155
v 0.037466 -0.004314 -0.028615
v 0.037861 -0.002800 -0.024907
v 0.039168 -0.004623 -0.024105
v 0.037772 -0.001136 -0.021157
v 0.039098 -0.002818 -0.020065
v 0.037077 0.000899 -0.016945
v 0.038319 -0.000681 -0.015546
v 0.035628 0.003154 -0.012727
v 0.036856 0.001606 -0.011324
v 0.034245 0.004718 -0.010041
v 0.035394 0.003334 -0.008481
v 0.033740 0.003497 -0.009024
v 0.034245 0.004718 -0.010041
v 0.033418 0.003889 -0.009458
v 0.035394 0.003334 -0.008481
v 0.033740 0.003497 -0.009024
v 0.033173 0.004083 -0.009103
v 0.033475 0.003655 -0.008732
v 0.033418 0.003889 -0.009458
v 0.033845 0.004736 -0.010270
v 0.033246 0.003897 -0.009513
v 0.033418 0.003889 -0.009458
v 0.034245 0.004718 -0.010041
v 0.033029 -0.009009 -0.037552
v 0.034959 -0.006595 -0.035284
v 0.033268 -0.007842 -0.038376
v 0.031029 -0.010349 -0.040139
v 0.034549 -0.007830 -0.034495
v 0.035776 -0.006643 -0.031316
v 0.036182 -0.005450 -0.032080
v 0.036976 -0.004168 -0.028627
v 0.036505 -0.005363 -0.027874
v 0.037377 -0.002673 -0.024939
v 0.036866 -0.003932 -0.024343
v 0.037298 -0.001046 -0.021262
v 0.036815 -0.002277 -0.020591
v 0.036598 0.000979 -0.017078
v 0.036078 -0.000221 -0.016349
v 0.035139 0.003260 -0.012805
v 0.034610 0.002030 -0.012168
v 0.033845 0.004736 -0.010270
v 0.033246 0.003897 -0.009513
v 0.031164 -0.009225 -0.041100
v 0.028984 -0.011753 -0.042267
v 0.028954 -0.010634 -0.043279
v 0.026367 -0.013179 -0.044172
v 0.026338 -0.012095 -0.045210
v 0.022981 -0.014740 -0.046214
v 0.022943 -0.013616 -0.047143
v 0.018564 -0.016165 -0.048046
v 0.018515 -0.015062 -0.048941
v 0.014275 -0.017186 -0.049150
v 0.014156 -0.016034 -0.050101
v 0.009169 -0.017819 -0.049859
v 0.009132 -0.016666 -0.050780
v 0.004816 -0.018000 -0.049913
v 0.004775 -0.016827 -0.050848
v 0.000890 -0.016674 -0.050508
v 0.000764 -0.017834 -0.049549
v -0.002945 -0.016236 -0.049785
v -0.002900 -0.017410 -0.048852
v -0.006300 -0.015603 -0.048816
v -0.006252 -0.016745 -0.047911
v -0.009730 -0.014682 -0.047457
v -0.009679 -0.015857 -0.046524
v -0.013001 -0.013506 -0.045759
v -0.012891 -0.014669 -0.044881
v -0.016145 -0.012012 -0.043631
v -0.016025 -0.013201 -0.042768
v -0.018798 -0.011521 -0.040365
v -0.019174 -0.010122 -0.040984
v -0.021399 -0.009399 -0.037472
v -0.021502 -0.008209 -0.038325
v -0.023602 -0.005874 -0.035105
v -0.023516 -0.007067 -0.034214
v -0.025146 -0.003338 -0.031632
v -0.025071 -0.004480 -0.030762
v -0.026087 -0.000603 -0.027912
v -0.026001 -0.001783 -0.027078
v -0.026264 0.000840 -0.023485
v -0.026344 0.002023 -0.024363
v -0.025884 0.005076 -0.020262
v -0.025803 0.003887 -0.019372
v -0.024900 0.007539 -0.016975
v -0.024805 0.006394 -0.016070
v -0.023594 0.009641 -0.014186
v -0.023392 0.008867 -0.013238
v -0.023587 0.008914 -0.013077
v -0.023403 0.009186 -0.012678
v -0.023206 0.009114 -0.012895
v -0.023392 0.008867 -0.013238
v -0.023587 0.008914 -0.013077
v -0.023594 0.009641 -0.014186
v -0.024049 0.009756 -0.014015
v -0.023392 0.008867 -0.013238
v -0.024049 0.009756 -0.014015
v -0.024900 0.007539 -0.016975
v -0.023594 0.009641 -0.014186
v -0.024049 0.009756 -0.014015
v -0.024900 0.007539 -0.016975
v -0.025380 0.007601 -0.016875
v -0.024900 0.007539 -0.016975
v -0.025380 0.007601 -0.016875
v -0.025884 0.005076 -0.020262
v -0.025380 0.007601 -0.016875
v -0.025884 0.005076 -0.020262
v -0.026370 0.005135 -0.020167
v -0.025884 0.005076 -0.020262
v -0.026370 0.005135 -0.020167
v -0.026846 0.002005 -0.024369
v -0.026344 0.002023 -0.024363
v -0.026087 -0.000603 -0.027912
v -0.026576 -0.000653 -0.027964
v -0.025146 -0.003338 -0.031632
v -0.025673 -0.003492 -0.031742
v -0.023602 -0.005874 -0.035105
v -0.024054 -0.006027 -0.035285
v -0.021944 -0.008361 -0.038512
v -0.021502 -0.008209 -0.038325
v -0.019567 -0.010330 -0.041236
v -0.019174 -0.010122 -0.040984
v -0.016145 -0.012012 -0.043631
v -0.013001 -0.013506 -0.045759
v -0.016467 -0.012294 -0.043955
v -0.013281 -0.013739 -0.046063
v -0.009982 -0.014944 -0.047801
v -0.006552 -0.015895 -0.049170
v -0.009730 -0.014682 -0.047457
v -0.006300 -0.015603 -0.048816
v -0.003096 -0.016533 -0.050168
v -0.002945 -0.016236 -0.049785
v 0.000789 -0.016968 -0.050899
v 0.000890 -0.016674 -0.050508
v 0.004745 -0.017154 -0.051254
v 0.004775 -0.016827 -0.050848
v 0.009200 -0.017003 -0.051188
v 0.009132 -0.016666 -0.050780
v 0.014226 -0.016384 -0.050512
v 0.014156 -0.016034 -0.050101
v 0.018690 -0.015413 -0.049337
v 0.018515 -0.015062 -0.048941
v 0.023200 -0.013906 -0.047493
v 0.022943 -0.013616 -0.047143
v 0.026625 -0.012319 -0.045520
v 0.026338 -0.012095 -0.045210
v 0.029319 -0.010867 -0.043561
v 0.028954 -0.010634 -0.043279
v 0.031164 -0.009225 -0.041100
v 0.031594 -0.009426 -0.041325
v 0.033268 -0.007842 -0.038376
v 0.033713 -0.008042 -0.038544
v 0.034959 -0.006595 -0.035284
v 0.035400 -0.006763 -0.035413
v 0.036644 -0.005635 -0.032155
v 0.036182 -0.005450 -0.032080
v 0.036976 -0.004168 -0.028627
v 0.037466 -0.004314 -0.028615
v 0.037861 -0.002800 -0.024907
v 0.037377 -0.002673 -0.024939
v 0.037772 -0.001136 -0.021157
v 0.037298 -0.001046 -0.021262
v 0.037077 0.000899 -0.016945
v 0.035628 0.003154 -0.012727
v 0.036598 0.000979 -0.017078
v 0.035139 0.003260 -0.012805
v 0.034245 0.004718 -0.010041
v 0.033845 0.004736 -0.010270
v 0.033173 0.004083 -0.009103
v 0.033246 0.003897 -0.009513
v 0.033019 0.004112 -0.009137
v 0.033418 0.003889 -0.009458
v -0.010968 0.018376 -0.003123
v -0.012694 0.016344 -0.003011
v -0.010896 0.017042 -0.002083
v -0.012752 0.017663 -0.004052
v -0.017318 0.015216 -0.007220
v -0.017259 0.013918 -0.006144
v -0.020799 0.011205 -0.009674
v -0.023169 0.008643 -0.013095
v -0.020785 0.012559 -0.010685
v -0.023162 0.009963 -0.014129
v -0.024595 0.006409 -0.016051
v -0.024626 0.007668 -0.017140
v -0.025613 0.005204 -0.020421
v -0.025586 0.003990 -0.019290
v -0.026070 0.000916 -0.023374
v -0.025846 -0.001621 -0.026789
v -0.026076 0.002246 -0.024374
v -0.025829 -0.000389 -0.027941
v -0.024914 -0.003095 -0.031614
v -0.024930 -0.004388 -0.030563
v -0.023412 -0.006908 -0.034039
v -0.021382 -0.009208 -0.037188
v -0.023335 -0.005669 -0.035159
v -0.021286 -0.007932 -0.038294
v -0.018805 -0.009956 -0.041112
v -0.018902 -0.011257 -0.040033
v -0.016009 -0.013059 -0.042566
v -0.012960 -0.014522 -0.044627
v -0.015930 -0.011746 -0.043608
v -0.012917 -0.013191 -0.045643
v -0.009642 -0.014355 -0.047357
v -0.009698 -0.015697 -0.046361
v -0.006293 -0.016639 -0.047708
v -0.006230 -0.015294 -0.048715
v -0.002960 -0.017264 -0.048693
v 0.000870 -0.017720 -0.049413
v -0.002935 -0.015914 -0.049669
v 0.000878 -0.016349 -0.050392
v 0.004751 -0.017873 -0.049767
v 0.004685 -0.016517 -0.050735
v 0.009058 -0.016380 -0.050674
v 0.009054 -0.017721 -0.049706
v 0.013963 -0.015746 -0.050019
v 0.018416 -0.014744 -0.048842
v 0.014018 -0.017108 -0.049045
v 0.018455 -0.016118 -0.047878
v 0.022873 -0.014664 -0.046072
v 0.022771 -0.013338 -0.047067
v 0.026164 -0.011818 -0.045145
v 0.027156 -0.011286 -0.044466
v 0.026263 -0.013146 -0.044142
v 0.027273 -0.012583 -0.043378
v -0.007042 0.015294 -0.007403
v -0.003227 0.012487 -0.011608
v -0.006371 0.010632 -0.013946
v -0.012602 0.013544 -0.009805
v -0.012752 0.017663 -0.004052
v -0.010968 0.018376 -0.003123
v -0.017318 0.015216 -0.007220
v -0.020785 0.012559 -0.010685
v -0.023162 0.009963 -0.014129
v -0.019685 0.010940 -0.013097
v -0.016776 0.010995 -0.013176
v -0.018956 0.008258 -0.016794
v -0.024626 0.007668 -0.017140
v -0.018488 0.009807 -0.014703
v -0.018183 0.007000 -0.018510
v -0.025613 0.005204 -0.020421
v -0.026076 0.002246 -0.024374
v -0.011974 0.004399 -0.022157
v -0.016506 0.006107 -0.019746
v -0.014017 0.005836 -0.020217
v -0.011772 0.006233 -0.019750
v -0.006162 0.005826 -0.020433
v -0.010153 0.007209 -0.018493
v -0.009572 0.008654 -0.016583
v -0.010032 0.010015 -0.014750
v -0.012048 0.011117 -0.013099
v -0.014297 0.011473 -0.012607
v -0.005777 0.002591 -0.024807
v -0.002148 0.005983 -0.020332
v -0.001443 0.003407 -0.023856
v -0.008937 0.002705 -0.024546
v -0.003011 0.007326 -0.018628
v -0.002780 0.009012 -0.016257
v -0.000686 0.010543 -0.014259
v -0.011914 0.002092 -0.025269
v -0.014582 0.000594 -0.027223
v -0.025829 -0.000389 -0.027941
v -0.015822 -0.001023 -0.029335
v -0.024914 -0.003095 -0.031614
v -0.016036 -0.002358 -0.031127
v -0.023335 -0.005669 -0.035159
v -0.015568 -0.003759 -0.033033
v -0.021286 -0.007932 -0.038294
v -0.014407 -0.005009 -0.034758
v -0.018805 -0.009956 -0.041112
v -0.012662 -0.005982 -0.036130
v -0.015930 -0.011746 -0.043608
v -0.010586 -0.006574 -0.036999
v -0.008257 -0.006782 -0.037360
v -0.008714 -0.010688 -0.042611
v -0.001088 -0.010633 -0.042799
v -0.002935 -0.015914 -0.049669
v -0.009642 -0.014355 -0.047357
v -0.006230 -0.015294 -0.048715
v -0.005980 -0.006582 -0.037169
v -0.012917 -0.013191 -0.045643
v -0.003386 -0.005807 -0.036213
v -0.001326 -0.004482 -0.034498
v 0.005602 -0.006256 -0.037081
v 0.013712 -0.006168 -0.037288
v 0.011007 -0.002646 -0.032425
v 0.010274 -0.009284 -0.041310
v 0.007449 -0.010850 -0.043330
v 0.008597 -0.009862 -0.042039
v -0.000307 -0.003078 -0.032639
v 0.009035 -0.002059 -0.031557
v 0.003755 -0.001201 -0.030256
v 0.003204 0.001767 -0.026234
v 0.007663 -0.000995 -0.030062
v -0.000227 -0.001149 -0.030039
v -0.000120 -0.002507 -0.031875
v -0.000900 0.000236 -0.028151
v 0.007199 0.000225 -0.028396
v 0.007657 0.001566 -0.026637
v 0.007588 0.004013 -0.023267
v 0.009099 0.002722 -0.025101
v 0.003720 0.005003 -0.021877
v 0.005615 0.005656 -0.021081
v 0.001843 0.004768 -0.022091
v -0.000402 0.005116 -0.021569
v -0.003297 0.001894 -0.025832
v 0.007133 -0.011961 -0.044806
v 0.007604 -0.013025 -0.046259
v 0.000878 -0.016349 -0.050392
v 0.008499 -0.013709 -0.047209
v 0.004685 -0.016517 -0.050735
v 0.009495 -0.014110 -0.047790
v 0.011110 -0.014371 -0.048196
v 0.009058 -0.016380 -0.050674
v 0.013963 -0.015746 -0.050019
v 0.013010 -0.014219 -0.048045
v 0.018416 -0.014744 -0.048842
v 0.014636 -0.013542 -0.047192
v 0.015566 -0.012738 -0.046162
v 0.015908 -0.011699 -0.044779
v 0.018030 -0.008941 -0.041175
v 0.022771 -0.013338 -0.047067
v 0.015555 -0.010638 -0.043319
v 0.014191 -0.009644 -0.041929
v 0.012476 -0.009177 -0.041263
v 0.026164 -0.011818 -0.045145
v 0.019945 -0.005666 -0.036800
v 0.027156 -0.011286 -0.044466
v 0.015427 -0.002201 -0.031845
v 0.013162 -0.002690 -0.032555
v -0.005517 0.000319 -0.023037
v -0.004005 0.000340 -0.026005
v -0.002946 -0.000459 -0.024156
v -0.008832 0.000480 -0.022764
v -0.006133 0.000944 -0.025140
v -0.008880 0.001029 -0.024930
v -0.008890 0.001467 -0.025169
v -0.006040 0.001319 -0.025428
v -0.004011 0.000735 -0.026285
v -0.002002 -0.000669 -0.028252
v -0.001408 -0.001794 -0.029778
v -0.002014 -0.001062 -0.027978
v -0.000711 -0.002064 -0.026391
v -0.000045 -0.003491 -0.028376
v -0.001414 -0.002173 -0.029501
v -0.001367 -0.003219 -0.030910
v -0.000001 -0.004786 -0.030157
v -0.001508 -0.003719 -0.031583
v -0.001359 -0.002846 -0.031203
v -0.001487 -0.003344 -0.031882
v -0.002326 -0.004918 -0.033164
v -0.002353 -0.004575 -0.033505
v -0.003984 -0.005658 -0.034900
v -0.003964 -0.006013 -0.034600
v -0.001336 -0.007007 -0.033043
v -0.003320 -0.008210 -0.034616
v -0.006050 -0.006703 -0.035436
v -0.005959 -0.008982 -0.035563
v -0.007894 -0.006918 -0.035652
v -0.006069 -0.006327 -0.035731
v -0.007951 -0.006536 -0.035960
v -0.010003 -0.006398 -0.035721
v -0.009948 -0.006763 -0.035403
v -0.008316 -0.009114 -0.035739
v -0.010589 -0.008970 -0.035369
v -0.011786 -0.006274 -0.034676
v -0.012638 -0.008363 -0.034513
v -0.014265 -0.007520 -0.033282
v -0.013217 -0.005536 -0.033609
v -0.013254 -0.005143 -0.033900
v -0.011861 -0.005894 -0.034974
v -0.014240 -0.004492 -0.032202
v -0.014308 -0.004088 -0.032449
v -0.014734 -0.002942 -0.030876
v -0.014701 -0.003311 -0.030597
v -0.016108 -0.004628 -0.029333
v -0.014597 -0.002258 -0.029168
v -0.015906 -0.003388 -0.027676
v -0.013553 -0.000746 -0.027182
v -0.014642 -0.001841 -0.029413
v -0.013595 -0.000344 -0.027450
v -0.011496 0.000872 -0.025869
v -0.011419 0.000474 -0.025600
v -0.012020 -0.000195 -0.023522
v -0.014578 -0.001623 -0.025370
v -0.015564 -0.006187 -0.031469
v -0.000082 -0.005330 -0.030822
v -0.018488 0.009807 -0.014703
v -0.016776 0.010995 -0.013176
v -0.016738 0.009496 -0.012159
v -0.018377 0.008378 -0.013614
v -0.018956 0.008258 -0.016794
v -0.018183 0.007000 -0.018510
v -0.018024 0.005663 -0.017312
v -0.018845 0.006783 -0.015741
v -0.016367 0.004813 -0.018546
v -0.013985 0.004583 -0.018946
v -0.016506 0.006107 -0.019746
v -0.014017 0.005836 -0.020217
v -0.011772 0.006233 -0.019750
v -0.011795 0.004918 -0.018485
v -0.010153 0.007209 -0.018493
v -0.009572 0.008654 -0.016583
v -0.010257 0.005894 -0.017264
v -0.009607 0.007307 -0.015371
v -0.010127 0.008635 -0.013560
v -0.010032 0.010015 -0.014750
v -0.012048 0.011117 -0.013099
v -0.012198 0.009682 -0.012013
v -0.014297 0.011473 -0.012607
v -0.014339 0.009997 -0.011586
v 0.008629 -0.014981 -0.046041
v 0.007604 -0.013025 -0.046259
v 0.007746 -0.014350 -0.045128
v 0.008499 -0.013709 -0.047209
v 0.009538 -0.015304 -0.046520
v 0.009495 -0.014110 -0.047790
v 0.011127 -0.015672 -0.047037
v 0.011110 -0.014371 -0.048196
v 0.012990 -0.015566 -0.046942
v 0.013010 -0.014219 -0.048045
v 0.014636 -0.013542 -0.047192
v 0.014521 -0.014862 -0.046095
v 0.015490 -0.014086 -0.045063
v 0.015566 -0.012738 -0.046162
v 0.015908 -0.011699 -0.044779
v 0.015690 -0.013081 -0.043700
v 0.015555 -0.010638 -0.043319
v 0.015437 -0.012048 -0.042305
v 0.014148 -0.011100 -0.041005
v 0.014191 -0.009644 -0.041929
v 0.012476 -0.009177 -0.041263
v 0.010349 -0.010770 -0.040390
v 0.010274 -0.009284 -0.041310
v 0.012590 -0.010704 -0.040356
v 0.008739 -0.011311 -0.041107
v 0.008597 -0.009862 -0.042039
v 0.007449 -0.010850 -0.043330
v 0.007133 -0.011961 -0.044806
v 0.007631 -0.012236 -0.042367
v 0.007321 -0.013355 -0.043771
v 0.005456 0.004271 -0.019965
v 0.005615 0.005656 -0.021081
v 0.003773 0.003695 -0.020699
v 0.003720 0.005003 -0.021877
v 0.001843 0.003436 -0.020935
v 0.001843 0.004768 -0.022091
v -0.000402 0.005116 -0.021569
v -0.000399 0.003804 -0.020378
v -0.002148 0.005983 -0.020332
v -0.002122 0.004601 -0.019208
v -0.003011 0.007326 -0.018628
v -0.002939 0.005954 -0.017467
v -0.002780 0.009012 -0.016257
v -0.002621 0.007566 -0.015267
v -0.000636 0.008980 -0.013387
v -0.000686 0.010543 -0.014259
v 0.013217 -0.004042 -0.031382
v 0.015427 -0.002201 -0.031845
v 0.013162 -0.002690 -0.032555
v 0.015501 -0.003508 -0.030776
v 0.011061 -0.003968 -0.031281
v 0.011007 -0.002646 -0.032425
v 0.009035 -0.002059 -0.031557
v 0.009099 -0.003379 -0.030403
v 0.007774 -0.002327 -0.028954
v 0.007663 -0.000995 -0.030062
v 0.007199 0.000225 -0.028396
v 0.007338 -0.001125 -0.027280
v 0.007657 0.001566 -0.026637
v 0.007806 0.000149 -0.025612
v 0.009188 0.001268 -0.024167
v 0.009099 0.002722 -0.025101
v -0.001359 -0.002846 -0.031203
v -0.000227 -0.001149 -0.030039
v -0.000120 -0.002507 -0.031875
v -0.001487 -0.003344 -0.031882
v -0.001408 -0.001794 -0.029778
v -0.002002 -0.000669 -0.028252
v -0.004011 0.000735 -0.026285
v -0.000900 0.000236 -0.028151
v -0.003297 0.001894 -0.025832
v -0.006040 0.001319 -0.025428
v -0.005777 0.002591 -0.024807
v -0.008890 0.001467 -0.025169
v -0.008937 0.002705 -0.024546
v -0.011914 0.002092 -0.025269
v -0.014582 0.000594 -0.027223
v -0.011496 0.000872 -0.025869
v -0.013595 -0.000344 -0.027450
v -0.015822 -0.001023 -0.029335
v -0.014642 -0.001841 -0.029413
v -0.016036 -0.002358 -0.031127
v -0.014734 -0.002942 -0.030876
v -0.015568 -0.003759 -0.033033
v -0.014308 -0.004088 -0.032449
v -0.013254 -0.005143 -0.033900
v -0.014407 -0.005009 -0.034758
v -0.012662 -0.005982 -0.036130
v -0.011861 -0.005894 -0.034974
v -0.010586 -0.006574 -0.036999
v -0.008257 -0.006782 -0.037360
v -0.010003 -0.006398 -0.035721
v -0.007951 -0.006536 -0.035960
v -0.005980 -0.006582 -0.037169
v -0.006069 -0.006327 -0.035731
v -0.003386 -0.005807 -0.036213
v -0.003984 -0.005658 -0.034900
v -0.002353 -0.004575 -0.033505
v -0.001326 -0.004482 -0.034498
v -0.000307 -0.003078 -0.032639
v 0.027272 -0.012583 -0.043378
v 0.028728 -0.010357 -0.043237
v 0.028840 -0.011692 -0.042215
v 0.027156 -0.011286 -0.044466
v 0.031034 -0.010281 -0.039996
v 0.030943 -0.008949 -0.041070
v 0.033031 -0.007538 -0.038317
v 0.034709 -0.006272 -0.035243
v 0.033025 -0.008879 -0.037189
v 0.034630 -0.007591 -0.034037
v 0.035706 -0.006468 -0.030871
v 0.035947 -0.005107 -0.031985
v 0.036719 -0.003827 -0.028590
v 0.037104 -0.002349 -0.024936
v 0.036439 -0.005179 -0.027455
v 0.036773 -0.003651 -0.023795
v 0.036618 -0.002023 -0.020140
v 0.036993 -0.000693 -0.021233
v 0.036304 0.001278 -0.017070
v 0.034878 0.003452 -0.013139
v 0.035875 -0.000057 -0.016159
v 0.034479 0.002012 -0.012250
v 0.033109 0.003570 -0.009625
v 0.030517 0.005859 -0.006055
v 0.033508 0.005006 -0.010394
v 0.030906 0.007324 -0.006843
v 0.026432 0.008682 -0.002275
v 0.026831 0.010142 -0.003054
v 0.022095 0.012726 -0.000217
v 0.017926 0.014597 0.001325
v 0.021728 0.011252 0.000520
v 0.017752 0.013034 0.002019
v 0.012725 0.014902 0.003033
v 0.007012 0.016593 0.003169
v 0.012842 0.016480 0.002313
v 0.006993 0.018176 0.002433
v 0.001284 0.019369 0.001476
v 0.001349 0.017869 0.002297
v -0.003175 0.018314 0.001007
v -0.008209 0.017988 -0.000840
v -0.003174 0.019737 0.000058
v -0.008220 0.019182 -0.001883
v -0.010896 0.017042 -0.002083
v -0.010968 0.018376 -0.003123
v 0.033031 -0.007538 -0.038317
v 0.029469 -0.003500 -0.032215
v 0.034709 -0.006272 -0.035243
v 0.025049 -0.004091 -0.034380
v 0.030943 -0.008949 -0.041070
v 0.028728 -0.010357 -0.043237
v 0.019945 -0.005666 -0.036800
v 0.027156 -0.011286 -0.044466
v 0.016955 -0.001106 -0.030453
v 0.015427 -0.002201 -0.031845
v 0.020741 -0.000346 -0.029030
v 0.017550 -0.000152 -0.029048
v 0.017380 0.001107 -0.027109
v 0.017640 0.002352 -0.025159
v 0.015760 0.002590 -0.025140
v 0.013224 0.005502 -0.020783
v 0.013397 0.003297 -0.024188
v 0.011034 0.003308 -0.024296
v 0.007526 0.003980 -0.023306
v 0.009099 0.002722 -0.025101
v 0.006910 0.006805 -0.019481
v 0.005615 0.005656 -0.021081
v 0.007356 0.007959 -0.017683
v 0.009619 0.008165 -0.017059
v 0.009975 0.011911 -0.009988
v 0.006247 0.010661 -0.013566
v 0.006527 0.009461 -0.015449
v 0.014375 0.009151 -0.013517
v 0.018294 0.006338 -0.017409
v 0.019929 0.009616 -0.008967
v 0.015050 0.012450 -0.005664
v 0.007933 0.015763 -0.002725
v 0.017926 0.014597 0.001325
v 0.022095 0.012726 -0.000217
v 0.026831 0.010142 -0.003054
v 0.024140 0.006772 -0.012728
v 0.030906 0.007324 -0.006843
v 0.033508 0.005006 -0.010394
v 0.034878 0.003452 -0.013139
v 0.028607 0.003797 -0.016624
v 0.031207 0.000470 -0.022548
v 0.022518 0.003324 -0.021562
v 0.036304 0.001278 -0.017070
v 0.036993 -0.000693 -0.021233
v 0.037104 -0.002349 -0.024936
v 0.036719 -0.003827 -0.028590
v 0.033397 -0.003438 -0.030050
v 0.025868 0.000166 -0.026471
v 0.035947 -0.005107 -0.031985
v 0.012842 0.016480 0.002313
v 0.006993 0.018176 0.002433
v 0.001284 0.019369 0.001476
v 0.003896 0.015446 -0.005625
v -0.003174 0.019737 0.000058
v -0.003021 0.016256 -0.006013
v -0.008220 0.019182 -0.001883
v -0.007042 0.015294 -0.007403
v -0.010968 0.018376 -0.003123
v -0.003227 0.012487 -0.011608
v 0.002164 0.013357 -0.009876
v -0.000686 0.010543 -0.014259
v 0.001853 0.010876 -0.013702
v 0.004419 0.010586 -0.013946
v -0.000636 0.008980 -0.013387
v 0.001853 0.010876 -0.013702
v 0.001660 0.009386 -0.012802
v -0.000686 0.010543 -0.014259
v 0.004190 0.009178 -0.012953
v 0.004419 0.010586 -0.013946
v 0.006368 0.008085 -0.014339
v 0.006527 0.009461 -0.015449
v 0.007236 0.006591 -0.016581
v 0.007356 0.007959 -0.017683
v 0.006855 0.005466 -0.018329
v 0.006910 0.006805 -0.019481
v 0.005456 0.004271 -0.019965
v 0.005615 0.005656 -0.021081
v 0.015501 -0.003508 -0.030776
v 0.016955 -0.001106 -0.030453
v 0.015427 -0.002201 -0.031845
v 0.016904 -0.002465 -0.029331
v 0.017550 -0.000152 -0.029048
v 0.017482 -0.001489 -0.027923
v 0.017380 0.001107 -0.027109
v 0.017283 -0.000149 -0.026025
v 0.015555 0.001208 -0.023982
v 0.015760 0.002590 -0.025140
v 0.013397 0.003297 -0.024188
v 0.013338 0.001862 -0.023240
v 0.011088 0.001843 -0.023352
v 0.011034 0.003308 -0.024296
v 0.009188 0.001268 -0.024167
v 0.009099 0.002722 -0.025101
v 0.000234 -0.007243 0.065169
v 0.000868 -0.008091 0.062840
v -0.000617 -0.006155 0.067541
v -0.002765 -0.008810 0.068338
v -0.001342 -0.011355 0.063232
v -0.007263 -0.011183 0.068318
v -0.006372 -0.014064 0.063405
v -0.000470 -0.013287 0.057081
v 0.001950 -0.009598 0.056838
v 0.003175 -0.011183 0.047376
v 0.004223 -0.012185 0.036213
v 0.000567 -0.015224 0.046936
v -0.005830 -0.016243 0.057003
v -0.005050 -0.018236 0.046557
v 0.001805 -0.016029 0.035349
v -0.003778 -0.019195 0.034978
v 0.002569 -0.016173 0.023861
v 0.005001 -0.012500 0.024605
v 0.005120 -0.012482 0.022291
v 0.003559 -0.015278 0.020967
v 0.005236 -0.012440 0.020035
v 0.004378 -0.014182 0.018849
v 0.004153 -0.014557 0.017770
v 0.002096 -0.016729 0.018836
v -0.002577 -0.019235 0.022664
v -0.002233 -0.018743 0.013362
v 0.002212 -0.016363 0.012432
v 0.004454 -0.014058 0.012782
v -0.001026 -0.016667 0.005683
v 0.002961 -0.014972 0.006382
v 0.005129 -0.013177 0.008472
v 0.004454 -0.014058 0.012782
v 0.005227 -0.012854 0.008582
v 0.006660 -0.011792 0.005278
v 0.006623 -0.012176 0.005091
v 0.004499 -0.013740 0.012798
v 0.004247 -0.014200 0.017735
v 0.002978 -0.013848 0.017684
v 0.003203 -0.013458 0.012744
v 0.002015 -0.012395 0.008287
v 0.004019 -0.012502 0.008358
v 0.001389 -0.013389 0.012929
v 0.001431 -0.013643 0.017888
v 0.001795 -0.013088 0.018741
v 0.002535 -0.011692 0.019479
v 0.003274 -0.013520 0.018511
v 0.003680 -0.011869 0.019508
v 0.004421 -0.013923 0.018661
v 0.005039 -0.012360 0.019595
v 0.004378 -0.014182 0.018849
v 0.004153 -0.014557 0.017770
v 0.005236 -0.012440 0.020035
v 0.003633 -0.011859 0.020065
v 0.003557 -0.011891 0.021638
v 0.003805 -0.010983 0.021460
v 0.003873 -0.010924 0.019903
v 0.003046 -0.010621 0.019956
v 0.003651 -0.010984 0.024491
v 0.002879 -0.010702 0.035923
v 0.003389 -0.011933 0.024709
v 0.002697 -0.011662 0.036063
v 0.001858 -0.009787 0.046697
v 0.001679 -0.010698 0.046822
v 0.000432 -0.009111 0.056441
v 0.000642 -0.008213 0.056182
v -0.000360 -0.006809 0.061880
v -0.001154 -0.006896 0.064375
v -0.000911 -0.006049 0.063991
v -0.000597 -0.007690 0.062103
v -0.001648 -0.005076 0.066176
v -0.002647 -0.003719 0.068225
v -0.003005 -0.004514 0.068652
v -0.001969 -0.005857 0.066587
v -0.004086 -0.003172 0.070163
v -0.003698 -0.002409 0.069769
v -0.005202 -0.001836 0.071268
v -0.004664 -0.001159 0.070792
v -0.006270 -0.000567 0.071984
v -0.005684 0.000065 0.071577
v 0.003684 -0.011211 0.004403
v 0.005438 -0.011371 0.004679
v 0.006683 -0.010718 0.003330
v 0.005320 -0.010256 0.003085
v 0.005836 -0.009175 0.002867
v 0.007050 -0.009404 0.003043
v 0.007050 -0.009404 0.003043
v 0.010402 -0.009335 0.000639
v 0.008354 -0.011088 0.003572
v 0.011379 -0.010289 0.001726
v 0.015281 -0.009361 0.000473
v 0.014325 -0.008481 -0.000710
v 0.014103 -0.007328 -0.000825
v 0.010184 -0.008496 0.000690
v 0.020104 -0.006701 -0.002266
v 0.022936 -0.005350 -0.003157
v 0.019752 -0.005395 -0.002430
v 0.020984 -0.007486 -0.001009
v 0.023972 -0.006100 -0.001962
v 0.026117 -0.004884 -0.002785
v 0.024931 -0.004215 -0.003894
v 0.024515 -0.003005 -0.003930
v 0.026943 -0.002874 -0.004772
v 0.022741 -0.004044 -0.003306
v 0.028397 -0.003362 -0.003826
v 0.026644 -0.001622 -0.004795
v 0.028755 -0.001518 -0.005689
v 0.028477 -0.000277 -0.005664
v 0.030820 0.000230 -0.006860
v 0.030577 -0.001652 -0.005003
v 0.032571 0.000139 -0.006266
v 0.032468 0.001975 -0.008056
v 0.033845 0.001463 -0.007158
v 0.033740 0.003497 -0.009024
v 0.035346 0.003132 -0.008329
v 0.035394 0.003334 -0.008481
v 0.033475 0.003655 -0.008732
v 0.032426 0.002808 -0.008027
v 0.030547 0.001264 -0.006805
v 0.005520 -0.013563 0.003941
v 0.007962 -0.012939 0.002489
v 0.008354 -0.011088 0.003572
v 0.011379 -0.010289 0.001726
v 0.015281 -0.009361 0.000473
v 0.011606 -0.011769 0.000701
v 0.015653 -0.010684 -0.000320
v 0.012042 -0.015066 -0.000890
v 0.006738 -0.020358 -0.001655
v 0.012964 -0.018709 -0.002296
v 0.005821 -0.016285 0.000488
v 0.016571 -0.013700 -0.001938
v 0.021250 -0.008980 -0.001904
v 0.021891 -0.011499 -0.003356
v 0.017677 -0.017118 -0.003344
v 0.023195 -0.014309 -0.005158
v 0.023159 -0.018884 -0.006786
v 0.018445 -0.021275 -0.004782
v 0.014086 -0.022878 -0.003900
v 0.015016 -0.027126 -0.005356
v 0.008596 -0.029034 -0.004553
v 0.007818 -0.024866 -0.003192
v 0.001107 -0.025050 -0.004010
v 0.001848 -0.028702 -0.005815
v -0.003984 -0.027490 -0.008116
v -0.003760 -0.028472 -0.009114
v 0.002075 -0.030559 -0.006317
v 0.002170 -0.030814 -0.006967
v 0.008708 -0.030803 -0.005140
v -0.003445 -0.028701 -0.009736
v -0.002339 -0.028350 -0.012208
v -0.008105 -0.026140 -0.015009
v -0.005416 -0.026689 -0.016153
v 0.002943 -0.030089 -0.009554
v 0.008803 -0.031214 -0.005712
v 0.003232 -0.028820 -0.009700
v 0.009085 -0.030425 -0.008366
v 0.009173 -0.029220 -0.008333
v 0.015123 -0.028840 -0.008844
v 0.014466 -0.027744 -0.008909
v 0.015270 -0.029514 -0.006336
v 0.019210 -0.027361 -0.007713
v 0.015163 -0.029145 -0.005631
v 0.019285 -0.026989 -0.007024
v 0.022678 -0.024477 -0.009237
v 0.019054 -0.025199 -0.006489
v 0.022986 -0.022895 -0.008489
v 0.026294 -0.020798 -0.012135
v 0.025331 -0.022473 -0.012685
v 0.024791 -0.022986 -0.013096
v 0.022326 -0.025053 -0.009848
v 0.026758 -0.021313 -0.015646
v 0.026286 -0.021748 -0.016022
v 0.028899 -0.019345 -0.018984
v 0.027658 -0.020649 -0.019159
v 0.028007 -0.019683 -0.015265
v 0.030170 -0.016100 -0.014618
v 0.030308 -0.013134 -0.011643
v 0.028001 -0.016235 -0.010589
v 0.031936 -0.015400 -0.018693
v 0.032718 -0.012995 -0.016347
v 0.031659 -0.012897 -0.013822
v 0.033011 -0.009263 -0.012732
v 0.034213 -0.010649 -0.016654
v 0.035958 -0.008059 -0.017486
v 0.034517 -0.012195 -0.020260
v 0.036385 -0.009611 -0.021410
v 0.034796 -0.013099 -0.024374
v 0.036378 -0.010892 -0.025438
v 0.037943 -0.007164 -0.022613
v 0.037739 -0.005238 -0.018603
v 0.038238 -0.000936 -0.015427
v 0.034831 -0.006502 -0.013581
v 0.036916 -0.002921 -0.014344
v 0.039050 -0.003074 -0.019896
v 0.039098 -0.002818 -0.020065
v 0.039065 -0.004878 -0.023943
v 0.038319 -0.000681 -0.015546
v 0.036856 0.001606 -0.011324
v 0.035394 0.003334 -0.008481
v 0.036752 0.001377 -0.011147
v 0.035440 -0.000382 -0.010163
v 0.035346 0.003132 -0.008329
v 0.033845 0.001463 -0.007158
v 0.032571 0.000139 -0.006266
v 0.033155 -0.000586 -0.007285
v 0.033302 -0.001745 -0.008072
v 0.032970 -0.001595 -0.007581
v 0.030577 -0.001652 -0.005003
v 0.032576 -0.001601 -0.007121
v 0.031110 -0.002511 -0.005980
v 0.033747 -0.002151 -0.008854
v 0.032060 -0.001810 -0.006643
v 0.031091 -0.002544 -0.006136
v 0.032500 -0.001669 -0.007228
v 0.032007 -0.001860 -0.006761
v 0.032862 -0.001654 -0.007666
v 0.033198 -0.001781 -0.008151
v 0.033575 -0.002222 -0.008828
v 0.033717 -0.002856 -0.009388
v 0.033650 -0.003606 -0.009761
v 0.033769 -0.003600 -0.009749
v 0.033831 -0.002856 -0.009380
v 0.034629 -0.003797 -0.011103
v 0.033240 -0.004947 -0.009883
v 0.033596 -0.004270 -0.009933
v 0.032594 -0.005762 -0.009551
v 0.032513 -0.005627 -0.009520
v 0.031264 -0.006971 -0.008660
v 0.033131 -0.004866 -0.009860
v 0.033451 -0.004224 -0.009897
v 0.031152 -0.006829 -0.008625
v 0.030963 -0.010292 -0.010433
v 0.029903 -0.008108 -0.007800
v 0.028400 -0.011828 -0.008300
v 0.027834 -0.009711 -0.006629
v 0.029791 -0.007967 -0.007790
v 0.027787 -0.009559 -0.006630
v 0.026852 -0.009935 -0.006024
v 0.026189 -0.009861 -0.005467
v 0.026897 -0.010064 -0.005995
v 0.026202 -0.009978 -0.005403
v 0.025649 -0.010915 -0.005424
v 0.025681 -0.009647 -0.004858
v 0.025259 -0.008874 -0.004193
v 0.025305 -0.008819 -0.004309
v 0.025260 -0.008082 -0.003905
v 0.025210 -0.008111 -0.003790
v 0.024304 -0.007166 -0.002721
v 0.026662 -0.005817 -0.003683
v 0.023972 -0.006100 -0.001962
v 0.026117 -0.004884 -0.002785
v 0.025927 -0.006551 -0.003515
v 0.025453 -0.007305 -0.003561
v 0.025466 -0.007267 -0.003685
v 0.025912 -0.006560 -0.003646
v 0.026651 -0.005892 -0.003851
v 0.028918 -0.004273 -0.004894
v 0.028929 -0.004214 -0.004738
v 0.028397 -0.003362 -0.003826
v 0.020984 -0.007486 -0.001009
v 0.025705 -0.009545 -0.004949
v 0.039168 -0.004623 -0.024105
v 0.038723 -0.006479 -0.027726
v 0.037721 -0.008655 -0.026544
v 0.036975 -0.009978 -0.030606
v 0.035863 -0.012006 -0.029523
v 0.034202 -0.014402 -0.030337
v 0.035311 -0.012609 -0.031883
v 0.034588 -0.013905 -0.028539
v 0.032146 -0.016926 -0.029873
v 0.032335 -0.016642 -0.027478
v 0.029788 -0.019194 -0.027187
v 0.032362 -0.016041 -0.023297
v 0.029573 -0.019087 -0.022774
v 0.028224 -0.020307 -0.022756
v 0.028368 -0.020410 -0.027691
v 0.027767 -0.020653 -0.022863
v 0.027113 -0.021067 -0.019119
v 0.027879 -0.020774 -0.027627
v 0.024853 -0.022562 -0.022900
v 0.023449 -0.021986 -0.018512
v 0.024470 -0.022844 -0.018413
v 0.024277 -0.021606 -0.022922
v 0.025056 -0.022614 -0.026739
v 0.023633 -0.022157 -0.030496
v 0.024315 -0.021677 -0.026787
v 0.024454 -0.023053 -0.030476
v 0.027653 -0.020992 -0.029776
v 0.024315 -0.021677 -0.026787
v 0.027310 -0.021199 -0.032259
v 0.028244 -0.020547 -0.029737
v 0.029681 -0.019359 -0.030332
v 0.030345 -0.018627 -0.032703
v 0.031931 -0.017068 -0.031876
v 0.028479 -0.020113 -0.032982
v 0.025857 -0.021909 -0.035510
v 0.027278 -0.020866 -0.035632
v 0.029373 -0.019442 -0.034099
v 0.028536 -0.019803 -0.035823
v 0.030365 -0.017188 -0.034151
v 0.029741 -0.017751 -0.035042
v 0.029252 -0.017860 -0.036261
v 0.028407 -0.019407 -0.037754
v 0.029130 -0.017692 -0.037224
v 0.028555 -0.018734 -0.039162
v 0.029272 -0.017187 -0.038162
v 0.030081 -0.015649 -0.039283
v 0.029891 -0.016133 -0.041142
v 0.031023 -0.014517 -0.041112
v 0.030722 -0.014750 -0.039344
v 0.032631 -0.012878 -0.039923
v 0.031587 -0.013915 -0.038678
v 0.032733 -0.013164 -0.037129
v 0.034265 -0.012172 -0.037413
v 0.034619 -0.012556 -0.035603
v 0.033023 -0.013258 -0.036093
v 0.034509 -0.013384 -0.033852
v 0.032915 -0.013994 -0.034616
v 0.032494 -0.014753 -0.033913
v 0.031387 -0.016178 -0.033519
v 0.033604 -0.014994 -0.032339
v 0.035672 -0.011068 -0.034874
v 0.035062 -0.010211 -0.037967
v 0.036630 -0.009033 -0.034960
v 0.037893 -0.007866 -0.031753
v 0.036630 -0.009033 -0.034960
v 0.037885 -0.007573 -0.031886
v 0.038782 -0.006165 -0.027872
v 0.036623 -0.008751 -0.035068
v 0.035073 -0.009974 -0.038142
v 0.032934 -0.011684 -0.040835
v 0.032890 -0.011399 -0.040994
v 0.030552 -0.012869 -0.043489
v 0.030648 -0.013138 -0.043292
v 0.028723 -0.016041 -0.043059
v 0.027691 -0.014704 -0.045418
v 0.027644 -0.014411 -0.045574
v 0.023981 -0.016417 -0.047602
v 0.024215 -0.018719 -0.045261
v 0.019517 -0.020318 -0.047242
v 0.019222 -0.022620 -0.044462
v 0.023805 -0.021388 -0.041801
v 0.027290 -0.019498 -0.040070
v 0.027006 -0.020502 -0.038070
v 0.024519 -0.022479 -0.037205
v 0.021835 -0.023374 -0.039792
v 0.022856 -0.023804 -0.034389
v 0.022032 -0.022955 -0.034139
v 0.019955 -0.024531 -0.037866
v 0.019355 -0.023675 -0.037379
v 0.017413 -0.025255 -0.039890
v 0.017016 -0.024379 -0.039203
v 0.019355 -0.023675 -0.037379
v 0.018547 -0.024147 -0.041997
v 0.014473 -0.023503 -0.046098
v 0.013984 -0.024947 -0.043764
v 0.009277 -0.025433 -0.044608
v 0.013336 -0.025929 -0.041600
v 0.009627 -0.024055 -0.046895
v 0.004932 -0.022211 -0.049412
v 0.004900 -0.024358 -0.046807
v 0.009764 -0.022008 -0.049309
v 0.014833 -0.018941 -0.050662
v 0.014730 -0.021380 -0.048579
v 0.009671 -0.019587 -0.051401
v 0.004694 -0.019802 -0.051479
v 0.009610 -0.019340 -0.051530
v 0.014797 -0.018697 -0.050805
v 0.019307 -0.017688 -0.049611
v 0.023955 -0.016125 -0.047741
v 0.019325 -0.017925 -0.049483
v 0.004686 -0.019553 -0.051563
v 0.000550 -0.019387 -0.051178
v 0.000487 -0.019599 -0.051128
v -0.003546 -0.018910 -0.050405
v -0.007311 -0.018210 -0.049329
v -0.003578 -0.019137 -0.050353
v -0.006710 -0.020052 -0.048102
v -0.003591 -0.021287 -0.048409
v 0.000507 -0.022031 -0.048994
v -0.007345 -0.018407 -0.049254
v -0.010806 -0.017222 -0.047940
v -0.010833 -0.017422 -0.047888
v -0.014134 -0.015962 -0.046139
v -0.010348 -0.018617 -0.047109
v -0.012733 -0.017802 -0.045889
v -0.014216 -0.016206 -0.046124
v -0.014125 -0.017890 -0.044305
v -0.017550 -0.014643 -0.043884
v -0.017568 -0.016552 -0.041253
v -0.017311 -0.014335 -0.043874
v -0.020680 -0.012707 -0.041182
v -0.020381 -0.012309 -0.041108
v -0.023407 -0.010468 -0.038106
v -0.021770 -0.013917 -0.036409
v -0.024054 -0.012037 -0.030822
v -0.020374 -0.016678 -0.033138
v -0.025645 -0.007950 -0.034696
v -0.016269 -0.019646 -0.037130
v -0.014393 -0.022154 -0.032496
v -0.014345 -0.020340 -0.039601
v -0.012036 -0.022459 -0.038368
v -0.012122 -0.023091 -0.035503
v -0.009506 -0.023734 -0.039031
v -0.009383 -0.024846 -0.032756
v -0.007134 -0.025373 -0.036175
v -0.008269 -0.024650 -0.037677
v -0.006080 -0.025071 -0.039709
v -0.007419 -0.024111 -0.041092
v -0.003970 -0.025055 -0.042070
v -0.006696 -0.023615 -0.043061
v -0.007721 -0.023826 -0.041256
v -0.007050 -0.023363 -0.043088
v -0.009680 -0.023473 -0.039345
v -0.012033 -0.022275 -0.038767
v -0.014119 -0.020312 -0.039979
v -0.014508 -0.018649 -0.042565
v -0.014888 -0.018413 -0.042532
v -0.013815 -0.018174 -0.044176
v -0.012543 -0.018136 -0.045562
v -0.010383 -0.018834 -0.046725
v -0.007992 -0.020349 -0.046979
v -0.008241 -0.020408 -0.046607
v -0.007071 -0.022192 -0.045141
v -0.006698 -0.022323 -0.045345
v -0.003855 -0.023401 -0.045610
v 0.000545 -0.024259 -0.046195
v 0.004596 -0.025893 -0.043932
v 0.001155 -0.026099 -0.042551
v -0.001745 -0.026129 -0.040640
v 0.000695 -0.026985 -0.038587
v 0.002678 -0.026973 -0.039984
v 0.005367 -0.026843 -0.041176
v 0.002962 -0.025913 -0.039500
v 0.005402 -0.025826 -0.040530
v 0.002962 -0.025913 -0.039500
v 0.000878 -0.025935 -0.038112
v 0.009134 -0.026512 -0.041856
v 0.009193 -0.025488 -0.041156
v 0.005402 -0.025826 -0.040530
v 0.009193 -0.025488 -0.041156
v 0.013244 -0.024966 -0.040740
v 0.000878 -0.025935 -0.038112
v -0.002079 -0.026805 -0.036112
v -0.004759 -0.025851 -0.038204
v -0.004126 -0.026503 -0.033331
v -0.001559 -0.025732 -0.035748
v -0.001559 -0.025732 -0.035748
v -0.003567 -0.025423 -0.033090
v -0.003567 -0.025423 -0.033090
v -0.005065 -0.026307 -0.031435
v -0.006581 -0.025899 -0.027188
v -0.004565 -0.025249 -0.031355
v -0.009496 -0.025000 -0.028331
v -0.008587 -0.025169 -0.032582
v -0.010306 -0.024693 -0.028464
v -0.010519 -0.024757 -0.021309
v -0.014062 -0.022678 -0.027823
v -0.017981 -0.019595 -0.025374
v -0.019013 -0.018639 -0.029312
v -0.012676 -0.023199 -0.020416
v -0.009146 -0.024779 -0.013971
v -0.008617 -0.025749 -0.014652
v -0.015324 -0.020686 -0.017810
v -0.017785 -0.017828 -0.015129
v -0.020675 -0.016461 -0.021871
v -0.011017 -0.021961 -0.011105
v -0.005099 -0.024138 -0.005667
v -0.005819 -0.021300 -0.003511
v -0.012895 -0.019067 -0.008172
v -0.007695 -0.018111 -0.000451
v -0.016087 -0.015908 -0.004022
v -0.020621 -0.014180 -0.012646
v -0.023612 -0.009390 -0.010555
v -0.025751 -0.007527 -0.017478
v -0.023577 -0.012487 -0.020936
v -0.026107 -0.008521 -0.026943
v -0.022186 -0.015081 -0.025857
v -0.027335 -0.004963 -0.023160
v -0.027853 -0.001478 -0.019583
v -0.028684 0.000587 -0.023216
v -0.028342 -0.002283 -0.027094
v -0.027287 -0.005256 -0.031066
v -0.028386 0.000765 -0.023454
v -0.028019 -0.002073 -0.027274
v -0.026927 -0.004947 -0.031174
v -0.025247 -0.007611 -0.034782
v -0.023077 -0.010056 -0.038076
v -0.028031 0.004097 -0.018984
v -0.028285 0.003967 -0.018746
v -0.027245 0.006609 -0.015600
v -0.025967 0.009093 -0.012387
v -0.027396 0.006511 -0.015312
v -0.027644 0.002276 -0.015826
v -0.026944 0.005641 -0.012827
v -0.025972 0.008989 -0.012031
v -0.025705 0.008934 -0.010484
v -0.026917 0.000716 -0.012328
v -0.025705 0.008934 -0.010484
v -0.026501 0.004576 -0.010041
v -0.025920 0.003746 -0.006354
v -0.026029 -0.000439 -0.007538
v -0.025336 0.008838 -0.008546
v -0.024884 0.008780 -0.005953
v -0.025139 0.004392 -0.001213
v -0.024237 0.008827 -0.001234
v -0.024767 0.004400 0.006643
v -0.023724 0.009079 0.007113
v -0.024907 0.004802 0.015480
v -0.023932 0.009763 0.016025
v -0.025659 0.005362 0.027084
v -0.024648 0.010845 0.028259
v -0.024869 0.011630 0.039470
v -0.025931 0.005826 0.038464
v -0.025725 0.000180 0.037633
v -0.024696 0.011924 0.046198
v -0.025289 0.000419 0.048690
v -0.025568 0.006050 0.049487
v -0.024271 0.005937 0.058393
v -0.024183 0.000658 0.057290
v -0.024156 0.011948 0.053093
v -0.023048 0.011653 0.058884
v -0.021826 0.011118 0.062722
v -0.022054 0.005335 0.064755
v -0.019975 0.010183 0.066568
v -0.017605 0.008775 0.069927
v -0.019379 0.004370 0.069079
v -0.015142 0.007211 0.072194
v -0.012005 0.004895 0.073881
v -0.016676 0.003553 0.071740
v -0.013704 0.002648 0.073538
v -0.013672 0.002010 0.073562
v -0.012656 0.000994 0.073885
v -0.015294 -0.001882 0.072014
v -0.016627 0.000648 0.071616
v -0.020092 -0.000447 0.067382
v -0.017977 -0.004561 0.068106
v -0.022356 0.000631 0.063401
v -0.021680 -0.002761 0.062837
v -0.019713 -0.006840 0.062899
v -0.023087 -0.003919 0.056484
v -0.020922 -0.008497 0.055970
v -0.023976 -0.004643 0.047941
v -0.021639 -0.009554 0.046860
v -0.024451 -0.005051 0.037000
v -0.025596 -0.000175 0.026240
v -0.024409 -0.005569 0.025462
v -0.022091 -0.010075 0.036132
v -0.017550 -0.014485 0.046350
v -0.017472 -0.015553 0.035451
v -0.021894 -0.010838 0.024688
v -0.024094 -0.005829 0.014377
v -0.021411 -0.011448 0.014637
v -0.017043 -0.016176 0.024215
v -0.011236 -0.018997 0.035109
v -0.009469 -0.019111 0.014045
v -0.010217 -0.019454 0.023818
v -0.016395 -0.016347 0.014248
v -0.021248 -0.011399 0.005508
v -0.015731 -0.015581 0.004905
v -0.008466 -0.017488 0.005917
v -0.021673 -0.010848 -0.002757
v -0.025298 -0.004775 -0.008738
v -0.024230 -0.005611 -0.001836
v -0.025155 -0.000587 -0.001197
v -0.023906 -0.005929 0.005979
v -0.024771 -0.000641 0.006075
v -0.025056 -0.000518 0.014962
v -0.026695 -0.003334 -0.014553
v -0.011921 -0.017795 0.046538
v -0.012048 -0.015948 0.056346
v -0.017220 -0.012974 0.055780
v -0.011818 -0.013531 0.063392
v -0.016387 -0.010779 0.063125
v -0.011273 -0.010576 0.068305
v -0.009552 -0.006991 0.071981
v -0.014982 -0.008062 0.068462
v -0.012776 -0.004661 0.072327
v -0.008584 -0.002399 0.073990
v -0.010440 -0.000932 0.074189
v -0.007816 -0.002214 0.073939
v -0.005366 -0.005569 0.072159
v -0.004519 -0.001781 0.072783
v -0.005980 -0.000314 0.073701
v -0.003091 -0.003298 0.071488
v -0.001827 -0.004730 0.069799
v -0.000575 -0.017925 0.000449
v 0.000326 -0.021413 -0.002295
v 0.003260 -0.015044 0.003686
v -0.009768 -0.025103 -0.021279
v -0.007085 -0.025813 -0.021752
v -0.006591 -0.024801 -0.021852
v -0.005115 -0.025597 -0.016105
v -0.006081 -0.024851 -0.027160
v 0.013244 -0.024966 -0.040740
v 0.017016 -0.024379 -0.039203
v 0.023633 -0.022157 -0.030496
v 0.021786 -0.023138 -0.015076
v 0.022621 -0.024012 -0.015029
v 0.023449 -0.021986 -0.018512
v 0.020654 -0.025559 -0.011838
v 0.020026 -0.024544 -0.012151
v 0.017290 -0.026284 -0.010081
v 0.017730 -0.027439 -0.009964
v -0.001780 -0.027228 -0.012145
v -0.005115 -0.025597 -0.016105
v -0.004086 -0.003172 0.070163
v -0.001827 -0.004730 0.069799
v -0.003005 -0.004514 0.068652
v -0.003091 -0.003298 0.071488
v -0.005202 -0.001836 0.071268
v -0.004519 -0.001781 0.072783
v -0.006270 -0.000567 0.071984
v -0.005980 -0.000314 0.073701
v -0.007816 -0.002214 0.073939
v -0.006604 -0.000864 0.070908
v -0.007917 -0.002201 0.071125
v -0.008603 -0.002307 0.071169
v -0.008584 -0.002399 0.073990
v -0.010326 -0.000974 0.071397
v -0.010440 -0.000932 0.074189
v -0.001969 -0.005857 0.066587
v -0.000617 -0.006155 0.067541
v -0.001154 -0.006896 0.064375
v 0.000234 -0.007243 0.065169
v -0.000597 -0.007690 0.062103
v 0.000432 -0.009111 0.056441
v 0.000868 -0.008091 0.062840
v 0.001950 -0.009598 0.056838
v 0.003175 -0.011183 0.047376
v 0.001679 -0.010698 0.046822
v 0.002697 -0.011662 0.036063
v 0.004223 -0.012185 0.036213
v 0.003389 -0.011933 0.024709
v 0.005120 -0.012482 0.022291
v 0.005001 -0.012500 0.024605
v 0.003557 -0.011891 0.021638
v 0.005236 -0.012440 0.020035
v 0.003633 -0.011859 0.020065
v -0.018192 0.010390 0.065635
v -0.019845 0.011309 0.062279
v -0.020370 0.010512 0.062239
v -0.018682 0.009569 0.065673
v -0.015678 0.008770 0.069069
v -0.016199 0.007948 0.069142
v -0.013643 0.007330 0.070815
v -0.012075 0.004846 0.072188
v -0.014292 0.006575 0.070853
v -0.011468 0.005631 0.071956
v -0.021556 0.011076 0.058403
v -0.022622 0.011411 0.052346
v -0.021102 0.011941 0.058377
v -0.022188 0.012299 0.052457
v -0.022693 0.012251 0.045982
v -0.022824 0.011928 0.039462
v -0.023118 0.011351 0.046054
v -0.023298 0.011068 0.039462
v -0.022664 0.011201 0.028336
v -0.023121 0.010319 0.028332
v -0.022313 0.009195 0.015826
v -0.021911 0.010097 0.015830
v -0.023932 0.009763 0.016025
v -0.023298 0.011068 0.039462
v -0.024648 0.010845 0.028259
v -0.024869 0.011630 0.039470
v -0.024696 0.011924 0.046198
v -0.023118 0.011351 0.046054
v -0.022622 0.011411 0.052346
v -0.024156 0.011948 0.053093
v -0.021556 0.011076 0.058403
v -0.020370 0.010512 0.062239
v -0.021826 0.011118 0.062722
v -0.023048 0.011653 0.058884
v -0.019975 0.010183 0.066568
v -0.018682 0.009569 0.065673
v -0.017605 0.008775 0.069927
v -0.016199 0.007948 0.069142
v -0.015142 0.007211 0.072194
v -0.014292 0.006575 0.070853
v -0.012075 0.004846 0.072188
v -0.012005 0.004895 0.073881
v -0.023724 0.009079 0.007113
v -0.022143 0.008595 0.006884
v -0.024237 0.008827 -0.001234
v -0.024884 0.008780 -0.005953
v -0.022659 0.008324 -0.001601
v -0.022240 0.009198 -0.001669
v -0.021700 0.009454 0.006860
v -0.023308 0.008334 -0.006506
v -0.023347 0.009239 -0.009042
v -0.022890 0.009225 -0.006548
v -0.025336 0.008838 -0.008546
v -0.023823 0.008429 -0.009134
v -0.023823 0.008429 -0.009134
v -0.023724 0.009262 -0.010876
v -0.024180 0.008435 -0.011112
v -0.024402 0.008635 -0.012429
v -0.023823 0.009353 -0.011515
v -0.025705 0.008934 -0.010484
v -0.024180 0.008435 -0.011112
v -0.024402 0.008635 -0.012429
v -0.025967 0.009093 -0.012387
v -0.025972 0.008989 -0.012031
v -0.012428 0.000861 0.071029
v -0.013672 0.002010 0.073562
v -0.012656 0.000994 0.073885
v -0.013647 0.001992 0.070456
v -0.010326 -0.000974 0.071397
v -0.012656 0.000994 0.073885
v -0.010440 -0.000932 0.074189
v -0.012428 0.000861 0.071029
v -0.012249 0.004668 0.070953
v -0.011468 0.005631 0.071956
v -0.011516 0.005606 0.070948
v -0.012249 0.004668 0.070953
v -0.011468 0.005631 0.071956
v -0.012075 0.004846 0.072188
v -0.005684 0.000065 0.071577
v -0.006604 -0.000864 0.070908
v -0.006270 -0.000567 0.071984
v -0.005930 -0.000157 0.070643
v 0.003633 -0.011859 0.020065
v 0.005236 -0.012440 0.020035
v 0.005039 -0.012360 0.019595
v -0.013672 0.002010 0.073562
v -0.013647 0.001992 0.070456
v -0.013704 0.002648 0.073538
v -0.013761 0.002584 0.070417
v -0.012075 0.004846 0.072188
v -0.012005 0.004895 0.073881
v -0.012249 0.004668 0.070953
v -0.023938 0.009918 -0.013785
v -0.024347 0.008885 -0.012325
v -0.025740 0.009306 -0.012306
v -0.023560 0.009137 -0.013013
v -0.025828 0.009251 -0.011665
v -0.024215 0.008751 -0.011297
v -0.025279 0.009165 -0.008905
v -0.023758 0.008681 -0.009066
v -0.023142 0.008626 -0.005354
v -0.024612 0.009093 -0.005144
v -0.022493 0.008713 0.000965
v -0.023989 0.009191 0.001051
v -0.022107 0.008886 0.007674
v -0.023600 0.009372 0.007536
v -0.022280 0.009443 0.014840
v -0.023807 0.009999 0.015421
v -0.024230 0.010635 0.022469
v -0.022767 0.010099 0.022093
v -0.023156 0.010779 0.030374
v -0.024617 0.011320 0.030698
v -0.023219 0.011361 0.039784
v -0.024706 0.011906 0.039971
v -0.023096 0.011683 0.046523
v -0.024570 0.012213 0.046522
v -0.022600 0.011729 0.052556
v -0.024056 0.012287 0.052857
v -0.021555 0.011396 0.058544
v -0.020360 0.010837 0.062182
v -0.021709 0.011421 0.062692
v -0.022907 0.011937 0.059001
v -0.019747 0.010419 0.066705
v -0.017481 0.009109 0.069870
v -0.018612 0.009856 0.065839
v -0.016711 0.008648 0.068577
v -0.015012 0.007509 0.072147
v -0.014487 0.007089 0.070672
v -0.011595 0.004845 0.072295
v -0.011838 0.005182 0.073846
v -0.009658 0.003180 0.072711
v -0.009487 0.003287 0.074324
v -0.008149 0.001769 0.072708
v -0.007609 0.001628 0.074206
v -0.005371 -0.000499 0.073384
v -0.006181 -0.000284 0.072029
v -0.003303 -0.002625 0.071843
v -0.003062 -0.003982 0.068976
v -0.001728 -0.004383 0.069784
v -0.004329 -0.002402 0.070654
v -0.002046 -0.005385 0.066815
v -0.000505 -0.005879 0.067473
v 0.000945 -0.007767 0.062935
v -0.000515 -0.007309 0.062509
v 0.000578 -0.008874 0.056283
v 0.002121 -0.009419 0.056325
v 0.001643 -0.010345 0.047236
v 0.003290 -0.010904 0.047249
v 0.002661 -0.011336 0.036512
v 0.004339 -0.011904 0.036063
v 0.003552 -0.011655 0.025215
v 0.005057 -0.012173 0.025023
v 0.003852 -0.011637 0.020163
v 0.005302 -0.012146 0.020154
v 0.005169 -0.012075 0.019827
v 0.003856 -0.011626 0.019838
v 0.003874 -0.011625 0.019641
v 0.007983 -0.009679 0.001955
v 0.010789 -0.009045 0.000549
v 0.011477 -0.010017 0.001857
v 0.008738 -0.010764 0.003587
v 0.014275 -0.008059 -0.000737
v 0.015120 -0.009142 0.000666
v 0.019766 -0.006463 -0.002191
v 0.020677 -0.007339 -0.000780
v 0.024368 -0.004140 -0.003571
v 0.025501 -0.004976 -0.002389
v 0.028542 -0.001253 -0.005552
v 0.030126 -0.001742 -0.004601
v 0.032096 0.001766 -0.007569
v 0.033743 0.001656 -0.006949
v 0.033149 0.004108 -0.009341
v 0.033688 0.004878 -0.010046
v 0.033705 0.003714 -0.008888
v 0.033743 0.001656 -0.006949
v 0.034097 0.004876 -0.009782
v 0.035204 0.003643 -0.008406
v 0.032096 0.001766 -0.007569
v 0.035230 0.003331 -0.008113
v 0.032608 0.003658 -0.008607
v 0.033688 0.004878 -0.010046
v 0.033149 0.004108 -0.009341
v -0.023470 0.009808 -0.013965
v -0.023560 0.009137 -0.013013
v -0.023938 0.009918 -0.013785
v -0.023279 0.009169 -0.013135
v -0.023279 0.009169 -0.013135
v -0.023470 0.009808 -0.013965
v -0.022694 0.009016 -0.011684
v 0.008319 -0.010828 0.003780
v 0.007261 -0.009993 0.002644
v 0.008738 -0.010764 0.003587
v 0.007983 -0.009679 0.001955
v 0.032608 0.003658 -0.008607
v 0.030223 0.005603 -0.005500
v 0.031225 0.007087 -0.006595
v 0.033688 0.004878 -0.010046
v 0.026366 0.008226 -0.001981
v 0.027048 0.009973 -0.002715
v 0.022187 0.012629 0.000192
v 0.021646 0.010842 0.000817
v 0.018030 0.014487 0.001731
v 0.012859 0.016401 0.002733
v 0.017514 0.012707 0.002358
v 0.012351 0.014644 0.003354
v 0.006875 0.016282 0.003451
v 0.007224 0.018052 0.002829
v 0.000884 0.017595 0.002556
v 0.001071 0.019350 0.001829
v -0.003337 0.019714 0.000451
v -0.003449 0.018020 0.001283
v -0.008326 0.017535 -0.000584
v -0.008349 0.019166 -0.001549
v -0.012737 0.016089 -0.002615
v -0.012899 0.017646 -0.003759
v -0.017290 0.013649 -0.005686
v -0.017516 0.015186 -0.006918
v -0.020890 0.010888 -0.009241
v -0.021091 0.012423 -0.010522
v -0.022694 0.009016 -0.011684
v -0.023470 0.009808 -0.013965
v -0.017875 0.015368 -0.006661
v -0.021091 0.012423 -0.010522
v -0.021503 0.012557 -0.010326
v -0.017516 0.015186 -0.006918
v -0.013231 0.017887 -0.003372
v -0.012899 0.017646 -0.003759
v -0.008673 0.019431 -0.001088
v -0.008349 0.019166 -0.001549
v -0.003521 0.019968 0.000916
v -0.003337 0.019714 0.000451
v 0.000877 0.019593 0.002294
v 0.001071 0.019350 0.001829
v 0.007189 0.018260 0.003332
v 0.007224 0.018052 0.002829
v 0.012955 0.016573 0.003209
v 0.018196 0.014628 0.002225
v 0.012859 0.016401 0.002733
v 0.018030 0.014487 0.001731
v 0.022187 0.012629 0.000192
v 0.022437 0.012736 0.000610
v 0.027048 0.009973 -0.002715
v 0.027393 0.010031 -0.002352
v 0.031680 0.007038 -0.006337
v 0.031225 0.007087 -0.006595
v 0.033688 0.004878 -0.010046
v 0.034097 0.004876 -0.009782
v -0.023470 0.009808 -0.013965
v -0.023938 0.009918 -0.013785
v -0.018141 0.009628 -0.014849
v -0.018658 0.007350 -0.016108
v -0.018193 0.008800 -0.014172
v -0.018592 0.008201 -0.016756
v -0.016640 0.010760 -0.013376
v -0.016661 0.009950 -0.012676
v -0.014356 0.011198 -0.012864
v -0.012150 0.010975 -0.013229
v -0.012115 0.010171 -0.012520
v -0.014344 0.010397 -0.012159
v -0.012100 0.009477 -0.011943
v -0.014329 0.009695 -0.011588
v -0.010169 0.008442 -0.013456
v -0.009719 0.007098 -0.015237
v -0.010203 0.009125 -0.014045
v -0.010280 0.009913 -0.014744
v -0.009753 0.007786 -0.015830
v -0.010286 0.006395 -0.017695
v -0.010249 0.005702 -0.017101
v -0.009863 0.008602 -0.016518
v -0.010425 0.007243 -0.018337
v -0.011932 0.006385 -0.019437
v -0.011842 0.005492 -0.018853
v -0.013969 0.005084 -0.019337
v -0.011826 0.004794 -0.018271
v -0.013936 0.004382 -0.018754
v -0.016266 0.005316 -0.018943
v -0.016209 0.004612 -0.018365
v -0.017855 0.005522 -0.017082
v -0.017914 0.006222 -0.017659
v -0.017855 0.007099 -0.018271
v -0.016258 0.006225 -0.019509
v -0.014012 0.005993 -0.019900
v -0.018595 0.006641 -0.015548
v -0.018139 0.008072 -0.013634
v -0.016622 0.009213 -0.012149
v -0.016330 0.009021 -0.015464
v -0.015519 0.009633 -0.014668
v -0.014204 0.008387 -0.016244
v -0.016572 0.008251 -0.016494
v -0.018141 0.009628 -0.014849
v -0.016640 0.010760 -0.013376
v -0.018592 0.008201 -0.016756
v -0.017855 0.007099 -0.018271
v -0.016175 0.007655 -0.017312
v -0.015313 0.007180 -0.017980
v -0.016258 0.006225 -0.019509
v -0.014012 0.005993 -0.019900
v -0.014100 0.007055 -0.018192
v -0.012976 0.007269 -0.017942
v -0.011932 0.006385 -0.019437
v -0.012161 0.007730 -0.017347
v -0.010425 0.007243 -0.018337
v -0.009863 0.008602 -0.016518
v -0.010280 0.009913 -0.014744
v -0.011858 0.008467 -0.016365
v -0.012083 0.009173 -0.015405
v -0.013168 0.009716 -0.014627
v -0.012150 0.010975 -0.013229
v -0.014356 0.011198 -0.012864
v -0.014285 0.009869 -0.014391
v -0.016622 0.009213 -0.012149
v -0.014344 0.010397 -0.012159
v -0.016661 0.009950 -0.012676
v -0.014329 0.009695 -0.011588
v -0.002502 0.008408 -0.015955
v -0.000533 0.011354 -0.015139
v -0.002556 0.009877 -0.017119
v -0.002741 0.006779 -0.018154
v -0.000477 0.009843 -0.013992
v 0.001782 0.011662 -0.014651
v 0.001769 0.010141 -0.013521
v -0.002765 0.008220 -0.019332
v -0.001918 0.005584 -0.019813
v -0.001896 0.007035 -0.020987
v -0.000261 0.004740 -0.020995
v -0.000210 0.006226 -0.022142
v 0.001873 0.004411 -0.021492
v 0.001899 0.005923 -0.022614
v 0.003714 0.006095 -0.022400
v 0.003699 0.004579 -0.021293
v 0.005378 0.006708 -0.021588
v 0.005380 0.005192 -0.020486
v 0.006601 0.007722 -0.020157
v 0.006636 0.006205 -0.019047
v 0.007079 0.008889 -0.018416
v 0.007119 0.007385 -0.017305
v 0.006273 0.010343 -0.016265
v 0.006289 0.008857 -0.015133
v 0.004269 0.011398 -0.014873
v 0.004290 0.009898 -0.013739
v 0.000872 0.010253 -0.017207
v 0.001782 0.011662 -0.014651
v 0.001940 0.010372 -0.017014
v -0.000533 0.011354 -0.015139
v -0.000050 0.009596 -0.018117
v 0.002102 0.009166 -0.018868
v 0.004123 0.008612 -0.019476
v -0.000151 0.008855 -0.019140
v 0.000259 0.008312 -0.019891
v 0.001036 0.007943 -0.020404
v 0.001986 0.007802 -0.020609
v 0.002749 0.007907 -0.020476
v 0.003578 0.008152 -0.020139
v 0.004345 0.009153 -0.018689
v 0.003981 0.009833 -0.017719
v 0.003060 0.010295 -0.017090
v 0.004269 0.011398 -0.014873
v 0.006273 0.010343 -0.016265
v 0.007079 0.008889 -0.018416
v 0.006601 0.007722 -0.020157
v 0.005378 0.006708 -0.021588
v 0.003714 0.006095 -0.022400
v 0.001899 0.005923 -0.022614
v -0.000210 0.006226 -0.022142
v -0.001896 0.007035 -0.020987
v -0.002765 0.008220 -0.019332
v -0.002556 0.009877 -0.017119
v 0.004269 0.011398 -0.014873
v 0.001769 0.010141 -0.013521
v 0.004290 0.009898 -0.013739
v 0.001782 0.011662 -0.014651
v 0.006597 0.005094 0.024890
v 0.002777 0.004859 0.024784
v 0.003816 0.000120 0.023772
v 0.007413 0.000131 0.024069
v 0.006510 -0.013116 0.014714
v 0.003601 -0.013449 0.017553
v 0.003776 -0.013158 0.014322
v 0.004814 -0.011813 0.007907
v 0.007677 -0.011597 0.008635
v 0.009132 -0.012637 0.018303
v 0.006277 -0.013479 0.017827
v 0.005993 -0.010887 0.004957
v 0.008601 -0.010720 0.005667
v 0.009468 -0.011820 0.015369
v 0.008665 -0.010164 0.005011
v 0.007096 -0.008230 0.005272
v 0.008759 -0.008255 0.005597
v 0.010739 -0.009251 0.006981
v 0.010860 -0.008779 0.006269
v 0.006387 -0.010498 0.004500
v 0.010126 -0.009944 0.009718
v 0.009233 -0.004282 0.007386
v 0.007171 -0.003929 0.007118
v 0.008894 -0.000645 0.008900
v 0.011989 -0.005243 0.008912
v 0.011980 -0.004986 0.008183
v 0.011463 -0.006065 0.011495
v 0.011447 -0.008083 0.017000
v 0.011943 -0.001063 0.009876
v 0.011969 -0.001269 0.010554
v 0.011558 -0.002179 0.013130
v 0.011782 -0.004084 0.018614
v 0.011616 -0.009158 0.019746
v 0.006567 -0.000362 0.008548
v 0.005020 0.004603 0.010434
v 0.007668 0.004257 0.010824
v 0.011164 0.003737 0.011680
v 0.011327 0.003446 0.012331
v 0.011123 0.002617 0.014981
v 0.011597 0.001152 0.020564
v 0.010073 0.007829 0.014488
v 0.010222 0.007057 0.016802
v 0.011208 0.005406 0.023982
v 0.011955 0.000604 0.023442
v 0.012067 -0.005033 0.021373
v 0.010880 0.005799 0.021608
v 0.010320 0.008011 0.021302
v 0.009631 0.009454 0.019053
v 0.010020 0.008848 0.021128
v 0.009805 0.008814 0.017900
v 0.010517 0.007798 0.022665
v 0.009637 0.009252 0.016255
v 0.006215 -0.013199 0.018606
v 0.003952 -0.011693 0.019168
v 0.003691 -0.013107 0.018468
v 0.008854 -0.012531 0.019045
v 0.007527 -0.008877 0.020591
v 0.006412 -0.011948 0.019273
v 0.011291 -0.009343 0.020453
v 0.011835 -0.005270 0.021983
v 0.007776 -0.005321 0.022003
v 0.011717 0.000467 0.024170
v 0.011018 0.005374 0.024617
v 0.007413 0.000131 0.024069
v 0.010308 0.008030 0.023151
v 0.009816 0.008236 0.014081
v 0.005742 0.009140 0.013321
v 0.009324 0.009790 0.016209
v 0.004463 -0.008637 0.020431
v 0.004494 -0.005445 0.021684
v 0.006597 0.005094 0.024890
v 0.003816 0.000120 0.023772
v 0.002777 0.004859 0.024784
v 0.005849 0.008162 0.023681
v 0.001845 0.008140 0.023863
v 0.009720 0.009356 0.021305
v 0.005195 0.009986 0.021782
v 0.009352 0.009994 0.019228
v 0.002483 0.009476 0.012650
v 0.004873 0.010968 0.016122
v 0.004814 0.010949 0.019544
v 0.001097 0.010238 0.022175
v 0.000648 0.011565 0.019648
v 0.000967 0.011648 0.015760
v -0.008100 -0.000133 -0.032325
v -0.003469 0.000020 -0.032489
v -0.003729 0.000956 -0.031223
v -0.012736 -0.000076 -0.032316
v -0.012472 -0.001017 -0.033591
v -0.011686 -0.001848 -0.034722
v -0.010458 -0.002443 -0.035581
v -0.008950 -0.002761 -0.036045
v -0.007341 -0.002749 -0.036076
v -0.005830 -0.002395 -0.035678
v -0.004572 -0.001764 -0.034865
v -0.003760 -0.000924 -0.033762
v -0.004521 0.001769 -0.030080
v -0.005745 0.002385 -0.029227
v -0.007250 0.002690 -0.028750
v -0.008863 0.002674 -0.028719
v -0.010379 0.002336 -0.029136
v -0.011625 0.001711 -0.029945
v -0.012442 0.000867 -0.031050
v -0.009201 -0.009734 -0.035186
v -0.013122 -0.008791 -0.033727
v -0.009059 -0.006941 -0.035174
v -0.005927 -0.006757 -0.035002
v -0.005381 -0.009507 -0.034961
v -0.001937 -0.008116 -0.033183
v -0.003237 -0.005655 -0.033609
v 0.000011 -0.005694 -0.030014
v -0.001698 -0.003727 -0.031085
v -0.002523 -0.001374 -0.027824
v -0.001055 -0.002710 -0.025934
v -0.004095 -0.000796 -0.023265
v -0.004915 0.000135 -0.025744
v -0.008362 -0.000136 -0.022244
v -0.008369 0.000636 -0.024770
v -0.012056 -0.000249 -0.025834
v -0.013009 -0.001257 -0.023569
v -0.015783 -0.003775 -0.026864
v -0.015678 -0.006633 -0.030716
v -0.014224 -0.002235 -0.028599
v -0.014141 -0.004479 -0.031634
v -0.012602 -0.003100 -0.031990
v -0.011139 -0.004354 -0.033744
v -0.012150 -0.006190 -0.034006
v -0.008835 -0.004915 -0.034617
v -0.006495 -0.004772 -0.034494
v -0.008673 -0.003557 -0.033932
v -0.006994 -0.003465 -0.033862
v -0.005591 -0.002894 -0.033145
v -0.004508 -0.003955 -0.033464
v -0.003367 -0.002534 -0.031587
v -0.004750 -0.001880 -0.031812
v -0.003979 -0.000779 -0.029157
v -0.005207 -0.000623 -0.030109
v -0.006417 0.000154 -0.029019
v -0.005749 0.000326 -0.027612
v -0.008334 0.000720 -0.026888
v -0.008309 0.000432 -0.028571
v -0.011058 0.000063 -0.027675
v -0.010220 -0.000063 -0.029177
v -0.011297 -0.001060 -0.030479
v -0.012665 -0.001432 -0.029733
v -0.011247 -0.002264 -0.032107
v -0.010201 -0.003127 -0.033319
v -0.010201 -0.003127 -0.033319
v -0.011204 -0.000914 -0.033274
v -0.010127 -0.001739 -0.034443
v -0.008673 -0.003557 -0.033932
v -0.011247 -0.002264 -0.032107
v -0.011334 0.000297 -0.031641
v -0.011297 -0.001060 -0.030479
v -0.010220 -0.000063 -0.029177
v -0.010278 0.001342 -0.030284
v -0.008299 0.001852 -0.029659
v -0.006369 0.001541 -0.030144
v -0.006417 0.000154 -0.029019
v -0.008309 0.000432 -0.028571
v -0.005207 -0.000623 -0.030109
v -0.004750 -0.001880 -0.031812
v -0.005197 0.000729 -0.031275
v -0.004843 -0.000519 -0.032969
v -0.005698 -0.001471 -0.034232
v -0.005591 -0.002894 -0.033145
v -0.006994 -0.003465 -0.033862
v -0.008625 -0.002102 -0.034979
v -0.007040 -0.001997 -0.034895
v -0.010442 0.005039 -0.031174
v -0.011667 0.004411 -0.031974
v -0.011841 0.004707 -0.032016
v -0.008927 0.005383 -0.030762
v -0.010556 0.005363 -0.031176
v -0.011112 0.005478 -0.029996
v -0.009149 0.005928 -0.029457
v -0.008968 0.005726 -0.030746
v -0.007291 0.005753 -0.030773
v -0.007327 0.005411 -0.030789
v -0.005705 0.005436 -0.031264
v -0.007068 0.005948 -0.029504
v -0.006948 0.005265 -0.028375
v -0.005116 0.005543 -0.030113
v -0.009210 0.005242 -0.028331
v -0.011058 0.003515 -0.028544
v -0.011336 0.004757 -0.028908
v -0.009102 0.003960 -0.028012
v -0.007016 0.003985 -0.028053
v -0.008863 0.002674 -0.028719
v -0.007250 0.002690 -0.028750
v -0.005066 0.003575 -0.028660
v -0.004831 0.004828 -0.029039
v -0.003487 0.002803 -0.029768
v -0.005745 0.002385 -0.029227
v -0.004521 0.001769 -0.030080
v -0.002462 0.001734 -0.031236
v -0.003729 0.000956 -0.031223
v -0.002118 0.000521 -0.032888
v -0.003469 0.000020 -0.032489
v -0.002499 -0.000707 -0.034529
v -0.003760 -0.000924 -0.033762
v -0.003558 -0.001790 -0.035953
v -0.004572 -0.001764 -0.034865
v -0.005170 -0.002607 -0.036999
v -0.005830 -0.002395 -0.035678
v -0.007123 -0.003052 -0.037530
v -0.007341 -0.002749 -0.036076
v -0.007063 -0.002371 -0.038669
v -0.005210 -0.000651 -0.038461
v -0.007176 -0.001097 -0.038997
v -0.004931 -0.001884 -0.038085
v -0.003183 -0.001008 -0.036947
v -0.003600 0.000166 -0.037413
v -0.004495 0.001085 -0.037165
v -0.005803 0.000422 -0.038008
v -0.002538 0.001253 -0.035984
v -0.002039 0.000174 -0.035401
v -0.001628 0.001506 -0.033619
v -0.002165 0.002482 -0.034342
v -0.001996 0.002821 -0.031827
v -0.002506 0.003702 -0.032682
v -0.003530 0.004766 -0.031217
v -0.003599 0.003946 -0.033348
v -0.003334 0.002958 -0.034671
v -0.003802 0.003687 -0.033244
v -0.003549 0.002746 -0.034512
v -0.003834 0.001797 -0.035786
v -0.003632 0.001968 -0.036008
v -0.004657 0.000957 -0.036891
v -0.005904 0.000325 -0.037695
v -0.007385 0.000067 -0.038426
v -0.007415 -0.000014 -0.038095
v -0.004589 0.004509 -0.032113
v -0.005810 0.005109 -0.031259
v -0.004424 0.004806 -0.032160
v -0.003115 0.003983 -0.030239
v -0.010379 0.002336 -0.029136
v -0.012668 0.002705 -0.029590
v -0.011625 0.001711 -0.029945
v -0.013726 0.001619 -0.031016
v -0.012442 0.000867 -0.031050
v -0.012736 -0.000076 -0.032316
v -0.014107 0.000394 -0.032654
v -0.013765 -0.000825 -0.034309
v -0.014642 0.001362 -0.033369
v -0.013820 0.001131 -0.035763
v -0.014272 0.000036 -0.035165
v -0.014230 0.002694 -0.031583
v -0.014161 0.002352 -0.034109
v -0.013778 0.003577 -0.032467
v -0.012719 0.004662 -0.031044
v -0.012696 0.003841 -0.033157
v -0.013001 0.002838 -0.034493
v -0.012517 0.001700 -0.035603
v -0.012775 0.002629 -0.034338
v -0.012731 0.001865 -0.035818
v -0.012483 0.003585 -0.033062
v -0.011734 0.000884 -0.036732
v -0.011911 0.001011 -0.036999
v -0.010640 0.000378 -0.037903
v -0.012789 0.000072 -0.037230
v -0.011438 -0.001958 -0.037961
v -0.013161 -0.001117 -0.036760
v -0.011214 -0.000718 -0.038339
v -0.009257 -0.001114 -0.038949
v -0.009324 -0.002396 -0.038622
v -0.009072 0.000050 -0.038401
v -0.009026 -0.000031 -0.038071
v -0.007385 0.000067 -0.038426
v -0.010521 0.000281 -0.037596
v -0.007415 -0.000014 -0.038095
v -0.007176 -0.001097 -0.038997
v -0.007063 -0.002371 -0.038669
v -0.009204 -0.003077 -0.037489
v -0.007123 -0.003052 -0.037530
v -0.008950 -0.002761 -0.036045
v -0.007341 -0.002749 -0.036076
v -0.010458 -0.002443 -0.035581
v -0.011158 -0.002671 -0.036880
v -0.011686 -0.001848 -0.034722
v -0.012739 -0.001891 -0.035775
v -0.012472 -0.001017 -0.033591
v -0.013080 0.003874 -0.030043
v -0.012483 0.003585 -0.033062
v -0.010099 0.003385 -0.032875
v -0.010552 0.002926 -0.033478
v -0.011667 0.004411 -0.031974
v -0.009420 0.003733 -0.032431
v -0.010442 0.005039 -0.031174
v -0.008927 0.005383 -0.030762
v -0.008579 0.003924 -0.032202
v -0.007691 0.003937 -0.032215
v -0.007327 0.005411 -0.030789
v -0.006849 0.003767 -0.032474
v -0.005810 0.005109 -0.031259
v -0.004589 0.004509 -0.032113
v -0.006172 0.003434 -0.032947
v -0.003802 0.003687 -0.033244
v -0.005736 0.002979 -0.033575
v -0.003549 0.002746 -0.034512
v -0.005595 0.002458 -0.034281
v -0.003834 0.001797 -0.035786
v -0.005753 0.001931 -0.034988
v -0.004657 0.000957 -0.036891
v -0.006209 0.001464 -0.035601
v -0.005904 0.000325 -0.037695
v -0.006901 0.001115 -0.036047
v -0.007415 -0.000014 -0.038095
v -0.007740 0.000928 -0.036270
v -0.008635 0.000917 -0.036255
v -0.009026 -0.000031 -0.038071
v -0.009463 0.001090 -0.035993
v -0.010521 0.000281 -0.037596
v -0.010136 0.001427 -0.035514
v -0.011734 0.000884 -0.036732
v -0.010571 0.001880 -0.034889
v -0.012517 0.001700 -0.035603
v -0.010714 0.002397 -0.034187
v -0.012775 0.002629 -0.034338
v -0.008152 0.002366 -0.034191
v -0.010552 0.002926 -0.033478
v -0.012775 0.002629 -0.034338
v -0.012483 0.003585 -0.033062
v -0.010714 0.002397 -0.034187
v 0.010850 -0.023566 -0.039992
v 0.014491 -0.026307 -0.039882
v 0.010980 -0.026790 -0.040733
v 0.014103 -0.023223 -0.039176
v 0.001270 -0.034854 -0.021606
v 0.005395 -0.036274 -0.021584
v 0.004417 -0.037605 -0.020069
v 0.005293 -0.033914 -0.024431
v 0.000146 -0.032507 -0.024300
v -0.000160 -0.034930 -0.020822
v -0.002501 -0.031701 -0.023978
v -0.000684 -0.035586 -0.019872
v -0.004286 -0.031067 -0.023790
v 0.003402 -0.038605 -0.018907
v -0.001201 -0.035558 -0.019079
v -0.004749 -0.030801 -0.023451
v -0.005280 -0.027967 -0.020953
v -0.001639 -0.031281 -0.015251
v 0.002282 -0.033374 -0.013311
v 0.002877 -0.038889 -0.017822
v 0.006951 -0.034619 -0.011939
v 0.008422 -0.041125 -0.016940
v 0.008722 -0.040497 -0.018300
v 0.014370 -0.040358 -0.016347
v 0.012214 -0.034239 -0.011454
v 0.010370 -0.027504 -0.008149
v 0.015229 -0.026026 -0.008787
v 0.017462 -0.032104 -0.012421
v 0.022470 -0.033709 -0.019316
v 0.019081 -0.037516 -0.016993
v 0.021229 -0.028706 -0.015478
v 0.023759 -0.025280 -0.020421
v 0.019745 -0.023410 -0.012244
v 0.022865 -0.021191 -0.018142
v 0.024461 -0.029658 -0.022968
v 0.023879 -0.030011 -0.023418
v 0.023880 -0.026885 -0.028572
v 0.024353 -0.026441 -0.028472
v 0.024027 -0.023583 -0.027333
v 0.023535 -0.020903 -0.026472
v 0.021368 -0.021853 -0.034183
v 0.021860 -0.025108 -0.034690
v 0.018223 -0.022591 -0.037243
v 0.018509 -0.025602 -0.037959
v 0.014103 -0.023223 -0.039176
v 0.014491 -0.026307 -0.039882
v 0.018233 -0.026034 -0.037561
v 0.010980 -0.026790 -0.040733
v 0.014373 -0.026717 -0.039330
v 0.014081 -0.027283 -0.037272
v 0.010950 -0.027200 -0.040149
v 0.017691 -0.026487 -0.036311
v 0.011066 -0.027696 -0.037927
v 0.011033 -0.028618 -0.035074
v 0.008611 -0.027842 -0.038019
v 0.004942 -0.027919 -0.037986
v 0.005134 -0.027694 -0.039331
v 0.008083 -0.028538 -0.035557
v 0.008383 -0.027453 -0.040042
v 0.008286 -0.027005 -0.040680
v 0.004910 -0.027243 -0.039986
v 0.008242 -0.023883 -0.039998
v 0.005020 -0.024303 -0.039486
v 0.010850 -0.023566 -0.039992
v 0.001350 -0.024467 -0.037243
v 0.001293 -0.027391 -0.037611
v -0.002465 -0.027653 -0.033496
v 0.001614 -0.027833 -0.037161
v 0.003027 -0.028111 -0.036671
v -0.002082 -0.028065 -0.033248
v -0.000681 -0.028580 -0.032337
v 0.000289 -0.030354 -0.028180
v 0.001930 -0.029213 -0.031861
v -0.002681 -0.029526 -0.028103
v -0.004458 -0.028908 -0.028276
v -0.004944 -0.028514 -0.028208
v -0.002811 -0.024172 -0.032929
v -0.005500 -0.026370 -0.027319
v -0.005988 -0.023700 -0.026316
v -0.005887 -0.023962 -0.018675
v -0.002278 -0.025611 -0.012182
v 0.001314 -0.026828 -0.010195
v 0.005729 -0.027665 -0.008781
v 0.004890 -0.028320 -0.036032
v 0.006600 -0.029966 -0.031517
v 0.005607 -0.031518 -0.028130
v 0.010049 -0.032207 -0.027851
v 0.009523 -0.034759 -0.024278
v 0.013773 -0.034560 -0.023423
v 0.010579 -0.030371 -0.031099
v 0.014691 -0.031860 -0.026689
v 0.014896 -0.029799 -0.030157
v 0.019221 -0.028719 -0.028997
v 0.019105 -0.031099 -0.025126
v 0.017686 -0.034147 -0.022072
v 0.016336 -0.036267 -0.020329
v 0.019894 -0.034044 -0.020969
v 0.017319 -0.036885 -0.019197
v 0.021702 -0.030603 -0.024077
v 0.018632 -0.037315 -0.018109
v 0.021799 -0.033950 -0.020048
v 0.014258 -0.039860 -0.017673
v 0.013676 -0.038678 -0.019000
v 0.013153 -0.037208 -0.020646
v 0.008816 -0.039108 -0.019563
v 0.009117 -0.037398 -0.021184
v 0.021800 -0.027824 -0.028524
v 0.020177 -0.026334 -0.033559
v 0.018021 -0.027147 -0.033654
v 0.021508 -0.025582 -0.034362
v 0.014432 -0.028085 -0.034402
v 0.007820 0.000979 -0.026324
v 0.009315 0.003585 -0.025889
v 0.007763 0.002434 -0.027478
v 0.007481 -0.000220 -0.027927
v 0.009297 0.002227 -0.024704
v 0.011133 0.002615 -0.024034
v 0.011158 0.004131 -0.025151
v 0.013419 0.004095 -0.025064
v 0.013437 0.002593 -0.023942
v 0.015688 0.003385 -0.025959
v 0.015698 0.001914 -0.024835
v 0.017214 0.000549 -0.026771
v 0.017330 -0.000745 -0.028679
v 0.017163 0.002050 -0.027866
v 0.017291 0.000758 -0.029780
v 0.016734 -0.000107 -0.031063
v 0.016762 -0.001613 -0.029978
v 0.015250 -0.001117 -0.032439
v 0.015247 -0.002620 -0.031348
v 0.013118 -0.003087 -0.031979
v 0.011051 -0.003045 -0.031838
v 0.011082 -0.001548 -0.032963
v 0.013138 -0.001584 -0.033078
v 0.009167 -0.001004 -0.032145
v 0.009136 -0.002459 -0.030985
v 0.007836 0.000013 -0.030732
v 0.007444 0.001215 -0.029090
v 0.007835 -0.001414 -0.029562
v 0.011817 0.002859 -0.027494
v 0.011158 0.004131 -0.025151
v 0.012837 0.002860 -0.027459
v 0.012393 0.001624 -0.029377
v 0.011034 0.002668 -0.027766
v 0.009315 0.003585 -0.025889
v 0.010245 0.002077 -0.028594
v 0.007763 0.002434 -0.027478
v 0.007444 0.001215 -0.029090
v 0.010135 0.001563 -0.029303
v 0.010286 0.001016 -0.030064
v 0.010904 0.000549 -0.030700
v 0.007836 0.000013 -0.030732
v 0.009167 -0.001004 -0.032145
v 0.011082 -0.001548 -0.032963
v 0.011774 0.000306 -0.031052
v 0.012709 0.000280 -0.031101
v 0.013138 -0.001584 -0.033078
v 0.015250 -0.001117 -0.032439
v 0.013649 0.000521 -0.030772
v 0.016734 -0.000107 -0.031063
v 0.014348 0.000945 -0.030168
v 0.017291 0.000758 -0.029780
v 0.014596 0.001344 -0.029586
v 0.017163 0.002050 -0.027866
v 0.014532 0.001944 -0.028722
v 0.015688 0.003385 -0.025959
v 0.013873 0.002553 -0.027866
v 0.013419 0.004095 -0.025064
v 0.011158 0.004131 -0.025151
v 0.012837 0.002860 -0.027459
v 0.011817 0.002859 -0.027494
v 0.013419 0.004095 -0.025064
vn 0.628979 0.099514 0.771027
vn 0.785946 0.103836 0.609513
vn 0.660791 0.231192 0.714077
vn 0.719122 0.036567 0.693921
vn 0.420209 0.219456 0.880490
vn 0.452002 0.370526 0.811421
vn 0.282019 0.286347 0.915680
vn 0.023551 0.377553 0.925688
vn -0.230644 0.440995 0.867368
vn 0.175637 0.501148 0.847350
vn -0.083998 0.569028 0.818017
vn 0.688669 0.459088 0.561225
vn 0.448753 0.631030 0.632789
vn 0.163579 0.751077 0.639629
vn 0.658265 0.658575 0.364646
vn 0.827419 0.466055 0.313322
vn 0.917437 0.303546 0.257233
vn 0.880290 0.448618 0.154373
vn 0.946609 0.291820 0.137012
vn 0.894504 0.439677 0.080916
vn 0.738343 0.651316 0.175035
vn 0.433814 0.816920 0.380061
vn 0.462985 0.864487 0.195723
vn 0.759928 0.644328 0.085743
vn 0.465898 0.884245 0.032397
vn 0.760571 0.647778 0.043768
vn 0.472703 0.876500 0.091106
vn 0.009321 0.975793 0.218497
vn 0.003593 0.995843 0.091015
vn -0.479335 0.877563 -0.011028
vn -0.451234 0.888148 0.087072
vn -0.011988 0.999813 0.015173
vn -0.039268 0.998761 -0.030585
vn -0.089387 0.993835 -0.065584
vn 0.435507 0.900185 0.000248
vn -0.515690 0.854153 -0.066975
vn -0.770872 0.631628 -0.082481
vn -0.542100 0.835100 -0.093463
vn -0.764690 0.643670 -0.030614
vn -0.729439 0.678577 0.086325
vn -0.865238 0.500800 0.023744
vn -0.856626 0.514696 -0.035770
vn -0.833873 0.546042 -0.080581
vn -0.769976 0.631047 -0.094429
vn -0.820195 0.564711 -0.091553
vn -0.768577 0.634720 -0.080130
vn -0.832129 0.550362 -0.068285
vn -0.755487 0.653332 -0.048958
vn -0.840879 0.540834 -0.020532
vn -0.823389 0.567052 0.021967
vn -0.746134 0.665652 -0.013828
vn -0.716564 0.696646 0.034930
vn -0.482175 0.871342 -0.090947
vn -0.536772 0.838459 -0.094135
vn -0.211422 0.971703 -0.105331
vn -0.185550 0.976439 -0.110172
vn -0.427278 0.899245 -0.093766
vn -0.288673 0.928166 -0.234896
vn -0.672062 0.739347 0.041206
vn -0.401610 0.886409 -0.230194
vn -0.790596 0.606222 0.086335
vn -0.760029 0.643047 0.094052
vn -0.494642 0.835218 -0.240291
vn -0.761054 0.648410 0.019003
vn -0.840671 0.513775 0.171195
vn -0.522579 0.810277 -0.265260
vn -0.492358 0.819822 -0.292361
vn -0.453671 0.847549 -0.275397
vn -0.377186 0.890349 -0.254970
vn -0.277624 0.928501 -0.246597
vn -0.116029 0.969104 -0.217657
vn -0.128395 0.969006 -0.211051
vn 0.036636 0.989487 -0.139908
vn 0.026489 0.999490 0.017853
vn 0.089441 0.995986 -0.003371
vn 0.233815 0.896279 0.376848
vn 0.242857 0.690313 0.681534
vn 0.160048 0.566013 0.808712
vn 0.176320 0.984319 -0.005141
vn 0.399445 0.886105 0.235077
vn 0.249759 0.962971 0.101522
vn 0.338161 0.921147 0.192708
vn 0.332327 0.939515 0.082888
vn 0.186236 0.981138 -0.051811
vn 0.256156 0.966405 0.021123
vn 0.046073 0.987077 -0.153483
vn 0.411474 0.903461 0.120197
vn 0.508129 0.850018 0.138836
vn 0.427768 0.876398 0.221224
vn 0.355125 0.222640 0.907919
vn 0.232312 0.342726 0.910258
vn 0.528836 0.820353 0.217609
vn 0.590950 0.796977 0.124922
vn 0.623158 0.759612 0.186181
vn 0.500737 0.138530 0.854443
vn 0.570205 -0.097631 0.815681
vn 0.632614 0.039517 0.773458
vn 0.453235 -0.010411 0.891330
vn 0.429243 -0.078842 0.899741
vn 0.514123 -0.166865 0.841329
vn 0.301994 -0.008711 0.953270
vn 0.301749 0.061534 0.951400
vn 0.262657 0.046121 0.963786
vn 0.218666 0.159121 0.962739
vn 0.308751 0.341239 0.887822
vn 0.380694 0.178377 0.907333
vn 0.455192 -0.035603 0.889681
vn 0.609554 0.138577 0.780539
vn 0.617830 0.402833 0.675286
vn 0.843505 0.489989 0.220023
vn 0.840222 0.212639 0.498809
vn 0.766765 0.616917 0.177442
vn 0.624862 0.601563 0.497663
vn 0.552548 0.829642 0.079904
vn 0.615605 0.787762 0.021487
vn 0.266983 0.962754 -0.042725
vn 0.185182 0.981902 -0.039710
vn -0.149071 0.984453 -0.092894
vn -0.182534 0.977757 -0.103309
vn -0.559482 0.822677 -0.100902
vn 0.687710 0.725766 0.017836
vn 0.362838 0.931599 -0.021718
vn 0.746072 0.665368 0.025728
vn 0.880993 0.471273 0.041874
vn 0.819476 0.572180 0.032708
vn 0.922511 0.384935 0.028254
vn 0.789528 0.610347 0.064201
vn 0.886407 0.462185 0.025827
vn 0.135907 -0.887388 -0.440535
vn 0.056692 -0.998379 0.005022
vn 0.869485 0.487313 0.080756
vn -0.179038 -0.861837 0.474534
vn -0.137793 -0.989028 0.053257
vn -0.006158 -0.824266 0.566169
vn -0.046515 -0.928723 -0.367846
vn 0.021709 -0.638764 -0.769096
vn 0.085292 -0.088494 -0.992418
vn 0.230630 -0.518326 -0.823498
vn 0.299636 0.038044 -0.953295
vn 0.960135 0.277948 0.029759
vn 0.990010 0.139715 0.018944
vn 0.987844 0.142898 0.061195
vn 0.954386 0.293388 0.055412
vn 0.953681 0.294682 0.060457
vn 0.892772 0.447567 0.051403
vn 0.986610 0.147912 0.068729
vn 0.996649 -0.015658 0.080290
vn 0.985184 0.147250 0.087916
vn 0.994121 -0.017295 0.106887
vn 0.978810 -0.122517 0.164077
vn 0.985255 -0.120662 0.121296
vn 0.988114 -0.022198 0.152113
vn 0.979953 0.147546 0.133876
vn 0.971581 -0.021490 0.235731
vn 0.961550 -0.118260 0.247865
vn 0.920799 -0.100330 0.376913
vn 0.933729 -0.012451 0.357764
vn 0.831539 -0.054234 0.552813
vn 0.854448 -0.004222 0.519520
vn 0.908836 0.160758 0.384934
vn 0.826588 0.303247 0.474124
vn 0.961424 0.153969 0.227941
vn 0.954057 0.288332 0.081484
vn 0.989145 -0.120126 0.084628
vn 0.990558 -0.121510 0.063480
vn 0.997648 -0.019674 0.065662
vn 0.999530 -0.025600 0.016872
vn 0.994775 -0.102091 -0.000122
vn 0.344014 0.309756 -0.886400
vn 0.386770 0.329165 -0.861429
vn 0.216642 0.344256 -0.913539
vn 0.388754 0.308498 -0.868159
vn 0.185915 0.348853 -0.918552
vn 0.134732 0.273791 -0.952306
vn -0.025474 -0.577789 0.815789
vn -0.194494 -0.605725 0.771537
vn -0.151459 -0.439969 0.885149
vn -0.220742 -0.545464 0.808543
vn -0.266656 -0.396769 0.878333
vn -0.380013 -0.442063 0.812509
vn 0.581235 -0.005129 0.813719
vn 0.543637 -0.196127 0.816084
vn -0.301981 -0.397425 0.866522
vn -0.427073 -0.414171 0.803785
vn -0.497877 -0.386007 0.776606
vn -0.426995 -0.414142 0.803842
vn -0.425307 -0.368817 0.826491
vn -0.591675 -0.326413 0.737140
vn -0.682179 -0.258241 0.684064
vn -0.512904 -0.331658 0.791791
vn 0.529580 -0.449493 0.719376
vn 0.533592 -0.373372 0.758863
vn 0.512515 -0.444228 0.734840
vn 0.361816 -0.418629 0.832970
vn 0.431280 -0.365927 0.824678
vn 0.357360 -0.249045 0.900150
vn 0.448729 -0.217350 0.866834
vn 0.386172 -0.361217 0.848760
vn 0.417609 -0.231164 0.878730
vn 0.481656 -0.319628 0.815994
vn 0.403580 -0.398799 0.823458
vn 0.506777 -0.358875 0.783828
vn 0.625831 -0.298919 0.720405
vn 0.591380 -0.256641 0.764464
vn 0.660215 -0.196255 0.724983
vn 0.730716 -0.064492 0.679628
vn 0.780665 -0.089758 0.618471
vn 0.697912 -0.238338 0.675362
vn 0.741507 0.663235 0.101428
vn 0.701832 0.698900 0.137735
vn 0.669614 0.737964 0.083827
vn 0.708912 0.703293 0.053129
vn 0.349050 -0.129915 0.928055
vn 0.316799 -0.100215 0.943184
vn -0.380021 -0.442072 0.812500
vn -0.827395 0.539474 0.156159
vn -0.694793 0.674155 0.250555
vn -0.792686 0.553106 0.256364
vn -0.743380 0.547554 0.384149
vn -0.630444 0.506090 0.588569
vn -0.606567 0.639680 0.472108
vn -0.410322 0.585930 0.698801
vn -0.249646 0.740261 0.624252
vn -0.370265 0.824309 0.428274
vn -0.423964 0.875408 0.232197
vn 0.001382 0.920214 0.391414
vn -0.482396 0.489711 0.726276
vn -0.001844 0.796098 -0.605166
vn -0.005321 0.802471 -0.596667
vn -0.004293 0.802722 -0.596339
vn -0.007560 0.785607 -0.618679
vn -0.001789 0.796363 -0.604816
vn -0.007636 0.785561 -0.618738
vn -0.020746 0.776009 -0.630380
vn -0.047417 0.777750 -0.626783
vn -0.020778 0.775830 -0.630600
vn -0.047393 0.777619 -0.626947
vn -0.063738 0.785058 -0.616134
vn -0.063533 0.784789 -0.616498
vn -0.058831 0.796825 -0.601339
vn -0.046126 0.807479 -0.588090
vn -0.046244 0.807442 -0.588131
vn -0.058647 0.796445 -0.601860
vn -0.031432 0.811161 -0.583978
vn -0.021781 0.811139 -0.584448
vn -0.031419 0.811157 -0.583984
vn -0.022644 0.810933 -0.584701
vn -0.016336 0.809084 -0.587465
vn -0.011408 0.806293 -0.591406
vn -0.016548 0.809002 -0.587573
vn -0.010858 0.806333 -0.591362
vn 0.005152 0.807624 -0.589675
vn 0.018478 0.804245 -0.594011
vn 0.018572 0.804232 -0.594026
vn -0.008356 0.806358 -0.591368
vn -0.008223 0.805867 -0.592039
vn 0.005314 0.807644 -0.589647
vn -0.014304 0.805635 -0.592239
vn -0.013778 0.805165 -0.592891
vn -0.014231 0.806114 -0.591589
vn -0.014275 0.806070 -0.591648
vn -0.013449 0.805168 -0.592895
vn -0.013315 0.805188 -0.592870
vn -0.014784 0.805178 -0.592849
vn -0.014862 0.805103 -0.592949
vn -0.012025 0.806834 -0.590656
vn -0.011583 0.806670 -0.590888
vn -0.004430 0.812294 -0.583231
vn -0.004392 0.812254 -0.583287
vn -0.004354 0.821645 -0.569982
vn -0.004382 0.821567 -0.570096
vn -0.014165 0.824487 -0.565704
vn -0.014473 0.824546 -0.565609
vn -0.010315 0.812268 -0.583193
vn -0.010447 0.812482 -0.582893
vn 0.010306 0.801560 -0.597825
vn 0.010125 0.801454 -0.597971
vn 0.018238 0.793894 -0.607783
vn 0.038373 0.800662 -0.597886
vn 0.038289 0.800658 -0.597897
vn -0.004414 0.793894 -0.608040
vn 0.018505 0.793965 -0.607682
vn -0.004455 0.793794 -0.608171
vn -0.012463 0.804509 -0.593810
vn -0.012498 0.804611 -0.593671
vn -0.014163 0.803312 -0.595390
vn -0.014972 0.803096 -0.595661
vn -0.015920 0.802669 -0.596212
vn -0.015937 0.802528 -0.596401
vn -0.020889 0.805291 -0.592512
vn -0.021031 0.804975 -0.592936
vn -0.015726 0.806172 -0.591473
vn -0.015493 0.806604 -0.590889
vn -0.007958 0.809615 -0.586907
vn -0.005602 0.819028 -0.573727
vn -0.005533 0.819303 -0.573334
vn -0.007583 0.809631 -0.586891
vn -0.012213 0.826633 -0.562609
vn -0.012529 0.826639 -0.562593
vn -0.018509 0.816948 -0.576415
vn -0.019016 0.817000 -0.576324
vn -0.008349 0.805712 -0.592249
vn -0.008596 0.805750 -0.592194
vn 0.016463 0.800178 -0.599536
vn 0.016320 0.800235 -0.599464
vn -0.025871 0.803403 -0.594873
vn -0.024293 0.802656 -0.595948
vn -0.024292 0.802654 -0.595950
vn -0.027458 0.804126 -0.593824
vn -0.025911 0.803422 -0.594846
vn -0.027457 0.804127 -0.593823
vn -0.023975 0.803233 -0.595182
vn -0.023979 0.803225 -0.595193
vn -0.024030 0.803681 -0.594576
vn -0.024383 0.803511 -0.594790
vn -0.021353 0.803639 -0.594734
vn -0.024027 0.803681 -0.594575
vn -0.017125 0.803460 -0.595112
vn -0.017029 0.804023 -0.594354
vn -0.017118 0.803458 -0.595116
vn -0.016970 0.803971 -0.594427
vn -0.019338 0.800200 -0.599422
vn -0.017949 0.804732 -0.593367
vn -0.017758 0.801252 -0.598063
vn -0.014383 0.802755 -0.596136
vn -0.017774 0.801241 -0.598078
vn -0.014376 0.802757 -0.596133
vn -0.012648 0.803140 -0.595656
vn -0.012647 0.803138 -0.595658
vn 0.152108 0.740634 -0.654465
vn 0.143170 0.722336 -0.676560
vn 0.143980 0.722781 -0.675913
vn 0.152099 0.740691 -0.654402
vn 0.161743 0.757857 -0.632053
vn 0.173938 0.772987 -0.610112
vn 0.161477 0.758055 -0.631884
vn 0.174037 0.772832 -0.610280
vn 0.180090 0.786651 -0.590549
vn 0.180325 0.786607 -0.590536
vn 0.177229 0.803750 -0.567958
vn 0.168396 0.820463 -0.546336
vn 0.176662 0.803796 -0.568069
vn 0.168435 0.820668 -0.546016
vn 0.158893 0.836629 -0.524219
vn 0.159223 0.836569 -0.524215
vn 0.147259 0.849790 -0.506134
vn 0.128925 0.861593 -0.490954
vn 0.146991 0.849814 -0.506171
vn 0.128836 0.861583 -0.490995
vn 0.110034 0.870979 -0.478841
vn 0.110560 0.871051 -0.478588
vn 0.088697 0.875600 -0.474823
vn 0.088114 0.875639 -0.474860
vn 0.064161 0.876440 -0.477217
vn 0.063848 0.876332 -0.477457
vn 0.039847 0.877541 -0.477843
vn 0.039846 0.877538 -0.477849
vn 0.020411 0.880668 -0.473294
vn 0.005144 0.882461 -0.470357
vn 0.020959 0.881033 -0.472591
vn 0.005423 0.882641 -0.470017
vn -0.009963 0.878127 -0.478324
vn -0.010484 0.878118 -0.478329
vn -0.029517 0.870082 -0.492023
vn -0.049507 0.864430 -0.500309
vn -0.029268 0.870105 -0.491996
vn -0.049435 0.864520 -0.500162
vn -0.071644 0.862494 -0.500971
vn -0.072422 0.862467 -0.500904
vn -0.094472 0.862079 -0.497891
vn -0.110412 0.861014 -0.496452
vn -0.094954 0.862112 -0.497741
vn -0.110489 0.861021 -0.496422
vn -0.094149 0.866273 -0.490618
vn -0.093659 0.866540 -0.490242
vn -0.038526 0.884541 -0.464868
vn -0.038746 0.884641 -0.464660
vn 0.028864 0.904691 -0.425090
vn 0.028940 0.904687 -0.425093
vn 0.090891 0.919974 -0.381296
vn 0.091032 0.919997 -0.381207
vn 0.127808 0.922127 -0.365167
vn 0.127618 0.922117 -0.365259
vn 0.129060 0.915179 -0.381825
vn 0.128864 0.915261 -0.381695
vn 0.109906 0.909272 -0.401429
vn 0.109755 0.909277 -0.401458
vn 0.082104 0.902483 -0.422827
vn 0.082073 0.902477 -0.422847
vn 0.057333 0.890226 -0.451897
vn 0.057120 0.890105 -0.452161
vn 0.043513 0.880729 -0.471618
vn 0.043742 0.880743 -0.471570
vn 0.057336 0.873336 -0.483732
vn 0.089140 0.855823 -0.509531
vn 0.057429 0.873373 -0.483654
vn 0.088980 0.855647 -0.509854
vn 0.114383 0.838342 -0.533009
vn 0.114090 0.838147 -0.533378
vn 0.141392 0.824378 -0.548096
vn 0.141519 0.824299 -0.548182
vn 0.175783 0.812749 -0.555463
vn 0.209226 0.804875 -0.555338
vn 0.175722 0.812817 -0.555383
vn 0.208981 0.804864 -0.555446
vn 0.249593 0.787899 -0.562955
vn 0.249531 0.787979 -0.562871
vn 0.265733 0.765176 -0.586423
vn 0.265746 0.765232 -0.586344
vn 0.217515 0.739653 -0.636868
vn 0.143341 0.714950 -0.684324
vn 0.217513 0.739643 -0.636881
vn 0.143096 0.715157 -0.684160
vn 0.110944 0.699350 -0.706116
vn 0.125358 0.705938 -0.697092
vn 0.110356 0.699442 -0.706118
vn 0.125822 0.705671 -0.697278
vn 0.004069 -0.999735 -0.022652
vn 0.060867 -0.987703 -0.144010
vn 0.061155 -0.986841 -0.149680
vn 0.002348 -0.999765 -0.021531
vn -0.081691 -0.996254 -0.028361
vn -0.081321 -0.996299 -0.027845
vn -0.068543 -0.991342 -0.111999
vn -0.073110 -0.991558 -0.107084
vn 0.059607 -0.972233 -0.226295
vn 0.058704 -0.972399 -0.225819
vn 0.104070 -0.964217 -0.243834
vn 0.103434 -0.964304 -0.243760
vn 0.141102 -0.959465 -0.243960
vn 0.141330 -0.959475 -0.243789
vn 0.199030 -0.955155 -0.219242
vn 0.199252 -0.955142 -0.219092
vn 0.257333 -0.953605 -0.156257
vn 0.257697 -0.953650 -0.155381
vn 0.286388 -0.957681 -0.028788
vn 0.243775 -0.969775 -0.010503
vn 0.286453 -0.957573 -0.031611
vn 0.244496 -0.969599 -0.009988
vn 0.208687 -0.967878 -0.140223
vn 0.236365 -0.924737 -0.298317
vn 0.208555 -0.968344 -0.137164
vn 0.235639 -0.925385 -0.296878
vn 0.248448 -0.908593 -0.335756
vn 0.248473 -0.908589 -0.335747
vn 0.160715 -0.931580 -0.326081
vn 0.015493 -0.938931 -0.343756
vn 0.158296 -0.932027 -0.325989
vn 0.015278 -0.938977 -0.343640
vn -0.060203 -0.920260 -0.386649
vn -0.060006 -0.920450 -0.386227
vn 0.002284 -0.946132 -0.323773
vn 0.001589 -0.945864 -0.324560
vn -0.390296 -0.902824 -0.180493
vn 0.019185 -0.991844 -0.126004
vn -0.015343 -0.991198 -0.131494
vn -0.390296 -0.902824 -0.180495
vn 0.680664 -0.731744 0.035315
vn 0.705734 -0.707029 0.045275
vn 0.887374 -0.439602 0.138986
vn 0.905048 -0.397287 0.151825
vn 0.971098 -0.079807 0.224944
vn 0.969989 -0.099096 0.222039
vn 0.970158 0.065532 0.233449
vn 0.969159 0.082760 0.232124
vn 0.952331 0.219802 0.211549
vn 0.949099 0.236619 0.207898
vn 0.930584 0.323169 0.171976
vn 0.929562 0.328202 0.167924
vn 0.899040 0.424391 0.107797
vn 0.864329 0.497611 0.072927
vn 0.864321 0.497626 0.072919
vn 0.897979 0.426924 0.106630
vn -0.119276 0.855145 -0.504481
vn -0.063678 0.886011 -0.459271
vn -0.057739 0.876540 -0.477853
vn -0.020470 0.806508 -0.590868
vn -0.152883 0.825535 -0.543248
vn -0.133480 0.862094 -0.488853
vn -0.174315 0.827024 -0.534458
vn -0.162912 0.789275 -0.592034
vn -0.185335 0.785387 -0.590608
vn -0.151805 0.759412 -0.632652
vn -0.172322 0.750282 -0.638264
vn -0.142706 0.720131 -0.679004
vn -0.124418 0.734276 -0.667352
vn -0.085913 0.715551 -0.693258
vn -0.096299 0.699222 -0.708389
vn -0.035490 0.688867 -0.724019
vn 0.038817 0.699257 -0.713816
vn 0.030296 0.713028 -0.700480
vn -0.033249 0.707056 -0.706375
vn 0.097665 0.719309 -0.687791
vn 0.080108 0.732924 -0.675577
vn 0.116134 0.762880 -0.636025
vn 0.136539 0.754228 -0.642260
vn 0.149371 0.790218 -0.594343
vn 0.110088 0.833009 -0.542196
vn 0.125013 0.793955 -0.594985
vn 0.129921 0.835167 -0.534431
vn 0.085693 0.868469 -0.488280
vn 0.071924 0.861335 -0.502920
vn 0.011293 0.888481 -0.458774
vn 0.005734 0.878939 -0.476900
vn 0.689873 -0.346960 -0.635369
vn 0.344579 -0.481016 -0.806157
vn 0.344488 -0.481063 -0.806168
vn 0.699410 -0.341297 -0.627967
vn 0.920823 -0.139851 -0.364042
vn 0.931941 -0.122578 -0.341262
vn 0.994281 0.090334 -0.056971
vn 0.993303 0.112275 -0.027275
vn 0.889921 0.350393 0.292001
vn 0.866600 0.376459 0.327542
vn 0.617617 0.539885 0.571903
vn 0.591856 0.549940 0.589298
vn 0.183868 0.643027 0.743444
vn 0.154864 0.645881 0.747566
vn -0.253176 0.624961 0.738462
vn -0.248214 0.625925 0.739329
vn -0.659080 0.489653 0.570836
vn -0.664232 0.486938 0.567175
vn -0.896617 0.301397 0.324403
vn -0.913722 0.278311 0.296065
vn -0.998896 0.044144 -0.016093
vn -0.998717 0.024588 -0.044266
vn -0.937796 -0.162730 -0.306687
vn -0.921891 -0.187204 -0.339221
vn -0.743017 -0.350774 -0.569985
vn -0.725335 -0.361103 -0.586083
vn -0.442501 -0.474241 -0.761110
vn -0.462336 -0.468985 -0.752528
vn -0.092748 -0.524848 -0.846128
vn -0.076030 -0.525232 -0.847556
vn -0.019965 0.801751 -0.597325
vn -0.016252 0.804699 -0.593460
vn -0.016443 0.804785 -0.593339
vn -0.019869 0.801786 -0.597281
vn -0.026242 0.800386 -0.598910
vn -0.025653 0.802692 -0.595842
vn -0.026268 0.802411 -0.596194
vn -0.026870 0.800282 -0.599022
vn -0.026067 0.801243 -0.597770
vn -0.025939 0.801186 -0.597853
vn -0.024481 0.799389 -0.600315
vn -0.025076 0.799325 -0.600376
vn -0.022435 0.798694 -0.601319
vn -0.022999 0.798410 -0.601675
vn -0.019932 0.799797 -0.599939
vn -0.019851 0.799815 -0.599918
vn -0.018954 0.801153 -0.598160
vn -0.019263 0.801201 -0.598086
vn -0.018811 0.802749 -0.596021
vn -0.018344 0.802931 -0.595790
vn -0.016030 0.803976 -0.594445
vn -0.016088 0.803956 -0.594471
vn -0.015945 0.804274 -0.594045
vn -0.015692 0.804212 -0.594136
vn -0.016726 0.805136 -0.592854
vn -0.016749 0.805106 -0.592894
vn -0.018009 0.805473 -0.592359
vn -0.018343 0.805453 -0.592375
vn -0.019218 0.805223 -0.592661
vn -0.018919 0.805046 -0.592910
vn -0.277431 0.829571 -0.484607
vn -0.214828 0.887615 -0.407416
vn -0.213600 0.888341 -0.406479
vn -0.277668 0.829120 -0.485242
vn -0.291902 0.771858 -0.564826
vn -0.291917 0.770188 -0.567093
vn -0.265066 0.701730 -0.661298
vn -0.263017 0.698674 -0.665340
vn -0.196359 0.647938 -0.735948
vn -0.191919 0.646077 -0.738750
vn -0.068037 0.613839 -0.786494
vn -0.070593 0.614216 -0.785974
vn 0.051018 0.615721 -0.786311
vn 0.051017 0.615726 -0.786307
vn 0.172801 0.654967 -0.735634
vn 0.166864 0.652046 -0.739590
vn 0.236114 0.708466 -0.665077
vn 0.237093 0.710073 -0.663011
vn 0.258426 0.780888 -0.568709
vn 0.258516 0.783300 -0.565341
vn 0.231494 0.842998 -0.485557
vn 0.172682 0.889994 -0.422009
vn 0.234405 0.839876 -0.489554
vn 0.175304 0.888354 -0.424376
vn 0.096327 0.918967 -0.382389
vn 0.094430 0.919496 -0.381588
vn 0.003332 0.933568 -0.358385
vn 0.000700 0.933705 -0.358042
vn -0.107172 0.924898 -0.364799
vn -0.106710 0.924936 -0.364837
vn -0.095949 0.205065 0.974034
vn -0.266965 0.073097 0.960930
vn -0.020838 -0.013508 0.999692
vn -0.023932 -0.011460 0.999648
vn -0.116723 0.038229 0.992428
vn 0.161778 0.127419 0.978567
vn 0.681419 -0.344965 0.645497
vn 0.570049 -0.422515 0.704645
vn 0.681530 -0.344880 0.645425
vn 0.642740 -0.365355 0.673350
vn 0.642946 -0.365303 0.673182
vn 0.647324 -0.356060 0.673938
vn 0.647259 -0.356110 0.673975
vn 0.653022 -0.348332 0.672479
vn 0.656787 -0.349445 0.668221
vn 0.652958 -0.348427 0.672491
vn 0.656285 -0.349328 0.668775
vn 0.660398 -0.352001 0.663303
vn 0.654969 -0.361888 0.663364
vn 0.656009 -0.356831 0.665074
vn 0.649839 -0.365737 0.666292
vn 0.658296 -0.358540 0.661887
vn 0.649733 -0.365744 0.666392
vn 0.658391 -0.358414 0.661862
vn 0.643703 -0.377979 0.665416
vn 0.639845 -0.374735 0.670949
vn 0.639827 -0.374760 0.670952
vn 0.643531 -0.377891 0.665633
vn 0.667902 -0.311380 0.675980
vn 0.138262 0.891017 0.432404
vn -0.130102 0.766850 0.628502
vn 0.156950 0.895499 0.416470
vn 0.429582 0.891723 0.142443
vn -0.134008 0.764211 0.630891
vn -0.192351 0.722308 0.664283
vn -0.192036 0.722175 0.664519
vn -0.195434 0.719573 0.666349
vn -0.195496 0.719445 0.666468
vn -0.237409 0.683177 0.690584
vn -0.241818 0.679251 0.692923
vn -0.414755 0.493070 0.764761
vn -0.423727 0.481410 0.767268
vn -0.601629 0.181613 0.777855
vn -0.607902 0.167291 0.776189
vn -0.699028 -0.147759 0.699662
vn -0.700288 -0.156123 0.696579
vn -0.708434 -0.436987 0.554224
vn -0.706568 -0.453775 0.543001
vn -0.629609 -0.707862 0.320193
vn -0.619692 -0.725313 0.299837
vn -0.490584 -0.866767 0.089680
vn -0.294835 -0.944647 -0.143923
vn -0.487705 -0.868784 0.085781
vn -0.295565 -0.944536 -0.143153
vn -0.102036 -0.936804 -0.334645
vn -0.106794 -0.937814 -0.330303
vn 0.140951 -0.841064 -0.522248
vn 0.248467 -0.770135 -0.587501
vn 0.247413 -0.770754 -0.587132
vn 0.136533 -0.843577 -0.519362
vn 0.264275 -0.758243 -0.596009
vn 0.264201 -0.758105 -0.596217
vn 0.291707 -0.734293 -0.612961
vn 0.481215 -0.534889 -0.694497
vn 0.291281 -0.734664 -0.612719
vn 0.484456 -0.530785 -0.695392
vn 0.681698 -0.194708 -0.705249
vn 0.676929 -0.205974 -0.706642
vn 0.778406 0.139618 -0.612038
vn 0.781948 0.163429 -0.601538
vn 0.767694 0.491209 -0.411534
vn 0.648507 0.744049 -0.160714
vn 0.663184 0.724879 -0.186380
vn 0.763928 0.505678 -0.400879
vn 0.449881 0.885189 0.118521
vn -0.564512 -0.749630 -0.345515
vn -0.502922 -0.714785 -0.485955
vn -0.584739 -0.750491 -0.307966
vn -0.623311 -0.714925 -0.316805
vn -0.520306 -0.774980 -0.358729
vn -0.597355 -0.720747 -0.351697
vn -0.616231 -0.691088 -0.377699
vn -0.642832 -0.682288 -0.348210
vn -0.621290 -0.654451 -0.430920
vn -0.647276 -0.635444 -0.421004
vn -0.621478 -0.622748 -0.475341
vn -0.648097 -0.597408 -0.472308
vn -0.596782 -0.618007 -0.511779
vn -0.615359 -0.595739 -0.516167
vn -0.553065 -0.618262 -0.558454
vn -0.561870 -0.597420 -0.572182
vn -0.511937 -0.628099 -0.586014
vn -0.445768 -0.640735 -0.625100
vn -0.511877 -0.610059 -0.604822
vn -0.460671 -0.652578 -0.601601
vn -0.421108 -0.673506 -0.607501
vn -0.399768 -0.661095 -0.634933
vn -0.369669 -0.703808 -0.606629
vn -0.398095 -0.704688 -0.587312
vn -0.339600 -0.740109 -0.580439
vn -0.372783 -0.737543 -0.563083
vn -0.376737 -0.752642 -0.540000
vn -0.380533 -0.786674 -0.486147
vn -0.349605 -0.755649 -0.553869
vn -0.355015 -0.802516 -0.479512
vn -0.346115 -0.832991 -0.431659
vn -0.377258 -0.810563 -0.447955
vn -0.386841 -0.815022 -0.431386
vn -0.426874 -0.807526 -0.407039
vn -0.354424 -0.836183 -0.418546
vn -0.408643 -0.824534 -0.391351
vn -0.470426 -0.807354 -0.356201
vn -0.531127 -0.780389 -0.329997
vn -0.474895 -0.794496 -0.378484
vn -0.666334 0.731762 0.143256
vn -0.532655 0.677605 0.507081
vn -0.532892 0.677667 0.506748
vn -0.584017 0.780245 -0.223923
vn -0.584123 0.780226 -0.223715
vn -0.666526 0.732017 0.141047
vn -0.342441 0.794184 -0.502002
vn -0.341291 0.794161 -0.502821
vn 0.013091 0.723046 -0.690676
vn 0.321362 0.546920 -0.773049
vn 0.321873 0.546514 -0.773123
vn 0.012899 0.723120 -0.690602
vn 0.557133 0.308432 -0.771021
vn 0.557400 0.308081 -0.770968
vn 0.739971 0.046541 -0.671027
vn 0.739739 0.046886 -0.671259
vn 0.856964 -0.114534 -0.502489
vn 0.956217 -0.176592 -0.233376
vn 0.856969 -0.114538 -0.502479
vn 0.956165 -0.176611 -0.233576
vn 0.989638 -0.125070 0.070534
vn 0.989657 -0.125234 0.069975
vn 0.940485 -0.000184 0.339834
vn 0.940319 0.000139 0.340294
vn 0.820000 0.145668 0.553517
vn 0.689808 0.235673 0.684561
vn 0.820703 0.145057 0.552634
vn 0.689310 0.235963 0.684962
vn 0.530252 0.316326 0.786620
vn 0.530493 0.316224 0.786499
vn 0.355994 0.387797 0.850224
vn 0.356815 0.387476 0.850026
vn 0.174917 0.458030 0.871557
vn -0.036010 0.535179 0.843971
vn 0.175661 0.457757 0.871551
vn -0.036252 0.535254 0.843913
vn -0.299386 0.618694 0.726351
vn -0.300277 0.618937 0.725776
vn -0.481973 -0.691698 -0.537825
vn -0.455096 -0.707019 -0.541305
vn -0.455130 -0.706410 -0.542072
vn -0.483566 -0.690993 -0.537301
vn -0.503862 -0.691661 -0.517424
vn -0.503904 -0.691873 -0.517099
vn -0.505633 -0.699606 -0.504864
vn -0.506018 -0.699224 -0.505007
vn -0.510591 -0.689099 -0.514237
vn -0.510785 -0.687390 -0.516327
vn -0.528555 -0.672768 -0.517700
vn -0.529244 -0.672584 -0.517235
vn -0.545926 -0.685278 -0.482036
vn -0.545929 -0.686160 -0.480776
vn -0.535026 -0.705262 -0.465137
vn -0.534568 -0.705248 -0.465684
vn -0.537866 -0.693493 -0.479340
vn -0.537772 -0.693519 -0.479408
vn -0.542110 -0.704369 -0.458236
vn -0.539166 -0.716105 -0.443277
vn -0.541342 -0.706199 -0.456324
vn -0.539261 -0.716101 -0.443167
vn -0.525526 -0.725654 -0.444127
vn -0.505260 -0.735906 -0.450727
vn -0.525772 -0.725421 -0.444215
vn -0.504948 -0.736453 -0.450183
vn -0.499559 -0.731327 -0.464329
vn -0.499357 -0.731424 -0.464393
vn -0.490690 -0.734137 -0.469325
vn -0.477390 -0.745485 -0.465136
vn -0.490626 -0.734215 -0.469271
vn -0.478499 -0.744237 -0.465993
vn -0.460799 -0.743429 -0.484744
vn -0.460717 -0.743268 -0.485069
vn -0.454805 -0.737268 -0.499588
vn -0.455204 -0.738307 -0.497687
vn -0.453976 -0.729057 -0.512232
vn -0.454151 -0.729859 -0.510932
vn -0.879175 -0.471724 0.067284
vn -0.769326 -0.544531 0.334101
vn -0.764128 -0.547822 0.340586
vn -0.878384 -0.472166 0.074163
vn -0.852302 -0.487203 -0.190300
vn -0.844460 -0.492693 -0.210095
vn -0.719290 -0.563047 -0.406940
vn -0.699338 -0.574311 -0.425551
vn -0.610160 -0.609476 -0.506206
vn -0.613779 -0.608690 -0.502764
vn -0.561579 -0.602780 -0.566820
vn -0.559583 -0.601394 -0.570256
vn -0.502044 -0.588988 -0.633281
vn -0.501504 -0.589078 -0.633625
vn -0.451352 -0.624917 -0.636993
vn -0.448021 -0.630316 -0.634018
vn -0.434725 -0.680400 -0.589975
vn -0.436483 -0.686221 -0.581880
vn -0.443462 -0.720690 -0.532867
vn -0.443452 -0.720935 -0.532544
vn -0.412335 -0.745726 -0.523329
vn -0.409946 -0.746845 -0.523610
vn -0.281622 -0.805904 -0.520776
vn -0.267200 -0.811789 -0.519233
vn -0.085189 -0.890394 -0.447149
vn -0.056941 -0.901081 -0.429897
vn 0.103100 -0.964299 -0.243920
vn 0.111831 -0.967630 -0.226243
vn 0.159059 -0.986468 0.039768
vn 0.060530 -0.956961 0.283833
vn 0.157886 -0.984971 0.070033
vn 0.065747 -0.958545 0.277250
vn -0.128527 -0.890423 0.436609
vn -0.126553 -0.891177 0.435647
vn -0.344056 -0.794249 0.500793
vn -0.366455 -0.782500 0.503393
vn -0.584051 -0.660916 0.471249
vn -0.565778 -0.671764 0.478151
vn -0.543477 -0.708834 -0.449653
vn -0.546650 -0.703413 -0.454295
vn -0.543425 -0.708832 -0.449718
vn -0.529959 -0.710224 -0.463384
vn -0.530624 -0.710173 -0.462702
vn -0.512715 -0.712604 -0.478872
vn -0.511874 -0.712744 -0.479563
vn -0.492868 -0.727807 -0.476842
vn -0.495370 -0.725572 -0.477654
vn -0.484164 -0.734353 -0.475720
vn -0.484521 -0.733832 -0.476162
vn -0.483884 -0.727893 -0.485826
vn -0.483772 -0.727750 -0.486152
vn -0.475111 -0.727092 -0.495587
vn -0.473511 -0.728079 -0.495670
vn -0.470217 -0.728770 -0.497785
vn -0.470179 -0.728738 -0.497868
vn -0.472490 -0.725785 -0.499989
vn -0.472598 -0.725789 -0.499881
vn -0.546840 -0.702435 -0.455577
vn -0.547358 -0.696999 -0.463240
vn -0.547223 -0.696916 -0.463526
vn -0.537222 -0.701005 -0.469026
vn -0.525217 -0.704153 -0.477824
vn -0.539323 -0.700095 -0.467972
vn -0.525253 -0.704219 -0.477686
vn -0.510489 -0.710420 -0.484463
vn -0.512929 -0.708859 -0.484172
vn -0.500353 -0.716462 -0.486136
vn -0.490078 -0.720116 -0.491179
vn -0.500137 -0.716563 -0.486211
vn -0.490733 -0.719955 -0.490761
vn -0.481459 -0.722995 -0.495455
vn -0.481508 -0.723057 -0.495317
vn -0.475907 -0.724938 -0.497974
vn -0.472384 -0.725810 -0.500053
vn -0.476181 -0.724849 -0.497841
vn -0.472480 -0.725825 -0.499941
vn -0.472276 -0.725940 -0.499966
vn -0.472276 -0.725940 -0.499966
vn -0.472276 -0.725940 -0.499966
vn -0.472192 -0.725939 -0.500048
vn -0.472192 -0.725939 -0.500048
vn -0.472192 -0.725939 -0.500048
vn -0.536905 -0.810266 -0.234952
vn -0.454225 -0.854853 -0.250811
vn -0.452306 -0.855605 -0.251713
vn -0.538363 -0.809014 -0.235926
vn -0.606944 -0.753115 -0.253843
vn -0.603727 -0.756382 -0.251796
vn -0.651406 -0.700239 -0.292122
vn -0.650673 -0.701020 -0.291883
vn -0.677159 -0.652617 -0.339921
vn -0.677500 -0.651926 -0.340568
vn -0.687811 -0.610902 -0.392066
vn -0.687718 -0.610472 -0.392897
vn -0.690649 -0.569545 -0.445671
vn -0.690667 -0.569834 -0.445274
vn -0.676714 -0.529053 -0.512017
vn -0.676494 -0.528762 -0.512607
vn -0.643509 -0.500528 -0.579110
vn -0.643062 -0.500492 -0.579638
vn -0.595784 -0.495328 -0.632211
vn -0.589276 -0.496043 -0.637727
vn -0.528827 -0.512545 -0.676491
vn -0.525202 -0.513955 -0.678243
vn -0.455686 -0.551279 -0.698886
vn -0.454904 -0.551686 -0.699074
vn -0.387913 -0.605289 -0.695089
vn -0.384957 -0.607983 -0.694381
vn -0.339037 -0.662583 -0.667860
vn -0.337412 -0.665543 -0.665737
vn -0.304499 -0.728321 -0.613864
vn -0.302151 -0.733665 -0.608638
vn -0.284965 -0.786673 -0.547668
vn -0.284446 -0.791357 -0.541152
vn -0.286633 -0.834901 -0.469874
vn -0.287307 -0.837261 -0.465241
vn -0.318757 -0.867671 -0.381500
vn -0.319109 -0.867868 -0.380755
vn -0.374701 -0.874726 -0.307332
vn -0.377386 -0.874489 -0.304713
vn 0.644143 -0.733976 -0.215311
vn 0.625668 -0.728266 -0.279587
vn 0.670347 -0.707686 -0.223196
vn 0.696025 -0.696502 -0.174454
vn 0.674754 -0.721366 -0.156007
vn 0.726966 -0.672790 -0.137380
vn 0.715103 -0.690683 -0.107629
vn 0.760672 -0.638536 -0.116833
vn 0.756804 -0.648677 -0.080409
vn 0.792715 -0.599498 -0.110472
vn 0.794741 -0.602635 -0.072233
vn 0.828508 -0.554137 -0.080663
vn 0.819244 -0.561348 -0.117164
vn 0.854970 -0.508319 -0.103144
vn 0.841210 -0.523140 -0.136712
vn 0.872777 -0.468018 -0.138635
vn 0.855819 -0.490349 -0.164714
vn 0.881423 -0.435083 -0.183836
vn 0.862016 -0.464667 -0.202516
vn 0.878579 -0.412125 -0.241356
vn 0.859698 -0.445096 -0.250615
vn 0.847490 -0.437262 -0.300935
vn 0.863671 -0.402873 -0.302928
vn 0.821817 -0.445419 -0.355273
vn 0.833181 -0.412311 -0.368522
vn 0.790134 -0.443531 -0.423046
vn 0.786591 -0.471507 -0.398692
vn 0.740319 -0.493936 -0.456021
vn 0.763937 -0.582880 -0.276860
vn 0.745712 -0.513630 -0.424380
vn 0.693824 -0.551999 -0.462500
vn 0.707031 -0.562957 -0.428003
vn 0.654929 -0.612956 -0.441988
vn 0.675660 -0.612686 -0.410001
vn 0.656572 -0.654566 -0.374776
vn 0.629925 -0.665653 -0.400126
vn 0.620540 -0.704993 -0.343388
vn 0.649526 -0.686291 -0.327292
vn 0.654889 -0.703760 -0.275394
vn 0.796184 -0.529409 -0.292947
vn 0.800589 -0.534714 -0.270442
vn 0.800400 -0.534374 -0.271670
vn 0.796004 -0.529272 -0.293681
vn 0.789065 -0.530606 -0.309570
vn 0.788540 -0.530808 -0.310560
vn 0.777167 -0.539136 -0.324567
vn 0.777346 -0.539090 -0.324214
vn 0.762735 -0.552080 -0.336815
vn 0.761951 -0.552897 -0.337248
vn 0.751466 -0.566617 -0.338001
vn 0.751521 -0.566437 -0.338178
vn 0.744586 -0.580034 -0.330381
vn 0.744566 -0.580093 -0.330324
vn 0.733285 -0.596707 -0.325934
vn 0.733483 -0.596487 -0.325892
vn 0.727852 -0.607068 -0.318904
vn 0.727972 -0.607005 -0.318751
vn 0.726369 -0.618359 -0.300034
vn 0.726268 -0.618651 -0.299676
vn 0.724602 -0.628825 -0.282014
vn 0.730911 -0.627202 -0.269048
vn 0.724739 -0.628802 -0.281710
vn 0.731241 -0.626901 -0.268853
vn 0.745007 -0.620172 -0.245666
vn 0.744816 -0.620193 -0.246189
vn 0.756105 -0.614508 -0.225133
vn 0.756420 -0.614288 -0.224675
vn 0.765860 -0.604754 -0.218477
vn 0.781873 -0.582412 -0.222421
vn 0.765596 -0.605129 -0.218362
vn 0.781328 -0.583189 -0.222298
vn 0.796650 -0.561092 -0.224776
vn 0.796570 -0.561488 -0.224068
vn 0.803864 -0.547923 -0.231478
vn 0.804201 -0.546930 -0.232654
vn 0.804664 -0.538880 -0.249248
vn 0.804710 -0.538696 -0.249497
vn 0.320917 -0.875860 -0.360389
vn 0.123978 -0.979167 -0.160815
vn 0.112874 -0.983416 -0.141961
vn 0.323488 -0.874377 -0.361691
vn 0.528114 -0.737163 -0.421529
vn 0.541715 -0.727604 -0.420876
vn 0.651500 -0.623795 -0.431773
vn 0.655784 -0.616721 -0.435434
vn 0.681416 -0.540454 -0.493540
vn 0.682031 -0.536823 -0.496643
vn 0.716847 -0.427110 -0.551096
vn 0.785152 -0.331658 -0.523010
vn 0.714029 -0.433862 -0.549479
vn 0.792696 -0.326787 -0.514630
vn 0.849692 -0.324153 -0.415871
vn 0.854345 -0.328339 -0.402849
vn 0.874415 -0.374804 -0.308092
vn 0.874301 -0.383491 -0.297542
vn 0.876019 -0.427391 -0.223444
vn 0.876365 -0.428246 -0.220432
vn 0.894305 -0.424184 -0.142433
vn 0.894240 -0.424240 -0.142670
vn 0.921972 -0.386891 0.016831
vn 0.920683 -0.390307 0.001672
vn 0.906331 -0.372032 0.200389
vn 0.898810 -0.371665 0.232392
vn 0.807996 -0.409709 0.423416
vn 0.802192 -0.412851 0.431325
vn 0.620097 -0.519315 0.588041
vn 0.591991 -0.534715 0.603015
vn 0.414778 -0.670636 0.614985
vn 0.422550 -0.663616 0.617306
vn 0.250760 -0.816935 0.519362
vn 0.248168 -0.819227 0.516991
vn 0.117560 -0.929503 0.349578
vn 0.056625 -0.994119 0.092313
vn 0.105124 -0.939240 0.326766
vn 0.056571 -0.991627 0.116088
vn 0.703742 -0.635601 -0.317425
vn 0.696793 -0.627782 -0.346944
vn 0.694110 -0.632690 -0.343386
vn 0.704997 -0.634673 -0.316496
vn 0.733256 -0.612232 -0.295817
vn 0.733446 -0.612070 -0.295680
vn 0.746645 -0.603630 -0.279557
vn 0.746984 -0.603532 -0.278864
vn 0.752820 -0.607994 -0.252202
vn 0.752821 -0.608966 -0.249840
vn 0.760506 -0.607471 -0.229367
vn 0.760036 -0.607908 -0.229769
vn 0.774481 -0.590041 -0.228103
vn 0.773497 -0.591179 -0.228493
vn 0.782775 -0.574805 -0.238458
vn 0.782656 -0.574998 -0.238384
vn 0.785092 -0.567301 -0.248595
vn 0.785137 -0.567068 -0.248988
vn 0.785197 -0.565298 -0.252792
vn 0.785117 -0.565344 -0.252936
vn 0.784160 -0.566756 -0.252748
vn 0.783930 -0.566802 -0.253356
vn 0.782649 -0.568644 -0.253189
vn 0.782457 -0.568813 -0.253402
vn 0.781996 -0.568690 -0.255096
vn 0.782078 -0.568529 -0.255203
vn 0.778623 -0.570276 -0.261783
vn 0.778886 -0.569697 -0.262264
vn 0.773669 -0.571289 -0.273979
vn 0.774191 -0.571085 -0.272930
vn 0.766049 -0.575227 -0.286851
vn 0.765999 -0.575237 -0.286964
vn 0.756629 -0.583000 -0.296014
vn 0.757042 -0.582501 -0.295939
vn 0.749299 -0.590278 -0.300204
vn 0.749102 -0.590429 -0.300398
vn 0.724389 -0.603997 -0.332336
vn 0.728336 -0.602174 -0.326976
vn 0.620438 -0.774924 -0.120621
vn 0.677704 -0.733274 -0.055005
vn 0.679541 -0.731667 -0.053735
vn 0.619370 -0.775445 -0.122740
vn 0.586774 -0.780326 -0.216306
vn 0.587608 -0.781464 -0.209837
vn 0.581042 -0.758712 -0.294529
vn 0.581050 -0.758828 -0.294213
vn 0.586453 -0.724694 -0.361790
vn 0.586513 -0.724723 -0.361634
vn 0.602767 -0.678562 -0.419793
vn 0.603300 -0.677369 -0.420952
vn 0.623737 -0.631454 -0.460671
vn 0.623931 -0.631087 -0.460911
vn 0.656406 -0.569406 -0.494881
vn 0.656543 -0.569170 -0.494971
vn 0.693524 -0.505411 -0.513404
vn 0.694064 -0.503737 -0.514320
vn 0.735460 -0.446667 -0.509497
vn 0.739750 -0.441216 -0.508034
vn 0.786060 -0.391162 -0.478645
vn 0.788050 -0.389478 -0.476742
vn 0.835813 -0.353582 -0.419997
vn 0.836319 -0.353238 -0.419276
vn 0.873752 -0.339847 -0.347939
vn 0.875123 -0.339785 -0.344536
vn 0.896282 -0.353250 -0.268128
vn 0.896956 -0.354760 -0.263848
vn 0.900810 -0.394737 -0.180899
vn 0.900431 -0.397556 -0.176561
vn 0.888686 -0.442640 -0.119616
vn 0.887215 -0.446626 -0.115652
vn 0.857987 -0.510043 -0.060954
vn 0.860261 -0.505780 -0.064319
vn 0.807252 -0.589874 -0.019834
vn 0.806532 -0.590870 -0.019487
vn 0.746024 -0.665651 -0.018896
vn 0.742452 -0.669589 -0.020372
vn -0.516736 0.800760 -0.302930
vn 0.082137 0.883704 0.460782
vn -0.516742 0.800690 -0.303106
vn 0.054323 0.899579 0.433367
vn 0.230511 0.769867 0.595122
vn 0.230461 0.769881 0.595122
vn -0.577036 0.749447 -0.324591
vn -0.606415 0.721361 -0.334512
vn -0.608078 0.719702 -0.335066
vn -0.577029 0.749451 -0.324592
vn -0.666957 0.646953 -0.369622
vn -0.665719 0.648840 -0.368543
vn -0.702571 0.575298 -0.418840
vn -0.702678 0.574998 -0.419072
vn -0.720800 0.492142 -0.488101
vn -0.721504 0.489133 -0.490083
vn -0.720540 0.410188 -0.559077
vn -0.720642 0.409300 -0.559597
vn -0.700791 0.331564 -0.631631
vn -0.701024 0.331244 -0.631540
vn -0.664134 0.262079 -0.700172
vn -0.664665 0.263037 -0.699308
vn -0.611644 0.213432 -0.761800
vn -0.605554 0.210492 -0.767461
vn -0.537016 0.195933 -0.820503
vn -0.532919 0.195848 -0.823190
vn -0.449392 0.193754 -0.872070
vn -0.446543 0.194063 -0.873464
vn -0.364070 0.182779 -0.913261
vn -0.364434 0.182840 -0.913103
vn -0.284609 0.157783 -0.945570
vn -0.287179 0.158858 -0.944612
vn -0.207930 0.137090 -0.968489
vn -0.127162 0.127859 -0.983607
vn -0.127017 0.127183 -0.983713
vn -0.207224 0.136925 -0.968664
vn -0.036670 0.131887 -0.990586
vn -0.037731 0.131745 -0.990565
vn 0.060048 0.147701 -0.987207
vn 0.065767 0.148825 -0.986674
vn 0.161494 0.165983 -0.972815
vn 0.164479 0.166467 -0.972232
vn 0.262937 0.188868 -0.946146
vn 0.265071 0.189340 -0.945456
vn 0.351940 0.214449 -0.911125
vn 0.357467 0.215955 -0.908615
vn 0.437402 0.241768 -0.866157
vn 0.438113 0.242087 -0.865709
vn 0.531311 0.277247 -0.800527
vn 0.528528 0.276250 -0.802711
vn 0.630765 0.313607 -0.709779
vn 0.625505 0.311622 -0.715286
vn 0.710048 0.360053 -0.605139
vn 0.703327 0.355114 -0.615812
vn 0.765617 0.404630 -0.500105
vn 0.764250 0.403417 -0.503167
vn 0.802744 0.440682 -0.401747
vn 0.826208 0.467301 -0.314659
vn 0.803135 0.441108 -0.400497
vn 0.825285 0.466377 -0.318430
vn 0.833738 0.494107 -0.246451
vn 0.833917 0.494570 -0.244912
vn 0.829188 0.533490 -0.166838
vn 0.828751 0.535354 -0.162994
vn 0.814583 0.573597 -0.086263
vn 0.813196 0.576331 -0.080961
vn 0.789510 0.613430 -0.019459
vn 0.789477 0.613474 -0.019397
vn 0.769000 0.639064 0.015355
vn 0.769002 0.639062 0.015363
vn -0.168593 0.670921 0.722110
vn -0.168387 0.670895 0.722181
vn -0.168481 0.670907 0.722148
vn -0.168474 0.670906 0.722151
vn 0.696889 0.696650 0.170366
vn 0.696887 0.696647 0.170384
vn 0.696884 0.696647 0.170398
vn 0.696884 0.696646 0.170401
vn -0.275300 0.733849 0.621027
vn -0.275283 0.733851 0.621033
vn -0.275316 0.733850 0.621020
vn -0.275318 0.733851 0.621017
vn -0.836602 0.432080 0.336755
vn -0.875117 0.421366 0.237951
vn -0.833792 0.432988 0.342509
vn -0.787549 0.443180 0.428202
vn -0.876470 0.421173 0.233268
vn -0.909391 0.398166 0.120301
vn -0.906646 0.401322 0.130133
vn -0.930391 0.366335 0.013043
vn -0.931389 0.364002 0.004065
vn -0.940391 0.326110 -0.096526
vn -0.940509 0.325252 -0.098257
vn -0.940720 0.265062 -0.211630
vn -0.940261 0.261102 -0.218484
vn -0.921775 0.199822 -0.332268
vn -0.918628 0.193744 -0.344362
vn -0.885347 0.148866 -0.440453
vn -0.883086 0.146788 -0.445659
vn -0.850531 0.119046 -0.512274
vn -0.850543 0.119031 -0.512258
vn -0.785265 0.443424 0.432127
vn -0.722886 0.469404 0.507046
vn -0.716871 0.472580 0.512605
vn -0.634927 0.509765 0.580523
vn -0.630561 0.511478 0.583767
vn -0.528129 0.539952 0.655387
vn -0.525062 0.540518 0.657381
vn -0.400707 0.567877 0.718992
vn -0.398268 0.568399 0.719934
vn -0.254112 0.600078 0.758508
vn -0.247842 0.601288 0.759623
vn -0.115391 0.618755 0.777063
vn -0.114615 0.618813 0.777131
vn 0.026617 0.625367 0.779876
vn 0.027010 0.625352 0.779876
vn 0.149006 0.619878 0.770421
vn 0.157951 0.618939 0.769393
vn 0.267382 0.604532 0.750365
vn 0.267119 0.604557 0.750438
vn 0.379925 0.584525 0.716929
vn 0.379766 0.584537 0.717004
vn 0.482320 0.557366 0.675803
vn 0.482678 0.557498 0.675439
vn 0.587070 0.519984 0.620456
vn 0.584371 0.521180 0.621998
vn 0.685405 0.469055 0.556963
vn 0.682495 0.470839 0.559027
vn 0.762512 0.424349 0.488368
vn 0.779020 0.414623 0.470336
vn 0.848718 0.359130 0.388206
vn 0.850579 0.357214 0.385893
vn 0.913621 0.283680 0.291243
vn 0.913316 0.283907 0.291978
vn 0.961408 0.203729 0.184906
vn 0.961435 0.203538 0.184975
vn 0.990036 0.121405 0.071342
vn 0.989709 0.122642 0.073725
vn 0.998243 0.031459 -0.050207
vn 0.998249 0.031632 -0.049979
vn 0.986483 -0.048394 -0.156552
vn 0.986357 -0.048880 -0.157193
vn 0.956347 -0.125393 -0.263963
vn 0.955815 -0.126357 -0.265429
vn 0.933626 -0.162995 -0.319023
vn 0.933624 -0.162991 -0.319030
vn 0.320346 0.902242 0.288682
vn -0.212873 0.847445 -0.486336
vn -0.212991 0.847514 -0.486163
vn 0.369224 0.852074 0.371003
vn 0.320344 0.902248 0.288666
vn 0.437341 0.753122 0.491467
vn 0.437316 0.753133 0.491474
vn 0.369261 0.852073 0.370968
vn -0.020440 0.803023 -0.595597
vn -0.020440 0.803023 -0.595597
vn -0.020440 0.803023 -0.595597
vn -0.020473 0.803028 -0.595590
vn -0.020473 0.803028 -0.595590
vn -0.020473 0.803028 -0.595590
vn -0.020472 0.803027 -0.595591
vn -0.020472 0.803027 -0.595591
vn -0.021861 0.802973 -0.595615
vn -0.020352 0.803020 -0.595604
vn -0.020352 0.803020 -0.595604
vn -0.020352 0.803020 -0.595604
vn -0.020465 0.802947 -0.595699
vn -0.020382 0.802939 -0.595712
vn -0.020612 0.803037 -0.595573
vn -0.020762 0.803032 -0.595575
vn -0.043272 0.798218 -0.600812
vn -0.043725 0.798114 -0.600917
vn -0.066070 0.793470 -0.605013
vn -0.066278 0.793467 -0.604993
vn -0.049953 0.797076 -0.601810
vn -0.048327 0.797369 -0.601555
vn -0.028455 0.799726 -0.599691
vn -0.028504 0.799644 -0.599797
vn -0.037096 0.792393 -0.608882
vn -0.037075 0.792405 -0.608867
vn -0.042398 0.789118 -0.612777
vn -0.030938 0.797163 -0.602971
vn -0.042297 0.789252 -0.612611
vn -0.031134 0.797055 -0.603104
vn -0.023273 0.797841 -0.602418
vn -0.027975 0.790704 -0.611560
vn -0.023349 0.797706 -0.602595
vn -0.028260 0.790430 -0.611900
vn -0.026228 0.793670 -0.607783
vn -0.026482 0.793619 -0.607839
vn -0.021640 0.794408 -0.607000
vn -0.021554 0.794165 -0.607320
vn -0.018917 0.781943 -0.623063
vn -0.018875 0.781780 -0.623268
vn -0.013226 0.769612 -0.638375
vn -0.013551 0.769172 -0.638898
vn -0.001577 0.761229 -0.648482
vn -0.000667 0.760832 -0.648949
vn 0.009249 0.758899 -0.651143
vn 0.009550 0.759226 -0.650757
vn 0.004341 0.772926 -0.634481
vn 0.004458 0.773473 -0.633814
vn 0.000100 0.791211 -0.611544
vn 0.000253 0.791327 -0.611393
vn 0.035979 0.801665 -0.596689
vn 0.036601 0.801788 -0.596486
vn 0.105164 0.822163 -0.559454
vn 0.107880 0.823115 -0.557533
vn 0.173382 0.849672 -0.497992
vn 0.175127 0.850464 -0.496025
vn 0.227569 0.871403 -0.434591
vn 0.228078 0.871585 -0.433959
vn 0.264834 0.878288 -0.398088
vn 0.265158 0.878264 -0.397925
vn 0.270264 0.880799 -0.388780
vn 0.271414 0.880372 -0.388948
vn 0.259124 0.884815 -0.387242
vn 0.259303 0.884750 -0.387272
vn 0.254306 0.886421 -0.386764
vn 0.254766 0.886296 -0.386748
vn 0.254419 0.886494 -0.386521
vn 0.253975 0.886662 -0.386429
vn 0.253587 0.886645 -0.386723
vn 0.254524 0.886677 -0.386033
vn 0.255595 0.886722 -0.385221
vn 0.255592 0.886722 -0.385223
vn 0.205613 0.904738 -0.373058
vn 0.205618 0.904738 -0.373056
vn 0.205614 0.904737 -0.373060
vn 0.205599 0.904740 -0.373060
vn -0.545776 0.500591 0.671965
vn -0.628433 0.468999 0.620573
vn -0.545630 0.500479 0.672167
vn -0.630334 0.468182 0.619262
vn -0.722984 0.418193 0.549917
vn -0.718899 0.420724 0.553331
vn -0.828923 0.341052 0.443362
vn -0.902846 0.265685 0.338053
vn -0.828271 0.341601 0.444157
vn -0.903353 0.265047 0.337198
vn -0.953800 0.185532 0.236313
vn -0.955552 0.181951 0.231979
vn -0.988096 0.091137 0.123939
vn -0.986547 0.097402 0.131296
vn -0.999679 0.012949 0.021776
vn -0.992513 -0.075072 -0.096343
vn -0.999689 0.012722 0.021456
vn -0.991181 -0.081603 -0.104412
vn -0.963533 -0.160670 -0.213986
vn -0.964882 -0.157820 -0.209989
vn -0.918379 -0.233237 -0.319657
vn -0.854912 -0.303369 -0.420824
vn -0.914320 -0.237997 -0.327683
vn -0.849983 -0.308064 -0.427348
vn -0.772476 -0.371449 -0.515079
vn -0.777086 -0.368025 -0.510583
vn -0.689753 -0.425689 -0.585688
vn -0.590749 -0.474618 -0.652498
vn -0.685451 -0.428135 -0.588947
vn -0.587611 -0.475870 -0.654417
vn -0.485916 -0.511306 -0.708838
vn -0.488860 -0.510487 -0.707403
vn -0.386108 -0.539177 -0.748471
vn -0.382425 -0.540097 -0.749697
vn -0.270561 -0.561565 -0.781947
vn -0.158518 -0.574806 -0.802789
vn -0.268410 -0.561803 -0.782517
vn -0.156807 -0.575031 -0.802964
vn -0.029277 -0.582206 -0.812514
vn -0.031140 -0.582144 -0.812489
vn 0.111840 -0.578177 -0.808210
vn 0.109610 -0.578318 -0.808415
vn 0.250910 -0.557525 -0.791334
vn 0.396763 -0.522826 -0.754475
vn 0.251064 -0.557643 -0.791202
vn 0.396093 -0.523013 -0.754697
vn 0.521309 -0.484522 -0.702478
vn 0.518280 -0.485566 -0.703997
vn 0.606165 -0.452004 -0.654414
vn 0.670657 -0.427700 -0.606046
vn 0.607796 -0.451444 -0.653286
vn 0.670546 -0.427671 -0.606189
vn -0.015011 0.812441 -0.582850
vn -0.020254 0.809506 -0.586762
vn -0.019622 0.808293 -0.588454
vn -0.021957 0.812625 -0.582373
vn -0.011828 0.811327 -0.584473
vn -0.006811 0.811086 -0.584887
vn -0.034328 0.814044 -0.579788
vn -0.037730 0.815063 -0.578142
vn -0.053356 0.808556 -0.585996
vn -0.040835 0.811819 -0.582480
vn -0.027833 0.812744 -0.581956
vn -0.044244 0.803218 -0.594040
vn -0.044100 0.802694 -0.594759
vn -0.043782 0.804444 -0.592413
vn -0.039803 0.797563 -0.601921
vn -0.032557 0.800827 -0.598010
vn -0.030347 0.803084 -0.595092
vn -0.025505 0.801995 -0.596786
vn -0.032180 0.786722 -0.616468
vn -0.030682 0.786905 -0.616311
vn -0.015343 0.796719 -0.604156
vn -0.018902 0.802353 -0.596550
vn -0.011513 0.800127 -0.599720
vn -0.008312 0.802388 -0.596745
vn -0.015850 0.808068 -0.588876
vn -0.016511 0.808769 -0.587895
vn -0.022288 0.811669 -0.583692
vn -0.020474 0.803026 -0.595592
vn -0.017195 0.801758 -0.597402
vn -0.018836 0.804305 -0.593918
vn -0.020474 0.803029 -0.595589
vn -0.028191 0.803381 -0.594798
vn -0.025941 0.803560 -0.594659
vn -0.020510 0.799571 -0.600221
vn -0.027990 0.806013 -0.591236
vn -0.030250 0.804910 -0.592625
vn -0.032425 0.802163 -0.596224
vn -0.032587 0.802283 -0.596054
vn -0.033456 0.801825 -0.596622
vn -0.033530 0.801845 -0.596591
vn -0.032425 0.800380 -0.598615
vn -0.032941 0.800630 -0.598253
vn -0.031462 0.799364 -0.600023
vn -0.030839 0.799144 -0.600349
vn -0.027861 0.797838 -0.602228
vn -0.028302 0.797953 -0.602055
vn -0.028823 0.798015 -0.601948
vn -0.029230 0.799599 -0.599822
vn -0.025801 0.802076 -0.596665
vn -0.025977 0.799205 -0.600497
vn -0.019538 0.799859 -0.599870
vn -0.021978 0.796022 -0.604868
vn -0.027654 0.793001 -0.608592
vn -0.026377 0.792780 -0.608936
vn -0.020476 0.803027 -0.595591
vn -0.033407 0.792984 -0.608326
vn -0.017508 0.803186 -0.595471
vn -0.017310 0.802928 -0.595825
vn -0.019543 0.802292 -0.596611
vn -0.020215 0.803871 -0.594460
vn -0.022257 0.803514 -0.594870
vn -0.023694 0.800662 -0.598648
vn -0.017200 0.802803 -0.595996
vn -0.017276 0.803190 -0.595472
vn -0.018888 0.801910 -0.597147
vn -0.018027 0.802444 -0.596455
vn -0.018031 0.802236 -0.596735
vn -0.017796 0.804033 -0.594318
vn -0.016317 0.802666 -0.596206
vn -0.021600 0.802908 -0.595711
vn -0.019460 0.801385 -0.597833
vn -0.021367 0.802841 -0.595811
vn -0.013686 0.801957 -0.597225
vn -0.016413 0.805571 -0.592272
vn -0.014141 0.804108 -0.594314
vn -0.018076 0.808825 -0.587771
vn -0.014434 0.801150 -0.598290
vn -0.010472 0.800464 -0.599290
vn -0.019759 0.805808 -0.591847
vn -0.016942 0.805916 -0.591787
vn -0.021428 0.802945 -0.595667
vn -0.020682 0.797207 -0.603351
vn -0.022130 0.797001 -0.603572
vn -0.023744 0.796961 -0.603563
vn -0.023573 0.795939 -0.604918
vn -0.022116 0.792559 -0.609394
vn -0.020689 0.789872 -0.612923
vn -0.018288 0.786008 -0.617945
vn -0.018476 0.786271 -0.617605
vn -0.015891 0.787663 -0.615902
vn -0.015472 0.787588 -0.616008
vn -0.010389 0.795776 -0.605502
vn -0.013309 0.790948 -0.611738
vn -0.009955 0.796978 -0.603926
vn -0.012738 0.797910 -0.602642
vn -0.013573 0.799824 -0.600081
vn -0.010635 0.799042 -0.601181
vn -0.015735 0.798280 -0.602080
vn -0.025073 0.798960 -0.600861
vn -0.024215 0.799707 -0.599902
vn -0.011051 0.799519 -0.600539
vn -0.012456 0.803905 -0.594627
vn -0.016936 0.798692 -0.601502
vn -0.011805 0.809815 -0.586567
vn -0.017548 0.806592 -0.590848
vn -0.204990 -0.953053 -0.222866
vn -0.526884 -0.830227 -0.181979
vn -0.495529 -0.864169 -0.087537
vn 0.092085 -0.964004 -0.249434
vn -0.202864 -0.922092 -0.329535
vn 0.114188 -0.927297 -0.356485
vn 0.114571 -0.512440 -0.851046
vn -0.281292 -0.523693 -0.804127
vn -0.647404 -0.427763 -0.630783
vn -0.855303 -0.289030 -0.430021
vn -0.984492 -0.087108 -0.152276
vn -0.713714 -0.700373 -0.009469
vn -0.659969 -0.748388 0.065999
vn -0.768048 -0.581108 0.269101
vn -0.825440 -0.524586 0.208467
vn -0.839739 -0.423957 0.339263
vn -0.777145 -0.489566 0.395439
vn -0.785257 -0.271343 0.556547
vn -0.999126 0.038865 0.015387
vn -0.945178 0.218395 0.242781
vn -0.698786 -0.179210 0.692518
vn -0.829656 0.358049 0.428337
vn -0.604916 0.496494 0.622552
vn -0.495222 -0.049204 0.867372
vn -0.628172 -0.247765 0.737572
vn -0.436678 -0.134820 0.889458
vn -0.259200 0.030186 0.965352
vn -0.213375 -0.063636 0.974896
vn 0.008633 0.065983 0.997783
vn -0.325149 0.580349 0.746641
vn 0.003707 0.636476 0.771287
vn 0.290700 0.641044 0.710321
vn 0.257559 0.054801 0.964707
vn 0.041076 -0.043731 0.998199
vn 0.257109 -0.064907 0.964200
vn 0.481257 -0.004702 0.876567
vn 0.452132 -0.118035 0.884107
vn 0.622829 -0.204373 0.755193
vn 0.671007 -0.110326 0.733197
vn 0.780448 0.433731 0.450310
vn 0.561151 0.567731 0.602321
vn 0.794244 -0.234464 0.560538
vn 0.929880 0.281910 0.236327
vn 0.991605 0.128034 0.018096
vn 0.849459 -0.372014 0.374199
vn 0.791633 -0.457242 0.405274
vn 0.824474 -0.550633 0.130559
vn 0.760108 -0.622280 0.187090
vn 0.699566 -0.709796 -0.082448
vn 0.957634 -0.075743 -0.277848
vn 0.809987 -0.246993 -0.531897
vn 0.528720 -0.404543 -0.746191
vn 0.448432 -0.852346 -0.269102
vn 0.409321 -0.896295 -0.170623
vn 0.639827 -0.768502 -0.005046
vn 0.743304 -0.321326 0.586727
vn -0.727094 -0.348538 0.591486
vn 0.904172 -0.209735 -0.372134
vn 0.535159 -0.470957 -0.701288
vn 0.541876 -0.468206 -0.697964
vn 0.899799 -0.215550 -0.379341
vn 0.995058 0.098809 0.009868
vn 0.812976 0.429431 0.393268
vn 0.819556 0.422964 0.386560
vn 0.994583 0.102877 0.014883
vn 0.434274 0.642254 0.631598
vn -0.025351 0.702382 0.711349
vn 0.434418 0.642215 0.631539
vn -0.023447 0.702427 0.711369
vn -0.488886 0.616385 0.617300
vn -0.499747 0.612230 0.612721
vn -0.866690 0.364341 0.340741
vn -0.998303 0.057969 0.005625
vn -0.875786 0.353401 0.328795
vn -0.999105 0.039777 -0.014397
vn -0.845569 -0.304093 -0.438796
vn -0.866302 -0.283632 -0.411185
vn -0.520334 -0.492407 -0.697702
vn -0.494894 -0.500659 -0.710226
vn 0.032974 -0.569852 -0.821086
vn 0.045325 -0.569364 -0.820835
vn 0.690420 0.528011 0.494494
vn 0.899549 0.339566 0.274785
vn 0.903660 0.334043 0.267981
vn 0.685249 0.531472 0.497967
vn 0.423577 0.644565 0.636489
vn 0.413156 0.647214 0.640637
vn 0.108451 0.670129 0.734279
vn 0.104227 0.669922 0.735079
vn -0.341105 0.613370 0.712338
vn -0.345969 0.612460 0.710772
vn -0.688885 0.485971 0.537839
vn -0.684572 0.488267 0.541255
vn -0.925500 0.287565 0.246486
vn -0.923497 0.290429 0.250609
vn -0.995705 0.070500 -0.060008
vn -0.995645 0.067223 -0.064599
vn -0.902927 -0.187175 -0.386896
vn -0.899960 -0.191322 -0.391749
vn -0.635067 -0.403687 -0.658580
vn -0.633456 -0.404449 -0.659663
vn -0.169711 -0.515140 -0.840137
vn 0.244439 -0.495876 -0.833281
vn 0.245317 -0.495739 -0.833104
vn -0.187644 -0.513970 -0.837033
vn 0.663762 -0.358381 -0.656494
vn 0.665854 -0.357217 -0.655007
vn 0.915712 -0.142525 -0.375711
vn 0.993598 0.107979 -0.033215
vn 0.915670 -0.142600 -0.375784
vn 0.993483 0.109772 -0.030676
vn -0.480440 0.579605 0.658206
vn -0.480322 0.579524 0.658364
vn -0.338761 0.621628 0.706272
vn -0.332136 0.623202 0.708029
vn 0.078698 0.660667 0.746542
vn 0.070686 0.660851 0.747181
vn 0.459275 0.587280 0.666459
vn 0.474138 0.581833 0.660805
vn 0.814500 0.387753 0.431553
vn 0.819404 0.383427 0.426100
vn 0.991044 0.117442 0.063557
vn 0.992743 0.108895 0.051028
vn 0.912303 -0.169293 -0.372884
vn 0.911902 -0.169793 -0.373638
vn 0.762234 -0.301432 -0.572833
vn 0.762237 -0.301421 -0.572835
vn -0.159088 0.636634 0.754578
vn -0.344003 0.595497 0.725979
vn -0.150919 0.637854 0.755226
vn -0.344004 0.595498 0.725978
vn 0.272044 0.637563 0.720768
vn 0.270300 0.637818 0.721198
vn 0.645478 0.520265 0.559180
vn 0.654280 0.516095 0.552778
vn 0.905501 0.314631 0.284737
vn 0.901531 0.319704 0.291600
vn 0.996743 0.066385 -0.045792
vn 0.996685 0.058371 -0.056680
vn 0.904750 -0.185965 -0.383204
vn 0.903212 -0.187942 -0.385858
vn 0.795864 -0.294981 -0.528759
vn 0.795890 -0.294901 -0.528765
vn -0.480669 0.710095 -0.514512
vn -0.477278 0.656430 -0.584213
vn -0.478274 0.716798 -0.507400
vn -0.443583 0.799184 -0.405634
vn -0.476836 0.655681 -0.585414
vn -0.410158 0.568657 -0.713022
vn -0.312664 0.507209 -0.803107
vn -0.409408 0.567931 -0.714030
vn -0.307116 0.504853 -0.806723
vn -0.137462 0.458650 -0.877921
vn -0.131242 0.457873 -0.879277
vn 0.035586 0.456278 -0.889125
vn 0.026681 0.455362 -0.889907
vn 0.207976 0.484822 -0.849526
vn 0.350147 0.557112 -0.753010
vn 0.230694 0.490673 -0.840250
vn 0.351701 0.558870 -0.750980
vn 0.412125 0.644407 -0.644122
vn 0.416464 0.654592 -0.630925
vn 0.432697 0.738617 -0.516932
vn 0.431835 0.746546 -0.506150
vn 0.405171 0.815554 -0.413169
vn 0.401029 0.821885 -0.404574
vn 0.334717 0.890156 -0.309171
vn 0.342602 0.883975 -0.318137
vn 0.241290 0.940673 -0.238565
vn 0.237022 0.942333 -0.236282
vn 0.124270 0.973424 -0.192363
vn -0.003092 0.985322 -0.170678
vn 0.112027 0.975531 -0.189179
vn -0.019934 0.985228 -0.170087
vn -0.148897 0.972051 -0.181510
vn -0.166497 0.968526 -0.185028
vn -0.283579 0.930545 -0.231664
vn -0.294737 0.925455 -0.238039
vn -0.394672 0.859110 -0.325828
vn -0.392905 0.860834 -0.323404
vn -0.442696 0.800973 -0.403066
vn 0.691237 -0.414603 -0.591857
vn 0.734676 -0.384400 -0.559006
vn 0.738022 -0.381903 -0.556304
vn 0.691276 -0.414631 -0.591792
vn 0.804281 -0.348013 -0.481683
vn 0.797372 -0.350700 -0.491128
vn 0.856449 -0.330889 -0.396241
vn 0.902371 -0.315974 -0.293066
vn 0.864391 -0.328777 -0.380439
vn 0.910735 -0.312478 -0.270036
vn 0.945478 -0.286400 -0.155071
vn 0.940019 -0.292138 -0.176125
vn 0.965155 -0.253826 -0.063632
vn 0.978133 -0.203431 0.043258
vn 0.968480 -0.245108 -0.044362
vn 0.979199 -0.192125 0.065250
vn 0.973253 -0.139185 0.182771
vn 0.975579 -0.147422 0.162827
vn 0.953637 -0.086322 0.288313
vn 0.918479 -0.023126 0.394792
vn 0.949753 -0.077805 0.303176
vn 0.915637 -0.018933 0.401559
vn 0.855294 0.049465 0.515777
vn 0.773664 0.123860 0.621372
vn 0.857787 0.047164 0.511836
vn 0.776647 0.121298 0.618148
vn 0.662326 0.203089 0.721165
vn 0.665858 0.200072 0.718752
vn 0.532193 0.274394 0.800923
vn 0.370116 0.344948 0.862569
vn 0.532586 0.274307 0.800692
vn 0.382859 0.340219 0.858877
vn 0.231700 0.388297 0.891931
vn 0.065393 0.428074 0.901375
vn 0.212344 0.393329 0.894540
vn 0.033934 0.434609 0.899980
vn -0.132498 0.480224 0.867081
vn -0.104434 0.470647 0.876119
vn -0.267097 0.537022 0.800167
vn -0.385498 0.563968 0.730295
vn -0.281389 0.544631 0.790061
vn -0.396284 0.562396 0.725720
vn -0.487441 0.545562 0.681736
vn -0.487434 0.545548 0.681752
vn 0.139687 0.859532 -0.491623
vn 0.173670 0.871734 -0.458169
vn 0.209248 0.873070 -0.440414
vn 0.074435 0.842266 -0.533899
vn 0.056058 0.833453 -0.549739
vn 0.016888 0.817124 -0.576214
vn 0.014925 0.817056 -0.576365
vn -0.008077 0.802807 -0.596185
vn 0.019596 0.820159 -0.571800
vn 0.006640 0.813588 -0.581403
vn 0.118423 0.859996 -0.496369
vn 0.045104 0.833163 -0.551185
vn 0.056337 0.838700 -0.541671
vn 0.151217 0.868427 -0.472195
vn 0.070445 0.846335 -0.527972
vn 0.134548 0.863538 -0.486002
vn 0.041997 0.845438 -0.532420
vn 0.015987 0.841544 -0.539953
vn 0.031348 0.820065 -0.571411
vn -0.006660 0.816089 -0.577888
vn 0.053538 0.823702 -0.564490
vn 0.016986 0.805608 -0.592205
vn 0.067454 0.839180 -0.539655
vn 0.141368 0.863466 -0.484191
vn 0.205631 0.878788 -0.430637
vn 0.145722 0.864189 -0.481603
vn 0.075821 0.843126 -0.532344
vn 0.211842 0.880475 -0.424131
vn 0.210948 0.880624 -0.424267
vn 0.253274 0.887166 -0.385731
vn 0.251093 0.887264 -0.386930
vn 0.237882 0.887246 -0.395230
vn 0.256564 0.889408 -0.378322
vn 0.258107 0.888455 -0.379510
vn 0.259139 0.887690 -0.380597
vn 0.254240 0.886609 -0.386375
vn 0.260592 0.886948 -0.381333
vn 0.261171 0.887252 -0.380228
vn 0.264608 0.885404 -0.382156
vn 0.256028 0.885664 -0.387362
vn 0.251548 0.884797 -0.392247
vn 0.212274 0.881046 -0.422726
vn 0.265858 0.884724 -0.382863
vn 0.265893 0.885168 -0.381811
vn 0.267858 0.883375 -0.384580
vn 0.273789 0.879991 -0.388144
vn 0.236343 0.881782 -0.408170
vn 0.197629 0.879129 -0.433677
vn 0.265559 0.874933 -0.404933
vn 0.255013 0.891110 -0.375355
vn 0.250159 0.893657 -0.372556
vn 0.218397 0.887292 -0.406221
vn 0.186967 0.878605 -0.439428
vn 0.146960 0.872321 -0.466325
vn 0.081172 0.851620 -0.517836
vn 0.062894 0.843279 -0.533783
vn 0.005164 0.821662 -0.569952
vn 0.009441 0.818482 -0.574455
vn 0.032428 0.829279 -0.557893
vn 0.112636 0.856094 -0.504397
vn 0.034332 0.830686 -0.555682
vn 0.042676 0.834029 -0.550067
vn 0.058813 0.840210 -0.539062
vn 0.270671 -0.492798 -0.826975
vn 0.067096 -0.523099 -0.849627
vn 0.089786 -0.520856 -0.848910
vn 0.270696 -0.492828 -0.826949
vn -0.396907 -0.486975 -0.778023
vn -0.426583 -0.479395 -0.766947
vn -0.822652 -0.282532 -0.493376
vn -0.842556 -0.264588 -0.469139
vn -0.992670 -0.009852 -0.120457
vn -0.995406 0.008544 -0.095360
vn -0.919648 0.287729 0.267319
vn -0.910324 0.301399 0.283670
vn -0.825949 0.397392 0.399860
vn -0.825990 0.397441 0.399726
vn -0.771132 0.400145 0.495217
vn -0.858837 0.334303 0.388124
vn -0.771143 0.400159 0.495189
vn -0.864061 0.329547 0.380523
vn -0.991824 0.108779 0.066719
vn -0.994459 0.093848 0.047359
vn -0.937310 -0.173905 -0.302005
vn -0.923490 -0.195528 -0.330053
vn -0.647351 -0.427001 -0.631353
vn -0.678837 -0.409972 -0.609183
vn -0.213392 -0.545290 -0.810631
vn -0.213384 -0.545289 -0.810634
vn 0.245955 -0.519516 -0.818297
vn 0.254375 -0.517890 -0.816752
vn 0.460374 -0.464356 -0.756590
vn 0.460329 -0.464319 -0.756640
vn 0.747402 -0.486062 0.452917
vn 0.807604 -0.510563 0.295129
vn 0.733447 -0.462910 0.497765
vn 0.462366 -0.635206 0.618653
vn 0.580872 -0.716429 0.386416
vn 0.172846 -0.769503 0.614809
vn 0.184769 -0.893161 0.410028
vn 0.622934 -0.742752 0.245506
vn 0.817790 -0.530281 0.223654
vn 0.823989 -0.543706 0.159456
vn 0.829411 -0.549568 0.100258
vn 0.629974 -0.759569 0.161829
vn 0.195416 -0.947964 0.251350
vn 0.201158 -0.968312 0.148011
vn 0.644815 -0.759046 0.089796
vn 0.223383 -0.972305 0.068717
vn 0.637162 -0.768723 0.055584
vn 0.832506 -0.549713 0.068915
vn 0.845213 -0.529026 0.075800
vn 0.694924 -0.717449 0.048451
vn 0.867722 -0.493776 0.056952
vn 0.806927 -0.590310 0.020039
vn 0.724108 -0.689281 -0.023636
vn 0.530647 -0.847429 -0.016662
vn 0.214233 -0.976771 0.004865
vn 0.190062 -0.974764 -0.117095
vn 0.529062 -0.844066 -0.087440
vn 0.708059 -0.704777 -0.044076
vn 0.189162 -0.981823 -0.015531
vn 0.520749 -0.850612 -0.072662
vn 0.710000 -0.704096 0.012231
vn 0.974081 -0.216026 0.067076
vn 0.426542 0.837195 0.342297
vn 0.329283 0.812371 0.481275
vn 0.661971 -0.695933 0.278335
vn 0.460299 0.869890 0.177248
vn 0.518602 0.854827 0.017979
vn 0.158172 0.987411 0.000519
vn 0.131316 0.978669 0.157998
vn 0.046761 0.966108 0.253867
vn 0.101549 0.955054 0.278495
vn 0.071869 0.987968 0.136946
vn 0.094195 0.995350 -0.020127
vn 0.074758 0.662506 -0.745317
vn 0.053470 0.455563 -0.888596
vn 0.177823 0.641375 -0.746335
vn 0.182953 0.486860 -0.854105
vn 0.530800 0.426365 -0.732437
vn 0.495956 0.325040 -0.805218
vn 0.941125 -0.217815 -0.258536
vn 0.977759 -0.209438 0.011086
vn 0.921932 -0.197827 -0.333026
vn 0.994524 -0.094738 0.044127
vn 0.966425 -0.252828 0.045833
vn 0.966623 -0.252330 0.044384
vn 0.782398 0.075248 -0.618216
vn 0.079016 0.372275 -0.924753
vn 0.972470 -0.224342 0.063026
vn 0.976904 -0.195691 0.085815
vn 0.973242 -0.220458 0.064798
vn 0.977207 -0.192934 0.088565
vn 0.976075 -0.174866 0.129223
vn 0.975969 -0.174663 0.130298
vn 0.967222 -0.178823 0.180287
vn 0.968038 -0.178419 0.176267
vn 0.955010 -0.175456 0.239103
vn 0.928423 -0.142896 0.342945
vn 0.930325 -0.144792 0.336942
vn 0.954959 -0.175352 0.239383
vn 0.890814 -0.119284 0.438431
vn 0.832362 -0.086049 0.547512
vn 0.831178 -0.085213 0.549437
vn 0.887374 -0.117806 0.445746
vn 0.754015 -0.042444 0.655484
vn 0.751535 -0.041428 0.658391
vn 0.653066 0.000880 0.757300
vn 0.657540 -0.001015 0.753419
vn 0.601107 0.022414 0.798854
vn 0.601107 0.022400 0.798855
vn 0.044609 0.934061 0.354317
vn 0.089232 0.909040 0.407042
vn 0.182668 0.691051 0.699343
vn 0.020665 0.683487 0.729670
vn -0.094337 0.238456 0.966561
vn -0.094095 0.238584 0.966552
vn 0.581450 0.048850 0.812114
vn 0.259107 0.549163 0.794534
vn 0.120004 0.821968 0.556747
vn 0.066687 0.799954 0.596344
vn -0.050697 0.790256 0.610676
vn 0.087459 0.572711 0.815078
vn 0.248009 0.141096 0.958428
vn 0.455835 0.075482 0.886858
vn 0.021167 0.574519 0.818218
vn -0.007427 0.556668 0.830702
vn 0.215839 0.160254 0.963189
vn -0.120583 0.783079 0.610121
vn -0.175561 0.760315 0.625380
vn -0.188116 0.737047 0.649134
vn -0.002337 0.548452 0.836179
vn 0.298322 0.123066 0.946498
vn 0.015642 0.533176 0.845860
vn 0.242192 0.148051 0.958866
vn -0.195639 0.721007 0.664736
vn 0.358315 0.099425 0.928291
vn 0.032540 0.527122 0.849166
vn 0.420577 0.079820 0.903739
vn 0.045977 0.522162 0.851606
vn -0.200198 0.705847 0.679486
vn -0.204388 0.686730 0.697587
vn 0.035160 0.529207 0.847764
vn -0.200739 0.666820 0.717673
vn -0.093516 0.605247 0.790526
vn -0.195034 0.655743 0.729358
vn -0.188772 0.620004 0.761551
vn 0.623039 -0.059639 0.779914
vn 0.576087 -0.000376 0.817388
vn 0.489050 0.062829 0.869990
vn 0.549871 -0.732316 0.401691
vn 0.443963 -0.559817 0.699644
vn 0.560739 -0.533498 0.633207
vn 0.451623 -0.468485 0.759315
vn 0.354771 -0.435580 0.827289
vn 0.374557 -0.457508 0.806470
vn 0.346840 -0.392534 0.851833
vn 0.295785 -0.382385 0.875381
vn 0.103726 -0.395681 0.912512
vn 0.242587 -0.304013 0.921264
vn 0.249648 -0.578973 0.776187
vn 0.347565 -0.325863 0.879211
vn 0.399022 -0.386650 0.831434
vn 0.416579 -0.335669 0.844860
vn 0.370647 -0.275742 0.886897
vn 0.531216 -0.312581 0.787466
vn 0.601617 -0.323495 0.730348
vn 0.409643 -0.282775 0.867313
vn 0.242561 -0.281595 0.928369
vn 0.252715 -0.251001 0.934416
vn 0.021122 -0.310650 0.950290
vn 0.047839 -0.339072 0.939543
vn -0.195720 -0.467130 0.862255
vn -0.262225 -0.445329 0.856108
vn -0.555342 -0.605081 0.570502
vn -0.598772 -0.660518 0.452977
vn -0.306923 -0.556710 0.771927
vn -0.143928 -0.979666 -0.139784
vn 0.004239 -0.458442 0.888714
vn -0.300928 -0.941634 -0.150891
vn -0.038365 -0.891095 -0.452193
vn -0.337076 -0.937078 -0.090911
vn 0.018689 -0.956426 -0.291375
vn 0.003879 -0.851554 -0.524252
vn 0.101440 -0.990671 -0.090994
vn 0.298274 -0.123344 -0.946477
vn 0.122597 -0.841521 -0.526130
vn 0.052613 -0.054666 -0.997118
vn 0.207985 -0.832985 -0.512717
vn -0.150061 -0.094369 -0.984163
vn 0.321201 -0.944146 -0.073606
vn 0.500383 -0.863035 -0.069189
vn 0.284160 -0.391135 0.875367
vn 0.544072 -0.387682 0.744103
vn 0.724692 -0.477636 0.496674
vn 0.453976 -0.280976 0.845552
vn 0.663898 -0.361178 0.654821
vn 0.775221 -0.442406 0.450898
vn 0.777437 -0.570665 0.264449
vn 0.555462 -0.829743 -0.054664
vn 0.550389 -0.831744 -0.072614
vn 0.749911 -0.650704 0.119239
vn 0.556606 -0.830130 -0.032756
vn 0.767445 -0.625293 0.141547
vn 0.703071 -0.708206 0.064300
vn 0.798173 -0.547855 0.250548
vn 0.802991 -0.511969 0.305112
vn 0.764003 -0.415106 0.493950
vn 0.726869 -0.391281 0.564412
vn 0.795236 -0.573625 0.196352
vn 0.815544 -0.485407 0.315068
vn 0.800066 -0.452061 0.394379
vn 0.791854 -0.405270 0.456862
vn 0.822289 -0.457918 0.337863
vn 0.839214 -0.427629 0.335935
vn 0.819930 -0.530273 0.215697
vn 0.852722 -0.476304 0.214475
vn 0.810873 -0.571942 0.123965
vn 0.854214 -0.510603 0.097992
vn 0.889951 -0.419927 0.177899
vn 0.867423 -0.390873 0.307891
vn 0.863172 -0.317838 0.392318
vn 0.810834 -0.393778 0.432998
vn 0.835883 -0.355755 0.418017
vn 0.900994 -0.347430 0.259813
vn 0.971865 -0.169405 0.163645
vn 0.919649 -0.368645 0.135453
vn 0.945902 -0.116600 0.302776
vn 0.912677 -0.071795 0.402326
vn 0.896931 0.020636 0.441689
vn 0.819441 -0.280491 0.499841
vn 0.794427 -0.308434 0.523215
vn 0.786855 -0.254594 0.562175
vn 0.765835 -0.284024 0.576911
vn 0.704953 -0.309856 0.637989
vn 0.742778 -0.298419 0.599356
vn 0.665266 -0.445928 0.598807
vn 0.677115 -0.451794 0.580860
vn 0.670396 -0.333074 0.663046
vn 0.691377 -0.441360 0.572013
vn 0.686483 -0.368503 0.626854
vn 0.776855 -0.319722 0.542470
vn 0.698182 -0.443561 0.561957
vn 0.651545 -0.748281 0.124761
vn 0.422306 -0.880039 0.217231
vn 0.580096 -0.807475 0.107113
vn 0.239967 -0.917903 0.316021
vn 0.178824 -0.844219 0.505289
vn 0.197702 -0.716405 0.669087
vn 0.085656 -0.537162 0.839119
vn 0.001234 -0.336912 0.941535
vn 0.704490 -0.356443 0.613712
vn 0.700757 -0.365475 0.612673
vn 0.791030 -0.353283 0.499462
vn 0.708823 -0.323806 0.626673
vn 0.710753 -0.341624 0.614918
vn 0.765687 -0.370395 0.525862
vn 0.436670 0.112500 0.892560
vn 0.735838 -0.361765 0.572424
vn 0.303783 0.039030 0.951941
vn 0.138330 -0.136765 0.980898
vn 0.438476 0.151801 0.885830
vn 0.745623 -0.385909 0.543250
vn 0.696759 -0.350165 0.626029
vn 0.666798 -0.358165 0.653527
vn 0.612625 -0.361732 0.702738
vn 0.391246 0.179247 0.902661
vn 0.399540 0.194274 0.895894
vn 0.534854 0.313553 0.784612
vn 0.696345 0.374253 0.612404
vn 0.618810 -0.246446 0.745881
vn 0.618196 -0.241213 0.748098
vn 0.555383 -0.361246 0.749033
vn 0.642840 -0.244870 0.725807
vn 0.486332 -0.352247 0.799627
vn 0.920729 0.038249 0.388324
vn 0.943016 -0.211617 0.256787
vn 0.602416 -0.362087 0.711328
vn 0.473634 -0.388618 0.790346
vn 0.575506 -0.414021 0.705251
vn 0.479199 -0.403488 0.779465
vn 0.553314 -0.385525 0.738386
vn 0.593197 -0.422330 0.685387
vn 0.591626 -0.393161 0.703849
vn 0.900600 -0.433198 0.035485
vn 0.770614 -0.635342 0.049944
vn 0.653060 -0.722340 0.227461
vn 0.651444 -0.731007 0.203098
vn 0.636913 -0.406429 0.655101
vn 0.614585 -0.361664 0.701060
vn 0.391650 -0.415275 0.821070
vn 0.852318 0.228939 0.470256
vn 0.968272 -0.243055 0.058079
vn 0.921964 -0.387000 0.014632
vn 0.893586 -0.445558 0.054604
vn 0.883293 -0.463700 -0.069115
vn 0.853451 -0.521042 -0.011698
vn 0.797495 -0.602476 -0.032011
vn 0.847355 -0.520691 -0.104259
vn 0.804698 -0.591967 0.045120
vn 0.736917 -0.675981 -0.001939
vn 0.750334 -0.658521 0.057867
vn 0.697772 -0.714747 0.047449
vn 0.770504 -0.626601 0.117023
vn 0.729225 -0.678285 0.090330
vn 0.658174 -0.751554 0.044429
vn 0.638727 -0.768852 0.029898
vn 0.560392 -0.827952 0.021361
vn 0.567375 -0.823457 -0.002073
vn 0.555872 -0.830808 0.027657
vn 0.258739 -0.965871 -0.012113
vn -0.737339 -0.658826 -0.149261
vn 0.219775 -0.965219 -0.141603
vn -0.777809 -0.622005 -0.090128
vn 0.276266 -0.959443 0.056082
vn -0.748688 -0.629838 0.206809
vn -0.748674 -0.629857 0.206803
vn 0.235766 -0.968306 0.082453
vn 0.550789 -0.834569 0.011211
vn -0.820587 -0.571280 -0.016644
vn 0.564681 -0.823735 -0.050947
vn 0.635812 -0.771680 -0.015917
vn 0.676226 -0.736634 -0.009376
vn 0.730923 -0.662466 -0.163980
vn 0.735105 -0.652478 -0.184101
vn 0.623054 -0.779821 -0.060690
vn 0.546317 -0.832498 -0.092113
vn 0.602737 -0.787043 -0.131419
vn 0.736072 -0.653583 -0.176145
vn 0.737419 -0.650651 -0.181289
vn 0.790707 -0.435233 -0.430528
vn 0.857495 -0.382538 -0.344044
vn 0.897269 -0.371973 -0.237791
vn 0.766065 -0.613575 -0.191496
vn 0.923675 -0.366051 -0.113271
vn 0.752393 -0.602117 -0.267133
vn 0.905891 -0.423510 0.000418
vn 0.871145 -0.489243 0.041794
vn 0.758039 -0.572959 -0.311600
vn 0.770115 -0.553219 -0.317604
vn 0.755434 -0.654231 0.036081
vn 0.756823 -0.581554 -0.298353
vn 0.641005 -0.766105 -0.046863
vn 0.548278 -0.823305 -0.146832
vn 0.761261 -0.579514 -0.290938
vn 0.752630 -0.602775 -0.264971
vn 0.473752 -0.826906 -0.302961
vn 0.749779 -0.620635 -0.229445
vn 0.490379 -0.765668 -0.416270
vn 0.558415 -0.662429 -0.499360
vn 0.665824 -0.548358 -0.505946
vn 0.742537 -0.635725 -0.210931
vn 0.865743 -0.462109 -0.192209
vn 0.842968 -0.408722 -0.349787
vn 0.876898 -0.442622 -0.187442
vn 0.907640 -0.404352 -0.112650
vn 0.921535 -0.161256 -0.353229
vn 0.961919 -0.135350 -0.237470
vn 0.975497 -0.206845 -0.074970
vn 0.921289 -0.161912 -0.353569
vn 0.861659 -0.241527 -0.446328
vn 0.795921 -0.430712 -0.425438
vn 0.800630 -0.225834 -0.554970
vn 0.703946 -0.244237 -0.666940
vn 0.736102 -0.450509 -0.505170
vn 0.632670 -0.595028 -0.495651
vn 0.614336 -0.512266 -0.600145
vn 0.616689 -0.292721 -0.730759
vn 0.527607 -0.557042 -0.641354
vn 0.540548 -0.642583 -0.543043
vn 0.411458 -0.675767 -0.611590
vn 0.402686 -0.771073 -0.493245
vn 0.528363 -0.733558 -0.427464
vn 0.599131 -0.696086 -0.395609
vn 0.571522 -0.779441 -0.256582
vn 0.496965 -0.843940 -0.201967
vn 0.439901 -0.857912 -0.265468
vn 0.241457 -0.968150 0.066211
vn -0.570254 -0.661016 0.487717
vn 0.225459 -0.973940 0.024669
vn -0.501871 -0.660098 0.558924
vn 0.209159 -0.977633 -0.022060
vn -0.341015 -0.653792 0.675474
vn -0.341020 -0.653775 0.675488
vn 0.364566 -0.860684 -0.355409
vn 0.259914 -0.795193 -0.547826
vn 0.238430 -0.879476 -0.411914
vn 0.095908 -0.896237 -0.433083
vn 0.161696 -0.985213 -0.056648
vn 0.112324 -0.811359 -0.573655
vn -0.023497 -0.716618 -0.697070
vn -0.031001 -0.826915 -0.561471
vn 0.118587 -0.706525 -0.697681
vn 0.260585 -0.620915 -0.739297
vn 0.263050 -0.694484 -0.669699
vn 0.116840 -0.630663 -0.767211
vn -0.025515 -0.634409 -0.772577
vn 0.099324 -0.420856 -0.901673
vn 0.243004 -0.444753 -0.862058
vn 0.392105 -0.401944 -0.827463
vn 0.520463 -0.338926 -0.783740
vn 0.400281 -0.597024 -0.695225
vn -0.026522 -0.340486 -0.939875
vn -0.140833 -0.233961 -0.961992
vn -0.154891 -0.629003 -0.761817
vn -0.253877 -0.204474 -0.945377
vn -0.356789 -0.224682 -0.906763
vn -0.261536 -0.613942 -0.744764
vn -0.351123 -0.667767 -0.656354
vn -0.259976 -0.704661 -0.660201
vn -0.159282 -0.720177 -0.675259
vn -0.369994 -0.584748 -0.721924
vn -0.447899 -0.108626 -0.887461
vn -0.490927 -0.540074 -0.683602
vn -0.469823 0.153655 -0.869285
vn -0.467047 -0.629347 -0.621120
vn -0.554803 -0.613379 -0.562103
vn -0.603047 -0.515234 -0.608989
vn -0.616574 -0.617705 -0.488135
vn -0.681001 -0.476050 -0.556430
vn -0.700986 -0.636138 -0.322408
vn -0.445512 0.354928 -0.821916
vn -0.774021 -0.491950 -0.398592
vn -0.452631 0.444621 -0.772941
vn -0.839061 -0.462049 -0.287205
vn -0.776965 -0.581726 -0.240666
vn -0.851487 -0.519521 -0.071182
vn -0.732723 -0.664041 -0.148880
vn -0.893753 -0.409465 -0.183150
vn -0.668986 -0.711002 -0.216643
vn -0.584714 -0.804878 -0.101395
vn -0.614719 -0.737746 -0.279019
vn -0.540076 -0.813754 -0.214761
vn -0.499623 -0.852203 -0.155331
vn -0.449491 -0.865070 -0.222738
vn -0.451878 -0.887511 -0.090175
vn -0.343281 -0.933195 -0.106324
vn -0.408024 -0.894287 -0.183758
vn -0.331532 -0.910098 -0.248611
vn -0.375512 -0.877599 -0.298010
vn -0.266401 -0.891162 -0.367233
vn -0.343013 -0.851149 -0.397349
vn -0.511376 -0.771481 -0.378565
vn -0.506952 -0.759648 -0.407350
vn -0.500448 -0.781174 -0.373254
vn -0.507847 -0.779729 -0.366216
vn -0.523404 -0.760406 -0.384487
vn -0.517468 -0.749123 -0.413571
vn -0.639977 -0.663167 -0.388122
vn -0.493304 -0.742692 -0.452835
vn -0.487729 -0.738136 -0.466128
vn -0.499468 -0.733784 -0.460535
vn -0.392435 -0.688145 -0.610288
vn -0.512140 -0.724717 -0.460974
vn -0.507855 -0.736431 -0.446937
vn -0.348684 -0.779766 -0.519984
vn -0.260519 -0.827264 -0.497759
vn -0.171032 -0.837870 -0.518384
vn -0.036708 -0.911172 -0.410387
vn -0.152322 -0.916788 -0.369185
vn -0.213086 -0.950848 -0.224684
vn -0.011752 -0.999781 0.017309
vn 0.016399 -0.999144 -0.037977
vn 0.059486 -0.996364 -0.060992
vn 0.508039 -0.447122 0.736192
vn 0.364341 -0.487554 0.793440
vn 0.364335 -0.487534 0.793455
vn 0.508033 -0.447105 0.736206
vn 0.108539 -0.992144 -0.062206
vn 0.189351 -0.546863 0.815528
vn 0.189350 -0.546862 0.815530
vn 0.018556 -0.617276 0.786528
vn 0.018554 -0.617284 0.786522
vn 0.586354 -0.458541 0.667779
vn -0.046666 -0.997686 0.049437
vn -0.268517 -0.950100 -0.158772
vn -0.097424 -0.993899 0.051705
vn 0.586355 -0.458547 0.667775
vn 0.670566 -0.492141 0.555102
vn 0.670563 -0.492149 0.555099
vn 0.768566 -0.449003 0.455745
vn -0.069225 -0.995799 0.059935
vn -0.016460 -0.999072 0.039792
vn 0.819369 -0.428599 0.380707
vn -0.307739 -0.951220 -0.021845
vn -0.306532 -0.951006 -0.040320
vn -0.476919 -0.878317 -0.033279
vn -0.536176 -0.843491 0.032207
vn -0.569148 -0.822234 0.000900
vn -0.660511 -0.748397 0.060231
vn -0.704962 -0.706631 -0.060837
vn -0.602124 -0.791343 0.105934
vn -0.658420 -0.700562 0.275131
vn -0.651182 -0.738117 0.176482
vn -0.637812 -0.749329 0.178051
vn -0.664193 -0.718857 0.205164
vn -0.725938 -0.675909 0.127124
vn -0.626012 -0.704452 0.334450
vn -0.504143 -0.633515 0.586939
vn -0.370780 -0.718466 0.588497
vn -0.559687 -0.759381 0.331800
vn -0.237462 -0.931928 0.274086
vn -0.558792 -0.814251 0.157310
vn -0.730802 -0.659823 0.174818
vn -0.834293 -0.530747 0.149208
vn -0.894736 -0.426603 0.132125
vn -0.839032 -0.532800 0.110227
vn -0.899930 -0.435897 0.010914
vn -0.809078 -0.587686 0.004161
vn -0.935630 -0.344796 0.075578
vn -0.969542 -0.204885 0.134205
vn -0.989860 -0.124519 0.068353
vn -0.969683 -0.244233 -0.008032
vn -0.936049 -0.339177 -0.093656
vn -0.679925 0.584264 -0.443100
vn -0.653906 0.541121 -0.528767
vn -0.612273 0.511044 -0.603288
vn -0.562442 0.482614 -0.671374
vn -0.506411 0.465324 -0.725963
vn -0.699261 0.616303 -0.362221
vn -0.991253 -0.004341 0.131902
vn -0.778337 0.594641 -0.201481
vn -0.852857 0.520396 -0.042711
vn -0.975316 0.128397 0.179646
vn -0.981787 -0.065783 0.178232
vn -0.974221 0.093791 0.205175
vn -0.947994 0.244177 0.204168
vn -0.949477 0.223481 0.220339
vn -0.980597 -0.095618 0.171132
vn -0.957116 0.196516 0.212862
vn -0.979521 0.078253 0.185514
vn -0.985451 0.074786 0.152623
vn -0.982087 -0.116164 0.148364
vn -0.961990 0.192338 0.193860
vn -0.969941 0.192751 0.148532
vn -0.991253 0.101296 0.084591
vn -0.976237 0.201683 0.079285
vn -0.994357 0.105799 0.007812
vn -0.978255 0.207395 0.002246
vn -0.992919 0.107822 -0.049868
vn -0.977694 0.201579 -0.058993
vn -0.994470 0.094694 -0.045405
vn -0.980285 0.191412 -0.049010
vn -0.984215 0.176964 -0.002070
vn -0.997573 0.069605 0.001885
vn -0.990887 -0.133721 0.016178
vn -0.984591 0.171593 0.033713
vn -0.985771 -0.147774 0.080115
vn -0.995480 0.041960 0.085197
vn -0.973344 0.053301 0.223069
vn -0.970647 -0.145328 0.191635
vn -0.974734 0.167644 0.147611
vn -0.957979 0.162997 0.236025
vn -0.919959 0.167937 0.354221
vn -0.903837 0.047088 0.425277
vn -0.818311 0.175413 0.547355
vn -0.742372 0.158960 0.650857
vn -0.787127 0.040653 0.615450
vn -0.568768 0.136659 0.811066
vn -0.442410 0.122337 0.888430
vn -0.636366 0.037161 0.770492
vn -0.472570 0.072486 0.878307
vn -0.502850 -0.099942 0.858576
vn -0.401129 -0.208073 0.892077
vn -0.569010 -0.306577 0.763045
vn -0.681409 -0.165761 0.712885
vn -0.812509 -0.205831 0.545402
vn -0.712541 -0.419872 0.562132
vn -0.926149 -0.124813 0.355907
vn -0.878341 -0.344883 0.331017
vn -0.785199 -0.510576 0.350391
vn -0.917894 -0.353734 0.179839
vn -0.815835 -0.547505 0.186153
vn -0.933200 -0.349271 0.084546
vn -0.827376 -0.554536 0.089103
vn -0.941060 -0.336938 0.029648
vn -0.994029 -0.105869 -0.026434
vn -0.945972 -0.324151 -0.007942
vn -0.829894 -0.556681 0.037182
vn -0.636444 -0.764822 0.099932
vn -0.624535 -0.779934 0.040729
vn -0.822729 -0.568430 0.001744
vn -0.948461 -0.316095 -0.022497
vn -0.800088 -0.599260 -0.027322
vn -0.592580 -0.805506 -0.003055
vn -0.246676 -0.967850 0.049172
vn -0.164466 -0.980647 -0.106220
vn -0.206766 -0.978363 -0.007287
vn -0.527900 -0.846673 -0.066834
vn -0.772702 -0.634621 -0.013688
vn -0.472316 -0.880743 -0.034788
vn -0.134290 -0.988705 -0.066550
vn -0.780138 -0.620684 0.078339
vn -0.939060 -0.313625 0.140730
vn -0.941544 -0.329169 0.071711
vn -0.991590 -0.099329 0.082964
vn -0.947002 -0.321221 0.002134
vn -0.996441 -0.083829 0.008840
vn -0.995708 -0.085388 -0.035696
vn -0.952806 -0.260764 0.155442
vn -0.275688 -0.953289 0.123437
vn -0.289464 -0.929566 0.228294
vn -0.633381 -0.747384 0.200614
vn -0.305839 -0.868023 0.391152
vn -0.614624 -0.697959 0.367547
vn -0.304881 -0.748554 0.588824
vn -0.062892 -0.570738 0.818720
vn -0.544113 -0.594131 0.592410
vn -0.398420 -0.437316 0.806236
vn -0.051249 -0.385162 0.921425
vn -0.273106 -0.297138 0.914944
vn 0.215432 -0.351918 0.910902
vn 0.325626 -0.481766 0.813553
vn 0.398749 -0.234884 0.886470
vn 0.348337 -0.223102 0.910432
vn 0.508578 -0.324114 0.797683
vn 0.590645 -0.380950 0.711348
vn 0.075440 -0.840609 0.536364
vn -0.081655 -0.538572 0.838614
vn 0.377232 -0.847307 0.373854
vn -0.313397 -0.948738 -0.040974
vn 0.014263 -0.996541 -0.081868
vn 0.912733 -0.396102 -0.100108
vn 0.890602 -0.343850 -0.297649
vn 0.879230 -0.427587 0.210056
vn -0.193653 -0.661292 0.724701
vn -0.193650 -0.661318 0.724678
vn -0.638499 -0.654698 0.404585
vn -0.566131 -0.603341 -0.561671
vn 0.232005 -0.933152 -0.274592
vn -0.564685 -0.647803 -0.511354
vn 0.278608 -0.882262 -0.379461
vn -0.488794 -0.474141 -0.732305
vn -0.336562 -0.297026 -0.893589
vn 0.249514 -0.833769 -0.492515
vn 0.534743 -0.203541 -0.820135
vn 0.702987 -0.239198 -0.669771
vn 0.527808 0.785935 -0.322062
vn 0.466545 0.823720 -0.322212
vn 0.461801 0.826759 -0.321262
vn 0.532528 0.783209 -0.320932
vn 0.589669 0.753245 -0.291399
vn 0.598173 0.749250 -0.284278
vn -0.340899 0.935403 -0.093858
vn -0.357008 0.929783 -0.089719
vn -0.586572 0.809514 0.024911
vn -0.710916 0.702771 0.026653
vn -0.573964 0.818499 0.025005
vn 0.433061 0.901138 0.020203
vn 0.457810 0.888827 0.019920
vn 0.616724 0.786971 0.018114
vn 0.617305 0.786530 0.017484
vn 0.406164 0.865608 -0.292838
vn 0.409904 0.862885 -0.295650
vn 0.370467 0.894702 -0.249524
vn 0.371605 0.893427 -0.252382
vn 0.345514 0.919939 -0.185291
vn 0.338340 0.931447 -0.133914
vn 0.347291 0.918215 -0.190447
vn 0.338392 0.931228 -0.135300
vn 0.332614 0.939237 -0.084862
vn 0.331356 0.940312 -0.077561
vn 0.327583 0.944411 -0.027883
vn 0.327618 0.944396 -0.027982
vn 0.330035 0.943966 0.002347
vn 0.338869 0.940333 0.030677
vn 0.330499 0.943798 0.003853
vn 0.339533 0.940046 0.032119
vn 0.340865 0.939449 0.035308
vn 0.341047 0.939375 0.035525
vn -0.681621 0.446692 0.579533
vn -0.779005 0.471202 0.413666
vn -0.782763 0.471860 0.405747
vn -0.678860 0.445872 0.583393
vn -0.558537 0.414450 0.718517
vn -0.549990 0.412449 0.726221
vn -0.334826 0.369063 0.866997
vn -0.236125 0.351648 0.905863
vn -0.339936 0.369870 0.864662
vn -0.236123 0.351649 0.905864
vn -0.856966 0.454470 0.243036
vn -0.892918 0.434369 0.118409
vn -0.857195 0.454246 0.242646
vn -0.891124 0.434998 0.129128
vn -0.895784 0.443294 0.032589
vn -0.885103 0.464594 -0.027283
vn -0.895927 0.442922 0.033689
vn -0.884817 0.465058 -0.028639
vn -0.889802 0.450909 -0.070243
vn -0.161475 0.983230 -0.084761
vn -0.190095 0.977819 -0.087941
vn -0.898744 0.431730 -0.076610
vn 0.317404 0.946177 -0.063275
vn 0.333412 0.941149 -0.055452
vn 0.327790 0.942764 -0.061235
vn 0.333865 0.941006 -0.055160
vn 0.331939 0.942433 -0.040443
vn 0.332180 0.942327 -0.040944
vn 0.332659 0.942733 -0.024353
vn 0.335452 0.941839 -0.020269
vn 0.354732 0.934966 -0.002105
vn 0.398983 0.916660 0.023386
vn 0.396307 0.917853 0.022064
vn 0.355321 0.934743 -0.001581
vn 0.455460 0.889575 0.034812
vn 0.457268 0.888636 0.035106
vn 0.508740 0.860390 0.030214
vn 0.522439 0.852342 0.023879
vn 0.579352 0.815065 -0.004464
vn 0.584562 0.811316 -0.007310
vn 0.610370 0.791822 -0.021624
vn 0.610371 0.791821 -0.021619
vn 0.297574 0.953086 -0.055477
vn -0.197745 0.979191 -0.045622
vn 0.285418 0.957332 -0.045305
vn 0.271889 0.961705 -0.034637
vn -0.212513 0.977158 -0.001078
vn -0.894301 0.441782 0.071094
vn -0.898309 0.439323 -0.005926
vn -0.213546 0.976056 0.041393
vn -0.872307 0.456981 0.173923
vn -0.887335 0.439724 0.138851
vn 0.266129 0.963681 -0.022218
vn 0.267924 0.963168 -0.022898
vn -0.871968 0.457828 0.173396
vn -0.872348 0.453992 0.181383
vn -0.873390 0.449705 0.186962
vn -0.876900 0.433362 0.207952
vn -0.876815 0.433427 0.208177
vn 0.276832 0.960914 -0.002683
vn 0.276927 0.960879 0.004878
vn 0.277278 0.959849 0.042501
vn 0.276663 0.921282 0.273309
vn 0.277781 0.958725 0.060692
vn 0.690414 0.723330 0.011055
vn 0.690429 0.723315 0.011069
vn 0.690418 0.723327 0.011057
vn 0.690420 0.723324 0.011060
vn 0.655266 0.755223 0.016270
vn 0.655280 0.755211 0.016293
vn 0.655389 0.755112 0.016471
vn 0.655256 0.755232 0.016251
vn 0.787847 -0.615459 -0.022529
vn 0.787847 -0.615459 -0.022529
vn 0.787847 -0.615459 -0.022529
vn 0.787648 -0.615729 -0.022121
vn 0.787648 -0.615729 -0.022121
vn 0.787648 -0.615729 -0.022121
vn -0.720907 0.692417 0.029206
vn -0.720720 0.692634 0.028648
vn -0.720833 0.692502 0.028985
vn -0.720839 0.692496 0.029001
vn 0.341207 0.939839 0.016751
vn 0.341207 0.939839 0.016751
vn 0.341207 0.939839 0.016751
vn 0.993126 0.116866 -0.006561
vn 0.993128 0.116847 -0.006553
vn 0.882772 -0.469747 -0.007219
vn 0.910902 -0.412533 -0.008613
vn 0.802288 -0.596872 -0.008843
vn 0.801349 -0.598156 -0.007004
vn 0.812850 -0.581668 -0.030611
vn -0.255205 -0.754167 -0.605064
vn -0.273127 -0.851132 -0.448304
vn -0.280175 -0.901944 -0.328633
vn -0.255152 -0.754186 -0.605063
vn -0.295234 -0.955360 -0.011139
vn -0.298177 -0.954464 0.009391
vn -0.299883 -0.953404 0.033017
vn -0.299988 -0.953371 0.033034
vn -0.299156 -0.953324 0.040974
vn -0.299184 -0.953312 0.041049
vn -0.303410 -0.951841 0.044067
vn -0.303674 -0.951753 0.044137
vn -0.312309 -0.948276 0.056878
vn -0.312051 -0.948462 0.055179
vn -0.318897 -0.945510 0.065698
vn -0.321751 -0.944568 0.065326
vn -0.329286 -0.942105 0.063314
vn -0.327105 -0.942841 0.063665
vn -0.333708 -0.940789 0.059622
vn -0.334032 -0.940741 0.058550
vn -0.337748 -0.939697 0.053808
vn -0.337899 -0.939666 0.053402
vn -0.341376 -0.938896 0.043996
vn -0.341169 -0.938957 0.044314
vn -0.352129 -0.935613 0.025169
vn -0.353369 -0.935162 0.024535
vn -0.371161 -0.928557 0.004680
vn -0.411121 -0.911405 -0.017878
vn -0.409022 -0.912369 -0.016819
vn -0.371745 -0.928325 0.004340
vn -0.460027 -0.887580 -0.024025
vn -0.530119 -0.847872 -0.009306
vn -0.459853 -0.887670 -0.024023
vn -0.523223 -0.852113 -0.011882
vn -0.592282 -0.805367 0.024211
vn -0.588445 -0.808250 0.021545
vn -0.628348 -0.775572 0.060556
vn -0.628979 -0.774978 0.061597
vn -0.653510 -0.748502 0.112563
vn -0.654465 -0.747156 0.115907
vn -0.655404 -0.733393 0.180500
vn -0.653919 -0.732710 0.188484
vn -0.617196 -0.742043 0.261613
vn -0.621843 -0.740457 0.255020
vn -0.546425 -0.775206 0.316978
vn -0.465137 -0.819868 0.333863
vn -0.459100 -0.823545 0.333167
vn -0.548237 -0.774239 0.316212
vn -0.397568 -0.871714 0.286453
vn -0.393791 -0.875062 0.281416
vn -0.353234 -0.911967 0.208669
vn -0.354673 -0.910698 0.211743
vn -0.331282 -0.933004 0.140558
vn -0.330224 -0.934349 0.133959
vn -0.320362 -0.943548 0.084173
vn -0.319266 -0.944334 0.079392
vn -0.317551 -0.947590 0.035134
vn -0.319508 -0.947303 0.023060
vn -0.324455 -0.945892 -0.004033
vn -0.325224 -0.945614 -0.006570
vn -0.329547 -0.943830 -0.024175
vn -0.329568 -0.943832 -0.023783
vn -0.327003 -0.943418 -0.055061
vn -0.326244 -0.943882 -0.051495
vn -0.323076 -0.945655 -0.036844
vn -0.096240 -0.837079 -0.538551
vn -0.043424 -0.816325 -0.575958
vn -0.048201 -0.818092 -0.573063
vn -0.096241 -0.837079 -0.538550
vn 0.050269 -0.794842 -0.604730
vn 0.053009 -0.794656 -0.604742
vn 0.124669 -0.775765 -0.618584
vn 0.128716 -0.774002 -0.619962
vn 0.175993 -0.736531 -0.653107
vn 0.176261 -0.734581 -0.655227
vn 0.188784 -0.710234 -0.678180
vn 0.193173 -0.706260 -0.681088
vn 0.205138 -0.696772 -0.687333
vn 0.205105 -0.696767 -0.687349
vn 0.078985 -0.702729 -0.707059
vn 0.238177 -0.650320 -0.721356
vn 0.218166 -0.663071 -0.716059
vn 0.209930 -0.668249 -0.713704
vn 0.257121 -0.642687 -0.721694
vn 0.238316 -0.649488 -0.722060
vn 0.209884 -0.668256 -0.713711
vn 0.209402 -0.667963 -0.714126
vn -0.816748 0.044838 -0.575250
vn -0.816748 0.044838 -0.575250
vn -0.816748 0.044838 -0.575250
vn -0.308236 -0.763414 -0.567617
vn -0.308225 -0.763413 -0.567626
vn -0.308245 -0.763409 -0.567619
vn -0.308208 -0.763420 -0.567625
vn 0.893211 -0.232596 -0.384802
vn 0.893211 -0.232596 -0.384802
vn 0.893211 -0.232596 -0.384802
vn -0.116190 -0.850108 -0.513631
vn -0.116232 -0.850131 -0.513583
vn -0.116180 -0.850103 -0.513641
vn -0.116340 -0.850190 -0.513461
vn -0.791705 0.038464 -0.609691
vn -0.727732 -0.018289 -0.685617
vn -0.747279 -0.001877 -0.664508
vn -0.791729 0.038440 -0.609662
vn -0.625561 -0.086054 -0.775415
vn -0.630468 -0.083327 -0.771730
vn -0.496471 -0.152741 -0.854510
vn -0.498249 -0.151903 -0.853623
vn -0.339181 -0.222306 -0.914077
vn -0.189589 -0.279790 -0.941156
vn -0.340763 -0.221676 -0.913641
vn -0.190510 -0.279405 -0.941084
vn -0.021723 -0.337293 -0.941149
vn -0.013572 -0.339994 -0.940330
vn 0.129069 -0.386570 -0.913184
vn 0.141822 -0.390732 -0.909514
vn 0.307006 -0.437175 -0.845355
vn 0.299894 -0.435467 -0.848783
vn 0.431598 -0.455130 -0.778833
vn 0.435428 -0.455344 -0.776572
vn 0.582455 -0.433680 -0.687509
vn 0.588534 -0.431675 -0.683582
vn 0.715359 -0.371966 -0.591525
vn 0.722675 -0.367524 -0.585377
vn 0.819364 -0.303938 -0.486071
vn 0.824405 -0.300718 -0.479506
vn 0.869976 -0.268043 -0.413877
vn 0.869989 -0.268064 -0.413837
vn -0.029634 0.810236 -0.585355
vn -0.024209 0.803925 -0.594237
vn -0.024804 0.804062 -0.594027
vn -0.029987 0.810512 -0.584954
vn -0.031867 0.833444 -0.551684
vn -0.031966 0.833496 -0.551600
vn 0.026360 0.869858 -0.492598
vn 0.032492 0.872049 -0.488339
vn 0.133968 0.893243 -0.429151
vn 0.136118 0.893397 -0.428151
vn 0.224260 0.897965 -0.378638
vn 0.230774 0.898322 -0.373846
vn 0.251768 0.897591 -0.361862
vn 0.251878 0.897550 -0.361886
vn 0.258763 0.895571 -0.361931
vn 0.263074 0.894616 -0.361185
vn 0.259274 0.895546 -0.361627
vn 0.263078 0.894583 -0.361262
vn 0.259198 0.890543 -0.373831
vn 0.259242 0.890583 -0.373705
vn 0.265310 0.888062 -0.375441
vn 0.265972 0.888081 -0.374927
vn 0.274708 0.888184 -0.368327
vn 0.274786 0.888209 -0.368207
vn 0.274416 0.888108 -0.368728
vn 0.274380 0.888111 -0.368748
vn -0.028746 0.804982 -0.592603
vn -0.028789 0.804992 -0.592587
vn -0.906857 0.299610 0.296385
vn -0.997846 -0.038801 -0.052901
vn -0.907503 0.257716 0.331695
vn -0.995764 0.007950 -0.091599
vn -0.556270 0.552558 0.620679
vn -0.557975 0.517980 0.648352
vn -0.056320 0.660259 0.748923
vn 0.484097 0.595931 0.640715
vn 0.477402 0.585931 0.654807
vn -0.060747 0.640446 0.765597
vn 0.470586 0.574049 0.670087
vn -0.064565 0.616999 0.784311
vn 0.856933 0.354836 0.373843
vn 0.999222 0.024926 -0.030549
vn 0.862648 0.364851 0.350318
vn 0.867754 0.372935 0.328515
vn 0.997068 0.045267 -0.061690
vn 0.872892 -0.245437 -0.421686
vn 0.881728 -0.280724 -0.379144
vn 0.993878 0.063745 -0.090235
vn 0.862718 -0.212971 -0.458650
vn 0.484523 -0.445680 -0.752733
vn 0.493225 -0.493040 -0.716687
vn 0.038837 -0.579518 -0.814034
vn 0.499922 -0.545332 -0.672823
vn 0.044650 -0.638570 -0.768267
vn -0.456946 -0.526016 -0.717292
vn -0.452564 -0.588164 -0.670261
vn -0.822330 -0.400345 -0.404347
vn -0.824281 -0.341020 -0.451958
vn -0.821691 -0.288635 -0.491440
vn -0.458294 -0.469670 -0.754570
vn 0.033395 -0.526028 -0.849811
vn -0.995666 -0.092757 -0.006776
vn -0.904672 0.208314 0.371717
vn -0.558744 0.476676 0.678664
vn 0.042478 0.784803 -0.618288
vn 0.017596 0.767655 -0.640622
vn -0.020248 0.803135 -0.595453
vn 0.048105 0.805007 -0.591311
vn 0.051080 0.781784 -0.621454
vn 0.022304 0.762783 -0.646269
vn 0.057025 0.805351 -0.590049
vn 0.044552 0.828783 -0.557793
vn 0.036457 0.825783 -0.562808
vn 0.011109 0.838815 -0.544304
vn 0.015055 0.843139 -0.537484
vn -0.023444 0.848258 -0.529064
vn -0.022679 0.842940 -0.537529
vn -0.053955 0.836774 -0.544883
vn -0.059368 0.840848 -0.538006
vn -0.080710 0.820370 -0.566108
vn -0.088359 0.822613 -0.561695
vn -0.100257 0.800782 -0.590505
vn -0.088307 0.777010 -0.623263
vn -0.090188 0.801134 -0.591651
vn -0.080899 0.780083 -0.620424
vn -0.053040 0.766215 -0.640392
vn -0.058219 0.761204 -0.645894
vn -0.014578 0.754200 -0.656483
vn -0.015501 0.760081 -0.649643
vn -0.294398 0.572711 0.765070
vn -0.294402 0.572719 0.765062
vn -0.294392 0.572700 0.765080
vn -0.294390 0.572698 0.765083
vn -0.913885 0.230960 0.333873
vn -0.579495 0.482133 0.657064
vn -0.920033 0.222350 0.322645
vn -0.992487 -0.086612 -0.086421
vn -0.566275 0.487933 0.664270
vn -0.052241 0.598269 0.799590
vn -0.048219 0.598394 0.799750
vn -0.990565 -0.095356 -0.098431
vn -0.813677 -0.357756 -0.458193
vn -0.803971 -0.365522 -0.469067
vn -0.473676 -0.530696 -0.702846
vn -0.461134 -0.534424 -0.708341
vn -0.081736 -0.594833 -0.799683
vn -0.075138 -0.595059 -0.800162
vn 0.346214 -0.555864 -0.755745
vn 0.342457 -0.556660 -0.756870
vn 0.689416 -0.423946 -0.587346
vn 0.689659 -0.423784 -0.587177
vn 0.911505 -0.231456 -0.339979
vn 0.914797 -0.226651 -0.334328
vn 0.997718 0.053640 0.041009
vn 0.996748 0.061598 0.051953
vn 0.840977 0.334880 0.424985
vn 0.836189 0.339244 0.430930
vn 0.412292 0.550901 0.725620
vn 0.420197 0.548889 0.722603
vn -0.059375 0.858151 -0.509952
vn 0.015597 0.879734 -0.475211
vn 0.015186 0.873108 -0.487291
vn -0.065963 0.862647 -0.501486
vn -0.111629 0.826666 -0.551509
vn 0.003469 0.816032 -0.577996
vn 0.107133 0.791098 -0.602235
vn -0.126754 0.790678 -0.598968
vn -0.104278 0.761616 -0.639583
vn -0.063293 0.743889 -0.665300
vn -0.017026 0.738743 -0.673773
vn 0.030253 0.745114 -0.666250
vn 0.072799 0.762133 -0.643315
vn 0.122983 0.825035 -0.551536
vn 0.113460 0.850593 -0.513437
vn 0.071605 0.868930 -0.489728
vn 0.080975 0.873778 -0.479537
vn 0.126150 0.853539 -0.505526
vn 0.135966 0.824874 -0.548723
vn 0.119555 0.786908 -0.605378
vn 0.080116 0.755085 -0.650713
vn 0.034239 0.735409 -0.676757
vn -0.018487 0.729280 -0.683966
vn -0.071920 0.734696 -0.674573
vn -0.117608 0.754233 -0.645989
vn -0.143108 0.786291 -0.601054
vn -0.125502 0.827131 -0.547817
vn 0.129797 0.594799 0.793326
vn 0.129825 0.594765 0.793347
vn 0.129837 0.594751 0.793356
vn 0.129855 0.594729 0.793369
vn -0.046767 -0.194150 0.979856
vn -0.046800 -0.194135 0.979858
vn -0.046806 -0.194129 0.979859
vn -0.046779 -0.194145 0.979857
vn 0.270173 -0.947669 -0.170085
vn 0.002670 -0.999834 -0.018041
vn 0.064316 -0.982387 -0.175438
vn 0.100999 -0.970206 -0.220227
vn 0.324964 -0.927980 -0.182348
vn 0.678546 -0.731112 -0.071064
vn 0.185060 -0.981860 -0.041286
vn 0.144419 -0.946381 -0.288976
vn 0.397054 -0.889407 -0.226501
vn 0.759485 -0.637867 -0.127703
vn 0.391978 -0.164797 -0.905094
vn 0.181696 0.342093 -0.921932
vn 0.267327 0.342590 -0.900649
vn 0.825106 -0.564395 -0.025665
vn 0.611364 0.116504 -0.782727
vn 0.241155 -0.256615 -0.935945
vn 0.798900 -0.597498 -0.068959
vn 0.282452 0.375212 -0.882857
vn 0.183692 0.389150 -0.902674
vn 0.264380 0.393384 -0.880541
vn 0.974021 -0.207627 0.090407
vn 0.573712 0.279116 -0.770032
vn 0.975659 -0.219263 0.003785
vn 0.968880 -0.235089 -0.077488
vn 0.497742 0.369651 -0.784609
vn 0.994278 0.019916 0.104954
vn 0.999666 0.016057 0.020255
vn 0.998055 0.020333 -0.058926
vn 0.948334 -0.314693 -0.040374
vn 0.184322 0.396093 -0.899520
vn 0.201252 0.468725 -0.860113
vn 0.246605 0.462260 -0.851764
vn 0.421288 0.454858 -0.784615
vn 0.986233 0.152365 0.064264
vn 0.991753 0.128142 0.002534
vn 0.990402 0.121579 -0.065738
vn 0.966609 0.255995 0.011512
vn 0.977485 0.209833 -0.022218
vn 0.981764 0.189970 0.007107
vn 0.996508 0.083482 -0.001608
vn 0.999655 -0.021617 -0.014945
vn 0.977580 0.197323 -0.073489
vn 0.962276 0.260373 -0.078940
vn 0.910278 0.411382 -0.046462
vn 0.910389 0.413186 -0.021654
vn 0.963044 0.263905 -0.053858
vn 0.951104 0.308844 -0.004040
vn 0.937983 0.344805 -0.036015
vn 0.008064 -0.743715 0.668449
vn -0.076564 -0.393091 0.916306
vn -0.068253 -0.704258 0.706655
vn 0.164976 -0.565824 0.807853
vn -0.033768 -0.371432 0.927846
vn -0.047569 -0.395652 0.917168
vn 0.203869 -0.434910 0.877092
vn 0.174908 -0.357183 0.917511
vn -0.029670 -0.358469 0.933070
vn 0.162741 -0.233694 0.958594
vn 0.161728 0.100294 0.981726
vn -0.017964 -0.263953 0.964368
vn 0.180978 0.594671 0.783335
vn 0.346963 0.629653 -0.695093
vn 0.237318 0.671066 -0.702389
vn 0.308396 0.913196 -0.266391
vn -0.077305 -0.366679 0.927130
vn -0.076557 -0.360085 0.929773
vn 0.012231 0.064977 0.997812
vn -0.061309 -0.274300 0.959688
vn -0.026153 0.049379 0.998438
vn 0.067913 0.552037 0.831049
vn 0.037834 0.525956 0.849670
vn 0.235611 0.855140 0.461760
vn 0.130195 0.839276 0.527887
vn 0.284589 0.952253 0.110562
vn 0.205110 0.719328 -0.663700
vn 0.210286 0.949003 -0.234888
vn 0.177906 0.971042 0.159456
vn 0.100209 0.823294 0.558700
vn 0.145192 0.971999 0.184760
vn 0.177609 0.965161 -0.192143
vn 0.019887 -0.803156 0.595437
vn 0.232945 -0.782678 0.577193
vn 0.223532 -0.739165 0.635349
vn -0.194360 -0.786712 0.585925
vn -0.183187 -0.828637 0.528964
vn -0.145128 -0.867801 0.475247
vn -0.088986 -0.896009 0.435028
vn -0.022286 -0.909698 0.414673
vn 0.057093 -0.908835 0.413231
vn 0.127415 -0.892783 0.432092
vn 0.181303 -0.864575 0.468657
vn 0.219509 -0.826108 0.519000
vn 0.185237 -0.701144 0.688538
vn 0.128943 -0.671567 0.729638
vn 0.060181 -0.657776 0.750806
vn -0.017216 -0.658503 0.752381
vn -0.088195 -0.675699 0.731883
vn -0.143814 -0.704075 0.695411
vn -0.180308 -0.742850 0.644719
vn -0.151493 0.012656 -0.988377
vn -0.528573 0.106989 -0.842119
vn -0.150474 0.097967 -0.983748
vn 0.236386 0.120523 -0.964155
vn 0.253715 0.037587 -0.966549
vn 0.594149 0.179068 -0.784169
vn 0.553446 0.251918 -0.793873
vn 0.784048 0.442548 -0.435224
vn 0.733232 0.500530 -0.460262
vn 0.670650 0.731288 -0.124282
vn 0.717963 0.692699 -0.068533
vn 0.410114 0.889873 0.199830
vn 0.385639 0.914514 0.122255
vn -0.052286 0.955288 0.291018
vn -0.053868 0.975497 0.213315
vn -0.485130 0.870139 0.086645
vn -0.518070 0.841336 0.154131
vn -0.781326 0.602225 -0.163875
vn -0.777560 0.323879 -0.538982
vn -0.732927 0.645728 -0.214132
vn -0.730356 0.386714 -0.563056
vn -0.560809 0.552972 -0.616210
vn -0.389182 0.398195 -0.830649
vn -0.499799 0.184968 -0.846161
vn -0.121190 0.328641 -0.936647
vn 0.170408 0.346322 -0.922509
vn -0.106818 0.456677 -0.883197
vn 0.123717 0.470923 -0.873456
vn 0.316400 0.551941 -0.771526
vn 0.414219 0.449255 -0.791576
vn 0.550823 0.639052 -0.536849
vn 0.424405 0.703393 -0.570191
vn 0.506495 0.814665 -0.282461
vn 0.395105 0.839949 -0.371991
vn 0.216088 0.951192 -0.220317
vn 0.280805 0.955388 -0.091553
vn -0.051337 0.998366 -0.025090
vn -0.052248 0.983328 -0.174172
vn -0.374816 0.919648 -0.117303
vn -0.304296 0.920170 -0.246355
vn -0.447778 0.788937 -0.420801
vn -0.563844 0.749436 -0.347025
vn -0.443432 0.633622 -0.633950
vn -0.311081 0.511907 -0.800737
vn -0.650311 -0.455430 -0.608012
vn -0.944392 -0.199817 -0.261146
vn -0.631773 -0.464276 -0.620734
vn -0.186308 -0.576636 -0.795475
vn -0.954465 -0.181571 -0.236704
vn -0.969929 0.145944 0.194779
vn -0.963452 0.160647 0.214367
vn -0.629885 0.471036 0.617552
vn -0.637869 0.466976 0.612418
vn -0.058628 0.611204 0.789299
vn 0.533936 0.524258 0.663374
vn 0.514487 0.531413 0.672981
vn -0.068825 0.610630 0.788920
vn 0.902858 0.281161 0.325263
vn 0.993925 -0.033418 -0.104862
vn 0.913391 0.268014 0.306407
vn 0.990484 -0.050761 -0.127923
vn 0.743806 -0.373290 -0.554443
vn 0.751800 -0.367979 -0.547163
vn 0.314824 -0.545449 -0.776770
vn -0.173190 -0.577661 -0.797692
vn 0.316338 -0.545350 -0.776224
vn 0.365258 0.121347 -0.922963
vn 0.571057 0.223849 -0.789801
vn -0.241373 0.876341 -0.416851
vn 0.114961 0.063813 -0.991318
vn -0.161802 0.917313 -0.363810
vn -0.392925 0.904942 0.163372
vn -0.140396 0.962034 0.234050
vn -0.068276 0.938648 -0.338052
vn 0.034879 0.941506 -0.335187
vn -0.149871 0.062749 -0.986712
vn 0.132143 0.923778 -0.359407
vn 0.127978 0.964527 0.230889
vn 0.183097 0.586789 0.788767
vn 0.379474 0.912079 0.155279
vn -0.164531 0.582719 0.795844
vn -0.351965 -0.159912 0.922252
vn -0.491953 0.509040 0.706301
vn -0.108606 -0.103115 0.988722
vn 0.149385 -0.099160 0.983794
vn -0.017222 -0.658488 0.752394
vn 0.060188 -0.657748 0.750830
vn 0.391080 -0.150538 0.907962
vn 0.507575 0.519554 0.687336
vn 0.586556 -0.247274 0.771238
vn 0.128947 -0.671581 0.729625
vn 0.185255 -0.701136 0.688541
vn 0.711195 -0.381246 0.590638
vn 0.223517 -0.739171 0.635347
vn 0.752994 -0.533014 0.385870
vn 0.232949 -0.782675 0.577196
vn 0.705602 -0.684070 0.184864
vn 0.219494 -0.826108 0.519006
vn 0.573670 -0.819039 0.008828
vn 0.181296 -0.864575 0.468659
vn 0.377556 -0.918030 -0.121132
vn 0.127417 -0.892788 0.432081
vn 0.136460 -0.972562 -0.188421
vn 0.057066 -0.908828 0.413248
vn 0.164761 -0.587850 -0.792014
vn 0.367603 0.114747 -0.922877
vn 0.113518 0.057806 -0.991853
vn 0.493398 -0.512831 -0.702541
vn 0.760020 -0.378762 -0.528118
vn 0.574858 0.218376 -0.788575
vn 0.207939 0.654779 -0.726654
vn 0.125433 0.614958 -0.778520
vn 0.711843 0.359300 -0.603476
vn 0.936699 -0.195724 -0.290322
vn 0.999795 0.009611 -0.017819
vn 0.760484 0.517511 -0.392232
vn 0.942605 0.211203 0.258630
vn 0.718044 0.672854 -0.177991
vn 0.585475 0.810579 0.013463
vn 0.265104 0.831288 -0.488550
vn 0.279052 0.767543 -0.577068
vn -0.736373 0.351368 -0.578182
vn -0.779721 0.507173 -0.367165
vn -0.731782 0.663156 -0.157226
vn 0.260092 0.708303 -0.656246
vn -0.595232 0.803145 0.025624
vn -0.388405 0.908077 0.156645
vn 0.030906 0.595726 -0.802593
vn -0.137516 0.964909 0.223694
vn -0.605565 0.215263 -0.766129
vn -0.400789 0.115933 -0.908805
vn 0.213486 0.885237 -0.413255
vn 0.771505 0.389563 0.503012
vn -0.088195 -0.675705 0.731878
vn -0.549376 -0.260964 0.793778
vn -0.143818 -0.704086 0.695399
vn -0.679319 -0.396290 0.617640
vn -0.180335 -0.742839 0.644724
vn -0.194338 -0.786713 0.585930
vn -0.726416 -0.547824 0.414980
vn -0.684484 -0.697647 0.211590
vn -0.999731 -0.011405 0.020204
vn -0.740243 0.345648 -0.576686
vn -0.942453 -0.215567 -0.255564
vn -0.935957 0.192596 0.294772
vn -0.783564 0.503473 -0.364063
vn -0.734563 0.660836 -0.153993
vn -0.598516 0.800557 0.029776
vn -0.290869 0.824903 -0.484695
vn -0.308033 0.768251 -0.561164
vn 0.710931 0.678251 -0.185883
vn 0.754912 0.521316 -0.397917
vn -0.292932 0.705196 -0.645670
vn 0.706692 0.363235 -0.607162
vn 0.581516 0.813532 0.002391
vn -0.242958 0.651627 -0.718578
vn -0.167941 0.611180 -0.773470
vn -0.608381 0.209708 -0.765438
vn -0.507737 -0.523258 -0.684401
vn -0.771359 -0.393057 -0.500512
vn -0.406438 0.106093 -0.907498
vn -0.154434 0.055414 -0.986448
vn -0.182948 -0.590994 -0.785657
vn -0.067172 0.591091 -0.803803
vn 0.127567 0.967392 0.218813
vn 0.030930 0.595724 -0.802593
vn 0.379033 0.914458 0.141779
vn -0.137531 0.964909 0.223687
vn 0.113545 0.057809 -0.991850
vn 0.164762 -0.587840 -0.792021
vn -0.122057 -0.975553 -0.182751
vn 0.136461 -0.972561 -0.188424
vn -0.022269 -0.909686 0.414699
vn 0.057077 -0.908828 0.413249
vn -0.088985 -0.896007 0.435032
vn -0.362187 -0.925824 -0.108031
vn -0.145122 -0.867806 0.475239
vn -0.557224 -0.829849 0.029183
vn -0.183184 -0.828644 0.528954
vn -0.759350 0.374617 0.532023
vn 0.123786 0.763666 -0.633633
vn 0.071705 0.751418 -0.655919
vn 0.093506 0.773529 -0.626824
vn 0.096410 0.735707 -0.670404
vn 0.039345 0.734604 -0.677354
vn 0.055437 0.714469 -0.697468
vn 0.004784 0.702667 -0.711503
vn -0.000829 0.725340 -0.688390
vn -0.044520 0.724009 -0.688353
vn -0.050507 0.700923 -0.711446
vn -0.085026 0.731429 -0.676596
vn -0.102274 0.710203 -0.696529
vn -0.143603 0.729830 -0.668376
vn -0.117687 0.747163 -0.654138
vn -0.169671 0.757700 -0.630161
vn -0.138244 0.769211 -0.623861
vn -0.177675 0.790898 -0.585587
vn -0.144498 0.795196 -0.588883
vn -0.167753 0.823784 -0.541515
vn -0.136983 0.821052 -0.554174
vn -0.139860 0.852125 -0.504304
vn -0.115156 0.843397 -0.524805
vn -0.098390 0.873021 -0.477654
vn -0.081808 0.859946 -0.503786
vn -0.045380 0.884712 -0.463923
vn -0.040134 0.869059 -0.493078
vn 0.002792 0.869815 -0.493371
vn 0.008778 0.885280 -0.464975
vn 0.041964 0.861503 -0.506015
vn 0.058250 0.875021 -0.480567
vn 0.073606 0.845170 -0.529405
vn 0.098203 0.854450 -0.510169
vn 0.094338 0.823272 -0.559753
vn 0.124895 0.826648 -0.548685
vn 0.100994 0.798342 -0.593675
vn 0.133497 0.795085 -0.591623
vn -0.020718 0.803036 -0.595571
vn 0.133380 0.778190 -0.613702
vn 0.133246 0.778427 -0.613430
vn 0.133362 0.778225 -0.613661
vn 0.133253 0.778412 -0.613448
vn 0.205290 0.234572 -0.950175
vn 0.205508 0.234865 -0.950055
vn 0.205460 0.234798 -0.950082
vn 0.205479 0.234826 -0.950071
vn -0.257198 -0.744045 -0.616642
vn -0.186012 -0.733698 -0.653518
vn -0.201063 -0.670528 -0.714119
vn -0.179879 -0.799202 -0.573515
vn -0.245458 -0.813295 -0.527542
vn -0.283064 -0.725348 -0.627490
vn -0.288099 -0.815252 -0.502357
vn -0.419916 -0.738093 -0.528100
vn -0.437342 -0.798564 -0.413554
vn -0.292676 -0.759651 -0.580751
vn -0.746996 -0.544636 0.381273
vn -0.913169 -0.381902 0.142387
vn -0.925880 -0.298602 0.231479
vn -0.750137 -0.427795 0.504267
vn -0.461636 -0.523227 0.716327
vn -0.472315 -0.690579 0.547740
vn -0.197368 -0.551510 0.810483
vn -0.156306 -0.751066 0.641458
vn -0.018417 -0.818837 -0.573730
vn 0.214233 -0.685320 0.696018
vn 0.144392 -0.510989 0.847373
vn 0.099557 -0.420839 0.901656
vn 0.485165 -0.307094 0.818724
vn 0.534775 -0.359636 0.764642
vn 0.849689 -0.274443 0.450233
vn 0.587492 -0.501736 0.634913
vn 0.814188 -0.157997 0.558690
vn 0.959682 0.027717 0.279718
vn 0.785989 -0.132266 0.603926
vn 0.940400 0.026993 0.338997
vn 0.974511 -0.081187 0.209132
vn 0.471198 -0.734427 -0.488457
vn 0.455332 -0.785734 -0.418683
vn 0.985895 0.064640 -0.154378
vn 0.982482 0.172504 -0.070504
vn 0.982630 0.185445 0.006900
vn 0.853850 0.223448 -0.470119
vn 0.856996 0.104941 -0.504524
vn 0.546135 0.237263 -0.803395
vn 0.545396 0.087176 -0.833633
vn 0.308544 0.244550 -0.919236
vn 0.330996 0.071818 -0.940895
vn 0.356747 -0.877459 -0.320619
vn 0.121084 0.043255 -0.991699
vn 0.253598 -0.912297 -0.321563
vn 0.232857 -0.936818 -0.261054
vn 0.144304 -0.934391 -0.325713
vn 0.297280 -0.921467 -0.250045
vn 0.134253 -0.956269 -0.259857
vn 0.113597 -0.930105 -0.349286
vn 0.034627 -0.971111 -0.236104
vn -0.018366 -0.976293 -0.215673
vn -0.078334 -0.938361 -0.336663
vn -0.028172 -0.947484 -0.318560
vn 0.031758 -0.947791 -0.317308
vn -0.111870 0.005933 -0.993705
vn -0.385556 -0.029370 -0.922217
vn -0.115969 0.204141 -0.972048
vn -0.383549 0.165183 -0.908628
vn 0.111179 0.229593 -0.966916
vn -0.657760 0.095400 -0.747161
vn -0.648134 -0.055991 -0.759465
vn -0.809515 -0.093371 -0.579628
vn -0.235317 -0.916335 -0.323969
vn -0.118748 -0.964960 -0.233990
vn -0.305854 -0.896388 -0.320846
vn -0.188465 -0.939873 -0.284814
vn -0.213109 -0.873332 -0.438036
vn -0.144558 -0.930207 -0.337370
vn -0.259736 -0.887126 -0.381503
vn -0.387132 -0.847532 -0.363068
vn -0.942354 -0.187057 -0.277451
vn -0.831862 0.015532 -0.554765
vn -0.976267 -0.119006 -0.180944
vn -0.987590 -0.135701 -0.079069
vn -0.915892 -0.284363 0.283336
vn -0.753123 -0.379966 0.537059
vn -0.462952 -0.439183 0.769931
vn -0.224001 -0.444794 0.867169
vn -0.075150 -0.957038 -0.280055
vn -0.088485 -0.917497 -0.387776
vn -0.148883 -0.859601 -0.488795
vn 0.050006 -0.845909 -0.530978
vn 0.020698 -0.790467 -0.612155
vn 0.227060 -0.763342 -0.604776
vn 0.088393 -0.898916 -0.429112
vn 0.257922 -0.808404 -0.529111
vn 0.267101 -0.861975 -0.430878
vn 0.335710 -0.835752 -0.434532
vn 0.333688 -0.779181 -0.530594
vn 0.317887 -0.736169 -0.597498
vn 0.296841 -0.706668 -0.642266
vn 0.343662 -0.712581 -0.611657
vn 0.313380 -0.683677 -0.659074
vn 0.355926 -0.762036 -0.540942
vn 0.425954 -0.747363 -0.509913
vn 0.462052 -0.717808 -0.520826
vn 0.266335 -0.804895 -0.530292
vn 0.208543 -0.687882 -0.695218
vn 0.193133 -0.723792 -0.662439
vn -0.001454 -0.692657 -0.721265
vn 0.006236 -0.734841 -0.678210
vn 0.354101 -0.829477 -0.431948
vn 0.347076 -0.876051 -0.334773
vn 0.321624 -0.879062 -0.351864
vn 0.438631 -0.826589 -0.352638
vn 0.255573 -0.902356 -0.347039
vn -0.907462 0.254842 0.334018
vn -0.651197 0.477323 0.590004
vn -0.912078 0.248010 0.326503
vn -0.999809 -0.018344 0.006714
vn -0.639223 0.483697 0.597856
vn -0.207446 0.597247 0.774766
vn -0.211108 0.597057 0.773923
vn 0.224301 0.585288 0.779184
vn 0.233604 0.584158 0.777296
vn 0.679765 0.448011 0.580694
vn 0.676991 0.449511 0.582772
vn 0.943413 0.213147 0.254049
vn 0.993981 -0.045471 -0.099669
vn 0.945296 0.209946 0.249677
vn 0.992826 -0.051633 -0.107849
vn 0.843854 -0.306469 -0.440440
vn 0.846405 -0.303982 -0.437257
vn 0.567883 -0.482551 -0.666823
vn 0.565987 -0.483464 -0.667773
vn 0.152882 -0.585846 -0.795871
vn -0.278989 -0.576099 -0.768293
vn -0.268996 -0.577579 -0.770743
vn 0.158548 -0.585351 -0.795127
vn -0.643129 -0.467842 -0.606225
vn -0.653544 -0.462759 -0.598944
vn -0.909520 -0.262236 -0.322498
vn -0.999718 -0.023722 -0.000808
vn -0.915754 -0.253981 -0.311269
vn -0.009521 0.872622 -0.488303
vn -0.012954 0.879272 -0.476143
vn 0.052643 0.874918 -0.481402
vn 0.004932 0.815405 -0.578869
vn -0.074642 0.857048 -0.509802
vn -0.085531 0.861473 -0.500549
vn -0.109614 0.830979 -0.545398
vn -0.123636 0.832836 -0.539535
vn -0.149340 0.793935 -0.589376
vn -0.130274 0.797202 -0.589490
vn -0.121397 0.769989 -0.626402
vn -0.089923 0.745985 -0.659864
vn -0.137673 0.763106 -0.631439
vn -0.101741 0.736594 -0.668639
vn -0.051687 0.725959 -0.685793
vn -0.046823 0.736831 -0.674453
vn 0.011255 0.738534 -0.674123
vn 0.012997 0.728797 -0.684606
vn 0.069011 0.744318 -0.664250
vn 0.061919 0.752682 -0.655466
vn 0.108230 0.772615 -0.625582
vn 0.097143 0.777575 -0.621241
vn 0.136904 0.810693 -0.569241
vn 0.123030 0.812947 -0.569194
vn 0.136541 0.840381 -0.524515
vn 0.122670 0.839250 -0.529729
vn 0.109495 0.867295 -0.485603
vn 0.098493 0.862477 -0.496420
vn 0.057792 0.881450 -0.468729
vn 0.026776 0.883717 -0.467255
vn 0.026780 0.883718 -0.467253
vn 0.026787 0.883720 -0.467248
vn 0.026857 0.883739 -0.467208
f 2//2 1//1 4//4
f 1//1 2//2 3//3
f 3//3 5//5 1//1
f 6//6 7//7 5//5
f 6//6 5//5 3//3
f 6//6 8//8 7//7
f 8//8 6//6 10//10
f 10//10 9//9 8//8
f 11//11 10//10 13//13
f 9//9 10//10 11//11
f 10//10 6//6 12//12
f 13//13 10//10 12//12
f 14//14 11//11 13//13
f 15//15 14//14 13//13
f 15//15 13//13 16//16
f 13//13 12//12 16//16
f 12//12 17//17 16//16
f 16//16 18//18 15//15
f 17//17 18//18 16//16
f 18//18 17//17 19//19
f 19//19 20//20 18//18
f 15//15 18//18 21//21
f 18//18 20//20 21//21
f 21//21 22//22 15//15
f 22//22 21//21 23//23
f 21//21 20//20 24//24
f 24//24 23//23 21//21
f 23//23 24//24 27//27
f 25//25 24//24 26//26
f 24//24 25//25 27//27
f 20//20 26//26 24//24
f 28//28 23//23 27//27
f 28//28 27//27 29//29
f 29//29 27//27 25//25
f 31//31 28//28 29//29
f 30//30 29//29 32//32
f 29//29 30//30 31//31
f 29//29 25//25 32//32
f 25//25 33//33 32//32
f 33//33 30//30 32//32
f 33//33 25//25 35//35
f 36//36 30//30 33//33
f 34//34 36//36 33//33
f 35//35 34//34 33//33
f 30//30 36//36 39//39
f 38//38 37//37 36//36
f 36//36 37//37 39//39
f 38//38 36//36 34//34
f 31//31 39//39 40//40
f 40//40 39//39 41//41
f 39//39 42//42 41//41
f 39//39 31//31 30//30
f 39//39 37//37 42//42
f 37//37 43//43 42//42
f 37//37 44//44 43//43
f 44//44 45//45 43//43
f 46//46 47//47 45//45
f 44//44 46//46 45//45
f 48//48 47//47 46//46
f 47//47 48//48 49//49
f 49//49 51//51 50//50
f 51//51 49//49 48//48
f 52//52 50//50 51//51
f 51//51 53//53 52//52
f 48//48 53//53 51//51
f 53//53 48//48 54//54
f 54//54 55//55 53//53
f 56//56 53//53 55//55
f 53//53 56//56 57//57
f 57//57 52//52 53//53
f 56//56 58//58 57//57
f 58//58 59//59 57//57
f 52//52 57//57 59//59
f 59//59 58//58 60//60
f 61//61 52//52 59//59
f 60//60 62//62 59//59
f 61//61 59//59 62//62
f 62//62 60//60 63//63
f 62//62 65//65 61//61
f 64//64 62//62 63//63
f 62//62 64//64 65//65
f 63//63 66//66 64//64
f 63//63 67//67 66//66
f 67//67 63//63 68//68
f 63//63 60//60 68//68
f 69//69 68//68 60//60
f 70//70 69//69 58//58
f 58//58 69//69 60//60
f 71//71 70//70 72//72
f 72//72 70//70 58//58
f 73//73 71//71 72//72
f 72//72 74//74 73//73
f 74//74 72//72 56//56
f 72//72 58//58 56//56
f 56//56 75//75 74//74
f 75//75 76//76 74//74
f 74//74 76//76 73//73
f 76//76 75//75 80//80
f 77//77 78//78 76//76
f 77//77 76//76 80//80
f 81//81 76//76 78//78
f 76//76 81//81 79//79
f 79//79 73//73 76//76
f 78//78 82//82 81//81
f 83//83 81//81 82//82
f 81//81 83//83 85//85
f 81//81 84//84 79//79
f 84//84 81//81 85//85
f 86//86 79//79 84//84
f 79//79 86//86 73//73
f 71//71 73//73 86//86
f 82//82 87//87 83//83
f 89//89 88//88 87//87
f 87//87 82//82 89//89
f 88//88 89//89 92//92
f 90//90 92//92 89//89
f 89//89 91//91 90//90
f 91//91 89//89 82//82
f 92//92 93//93 88//88
f 93//93 92//92 94//94
f 95//95 94//94 92//92
f 92//92 90//90 95//95
f 94//94 95//95 97//97
f 97//97 95//95 96//96
f 98//98 96//96 95//95
f 95//95 90//90 98//98
f 98//98 101//101 99//99
f 100//100 98//98 99//99
f 98//98 100//100 96//96
f 101//101 98//98 102//102
f 102//102 98//98 90//90
f 103//103 101//101 102//102
f 102//102 104//104 103//103
f 102//102 91//91 104//104
f 91//91 102//102 90//90
f 106//106 103//103 104//104
f 105//105 104//104 91//91
f 104//104 105//105 106//106
f 108//108 107//107 106//106
f 103//103 106//106 107//107
f 106//106 105//105 109//109
f 106//106 109//109 108//108
f 109//109 112//112 110//110
f 110//110 111//111 109//109
f 105//105 113//113 109//109
f 109//109 111//111 108//108
f 112//112 109//109 113//113
f 80//80 114//114 113//113
f 114//114 112//112 113//113
f 80//80 113//113 77//77
f 105//105 77//77 113//113
f 114//114 116//116 115//115
f 115//115 112//112 114//114
f 117//117 114//114 80//80
f 116//116 114//114 117//117
f 117//117 118//118 116//116
f 118//118 117//117 119//119
f 75//75 119//119 117//117
f 75//75 117//117 80//80
f 55//55 54//54 119//119
f 54//54 120//120 119//119
f 119//119 120//120 118//118
f 75//75 55//55 119//119
f 120//120 38//38 118//118
f 38//38 120//120 44//44
f 54//54 46//46 120//120
f 120//120 46//46 44//44
f 118//118 38//38 34//34
f 34//34 116//116 118//118
f 116//116 121//121 115//115
f 121//121 116//116 122//122
f 116//116 34//34 122//122
f 35//35 121//121 122//122
f 34//34 35//35 122//122
f 124//124 121//121 123//123
f 121//121 35//35 123//123
f 121//121 124//124 125//125
f 125//125 115//115 121//121
f 126//126 125//125 124//124
f 126//126 128//128 125//125
f 115//115 125//125 127//127
f 125//125 128//128 127//127
f 128//128 126//126 129//129
f 129//129 130//130 128//128
f 128//128 130//130 131//131
f 128//128 131//131 127//127
f 110//110 127//127 131//131
f 130//130 110//110 131//131
f 130//130 132//132 134//134
f 132//132 130//130 133//133
f 130//130 135//135 133//133
f 110//110 130//130 134//134
f 135//135 130//130 129//129
f 129//129 136//136 135//135
f 136//136 129//129 138//138
f 138//138 137//137 136//136
f 137//137 138//138 139//139
f 138//138 140//140 139//139
f 138//138 129//129 126//126
f 140//140 138//138 126//126
f 140//140 141//141 139//139
f 140//140 142//142 141//141
f 126//126 143//143 140//140
f 143//143 142//142 140//140
f 143//143 144//144 146//146
f 143//143 145//145 144//144
f 145//145 143//143 124//124
f 146//146 142//142 143//143
f 143//143 126//126 124//124
f 144//144 148//148 146//146
f 147//147 142//142 146//146
f 149//149 147//147 146//146
f 146//146 148//148 149//149
f 152//152 149//149 148//148
f 149//149 150//150 151//151
f 150//150 149//149 152//152
f 151//151 147//147 149//149
f 154//154 152//152 153//153
f 148//148 153//153 152//152
f 155//155 152//152 154//154
f 152//152 155//155 150//150
f 154//154 156//156 155//155
f 157//157 158//158 156//156
f 156//156 154//154 157//157
f 158//158 157//157 159//159
f 159//159 4//4 158//158
f 159//159 160//160 2//2
f 4//4 159//159 2//2
f 160//160 159//159 157//157
f 160//160 3//3 2//2
f 3//3 160//160 161//161
f 17//17 160//160 162//162
f 160//160 17//17 161//161
f 162//162 160//160 157//157
f 157//157 154//154 162//162
f 19//19 162//162 153//153
f 162//162 19//19 17//17
f 153//153 162//162 154//154
f 161//161 6//6 3//3
f 12//12 161//161 17//17
f 6//6 161//161 12//12
f 153//153 163//163 19//19
f 163//163 153//153 148//148
f 20//20 19//19 163//163
f 163//163 145//145 20//20
f 145//145 163//163 144//144
f 148//148 144//144 163//163
f 147//147 151//151 164//164
f 164//164 166//166 147//147
f 166//166 164//164 165//165
f 142//142 147//147 166//166
f 141//141 166//166 167//167
f 165//165 167//167 166//166
f 166//166 141//141 142//142
f 167//167 165//165 168//168
f 168//168 170//170 167//167
f 167//167 169//169 141//141
f 170//170 169//169 167//167
f 170//170 171//171 173//173
f 171//171 170//170 172//172
f 170//170 168//168 172//172
f 169//169 170//170 173//173
f 173//173 174//174 169//169
f 139//139 169//169 174//174
f 174//174 137//137 139//139
f 139//139 141//141 169//169
f 26//26 20//20 145//145
f 145//145 123//123 26//26
f 123//123 145//145 124//124
f 132//132 175//175 134//134
f 111//111 134//134 175//175
f 134//134 111//111 110//110
f 132//132 176//176 175//175
f 177//177 175//175 176//176
f 108//108 175//175 177//177
f 175//175 108//108 111//111
f 181//181 108//108 177//177
f 177//177 176//176 178//178
f 181//181 177//177 179//179
f 179//179 177//177 180//180
f 182//182 107//107 181//181
f 181//181 183//183 182//182
f 107//107 108//108 181//181
f 183//183 181//181 179//179
f 183//183 186//186 184//184
f 188//188 183//183 185//185
f 183//183 179//179 186//186
f 187//187 182//182 183//183
f 183//183 188//188 187//187
f 189//189 187//187 188//188
f 187//187 189//189 190//190
f 187//187 190//190 191//191
f 191//191 192//192 187//187
f 192//192 191//191 193//193
f 193//193 195//195 192//192
f 194//194 195//195 193//193
f 195//195 196//196 197//197
f 196//196 195//195 198//198
f 194//194 198//198 195//195
f 197//197 192//192 195//195
f 198//198 199//199 196//196
f 199//199 198//198 200//200
f 201//201 200//200 198//198
f 198//198 194//194 201//201
f 200//200 201//201 202//202
f 204//204 202//202 203//203
f 202//202 204//204 200//200
f 203//203 205//205 204//204
f 96//96 204//204 205//205
f 204//204 96//96 100//100
f 100//100 200//200 204//204
f 205//205 203//203 208//208
f 206//206 96//96 205//205
f 205//205 207//207 206//206
f 207//207 205//205 208//208
f 209//209 210//210 207//207
f 207//207 210//210 206//206
f 209//209 211//211 210//210
f 211//211 93//93 210//210
f 210//210 93//93 94//94
f 94//94 206//206 210//210
f 212//212 211//211 209//209
f 206//206 94//94 97//97
f 96//96 206//206 97//97
f 200//200 100//100 199//199
f 199//199 99//99 213//213
f 213//213 196//196 199//199
f 99//99 199//199 100//100
f 196//196 213//213 214//214
f 99//99 101//101 213//213
f 214//214 213//213 101//101
f 101//101 103//103 214//214
f 107//107 214//214 103//103
f 197//197 214//214 107//107
f 196//196 214//214 197//197
f 192//192 197//197 182//182
f 107//107 182//182 197//197
f 182//182 187//187 192//192
f 179//179 180//180 215//215
f 127//127 110//110 112//112
f 112//112 115//115 127//127
f 35//35 26//26 123//123
f 78//78 77//77 105//105
f 105//105 91//91 78//78
f 82//82 78//78 91//91
f 75//75 56//56 55//55
f 50//50 52//52 61//61
f 46//46 54//54 48//48
f 37//37 38//38 44//44
f 40//40 41//41 216//216
f 217//217 216//216 218//218
f 216//216 217//217 40//40
f 219//219 217//217 218//218
f 221//221 217//217 219//219
f 220//220 221//221 219//219
f 224//224 217//217 221//221
f 220//220 222//222 221//221
f 223//223 221//221 222//222
f 221//221 223//223 224//224
f 225//225 217//217 224//224
f 226//226 224//224 223//223
f 226//226 225//225 224//224
f 14//14 226//226 223//223
f 22//22 226//226 14//14
f 23//23 226//226 22//22
f 226//226 23//23 28//28
f 226//226 28//28 225//225
f 225//225 40//40 217//217
f 28//28 31//31 225//225
f 40//40 225//225 31//31
f 11//11 223//223 222//222
f 223//223 11//11 14//14
f 222//222 220//220 227//227
f 227//227 11//11 222//222
f 11//11 227//227 9//9
f 26//26 35//35 25//25
f 14//14 15//15 22//22
f 229//229 228//228 232//232
f 228//228 229//229 230//230
f 228//228 233//233 231//231
f 228//228 231//231 232//232
f 234//234 231//231 233//233
f 234//234 235//235 236//236
f 235//235 234//234 237//237
f 231//231 234//234 236//236
f 237//237 238//238 235//235
f 237//237 239//239 238//238
f 240//240 238//238 239//239
f 241//241 240//240 242//242
f 241//241 243//243 240//240
f 238//238 240//240 243//243
f 244//244 241//241 242//242
f 245//245 246//246 244//244
f 241//241 244//244 246//246
f 246//246 245//245 247//247
f 245//245 248//248 247//247
f 248//248 249//249 251//251
f 249//249 248//248 250//250
f 245//245 250//250 248//248
f 249//249 229//229 251//251
f 229//229 249//249 230//230
f 253//253 252//252 257//257
f 252//252 253//253 254//254
f 255//255 257//257 252//252
f 255//255 252//252 256//256
f 258//258 255//255 256//256
f 258//258 256//256 259//259
f 259//259 260//260 258//258
f 260//260 259//259 261//261
f 261//261 262//262 260//260
f 261//261 263//263 262//262
f 264//264 262//262 263//263
f 264//264 263//263 265//265
f 266//266 264//264 265//265
f 266//266 265//265 267//267
f 268//268 266//266 267//267
f 266//266 268//268 269//269
f 268//268 270//270 269//269
f 270//270 268//268 271//271
f 272//272 270//270 271//271
f 270//270 272//272 273//273
f 274//274 273//273 272//272
f 273//273 274//274 275//275
f 276//276 275//275 274//274
f 275//275 276//276 277//277
f 276//276 253//253 277//277
f 253//253 276//276 254//254
f 279//279 278//278 282//282
f 278//278 279//279 280//280
f 281//281 278//278 283//283
f 281//281 282//282 278//278
f 284//284 281//281 283//283
f 284//284 283//283 285//285
f 286//286 284//284 285//285
f 284//284 286//286 287//287
f 286//286 289//289 287//287
f 286//286 288//288 289//289
f 290//290 289//289 288//288
f 292//292 290//290 291//291
f 288//288 291//291 290//290
f 290//290 292//292 293//293
f 294//294 293//293 292//292
f 294//294 292//292 297//297
f 295//295 294//294 297//297
f 294//294 295//295 296//296
f 298//298 296//296 295//295
f 296//296 298//298 299//299
f 300//300 299//299 298//298
f 299//299 300//300 301//301
f 302//302 301//301 300//300
f 302//302 300//300 303//303
f 303//303 304//304 302//302
f 305//305 279//279 304//304
f 304//304 303//303 305//305
f 305//305 280//280 279//279
f 307//307 306//306 310//310
f 306//306 307//307 308//308
f 309//309 310//310 306//306
f 310//310 309//309 311//311
f 313//313 308//308 307//307
f 308//308 313//313 312//312
f 314//314 312//312 313//313
f 314//314 315//315 316//316
f 316//316 317//317 314//314
f 312//312 314//314 317//317
f 315//315 318//318 316//316
f 320//320 319//319 318//318
f 318//318 315//315 320//320
f 320//320 321//321 319//319
f 321//321 323//323 322//322
f 321//321 322//322 319//319
f 324//324 322//322 323//323
f 325//325 326//326 324//324
f 322//322 324//324 326//326
f 326//326 325//325 327//327
f 329//329 327//327 325//325
f 327//327 329//329 328//328
f 330//330 331//331 332//332
f 330//330 332//332 333//333
f 334//334 330//330 333//333
f 334//334 333//333 336//336
f 336//336 335//335 334//334
f 335//335 336//336 337//337
f 339//339 337//337 338//338
f 337//337 339//339 335//335
f 338//338 340//340 339//339
f 342//342 341//341 340//340
f 340//340 338//338 342//342
f 341//341 342//342 343//343
f 345//345 343//343 344//344
f 343//343 345//345 341//341
f 344//344 346//346 345//345
f 348//348 347//347 346//346
f 346//346 344//344 348//348
f 348//348 349//349 347//347
f 349//349 351//351 350//350
f 349//349 350//350 347//347
f 351//351 352//352 350//350
f 351//351 353//353 352//352
f 353//353 355//355 354//354
f 352//352 353//353 354//354
f 355//355 356//356 357//357
f 357//357 354//354 355//355
f 358//358 357//357 356//356
f 359//359 358//358 360//360
f 356//356 360//360 358//358
f 359//359 360//360 361//361
f 362//362 361//361 363//363
f 362//362 359//359 361//361
f 364//364 362//362 363//363
f 365//365 366//366 364//364
f 362//362 364//364 366//366
f 366//366 365//365 367//367
f 367//367 369//369 368//368
f 369//369 367//367 365//365
f 370//370 368//368 369//369
f 371//371 372//372 370//370
f 368//368 370//370 372//372
f 372//372 371//371 373//373
f 373//373 374//374 375//375
f 374//374 373//373 371//371
f 375//375 377//377 376//376
f 377//377 375//375 374//374
f 378//378 376//376 377//377
f 376//376 378//378 379//379
f 380//380 379//379 378//378
f 379//379 380//380 381//381
f 382//382 381//381 380//380
f 381//381 382//382 383//383
f 382//382 384//384 383//383
f 382//382 385//385 384//384
f 385//385 387//387 386//386
f 384//384 385//385 386//386
f 387//387 389//389 388//388
f 388//388 386//386 387//387
f 389//389 391//391 390//390
f 390//390 388//388 389//389
f 393//393 391//391 392//392
f 393//393 390//390 391//391
f 394//394 393//393 392//392
f 395//395 394//394 396//396
f 394//394 392//392 396//396
f 395//395 396//396 397//397
f 398//398 395//395 397//397
f 398//398 397//397 399//399
f 399//399 400//400 398//398
f 400//400 399//399 401//401
f 402//402 400//400 401//401
f 403//403 404//404 402//402
f 400//400 402//402 404//404
f 404//404 403//403 405//405
f 405//405 406//406 407//407
f 406//406 405//405 403//403
f 407//407 409//409 408//408
f 409//409 407//407 406//406
f 410//410 408//408 409//409
f 411//411 412//412 410//410
f 408//408 410//410 412//412
f 412//412 411//411 413//413
f 414//414 413//413 411//411
f 415//415 414//414 416//416
f 411//411 416//416 414//414
f 416//416 417//417 415//415
f 331//331 415//415 417//417
f 331//331 417//417 332//332
f 419//419 418//418 421//421
f 418//418 419//419 420//420
f 422//422 421//421 418//418
f 421//421 422//422 423//423
f 424//424 423//423 422//422
f 423//423 424//424 425//425
f 426//426 425//425 424//424
f 425//425 426//426 427//427
f 428//428 427//427 426//426
f 427//427 428//428 429//429
f 428//428 431//431 429//429
f 428//428 430//430 431//431
f 430//430 432//432 431//431
f 430//430 433//433 432//432
f 434//434 432//432 433//433
f 433//433 435//435 434//434
f 436//436 434//434 435//435
f 438//438 436//436 435//435
f 438//438 437//437 436//436
f 437//437 438//438 439//439
f 440//440 437//437 439//439
f 441//441 442//442 440//440
f 437//437 440//440 442//442
f 442//442 441//441 443//443
f 443//443 445//445 444//444
f 445//445 443//443 441//441
f 446//446 444//444 445//445
f 446//446 447//447 448//448
f 447//447 446//446 449//449
f 444//444 446//446 448//448
f 451//451 449//449 450//450
f 449//449 451//451 447//447
f 450//450 452//452 451//451
f 453//453 419//419 452//452
f 450//450 453//453 452//452
f 453//453 420//420 419//419
f 455//455 454//454 457//457
f 454//454 455//455 456//456
f 456//456 455//455 458//458
f 460//460 458//458 459//459
f 459//459 458//458 455//455
f 458//458 460//460 461//461
f 463//463 461//461 460//460
f 461//461 463//463 462//462
f 464//464 462//462 463//463
f 462//462 464//464 465//465
f 466//466 465//465 464//464
f 465//465 466//466 467//467
f 468//468 467//467 466//466
f 467//467 468//468 469//469
f 470//470 469//469 468//468
f 473//473 470//470 471//471
f 471//471 470//470 472//472
f 469//469 470//470 473//473
f 475//475 474//474 479//479
f 474//474 475//475 476//476
f 476//476 477//477 474//474
f 474//474 477//477 478//478
f 478//478 479//479 474//474
f 479//479 478//478 480//480
f 481//481 480//480 478//478
f 480//480 481//481 482//482
f 483//483 482//482 481//481
f 482//482 483//483 484//484
f 483//483 485//485 484//484
f 485//485 483//483 486//486
f 487//487 485//485 486//486
f 485//485 487//487 488//488
f 487//487 489//489 488//488
f 489//489 487//487 492//492
f 489//489 491//491 490//490
f 491//491 489//489 492//492
f 487//487 477//477 492//492
f 491//491 492//492 477//477
f 494//494 493//493 491//491
f 493//493 490//490 491//491
f 491//491 477//477 494//494
f 494//494 477//477 495//495
f 495//495 496//496 494//494
f 496//496 493//493 494//494
f 495//495 497//497 496//496
f 497//497 498//498 500//500
f 498//498 497//497 499//499
f 497//497 495//495 499//499
f 500//500 498//498 501//501
f 501//501 498//498 502//502
f 503//503 501//501 502//502
f 475//475 503//503 504//504
f 504//504 503//503 502//502
f 475//475 504//504 476//476
f 502//502 477//477 504//504
f 504//504 477//477 476//476
f 498//498 477//477 502//502
f 499//499 477//477 498//498
f 495//495 477//477 499//499
f 486//486 477//477 487//487
f 483//483 477//477 486//486
f 481//481 477//477 483//483
f 478//478 477//477 481//481
f 506//506 505//505 508//508
f 505//505 506//506 507//507
f 509//509 508//508 505//505
f 508//508 509//509 510//510
f 511//511 510//510 509//509
f 510//510 511//511 512//512
f 513//513 512//512 511//511
f 515//515 514//514 513//513
f 512//512 513//513 514//514
f 514//514 515//515 516//516
f 517//517 516//516 515//515
f 516//516 517//517 518//518
f 519//519 518//518 517//517
f 518//518 519//519 520//520
f 521//521 520//520 519//519
f 521//521 519//519 522//522
f 522//522 523//523 521//521
f 523//523 522//522 524//524
f 524//524 525//525 523//523
f 525//525 524//524 526//526
f 526//526 527//527 525//525
f 527//527 526//526 528//528
f 528//528 529//529 527//527
f 529//529 528//528 530//530
f 530//530 532//532 529//529
f 532//532 530//530 531//531
f 531//531 533//533 532//532
f 534//534 506//506 533//533
f 533//533 531//531 534//534
f 506//506 534//534 507//507
f 537//537 535//535 536//536
f 535//535 537//537 538//538
f 538//538 539//539 535//535
f 540//540 539//539 542//542
f 539//539 540//540 541//541
f 539//539 538//538 542//542
f 543//543 541//541 540//540
f 541//541 543//543 544//544
f 545//545 544//544 543//543
f 545//545 543//543 546//546
f 546//546 547//547 545//545
f 548//548 549//549 547//547
f 547//547 546//546 548//548
f 550//550 549//549 548//548
f 551//551 549//549 550//550
f 549//549 551//551 552//552
f 553//553 552//552 551//551
f 552//552 553//553 554//554
f 555//555 554//554 553//553
f 554//554 555//555 556//556
f 555//555 557//557 556//556
f 557//557 555//555 558//558
f 558//558 559//559 557//557
f 560//560 559//559 558//558
f 560//560 561//561 559//559
f 560//560 562//562 561//561
f 563//563 561//561 562//562
f 563//563 562//562 564//564
f 537//537 563//563 564//564
f 563//563 537//537 536//536
f 566//566 565//565 568//568
f 565//565 566//566 567//567
f 569//569 568//568 565//565
f 568//568 569//569 570//570
f 571//571 570//570 569//569
f 570//570 571//571 572//572
f 573//573 572//572 571//571
f 572//572 573//573 574//574
f 575//575 574//574 573//573
f 574//574 575//575 576//576
f 575//575 577//577 576//576
f 578//578 577//577 575//575
f 578//578 579//579 580//580
f 577//577 578//578 580//580
f 581//581 580//580 579//579
f 581//581 579//579 582//582
f 583//583 581//581 582//582
f 583//583 582//582 584//584
f 584//584 585//585 583//583
f 585//585 584//584 587//587
f 585//585 588//588 586//586
f 588//588 585//585 587//587
f 589//589 586//586 588//588
f 586//586 589//589 590//590
f 591//591 590//590 589//589
f 593//593 592//592 591//591
f 590//590 591//591 592//592
f 567//567 594//594 593//593
f 592//592 593//593 594//594
f 567//567 566//566 594//594
f 595//595 596//596 597//597
f 598//598 595//595 597//597
f 598//598 597//597 599//599
f 600//600 598//598 599//599
f 601//601 602//602 603//603
f 603//603 604//604 601//601
f 605//605 604//604 603//603
f 605//605 606//606 604//604
f 607//607 606//606 605//605
f 607//607 608//608 606//606
f 610//610 608//608 607//607
f 610//610 609//609 608//608
f 609//609 610//610 611//611
f 612//612 609//609 611//611
f 614//614 612//612 613//613
f 609//609 612//612 614//614
f 614//614 613//613 615//615
f 617//617 615//615 613//613
f 615//615 617//617 616//616
f 616//616 617//617 618//618
f 619//619 616//616 618//618
f 622//622 619//619 620//620
f 620//620 619//619 621//621
f 616//616 619//619 622//622
f 623//623 620//620 621//621
f 625//625 624//624 628//628
f 624//624 625//625 626//626
f 626//626 627//627 624//624
f 628//628 629//629 625//625
f 629//629 628//628 630//630
f 631//631 629//629 630//630
f 629//629 631//631 632//632
f 633//633 632//632 631//631
f 632//632 633//633 634//634
f 635//635 634//634 633//633
f 637//637 636//636 635//635
f 634//634 635//635 636//636
f 636//636 637//637 638//638
f 639//639 638//638 637//637
f 638//638 639//639 640//640
f 641//641 640//640 639//639
f 640//640 641//641 642//642
f 643//643 642//642 641//641
f 642//642 643//643 644//644
f 645//645 644//644 643//643
f 646//646 647//647 645//645
f 644//644 645//645 647//647
f 647//647 646//646 648//648
f 648//648 650//650 649//649
f 650//650 648//648 646//646
f 651//651 649//649 650//650
f 653//653 651//651 652//652
f 651//651 653//653 654//654
f 649//649 651//651 654//654
f 652//652 655//655 653//653
f 655//655 652//652 656//656
f 656//656 657//657 655//655
f 659//659 658//658 657//657
f 657//657 656//656 659//659
f 658//658 659//659 660//660
f 662//662 660//660 661//661
f 660//660 662//662 658//658
f 661//661 663//663 662//662
f 664//664 663//663 661//661
f 664//664 665//665 663//663
f 665//665 666//666 667//667
f 666//666 665//665 668//668
f 665//665 664//664 668//668
f 666//666 669//669 667//667
f 627//627 626//626 669//669
f 627//627 669//669 666//666
f 671//671 674//674 670//670
f 671//671 670//670 675//675
f 674//674 672//672 670//670
f 670//670 672//672 673//673
f 673//673 675//675 670//670
f 671//671 675//675 676//676
f 673//673 676//676 675//675
f 677//677 678//678 676//676
f 676//676 673//673 677//677
f 671//671 676//676 678//678
f 678//678 677//677 679//679
f 679//679 680//680 678//678
f 671//671 678//678 680//680
f 680//680 679//679 681//681
f 682//682 680//680 681//681
f 671//671 680//680 682//682
f 682//682 683//683 684//684
f 681//681 683//683 682//682
f 671//671 682//682 684//684
f 683//683 685//685 684//684
f 685//685 686//686 684//684
f 671//671 684//684 686//686
f 687//687 686//686 688//688
f 686//686 687//687 689//689
f 686//686 689//689 671//671
f 688//688 686//686 685//685
f 671//671 689//689 690//690
f 691//691 690//690 689//689
f 691//691 689//689 687//687
f 690//690 691//691 692//692
f 692//692 695//695 693//693
f 692//692 693//693 690//690
f 695//695 692//692 694//694
f 671//671 695//695 696//696
f 694//694 696//696 695//695
f 671//671 693//693 695//695
f 671//671 696//696 697//697
f 698//698 697//697 696//696
f 696//696 694//694 698//698
f 697//697 698//698 699//699
f 701//701 699//699 700//700
f 699//699 701//701 697//697
f 700//700 702//702 701//701
f 671//671 697//697 701//701
f 671//671 701//701 702//702
f 671//671 702//702 703//703
f 704//704 703//703 702//702
f 702//702 700//700 704//704
f 703//703 704//704 705//705
f 703//703 705//705 706//706
f 708//708 706//706 707//707
f 706//706 708//708 703//703
f 674//674 708//708 707//707
f 671//671 708//708 674//674
f 671//671 703//703 708//708
f 707//707 672//672 674//674
f 671//671 690//690 693//693
f 709//709 710//710 711//711
f 711//711 714//714 709//709
f 712//712 709//709 714//714
f 709//709 712//712 713//713
f 715//715 713//713 712//712
f 713//713 715//715 716//716
f 717//717 716//716 715//715
f 717//717 719//719 718//718
f 719//719 717//717 720//720
f 715//715 720//720 717//717
f 719//719 722//722 721//721
f 721//721 718//718 719//719
f 723//723 721//721 722//722
f 721//721 723//723 724//724
f 725//725 724//724 723//723
f 726//726 727//727 725//725
f 724//724 725//725 727//727
f 727//727 726//726 728//728
f 728//728 730//730 729//729
f 730//730 728//728 726//726
f 731//731 729//729 730//730
f 729//729 731//731 732//732
f 733//733 732//732 731//731
f 734//734 735//735 733//733
f 732//732 733//733 735//735
f 735//735 734//734 736//736
f 736//736 738//738 737//737
f 738//738 736//736 734//734
f 739//739 737//737 738//738
f 737//737 739//739 740//740
f 741//741 740//740 739//739
f 742//742 743//743 741//741
f 740//740 741//741 743//743
f 743//743 742//742 744//744
f 744//744 746//746 745//745
f 746//746 744//744 742//742
f 710//710 745//745 746//746
f 746//746 711//711 710//710
f 748//748 747//747 750//750
f 747//747 748//748 749//749
f 751//751 750//750 747//747
f 750//750 751//751 752//752
f 753//753 752//752 751//751
f 755//755 754//754 753//753
f 752//752 753//753 754//754
f 754//754 755//755 756//756
f 756//756 755//755 758//758
f 755//755 757//757 758//758
f 759//759 758//758 757//757
f 757//757 760//760 759//759
f 761//761 759//759 760//760
f 762//762 763//763 761//761
f 761//761 760//760 762//762
f 763//763 762//762 764//764
f 764//764 765//765 763//763
f 767//767 766//766 765//765
f 765//765 764//764 767//767
f 766//766 767//767 768//768
f 769//769 766//766 768//768
f 770//770 771//771 769//769
f 766//766 769//769 771//771
f 771//771 770//770 772//772
f 774//774 772//772 770//770
f 772//772 774//774 773//773
f 775//775 773//773 774//774
f 773//773 775//775 777//777
f 776//776 775//775 778//778
f 775//775 776//776 777//777
f 780//780 779//779 778//778
f 778//778 779//779 776//776
f 780//780 781//781 779//779
f 780//780 782//782 781//781
f 784//784 781//781 782//782
f 782//782 783//783 784//784
f 748//748 784//784 783//783
f 748//748 783//783 749//749
f 786//786 785//785 788//788
f 785//785 786//786 787//787
f 789//789 788//788 785//785
f 788//788 789//789 790//790
f 789//789 791//791 790//790
f 790//790 791//791 792//792
f 791//791 793//793 792//792
f 793//793 791//791 794//794
f 794//794 795//795 793//793
f 795//795 794//794 796//796
f 796//796 797//797 795//795
f 797//797 796//796 798//798
f 798//798 799//799 797//797
f 799//799 798//798 800//800
f 800//800 801//801 799//799
f 801//801 800//800 802//802
f 803//803 801//801 802//802
f 801//801 803//803 804//804
f 805//805 804//804 803//803
f 804//804 805//805 806//806
f 807//807 806//806 805//805
f 806//806 807//807 808//808
f 807//807 809//809 808//808
f 809//809 811//811 810//810
f 808//808 809//809 810//810
f 811//811 812//812 810//810
f 811//811 813//813 812//812
f 815//815 812//812 813//813
f 813//813 814//814 815//815
f 816//816 815//815 814//814
f 817//817 816//816 814//814
f 818//818 816//816 817//817
f 820//820 818//818 819//819
f 819//819 818//818 817//817
f 819//819 821//821 820//820
f 821//821 819//819 822//822
f 822//822 786//786 821//821
f 786//786 822//822 787//787
f 823//823 824//824 825//825
f 825//825 826//826 823//823
f 827//827 823//823 826//826
f 828//828 827//827 826//826
f 829//829 827//827 828//828
f 830//830 829//829 828//828
f 829//829 830//830 831//831
f 830//830 832//832 831//831
f 833//833 834//834 832//832
f 832//832 830//830 833//833
f 834//834 833//833 835//835
f 835//835 836//836 834//834
f 836//836 835//835 837//837
f 837//837 838//838 836//836
f 838//838 837//837 839//839
f 838//838 839//839 840//840
f 841//841 838//838 840//840
f 842//842 825//825 824//824
f 824//824 843//843 842//842
f 844//844 845//845 843//843
f 843//843 824//824 844//844
f 845//845 844//844 847//847
f 847//847 846//846 845//845
f 846//846 847//847 848//848
f 850//850 848//848 849//849
f 848//848 850//850 846//846
f 849//849 851//851 850//850
f 853//853 852//852 851//851
f 854//854 851//851 852//852
f 851//851 849//849 853//853
f 854//854 856//856 855//855
f 856//856 854//854 852//852
f 857//857 855//855 856//856
f 857//857 858//858 859//859
f 858//858 857//857 860//860
f 855//855 857//857 859//859
f 863//863 862//862 861//861
f 865//865 864//864 866//866
f 868//868 867//867 870//870
f 867//867 868//868 869//869
f 870//870 867//867 871//871
f 871//871 872//872 870//870
f 872//872 871//871 873//873
f 874//874 873//873 875//875
f 874//874 872//872 873//873
f 874//874 875//875 876//876
f 875//875 877//877 876//876
f 877//877 875//875 878//878
f 878//878 879//879 877//877
f 879//879 878//878 880//880
f 880//880 881//881 879//879
f 881//881 880//880 882//882
f 882//882 883//883 881//881
f 883//883 882//882 884//884
f 884//884 885//885 883//883
f 885//885 884//884 886//886
f 886//886 887//887 885//885
f 887//887 886//886 888//888
f 888//888 889//889 887//887
f 889//889 888//888 890//890
f 890//890 891//891 889//889
f 889//889 891//891 892//892
f 892//892 891//891 893//893
f 893//893 894//894 892//892
f 895//895 894//894 893//893
f 894//894 895//895 896//896
f 897//897 896//896 895//895
f 899//899 898//898 897//897
f 896//896 897//897 898//898
f 899//899 900//900 898//898
f 899//899 901//901 900//900
f 901//901 899//899 902//902
f 902//902 903//903 901//901
f 903//903 902//902 904//904
f 904//904 869//869 903//903
f 903//903 869//869 868//868
f 905//905 906//906 907//907
f 907//907 908//908 905//905
f 908//908 909//909 905//905
f 909//909 908//908 910//910
f 910//910 911//911 909//909
f 912//912 911//911 910//910
f 911//911 912//912 913//913
f 914//914 913//913 912//912
f 913//913 914//914 915//915
f 914//914 916//916 915//915
f 916//916 914//914 917//917
f 917//917 918//918 916//916
f 918//918 917//917 919//919
f 919//919 920//920 918//918
f 920//920 919//919 921//921
f 921//921 922//922 920//920
f 922//922 921//921 923//923
f 923//923 924//924 922//922
f 924//924 923//923 925//925
f 924//924 925//925 926//926
f 924//924 926//926 927//927
f 928//928 927//927 926//926
f 927//927 928//928 929//929
f 931//931 929//929 928//928
f 929//929 931//931 930//930
f 931//931 928//928 933//933
f 932//932 930//930 931//931
f 934//934 932//932 931//931
f 933//933 934//934 931//931
f 936//936 935//935 934//934
f 935//935 932//932 934//934
f 933//933 936//936 934//934
f 938//938 937//937 936//936
f 937//937 935//935 936//936
f 933//933 938//938 936//936
f 933//933 939//939 938//938
f 940//940 938//938 939//939
f 940//940 937//937 938//938
f 940//940 942//942 941//941
f 942//942 940//940 939//939
f 933//933 943//943 942//942
f 943//943 941//941 942//942
f 933//933 942//942 939//939
f 941//941 943//943 906//906
f 906//906 943//943 907//907
f 933//933 907//907 943//943
f 933//933 928//928 926//926
f 933//933 926//926 925//925
f 933//933 921//921 919//919
f 933//933 923//923 921//921
f 933//933 917//917 914//914
f 933//933 914//914 912//912
f 933//933 908//908 907//907
f 933//933 925//925 923//923
f 933//933 910//910 908//908
f 933//933 919//919 917//917
f 933//933 912//912 910//910
f 945//945 944//944 947//947
f 944//944 945//945 946//946
f 948//948 947//947 944//944
f 947//947 948//948 949//949
f 950//950 949//949 948//948
f 949//949 950//950 951//951
f 952//952 951//951 950//950
f 951//951 952//952 953//953
f 954//954 953//953 952//952
f 954//954 952//952 955//955
f 956//956 954//954 955//955
f 956//956 955//955 957//957
f 957//957 958//958 956//956
f 958//958 957//957 959//959
f 959//959 960//960 958//958
f 960//960 959//959 961//961
f 963//963 962//962 961//961
f 961//961 962//962 960//960
f 964//964 962//962 963//963
f 962//962 964//964 966//966
f 965//965 966//966 964//964
f 966//966 965//965 967//967
f 968//968 967//967 965//965
f 967//967 968//968 969//969
f 971//971 969//969 968//968
f 969//969 971//971 970//970
f 972//972 970//970 971//971
f 975//975 973//973 972//972
f 972//972 973//973 974//974
f 970//970 972//972 974//974
f 973//973 975//975 977//977
f 975//975 976//976 977//977
f 978//978 977//977 976//976
f 980//980 978//978 979//979
f 976//976 979//979 978//978
f 980//980 946//946 945//945
f 980//980 979//979 981//981
f 946//946 980//980 981//981
f 983//983 982//982 985//985
f 982//982 983//983 984//984
f 986//986 985//985 982//982
f 985//985 986//986 987//987
f 988//988 987//987 986//986
f 987//987 988//988 989//989
f 991//991 989//989 988//988
f 988//988 990//990 991//991
f 992//992 991//991 990//990
f 993//993 992//992 994//994
f 990//990 994//994 992//992
f 994//994 995//995 993//993
f 995//995 996//996 993//993
f 995//995 997//997 996//996
f 997//997 998//998 996//996
f 998//998 997//997 999//999
f 999//999 1000//1000 998//998
f 1000//1000 999//999 1001//1001
f 1002//1002 1001//1001 1003//1003
f 1001//1001 1002//1002 1000//1000
f 1003//1003 1004//1004 1002//1002
f 1004//1004 1003//1003 1005//1005
f 1006//1006 1004//1004 1005//1005
f 1004//1004 1006//1006 1007//1007
f 1008//1008 1007//1007 1006//1006
f 1007//1007 1008//1008 1009//1009
f 1010//1010 1009//1009 1008//1008
f 1009//1009 1010//1010 1011//1011
f 1012//1012 1011//1011 1010//1010
f 1011//1011 1012//1012 1013//1013
f 1014//1014 1013//1013 1012//1012
f 1013//1013 1014//1014 1015//1015
f 1016//1016 1015//1015 1014//1014
f 1016//1016 1017//1017 1018//1018
f 1017//1017 1016//1016 1019//1019
f 1015//1015 1016//1016 1018//1018
f 1019//1019 983//983 1017//1017
f 983//983 1019//1019 984//984
f 1023//1023 1021//1021 1020//1020
f 1020//1020 1021//1021 1022//1022
f 1023//1023 1020//1020 1024//1024
f 1025//1025 1023//1023 1024//1024
f 1026//1026 1025//1025 1024//1024
f 1027//1027 1025//1025 1026//1026
f 1028//1028 1027//1027 1026//1026
f 1027//1027 1028//1028 1029//1029
f 1028//1028 1030//1030 1029//1029
f 1029//1029 1030//1030 1031//1031
f 1030//1030 1032//1032 1031//1031
f 1033//1033 1031//1031 1032//1032
f 1032//1032 1034//1034 1033//1033
f 1034//1034 1032//1032 1035//1035
f 1035//1035 1036//1036 1034//1034
f 1036//1036 1035//1035 1037//1037
f 1037//1037 1038//1038 1036//1036
f 1038//1038 1037//1037 1039//1039
f 1039//1039 1040//1040 1038//1038
f 1040//1040 1039//1039 1041//1041
f 1042//1042 1041//1041 1043//1043
f 1041//1041 1042//1042 1040//1040
f 1043//1043 1044//1044 1042//1042
f 1044//1044 1043//1043 1045//1045
f 1046//1046 1044//1044 1045//1045
f 1047//1047 1044//1044 1046//1046
f 1046//1046 1048//1048 1047//1047
f 1049//1049 1047//1047 1048//1048
f 1048//1048 1050//1050 1049//1049
f 1051//1051 1049//1049 1050//1050
f 1052//1052 1051//1051 1050//1050
f 1053//1053 1051//1051 1052//1052
f 1052//1052 1054//1054 1053//1053
f 1054//1054 1052//1052 1055//1055
f 1055//1055 1056//1056 1054//1054
f 1056//1056 1055//1055 1057//1057
f 1057//1057 1021//1021 1056//1056
f 1021//1021 1057//1057 1022//1022
f 1059//1059 1058//1058 1061//1061
f 1058//1058 1059//1059 1060//1060
f 1061//1061 1058//1058 1062//1062
f 1062//1062 1063//1063 1061//1061
f 1063//1063 1062//1062 1064//1064
f 1065//1065 1063//1063 1064//1064
f 1064//1064 1066//1066 1065//1065
f 1065//1065 1066//1066 1067//1067
f 1066//1066 1068//1068 1067//1067
f 1067//1067 1068//1068 1069//1069
f 1068//1068 1070//1070 1069//1069
f 1070//1070 1068//1068 1071//1071
f 1071//1071 1072//1072 1070//1070
f 1072//1072 1071//1071 1073//1073
f 1074//1074 1073//1073 1075//1075
f 1073//1073 1074//1074 1072//1072
f 1075//1075 1076//1076 1074//1074
f 1076//1076 1075//1075 1077//1077
f 1077//1077 1078//1078 1076//1076
f 1078//1078 1077//1077 1079//1079
f 1079//1079 1080//1080 1078//1078
f 1080//1080 1079//1079 1081//1081
f 1080//1080 1081//1081 1082//1082
f 1084//1084 1083//1083 1082//1082
f 1083//1083 1080//1080 1082//1082
f 1083//1083 1084//1084 1085//1085
f 1086//1086 1085//1085 1084//1084
f 1085//1085 1086//1086 1087//1087
f 1088//1088 1087//1087 1086//1086
f 1087//1087 1088//1088 1089//1089
f 1088//1088 1090//1090 1089//1089
f 1090//1090 1088//1088 1091//1091
f 1091//1091 1092//1092 1090//1090
f 1092//1092 1091//1091 1093//1093
f 1093//1093 1094//1094 1092//1092
f 1094//1094 1093//1093 1095//1095
f 1094//1094 1095//1095 1060//1060
f 1094//1094 1060//1060 1059//1059
f 1097//1097 1096//1096 1099//1099
f 1096//1096 1097//1097 1098//1098
f 1100//1100 1097//1097 1099//1099
f 1100//1100 1101//1101 1097//1097
f 1103//1103 1102//1102 1105//1105
f 1102//1102 1103//1103 1104//1104
f 1106//1106 1104//1104 1103//1103
f 1104//1104 1106//1106 1107//1107
f 1108//1108 1107//1107 1106//1106
f 1107//1107 1108//1108 1109//1109
f 1110//1110 1109//1109 1108//1108
f 1109//1109 1110//1110 1111//1111
f 1112//1112 1111//1111 1110//1110
f 1111//1111 1112//1112 1113//1113
f 1114//1114 1113//1113 1112//1112
f 1113//1113 1114//1114 1115//1115
f 1116//1116 1115//1115 1114//1114
f 1115//1115 1116//1116 1117//1117
f 1118//1118 1117//1117 1116//1116
f 1117//1117 1118//1118 1119//1119
f 1120//1120 1119//1119 1118//1118
f 1119//1119 1120//1120 1121//1121
f 1122//1122 1121//1121 1120//1120
f 1121//1121 1122//1122 1123//1123
f 1124//1124 1123//1123 1122//1122
f 1123//1123 1124//1124 1125//1125
f 1126//1126 1125//1125 1124//1124
f 1125//1125 1126//1126 1127//1127
f 1128//1128 1127//1127 1126//1126
f 1129//1129 1128//1128 1131//1131
f 1128//1128 1129//1129 1130//1130
f 1126//1126 1131//1131 1128//1128
f 1132//1132 1130//1130 1129//1129
f 1130//1130 1132//1132 1133//1133
f 1134//1134 1133//1133 1132//1132
f 1133//1133 1134//1134 1135//1135
f 1136//1136 1135//1135 1134//1134
f 1135//1135 1136//1136 1137//1137
f 1136//1136 1138//1138 1137//1137
f 1139//1139 1140//1140 1138//1138
f 1138//1138 1136//1136 1139//1139
f 1140//1140 1139//1139 1141//1141
f 1141//1141 1142//1142 1140//1140
f 1142//1142 1141//1141 1143//1143
f 1143//1143 1144//1144 1142//1142
f 1144//1144 1143//1143 1145//1145
f 1145//1145 1146//1146 1144//1144
f 1146//1146 1145//1145 1147//1147
f 1147//1147 1148//1148 1146//1146
f 1148//1148 1147//1147 1149//1149
f 1149//1149 1150//1150 1148//1148
f 1149//1149 1151//1151 1150//1150
f 1151//1151 1152//1152 1150//1150
f 1154//1154 1153//1153 1152//1152
f 1151//1151 1154//1154 1152//1152
f 1154//1154 1155//1155 1153//1153
f 1156//1156 1153//1153 1155//1155
f 1153//1153 1156//1156 1157//1157
f 1158//1158 1157//1157 1156//1156
f 1157//1157 1158//1158 1159//1159
f 1160//1160 1159//1159 1158//1158
f 1159//1159 1160//1160 1161//1161
f 1162//1162 1161//1161 1160//1160
f 1161//1161 1162//1162 1163//1163
f 1164//1164 1163//1163 1162//1162
f 1163//1163 1164//1164 1165//1165
f 1169//1169 1167//1167 1166//1166
f 1166//1166 1167//1167 1168//1168
f 1171//1171 1170//1170 1173//1173
f 1170//1170 1171//1171 1172//1172
f 1174//1174 1175//1175 1176//1176
f 1174//1174 1176//1176 1177//1177
f 1179//1179 1178//1178 1182//1182
f 1178//1178 1179//1179 1180//1180
f 1180//1180 1181//1181 1178//1178
f 1182//1182 1183//1183 1184//1184
f 1184//1184 1179//1179 1182//1182
f 1185//1185 1184//1184 1183//1183
f 1183//1183 1186//1186 1185//1185
f 1187//1187 1185//1185 1186//1186
f 1187//1187 1186//1186 1188//1188
f 1189//1189 1187//1187 1188//1188
f 1188//1188 1190//1190 1189//1189
f 1191//1191 1189//1189 1190//1190
f 1193//1193 1191//1191 1192//1192
f 1190//1190 1192//1192 1191//1191
f 1192//1192 1194//1194 1193//1193
f 1195//1195 1193//1193 1194//1194
f 1194//1194 1196//1196 1195//1195
f 1181//1181 1180//1180 1197//1197
f 1197//1197 1198//1198 1181//1181
f 1198//1198 1197//1197 1199//1199
f 1199//1199 1200//1200 1198//1198
f 1202//1202 1200//1200 1201//1201
f 1200//1200 1199//1199 1201//1201
f 1202//1202 1201//1201 1203//1203
f 1204//1204 1202//1202 1203//1203
f 1204//1204 1203//1203 1205//1205
f 1206//1206 1204//1204 1205//1205
f 1206//1206 1205//1205 1207//1207
f 1208//1208 1206//1206 1207//1207
f 1210//1210 1208//1208 1209//1209
f 1208//1208 1207//1207 1209//1209
f 1210//1210 1209//1209 1211//1211
f 1212//1212 1210//1210 1211//1211
f 1210//1210 1212//1212 1213//1213
f 1214//1214 1213//1213 1212//1212
f 1213//1213 1214//1214 1215//1215
f 1214//1214 1216//1216 1215//1215
f 1217//1217 1215//1215 1216//1216
f 1218//1218 1217//1217 1216//1216
f 1217//1217 1218//1218 1219//1219
f 1220//1220 1219//1219 1218//1218
f 1219//1219 1220//1220 1221//1221
f 1220//1220 1222//1222 1221//1221
f 1223//1223 1221//1221 1222//1222
f 1222//1222 1224//1224 1223//1223
f 1225//1225 1226//1226 1224//1224
f 1222//1222 1225//1225 1224//1224
f 1225//1225 1227//1227 1226//1226
f 1228//1228 1226//1226 1227//1227
f 1226//1226 1228//1228 1229//1229
f 1230//1230 1229//1229 1228//1228
f 1229//1229 1230//1230 1231//1231
f 1232//1232 1231//1231 1230//1230
f 1231//1231 1232//1232 1233//1233
f 1234//1234 1233//1233 1232//1232
f 1232//1232 1235//1235 1234//1234
f 1236//1236 1234//1234 1235//1235
f 1234//1234 1236//1236 1237//1237
f 1238//1238 1237//1237 1236//1236
f 1237//1237 1238//1238 1239//1239
f 1240//1240 1239//1239 1238//1238
f 1239//1239 1240//1240 1241//1241
f 1242//1242 1243//1243 1244//1244
f 1242//1242 1244//1244 1245//1245
f 1247//1247 1246//1246 1249//1249
f 1246//1246 1247//1247 1248//1248
f 1251//1251 1250//1250 1252//1252
f 1253//1253 1254//1254 1255//1255
f 1258//1258 1257//1257 1256//1256
f 1259//1259 1260//1260 1261//1261
f 1262//1262 1264//1264 1263//1263
f 1264//1264 1262//1262 1265//1265
f 1266//1266 1264//1264 1265//1265
f 1264//1264 1266//1266 1267//1267
f 1268//1268 1267//1267 1266//1266
f 1267//1267 1268//1268 1269//1269
f 1270//1270 1269//1269 1268//1268
f 1269//1269 1270//1270 1271//1271
f 1270//1270 1272//1272 1271//1271
f 1272//1272 1270//1270 1273//1273
f 1273//1273 1274//1274 1272//1272
f 1274//1274 1273//1273 1275//1275
f 1275//1275 1276//1276 1274//1274
f 1276//1276 1277//1277 1278//1278
f 1278//1278 1274//1274 1276//1276
f 1279//1279 1278//1278 1277//1277
f 1277//1277 1280//1280 1279//1279
f 1280//1280 1277//1277 1282//1282
f 1282//1282 1281//1281 1280//1280
f 1281//1281 1282//1282 1283//1283
f 1284//1284 1283//1283 1285//1285
f 1283//1283 1284//1284 1281//1281
f 1286//1286 1285//1285 1287//1287
f 1285//1285 1286//1286 1284//1284
f 1287//1287 1288//1288 1286//1286
f 1288//1288 1287//1287 1289//1289
f 1289//1289 1290//1290 1288//1288
f 1290//1290 1289//1289 1291//1291
f 1292//1292 1290//1290 1291//1291
f 1292//1292 1291//1291 1293//1293
f 1294//1294 1292//1292 1293//1293
f 1294//1294 1293//1293 1295//1295
f 1295//1295 1296//1296 1294//1294
f 1296//1296 1295//1295 1297//1297
f 1297//1297 1298//1298 1296//1296
f 1298//1298 1297//1297 1299//1299
f 1299//1299 1300//1300 1298//1298
f 1300//1300 1299//1299 1301//1301
f 1302//1302 1300//1300 1301//1301
f 1300//1300 1302//1302 1303//1303
f 1304//1304 1303//1303 1302//1302
f 1303//1303 1304//1304 1305//1305
f 1306//1306 1305//1305 1304//1304
f 1305//1305 1306//1306 1307//1307
f 1306//1306 1308//1308 1307//1307
f 1306//1306 1309//1309 1308//1308
f 1309//1309 1310//1310 1311//1311
f 1311//1311 1308//1308 1309//1309
f 1312//1312 1311//1311 1310//1310
f 1310//1310 1313//1313 1312//1312
f 1314//1314 1312//1312 1313//1313
f 1313//1313 1315//1315 1314//1314
f 1316//1316 1314//1314 1315//1315
f 1318//1318 1317//1317 1316//1316
f 1315//1315 1318//1318 1316//1316
f 1317//1317 1318//1318 1319//1319
f 1319//1319 1320//1320 1317//1317
f 1320//1320 1319//1319 1321//1321
f 1323//1323 1322//1322 1325//1325
f 1322//1322 1323//1323 1324//1324
f 1327//1327 1326//1326 1329//1329
f 1326//1326 1327//1327 1328//1328
f 1331//1331 1329//1329 1330//1330
f 1331//1331 1327//1327 1329//1329
f 1330//1330 1332//1332 1331//1331
f 1334//1334 1333//1333 1332//1332
f 1332//1332 1330//1330 1334//1334
f 1333//1333 1334//1334 1335//1335
f 1336//1336 1335//1335 1337//1337
f 1335//1335 1336//1336 1333//1333
f 1339//1339 1337//1337 1338//1338
f 1337//1337 1339//1339 1336//1336
f 1338//1338 1340//1340 1339//1339
f 1342//1342 1341//1341 1340//1340
f 1340//1340 1338//1338 1342//1342
f 1341//1341 1342//1342 1343//1343
f 1343//1343 1345//1345 1341//1341
f 1345//1345 1343//1343 1344//1344
f 1344//1344 1346//1346 1345//1345
f 1348//1348 1347//1347 1346//1346
f 1346//1346 1344//1344 1348//1348
f 1347//1347 1348//1348 1349//1349
f 1351//1351 1349//1349 1350//1350
f 1349//1349 1351//1351 1347//1347
f 1350//1350 1352//1352 1351//1351
f 1354//1354 1353//1353 1352//1352
f 1352//1352 1350//1350 1354//1354
f 1354//1354 1355//1355 1353//1353
f 1355//1355 1356//1356 1357//1357
f 1355//1355 1357//1357 1353//1353
f 1356//1356 1358//1358 1357//1357
f 1356//1356 1359//1359 1358//1358
f 1359//1359 1360//1360 1358//1358
f 1362//1362 1361//1361 1360//1360
f 1359//1359 1362//1362 1360//1360
f 1362//1362 1363//1363 1361//1361
f 1363//1363 1365//1365 1364//1364
f 1363//1363 1364//1364 1361//1361
f 1366//1366 1364//1364 1365//1365
f 1364//1364 1366//1366 1367//1367
f 1368//1368 1367//1367 1366//1366
f 1369//1369 1370//1370 1368//1368
f 1367//1367 1368//1368 1370//1370
f 1370//1370 1369//1369 1371//1371
f 1371//1371 1373//1373 1372//1372
f 1373//1373 1371//1371 1369//1369
f 1374//1374 1372//1372 1373//1373
f 1372//1372 1374//1374 1376//1376
f 1375//1375 1376//1376 1374//1374
f 1376//1376 1375//1375 1377//1377
f 1378//1378 1379//1379 1380//1380
f 1378//1378 1380//1380 1381//1381
f 1378//1378 1381//1381 1382//1382
f 1378//1378 1382//1382 1383//1383
f 1381//1381 1384//1384 1382//1382
f 1385//1385 1384//1384 1381//1381
f 1387//1387 1386//1386 1385//1385
f 1381//1381 1387//1387 1385//1385
f 1381//1381 1388//1388 1387//1387
f 1387//1387 1388//1388 1391//1391
f 1389//1389 1387//1387 1391//1391
f 1387//1387 1389//1389 1390//1390
f 1387//1387 1390//1390 1386//1386
f 1392//1392 1390//1390 1389//1389
f 1390//1390 1392//1392 1393//1393
f 1393//1393 1395//1395 1394//1394
f 1393//1393 1392//1392 1396//1396
f 1395//1395 1393//1393 1396//1396
f 1395//1395 1396//1396 1397//1397
f 1395//1395 1397//1397 1398//1398
f 1399//1399 1395//1395 1398//1398
f 1400//1400 1399//1399 1398//1398
f 1401//1401 1399//1399 1400//1400
f 1399//1399 1401//1401 1380//1380
f 1380//1380 1401//1401 1402//1402
f 1403//1403 1380//1380 1402//1402
f 1380//1380 1403//1403 1381//1381
f 1381//1381 1403//1403 1404//1404
f 1388//1388 1381//1381 1404//1404
f 1399//1399 1407//1407 1405//1405
f 1399//1399 1405//1405 1408//1408
f 1399//1399 1409//1409 1406//1406
f 1407//1407 1399//1399 1406//1406
f 1408//1408 1395//1395 1399//1399
f 1399//1399 1380//1380 1409//1409
f 1409//1409 1380//1380 1410//1410
f 1380//1380 1411//1411 1410//1410
f 1411//1411 1380//1380 1379//1379
f 1412//1412 1395//1395 1408//1408
f 1413//1413 1395//1395 1412//1412
f 1413//1413 1394//1394 1395//1395
f 1413//1413 1414//1414 1394//1394
f 1414//1414 1413//1413 1415//1415
f 1414//1414 1415//1415 1416//1416
f 1417//1417 1416//1416 1415//1415
f 1418//1418 1416//1416 1417//1417
f 1419//1419 1418//1418 1417//1417
f 1420//1420 1418//1418 1419//1419
f 1421//1421 1420//1420 1419//1419
f 1421//1421 1422//1422 1420//1420
f 1422//1422 1421//1421 1423//1423
f 1423//1423 1424//1424 1422//1422
f 1424//1424 1423//1423 1425//1425
f 1427//1427 1425//1425 1426//1426
f 1425//1425 1427//1427 1424//1424
f 1427//1427 1428//1428 1429//1429
f 1428//1428 1427//1427 1432//1432
f 1427//1427 1429//1429 1431//1431
f 1427//1427 1430//1430 1433//1433
f 1430//1430 1427//1427 1431//1431
f 1424//1424 1427//1427 1433//1433
f 1432//1432 1427//1427 1426//1426
f 1434//1434 1428//1428 1432//1432
f 1434//1434 1436//1436 1428//1428
f 1436//1436 1434//1434 1435//1435
f 1437//1437 1439//1439 1436//1436
f 1438//1438 1437//1437 1436//1436
f 1436//1436 1443//1443 1438//1438
f 1436//1436 1439//1439 1441//1441
f 1428//1428 1436//1436 1440//1440
f 1440//1440 1436//1436 1441//1441
f 1444//1444 1436//1436 1442//1442
f 1442//1442 1436//1436 1435//1435
f 1444//1444 1443//1443 1436//1436
f 1444//1444 1449//1449 1445//1445
f 1445//1445 1450//1450 1444//1444
f 1443//1443 1444//1444 1446//1446
f 1444//1444 1450//1450 1446//1446
f 1449//1449 1444//1444 1447//1447
f 1447//1447 1444//1444 1448//1448
f 1444//1444 1442//1442 1448//1448
f 1450//1450 1445//1445 1451//1451
f 1452//1452 1451//1451 1445//1445
f 1451//1451 1452//1452 1453//1453
f 1455//1455 1452//1452 1454//1454
f 1452//1452 1445//1445 1454//1454
f 1454//1454 1445//1445 1456//1456
f 1407//1407 1456//1456 1445//1445
f 1456//1456 1407//1407 1457//1457
f 1407//1407 1406//1406 1457//1457
f 1407//1407 1449//1449 1458//1458
f 1449//1449 1407//1407 1445//1445
f 1405//1405 1407//1407 1458//1458
f 1440//1440 1459//1459 1428//1428
f 1460//1460 1428//1428 1459//1459
f 1460//1460 1429//1429 1428//1428
f 1460//1460 1461//1461 1429//1429
f 1461//1461 1460//1460 1462//1462
f 1461//1461 1462//1462 1463//1463
f 1464//1464 1463//1463 1462//1462
f 1466//1466 1464//1464 1465//1465
f 1464//1464 1466//1466 1463//1463
f 1467//1467 1466//1466 1465//1465
f 1467//1467 1465//1465 1468//1468
f 1470//1470 1467//1467 1468//1468
f 1470//1470 1469//1469 1467//1467
f 1469//1469 1470//1470 1471//1471
f 1472//1472 1469//1469 1471//1471
f 1473//1473 1472//1472 1475//1475
f 1473//1473 1474//1474 1472//1472
f 1472//1472 1474//1474 1469//1469
f 1473//1473 1475//1475 1476//1476
f 1437//1437 1476//1476 1477//1477
f 1476//1476 1437//1437 1473//1473
f 1439//1439 1437//1437 1477//1477
f 1473//1473 1478//1478 1474//1474
f 1478//1478 1473//1473 1479//1479
f 1479//1479 1480//1480 1478//1478
f 1437//1437 1481//1481 1479//1479
f 1473//1473 1437//1437 1479//1479
f 1481//1481 1437//1437 1482//1482
f 1437//1437 1438//1438 1482//1482
f 1484//1484 1483//1483 1487//1487
f 1483//1483 1484//1484 1485//1485
f 1486//1486 1487//1487 1483//1483
f 1487//1487 1486//1486 1488//1488
f 1489//1489 1487//1487 1488//1488
f 1487//1487 1489//1489 1490//1490
f 1490//1490 1484//1484 1487//1487
f 1484//1484 1490//1490 1491//1491
f 1492//1492 1484//1484 1491//1491
f 1493//1493 1494//1494 1492//1492
f 1494//1494 1484//1484 1492//1492
f 1495//1495 1484//1484 1494//1494
f 1494//1494 1496//1496 1495//1495
f 1496//1496 1494//1494 1497//1497
f 1494//1494 1493//1493 1497//1497
f 1498//1498 1496//1496 1497//1497
f 1493//1493 1498//1498 1497//1497
f 1500//1500 1499//1499 1498//1498
f 1496//1496 1498//1498 1499//1499
f 1501//1501 1500//1500 1498//1498
f 1498//1498 1493//1493 1501//1501
f 1500//1500 1501//1501 1502//1502
f 1502//1502 1503//1503 1500//1500
f 1503//1503 1502//1502 1504//1504
f 1506//1506 1504//1504 1505//1505
f 1504//1504 1506//1506 1503//1503
f 1506//1506 1507//1507 1503//1503
f 1507//1507 1506//1506 1508//1508
f 1509//1509 1508//1508 1506//1506
f 1505//1505 1509//1509 1506//1506
f 1511//1511 1510//1510 1509//1509
f 1508//1508 1509//1509 1510//1510
f 1512//1512 1511//1511 1509//1509
f 1509//1509 1505//1505 1512//1512
f 1511//1511 1512//1512 1513//1513
f 1513//1513 1515//1515 1511//1511
f 1515//1515 1513//1513 1514//1514
f 1515//1515 1516//1516 1511//1511
f 1516//1516 1515//1515 1517//1517
f 1518//1518 1517//1517 1515//1515
f 1514//1514 1518//1518 1515//1515
f 1517//1517 1518//1518 1519//1519
f 1518//1518 1520//1520 1519//1519
f 1520//1520 1518//1518 1521//1521
f 1521//1521 1518//1518 1522//1522
f 1518//1518 1514//1514 1523//1523
f 1523//1523 1522//1522 1518//1518
f 1522//1522 1524//1524 1521//1521
f 1524//1524 1522//1522 1525//1525
f 1527//1527 1525//1525 1526//1526
f 1525//1525 1527//1527 1524//1524
f 1529//1529 1528//1528 1527//1527
f 1524//1524 1527//1527 1528//1528
f 1526//1526 1529//1529 1527//1527
f 1528//1528 1529//1529 1530//1530
f 1531//1531 1530//1530 1529//1529
f 1532//1532 1531//1531 1529//1529
f 1529//1529 1526//1526 1532//1532
f 1531//1531 1532//1532 1533//1533
f 1534//1534 1531//1531 1533//1533
f 1489//1489 1535//1535 1534//1534
f 1531//1531 1534//1534 1535//1535
f 1535//1535 1488//1488 1486//1486
f 1486//1486 1536//1536 1535//1535
f 1535//1535 1489//1489 1488//1488
f 1531//1531 1535//1535 1536//1536
f 1536//1536 1537//1537 1531//1531
f 1530//1530 1531//1531 1537//1537
f 1524//1524 1528//1528 1538//1538
f 1521//1521 1538//1538 1520//1520
f 1524//1524 1538//1538 1521//1521
f 1510//1510 1511//1511 1516//1516
f 1539//1539 1503//1503 1507//1507
f 1500//1500 1539//1539 1499//1499
f 1503//1503 1539//1539 1500//1500
f 1484//1484 1495//1495 1485//1485
f 1540//1540 1541//1541 1542//1542
f 1543//1543 1540//1540 1542//1542
f 1543//1543 1544//1544 1540//1540
f 1544//1544 1543//1543 1547//1547
f 1544//1544 1546//1546 1545//1545
f 1546//1546 1544//1544 1547//1547
f 1546//1546 1548//1548 1545//1545
f 1548//1548 1549//1549 1550//1550
f 1548//1548 1550//1550 1545//1545
f 1549//1549 1551//1551 1550//1550
f 1549//1549 1552//1552 1551//1551
f 1549//1549 1553//1553 1552//1552
f 1553//1553 1554//1554 1552//1552
f 1556//1556 1555//1555 1554//1554
f 1553//1553 1556//1556 1554//1554
f 1555//1555 1556//1556 1557//1557
f 1559//1559 1557//1557 1558//1558
f 1557//1557 1559//1559 1555//1555
f 1558//1558 1560//1560 1559//1559
f 1560//1560 1561//1561 1562//1562
f 1560//1560 1558//1558 1561//1561
f 1562//1562 1542//1542 1541//1541
f 1542//1542 1562//1562 1563//1563
f 1562//1562 1561//1561 1563//1563
f 1565//1565 1564//1564 1567//1567
f 1564//1564 1565//1565 1566//1566
f 1568//1568 1567//1567 1564//1564
f 1567//1567 1568//1568 1569//1569
f 1570//1570 1569//1569 1568//1568
f 1569//1569 1570//1570 1571//1571
f 1572//1572 1571//1571 1570//1570
f 1572//1572 1574//1574 1573//1573
f 1571//1571 1572//1572 1573//1573
f 1572//1572 1575//1575 1574//1574
f 1575//1575 1577//1577 1574//1574
f 1577//1577 1575//1575 1576//1576
f 1577//1577 1576//1576 1578//1578
f 1576//1576 1579//1579 1578//1578
f 1579//1579 1580//1580 1578//1578
f 1582//1582 1580//1580 1581//1581
f 1580//1580 1579//1579 1581//1581
f 1580//1580 1582//1582 1583//1583
f 1583//1583 1582//1582 1584//1584
f 1584//1584 1582//1582 1587//1587
f 1585//1585 1584//1584 1587//1587
f 1584//1584 1585//1585 1586//1586
f 1588//1588 1586//1586 1585//1585
f 1586//1586 1588//1588 1589//1589
f 1590//1590 1589//1589 1588//1588
f 1592//1592 1590//1590 1588//1588
f 1591//1591 1590//1590 1592//1592
f 1593//1593 1591//1591 1592//1592
f 1566//1566 1591//1591 1593//1593
f 1591//1591 1566//1566 1565//1565
f 1594//1594 1595//1595 1596//1596
f 1596//1596 1595//1595 1597//1597
f 1598//1598 1596//1596 1597//1597
f 1598//1598 1597//1597 1599//1599
f 1600//1600 1598//1598 1599//1599
f 1598//1598 1600//1600 1601//1601
f 1602//1602 1601//1601 1600//1600
f 1601//1601 1602//1602 1603//1603
f 1604//1604 1603//1603 1602//1602
f 1603//1603 1604//1604 1605//1605
f 1606//1606 1605//1605 1604//1604
f 1605//1605 1606//1606 1607//1607
f 1606//1606 1608//1608 1607//1607
f 1606//1606 1609//1609 1608//1608
f 1610//1610 1613//1613 1611//1611
f 1610//1610 1611//1611 1612//1612
f 1614//1614 1610//1610 1612//1612
f 1614//1614 1612//1612 1615//1615
f 1616//1616 1614//1614 1615//1615
f 1614//1614 1616//1616 1617//1617
f 1617//1617 1619//1619 1618//1618
f 1619//1619 1617//1617 1616//1616
f 1620//1620 1618//1618 1619//1619
f 1618//1618 1620//1620 1621//1621
f 1622//1622 1621//1621 1620//1620
f 1621//1621 1622//1622 1623//1623
f 1622//1622 1624//1624 1623//1623
f 1624//1624 1622//1622 1625//1625
f 1627//1627 1626//1626 1630//1630
f 1626//1626 1627//1627 1628//1628
f 1628//1628 1629//1629 1626//1626
f 1631//1631 1627//1627 1630//1630
f 1627//1627 1631//1631 1633//1633
f 1632//1632 1633//1633 1631//1631
f 1634//1634 1633//1633 1632//1632
f 1636//1636 1634//1634 1635//1635
f 1635//1635 1634//1634 1632//1632
f 1636//1636 1637//1637 1638//1638
f 1637//1637 1636//1636 1635//1635
f 1637//1637 1639//1639 1638//1638
f 1641//1641 1640//1640 1639//1639
f 1639//1639 1637//1637 1641//1641
f 1640//1640 1641//1641 1642//1642
f 1643//1643 1640//1640 1642//1642
f 1643//1643 1642//1642 1644//1644
f 1645//1645 1643//1643 1644//1644
f 1646//1646 1645//1645 1644//1644
f 1646//1646 1648//1648 1647//1647
f 1647//1647 1645//1645 1646//1646
f 1648//1648 1649//1649 1650//1650
f 1650//1650 1647//1647 1648//1648
f 1649//1649 1651//1651 1650//1650
f 1651//1651 1649//1649 1652//1652
f 1652//1652 1653//1653 1651//1651
f 1655//1655 1654//1654 1653//1653
f 1653//1653 1652//1652 1655//1655
f 1654//1654 1655//1655 1656//1656
f 1657//1657 1656//1656 1658//1658
f 1657//1657 1654//1654 1656//1656
f 1658//1658 1660//1660 1659//1659
f 1659//1659 1657//1657 1658//1658
f 1662//1662 1659//1659 1660//1660
f 1660//1660 1661//1661 1662//1662
f 1661//1661 1663//1663 1662//1662
f 1629//1629 1628//1628 1663//1663
f 1663//1663 1661//1661 1629//1629
f 1665//1665 1664//1664 1667//1667
f 1664//1664 1665//1665 1666//1666
f 1669//1669 1666//1666 1665//1665
f 1666//1666 1669//1669 1668//1668
f 1670//1670 1668//1668 1669//1669
f 1671//1671 1672//1672 1670//1670
f 1668//1668 1670//1670 1672//1672
f 1672//1672 1671//1671 1673//1673
f 1673//1673 1675//1675 1674//1674
f 1675//1675 1673//1673 1671//1671
f 1676//1676 1674//1674 1675//1675
f 1677//1677 1678//1678 1676//1676
f 1674//1674 1676//1676 1678//1678
f 1678//1678 1677//1677 1679//1679
f 1679//1679 1681//1681 1680//1680
f 1681//1681 1679//1679 1677//1677
f 1682//1682 1680//1680 1681//1681
f 1683//1683 1684//1684 1682//1682
f 1680//1680 1682//1682 1684//1684
f 1684//1684 1683//1683 1685//1685
f 1683//1683 1686//1686 1685//1685
f 1683//1683 1688//1688 1686//1686
f 1688//1688 1687//1687 1686//1686
f 1688//1688 1689//1689 1687//1687
f 1689//1689 1691//1691 1690//1690
f 1690//1690 1687//1687 1689//1689
f 1692//1692 1690//1690 1691//1691
f 1693//1693 1694//1694 1692//1692
f 1690//1690 1692//1692 1694//1694
f 1694//1694 1693//1693 1695//1695
f 1696//1696 1695//1695 1693//1693
f 1697//1697 1696//1696 1698//1698
f 1696//1696 1693//1693 1698//1698
f 1697//1697 1698//1698 1699//1699
f 1701//1701 1699//1699 1700//1700
f 1701//1701 1697//1697 1699//1699
f 1702//1702 1701//1701 1700//1700
f 1702//1702 1700//1700 1704//1704
f 1703//1703 1702//1702 1704//1704
f 1703//1703 1704//1704 1705//1705
f 1706//1706 1703//1703 1705//1705
f 1706//1706 1705//1705 1707//1707
f 1709//1709 1708//1708 1711//1711
f 1708//1708 1709//1709 1710//1710
f 1712//1712 1711//1711 1708//1708
f 1711//1711 1712//1712 1713//1713
f 1711//1711 1713//1713 1714//1714
f 1714//1714 1713//1713 1715//1715
f 1714//1714 1716//1716 1711//1711
f 1716//1716 1714//1714 1717//1717
f 1711//1711 1716//1716 1718//1718
f 1718//1718 1716//1716 1719//1719
f 1720//1720 1718//1718 1719//1719
f 1718//1718 1720//1720 1721//1721
f 1721//1721 1720//1720 1722//1722
f 1723//1723 1721//1721 1722//1722
f 1724//1724 1723//1723 1722//1722
f 1725//1725 1723//1723 1724//1724
f 1723//1723 1725//1725 1726//1726
f 1726//1726 1725//1725 1727//1727
f 1723//1723 1726//1726 1728//1728
f 1726//1726 1729//1729 1728//1728
f 1731//1731 1728//1728 1730//1730
f 1723//1723 1728//1728 1731//1731
f 1735//1735 1723//1723 1731//1731
f 1732//1732 1735//1735 1731//1731
f 1732//1732 1731//1731 1733//1733
f 1733//1733 1731//1731 1734//1734
f 1730//1730 1734//1734 1731//1731
f 1736//1736 1723//1723 1735//1735
f 1737//1737 1736//1736 1735//1735
f 1738//1738 1737//1737 1735//1735
f 1738//1738 1735//1735 1732//1732
f 1739//1739 1738//1738 1732//1732
f 1738//1738 1739//1739 1740//1740
f 1740//1740 1741//1741 1738//1738
f 1741//1741 1737//1737 1738//1738
f 1741//1741 1742//1742 1737//1737
f 1742//1742 1744//1744 1743//1743
f 1742//1742 1743//1743 1737//1737
f 1745//1745 1743//1743 1744//1744
f 1747//1747 1745//1745 1746//1746
f 1743//1743 1745//1745 1747//1747
f 1747//1747 1750//1750 1748//1748
f 1748//1748 1749//1749 1747//1747
f 1743//1743 1747//1747 1749//1749
f 1750//1750 1747//1747 1746//1746
f 1748//1748 1750//1750 1751//1751
f 1752//1752 1748//1748 1751//1751
f 1748//1748 1752//1752 1754//1754
f 1754//1754 1752//1752 1753//1753
f 1748//1748 1754//1754 1755//1755
f 1709//1709 1755//1755 1754//1754
f 1754//1754 1753//1753 1756//1756
f 1754//1754 1756//1756 1710//1710
f 1754//1754 1710//1710 1709//1709
f 1711//1711 1755//1755 1709//1709
f 1755//1755 1711//1711 1718//1718
f 1749//1749 1748//1748 1755//1755
f 1718//1718 1749//1749 1755//1755
f 1743//1743 1749//1749 1736//1736
f 1721//1721 1736//1736 1749//1749
f 1749//1749 1718//1718 1721//1721
f 1736//1736 1737//1737 1743//1743
f 1739//1739 1757//1757 1740//1740
f 1739//1739 1758//1758 1757//1757
f 1739//1739 1759//1759 1758//1758
f 1759//1759 1739//1739 1760//1760
f 1759//1759 1760//1760 1761//1761
f 1760//1760 1762//1762 1761//1761
f 1761//1761 1762//1762 1763//1763
f 1764//1764 1763//1763 1762//1762
f 1763//1763 1764//1764 1765//1765
f 1766//1766 1764//1764 1762//1762
f 1767//1767 1768//1768 1766//1766
f 1767//1767 1766//1766 1762//1762
f 1768//1768 1767//1767 1769//1769
f 1767//1767 1770//1770 1769//1769
f 1770//1770 1767//1767 1733//1733
f 1733//1733 1734//1734 1770//1770
f 1732//1732 1767//1767 1760//1760
f 1760//1760 1767//1767 1762//1762
f 1767//1767 1732//1732 1733//1733
f 1739//1739 1732//1732 1760//1760
f 1736//1736 1721//1721 1723//1723
f 1772//1772 1771//1771 1774//1774
f 1771//1771 1772//1772 1773//1773
f 1772//1772 1775//1775 1773//1773
f 1776//1776 1775//1775 1772//1772
f 1776//1776 1777//1777 1775//1775
f 1778//1778 1777//1777 1776//1776
f 1778//1778 1779//1779 1777//1777
f 1779//1779 1778//1778 1780//1780
f 1780//1780 1781//1781 1779//1779
f 1781//1781 1780//1780 1782//1782
f 1782//1782 1783//1783 1781//1781
f 1783//1783 1782//1782 1784//1784
f 1786//1786 1785//1785 1788//1788
f 1785//1785 1786//1786 1787//1787
f 1788//1788 1789//1789 1786//1786
f 1789//1789 1788//1788 1790//1790
f 1790//1790 1791//1791 1789//1789
f 1791//1791 1790//1790 1792//1792
f 1792//1792 1794//1794 1791//1791
f 1794//1794 1792//1792 1793//1793
f 1794//1794 1793//1793 1795//1795
f 1795//1795 1793//1793 1796//1796
f 1797//1797 1795//1795 1796//1796
f 1795//1795 1797//1797 1798//1798
f 1799//1799 1798//1798 1797//1797
f 1798//1798 1799//1799 1800//1800
f 1802//1802 1801//1801 1805//1805
f 1804//1804 1801//1801 1803//1803
f 1801//1801 1804//1804 1805//1805
f 1806//1806 1805//1805 1804//1804
f 1805//1805 1809//1809 1802//1802
f 1805//1805 1806//1806 1807//1807
f 1807//1807 1808//1808 1805//1805
f 1809//1809 1805//1805 1808//1808
f 1808//1808 1810//1810 1809//1809
f 1810//1810 1808//1808 1812//1812
f 1812//1812 1811//1811 1810//1810
f 1813//1813 1812//1812 1808//1808
f 1812//1812 1813//1813 1814//1814
f 1814//1814 1815//1815 1812//1812
f 1811//1811 1812//1812 1815//1815
f 1815//1815 1814//1814 1816//1816
f 1816//1816 1817//1817 1815//1815
f 1815//1815 1818//1818 1811//1811
f 1818//1818 1815//1815 1817//1817
f 1818//1818 1817//1817 1819//1819
f 1817//1817 1820//1820 1819//1819
f 1819//1819 1820//1820 1821//1821
f 1820//1820 1822//1822 1821//1821
f 1822//1822 1824//1824 1823//1823
f 1824//1824 1822//1822 1820//1820
f 1824//1824 1817//1817 1825//1825
f 1817//1817 1824//1824 1820//1820
f 1825//1825 1826//1826 1824//1824
f 1826//1826 1827//1827 1824//1824
f 1827//1827 1823//1823 1824//1824
f 1823//1823 1827//1827 1828//1828
f 1827//1827 1831//1831 1828//1828
f 1829//1829 1827//1827 1826//1826
f 1827//1827 1829//1829 1830//1830
f 1831//1831 1827//1827 1830//1830
f 1831//1831 1836//1836 1832//1832
f 1834//1834 1833//1833 1831//1831
f 1836//1836 1831//1831 1833//1833
f 1830//1830 1835//1835 1831//1831
f 1831//1831 1835//1835 1834//1834
f 1836//1836 1838//1838 1837//1837
f 1837//1837 1832//1832 1836//1836
f 1838//1838 1836//1836 1839//1839
f 1833//1833 1839//1839 1836//1836
f 1840//1840 1839//1839 1841//1841
f 1839//1839 1840//1840 1842//1842
f 1839//1839 1833//1833 1841//1841
f 1842//1842 1838//1838 1839//1839
f 1838//1838 1842//1842 1843//1843
f 1838//1838 1843//1843 1844//1844
f 1845//1845 1846//1846 1844//1844
f 1844//1844 1846//1846 1838//1838
f 1846//1846 1847//1847 1848//1848
f 1846//1846 1845//1845 1847//1847
f 1837//1837 1846//1846 1848//1848
f 1846//1846 1837//1837 1838//1838
f 1849//1849 1850//1850 1848//1848
f 1847//1847 1849//1849 1848//1848
f 1848//1848 1851//1851 1837//1837
f 1851//1851 1848//1848 1850//1850
f 1832//1832 1837//1837 1851//1851
f 1850//1850 1849//1849 1852//1852
f 1853//1853 1849//1849 1847//1847
f 1854//1854 1853//1853 1855//1855
f 1856//1856 1855//1855 1853//1853
f 1856//1856 1853//1853 1847//1847
f 1847//1847 1857//1857 1856//1856
f 1857//1857 1847//1847 1845//1845
f 1855//1855 1858//1858 1854//1854
f 1859//1859 1860//1860 1858//1858
f 1860//1860 1854//1854 1858//1858
f 1860//1860 1859//1859 1861//1861
f 1861//1861 1862//1862 1863//1863
f 1862//1862 1861//1861 1859//1859
f 1863//1863 1865//1865 1864//1864
f 1865//1865 1863//1863 1862//1862
f 1865//1865 1866//1866 1864//1864
f 1867//1867 1866//1866 1868//1868
f 1866//1866 1867//1867 1869//1869
f 1869//1869 1864//1864 1866//1866
f 1870//1870 1867//1867 1868//1868
f 1870//1870 1871//1871 1872//1872
f 1870//1870 1872//1872 1873//1873
f 1867//1867 1870//1870 1873//1873
f 1871//1871 1874//1874 1872//1872
f 1876//1876 1874//1874 1875//1875
f 1874//1874 1871//1871 1875//1875
f 1875//1875 1877//1877 1876//1876
f 1877//1877 1878//1878 1876//1876
f 1878//1878 1877//1877 1879//1879
f 1841//1841 1880//1880 1840//1840
f 1834//1834 1841//1841 1833//1833
f 1880//1880 1841//1841 1881//1881
f 1841//1841 1834//1834 1881//1881
f 1883//1883 1881//1881 1882//1882
f 1834//1834 1882//1882 1881//1881
f 1881//1881 1883//1883 1880//1880
f 1883//1883 1882//1882 1884//1884
f 1882//1882 1885//1885 1884//1884
f 1887//1887 1886//1886 1882//1882
f 1888//1888 1887//1887 1882//1882
f 1882//1882 1834//1834 1888//1888
f 1835//1835 1888//1888 1834//1834
f 1887//1887 1888//1888 1889//1889
f 1891//1891 1889//1889 1890//1890
f 1889//1889 1891//1891 1887//1887
f 1890//1890 1894//1894 1891//1891
f 1893//1893 1891//1891 1892//1892
f 1894//1894 1892//1892 1891//1891
f 1891//1891 1893//1893 1887//1887
f 1897//1897 1895//1895 1894//1894
f 1895//1895 1896//1896 1894//1894
f 1892//1892 1894//1894 1896//1896
f 1894//1894 1890//1890 1897//1897
f 1895//1895 1897//1897 1898//1898
f 1899//1899 1900//1900 1898//1898
f 1900//1900 1895//1895 1898//1898
f 1901//1901 1903//1903 1900//1900
f 1901//1901 1900//1900 1902//1902
f 1902//1902 1900//1900 1899//1899
f 1900//1900 1903//1903 1895//1895
f 1896//1896 1895//1895 1903//1903
f 1905//1905 1901//1901 1902//1902
f 1902//1902 1899//1899 1904//1904
f 1906//1906 1902//1902 1904//1904
f 1906//1906 1905//1905 1902//1902
f 1908//1908 1907//1907 1906//1906
f 1905//1905 1906//1906 1907//1907
f 1908//1908 1906//1906 1909//1909
f 1906//1906 1904//1904 1909//1909
f 1909//1909 1910//1910 1908//1908
f 1908//1908 1910//1910 1911//1911
f 1911//1911 1910//1910 1912//1912
f 1911//1911 1912//1912 1913//1913
f 1913//1913 1912//1912 1914//1914
f 1915//1915 1913//1913 1914//1914
f 1911//1911 1913//1913 1917//1917
f 1917//1917 1913//1913 1916//1916
f 1918//1918 1911//1911 1917//1917
f 1911//1911 1918//1918 1908//1908
f 1907//1907 1908//1908 1918//1918
f 1886//1886 1887//1887 1893//1893
f 1835//1835 1830//1830 1919//1919
f 1919//1919 1920//1920 1835//1835
f 1920//1920 1921//1921 1835//1835
f 1920//1920 1922//1922 1921//1921
f 1922//1922 1920//1920 1924//1924
f 1924//1924 1923//1923 1922//1922
f 1926//1926 1924//1924 1920//1920
f 1923//1923 1924//1924 1925//1925
f 1926//1926 1925//1925 1924//1924
f 1926//1926 1927//1927 1928//1928
f 1927//1927 1926//1926 1929//1929
f 1928//1928 1930//1930 1926//1926
f 1929//1929 1926//1926 1920//1920
f 1925//1925 1926//1926 1930//1930
f 1930//1930 1931//1931 1925//1925
f 1931//1931 1930//1930 1932//1932
f 1933//1933 1932//1932 1930//1930
f 1930//1930 1928//1928 1933//1933
f 1932//1932 1933//1933 1934//1934
f 1933//1933 1935//1935 1934//1934
f 1935//1935 1933//1933 1936//1936
f 1933//1933 1937//1937 1936//1936
f 1937//1937 1933//1933 1928//1928
f 1938//1938 1936//1936 1937//1937
f 1937//1937 1939//1939 1938//1938
f 1928//1928 1940//1940 1937//1937
f 1939//1939 1937//1937 1940//1940
f 1940//1940 1928//1928 1927//1927
f 1942//1942 1939//1939 1940//1940
f 1927//1927 1941//1941 1940//1940
f 1942//1942 1940//1940 1941//1941
f 1941//1941 1943//1943 1942//1942
f 1944//1944 1942//1942 1943//1943
f 1942//1942 1944//1944 1945//1945
f 1945//1945 1939//1939 1942//1942
f 1948//1948 1945//1945 1944//1944
f 1945//1945 1948//1948 1946//1946
f 1946//1946 1947//1947 1945//1945
f 1939//1939 1945//1945 1947//1947
f 1948//1948 1951//1951 1949//1949
f 1952//1952 1948//1948 1949//1949
f 1944//1944 1950//1950 1948//1948
f 1951//1951 1948//1948 1950//1950
f 1946//1946 1948//1948 1952//1952
f 1949//1949 1954//1954 1952//1952
f 1953//1953 1946//1946 1952//1952
f 1952//1952 1955//1955 1953//1953
f 1955//1955 1952//1952 1954//1954
f 1954//1954 1956//1956 1955//1955
f 1958//1958 1955//1955 1956//1956
f 1959//1959 1955//1955 1957//1957
f 1955//1955 1958//1958 1957//1957
f 1955//1955 1959//1959 1953//1953
f 1957//1957 1960//1960 1959//1959
f 1960//1960 1961//1961 1959//1959
f 1961//1961 1953//1953 1959//1959
f 1938//1938 1939//1939 1961//1961
f 1961//1961 1962//1962 1938//1938
f 1961//1961 1960//1960 1962//1962
f 1947//1947 1961//1961 1939//1939
f 1953//1953 1961//1961 1947//1947
f 1962//1962 1963//1963 1964//1964
f 1960//1960 1963//1963 1962//1962
f 1964//1964 1938//1938 1962//1962
f 1965//1965 1964//1964 1963//1963
f 1936//1936 1938//1938 1964//1964
f 1965//1965 1936//1936 1964//1964
f 1963//1963 1967//1967 1965//1965
f 1967//1967 1966//1966 1965//1965
f 1966//1966 1935//1935 1965//1965
f 1936//1936 1965//1965 1935//1935
f 1967//1967 1969//1969 1968//1968
f 1968//1968 1970//1970 1967//1967
f 1969//1969 1967//1967 1963//1963
f 1967//1967 1970//1970 1966//1966
f 1970//1970 1968//1968 1971//1971
f 1973//1973 1970//1970 1971//1971
f 1970//1970 1972//1972 1974//1974
f 1972//1972 1970//1970 1973//1973
f 1966//1966 1970//1970 1974//1974
f 1966//1966 1974//1974 1975//1975
f 1974//1974 1972//1972 1975//1975
f 1976//1976 1975//1975 1980//1980
f 1975//1975 1976//1976 1977//1977
f 1977//1977 1966//1966 1975//1975
f 1975//1975 1972//1972 1978//1978
f 1979//1979 1975//1975 1978//1978
f 1975//1975 1979//1979 1980//1980
f 1981//1981 1976//1976 1980//1980
f 1982//1982 1980//1980 1979//1979
f 1981//1981 1980//1980 1982//1982
f 1983//1983 1981//1981 1982//1982
f 1982//1982 1985//1985 1983//1983
f 1985//1985 1982//1982 1984//1984
f 1984//1984 1982//1982 1979//1979
f 1985//1985 1986//1986 1987//1987
f 1986//1986 1985//1985 1984//1984
f 1987//1987 1988//1988 1985//1985
f 1985//1985 1989//1989 1983//1983
f 1989//1989 1985//1985 1988//1988
f 1990//1990 1992//1992 1989//1989
f 1993//1993 1990//1990 1989//1989
f 1989//1989 1991//1991 1983//1983
f 1988//1988 1993//1993 1989//1989
f 1991//1991 1989//1989 1992//1992
f 1995//1995 1994//1994 1993//1993
f 1996//1996 1993//1993 1994//1994
f 1993//1993 1988//1988 1995//1995
f 1993//1993 1996//1996 1990//1990
f 1997//1997 1990//1990 1996//1996
f 1990//1990 1997//1997 1999//1999
f 1998//1998 1999//1999 1997//1997
f 2000//2000 1990//1990 1999//1999
f 1999//1999 1998//1998 2001//2001
f 2001//2001 2000//2000 1999//1999
f 2000//2000 2001//2001 2002//2002
f 2004//2004 2002//2002 2003//2003
f 2000//2000 2002//2002 2004//2004
f 2004//2004 2006//2006 2005//2005
f 2010//2010 2004//2004 2005//2005
f 2008//2008 2006//2006 2004//2004
f 2000//2000 2004//2004 2010//2010
f 2003//2003 2007//2007 2004//2004
f 2009//2009 2004//2004 2007//2007
f 2008//2008 2004//2004 2011//2011
f 2011//2011 2004//2004 2009//2009
f 2012//2012 2011//2011 2009//2009
f 2011//2011 2012//2012 2014//2014
f 2011//2011 2013//2013 2008//2008
f 2013//2013 2011//2011 2014//2014
f 2006//2006 2008//2008 2013//2013
f 2013//2013 2015//2015 2006//2006
f 2005//2005 2015//2015 2016//2016
f 2015//2015 2005//2005 2006//2006
f 2017//2017 2005//2005 2016//2016
f 2018//2018 2010//2010 2017//2017
f 2005//2005 2017//2017 2010//2010
f 2020//2020 2018//2018 2019//2019
f 2018//2018 2020//2020 2021//2021
f 2010//2010 2018//2018 2021//2021
f 2020//2020 2022//2022 2021//2021
f 2021//2021 2022//2022 2010//2010
f 2022//2022 2023//2023 2025//2025
f 2024//2024 2023//2023 2022//2022
f 2024//2024 2022//2022 2020//2020
f 1992//1992 2022//2022 1991//1991
f 1991//1991 2022//2022 2025//2025
f 1992//1992 2000//2000 2022//2022
f 2000//2000 2010//2010 2022//2022
f 2027//2027 2025//2025 2026//2026
f 2028//2028 2026//2026 2025//2025
f 1981//1981 2025//2025 2027//2027
f 2025//2025 2023//2023 2028//2028
f 1981//1981 1991//1991 2025//2025
f 2029//2029 2028//2028 2023//2023
f 2029//2029 2023//2023 2024//2024
f 2024//2024 2019//2019 2029//2029
f 2032//2032 2027//2027 2030//2030
f 2026//2026 2030//2030 2027//2027
f 2027//2027 2031//2031 1981//1981
f 2031//2031 2027//2027 2032//2032
f 2033//2033 2032//2032 2034//2034
f 2032//2032 2033//2033 2031//2031
f 2032//2032 2036//2036 2034//2034
f 2030//2030 2035//2035 2032//2032
f 2036//2036 2032//2032 2035//2035
f 2037//2037 2034//2034 2036//2036
f 2034//2034 2037//2037 2039//2039
f 2038//2038 2039//2039 2037//2037
f 2039//2039 2038//2038 2040//2040
f 2040//2040 2041//2041 2039//2039
f 2039//2039 2041//2041 2034//2034
f 2040//2040 2042//2042 2041//2041
f 2041//2041 1932//1932 1934//1934
f 1934//1934 2033//2033 2041//2041
f 2033//2033 2034//2034 2041//2041
f 2043//2043 1932//1932 2041//2041
f 2041//2041 2042//2042 2043//2043
f 2042//2042 2044//2044 2043//2043
f 2045//2045 2043//2043 2044//2044
f 2043//2043 2045//2045 2046//2046
f 2047//2047 1932//1932 2043//2043
f 2046//2046 2047//2047 2043//2043
f 2052//2052 2047//2047 2046//2046
f 2048//2048 2047//2047 2051//2051
f 2050//2050 2047//2047 2048//2048
f 1932//1932 2047//2047 1931//1931
f 2047//2047 2050//2050 2049//2049
f 2049//2049 1931//1931 2047//2047
f 2047//2047 2052//2052 2051//2051
f 2051//2051 2052//2052 2053//2053
f 2052//2052 2045//2045 2053//2053
f 2052//2052 2046//2046 2045//2045
f 2051//2051 2053//2053 2054//2054
f 2048//2048 2054//2054 2055//2055
f 2054//2054 2048//2048 2051//2051
f 2056//2056 2048//2048 2055//2055
f 2009//2009 2056//2056 2012//2012
f 2056//2056 2009//2009 2057//2057
f 2048//2048 2056//2056 2057//2057
f 2058//2058 2048//2048 2057//2057
f 2007//2007 2057//2057 2009//2009
f 2057//2057 2007//2007 2058//2058
f 2048//2048 2058//2058 2050//2050
f 1931//1931 2049//2049 2059//2059
f 2059//2059 1925//1925 1931//1931
f 1925//1925 2059//2059 1923//1923
f 2044//2044 2042//2042 2060//2060
f 2060//2060 2040//2040 2038//2038
f 2040//2040 2060//2060 2042//2042
f 1935//1935 2033//2033 1934//1934
f 2033//2033 1976//1976 2031//2031
f 1976//1976 2033//2033 1977//1977
f 1935//1935 1977//1977 2033//2033
f 1976//1976 1981//1981 2031//2031
f 2019//2019 2024//2024 2020//2020
f 1990//1990 2000//2000 1992//1992
f 2062//2062 2061//2061 1995//1995
f 1994//1994 1995//1995 2061//2061
f 1995//1995 2063//2063 2062//2062
f 2063//2063 1995//1995 1988//1988
f 2064//2064 2062//2062 2063//2063
f 1988//1988 1987//1987 2063//2063
f 2063//2063 2065//2065 2064//2064
f 2065//2065 2063//2063 1987//1987
f 2065//2065 2066//2066 2067//2067
f 2066//2066 2065//2065 2068//2068
f 2064//2064 2065//2065 2067//2067
f 1987//1987 2068//2068 2065//2065
f 2066//2066 2068//2068 2069//2069
f 1986//1986 2070//2070 2068//2068
f 2068//2068 1987//1987 1986//1986
f 2068//2068 2070//2070 2069//2069
f 2069//2069 2070//2070 2071//2071
f 2072//2072 2071//2071 2070//2070
f 2070//2070 1986//1986 2072//2072
f 1984//1984 2072//2072 1986//1986
f 2072//2072 1984//1984 1978//1978
f 2071//2071 2072//2072 2073//2073
f 1978//1978 2073//2073 2072//2072
f 1972//1972 2074//2074 2073//2073
f 2074//2074 2071//2071 2073//2073
f 2073//2073 1978//1978 1972//1972
f 1973//1973 2074//2074 1972//1972
f 1973//1973 2076//2076 2074//2074
f 2071//2071 2074//2074 2075//2075
f 2075//2075 2074//2074 2076//2076
f 2076//2076 1973//1973 2077//2077
f 2076//2076 2077//2077 2079//2079
f 2075//2075 2076//2076 2078//2078
f 2079//2079 2078//2078 2076//2076
f 2079//2079 2080//2080 2082//2082
f 2080//2080 2079//2079 2081//2081
f 2081//2081 2079//2079 2077//2077
f 2082//2082 2083//2083 2079//2079
f 2078//2078 2079//2079 2083//2083
f 2083//2083 2082//2082 2088//2088
f 2083//2083 2084//2084 2086//2086
f 2084//2084 2083//2083 2085//2085
f 2086//2086 2087//2087 2083//2083
f 2078//2078 2083//2083 2087//2087
f 2089//2089 2090//2090 2087//2087
f 2089//2089 2087//2087 2086//2086
f 2078//2078 2087//2087 2090//2090
f 2091//2091 2075//2075 2090//2090
f 2089//2089 2091//2091 2090//2090
f 2090//2090 2075//2075 2078//2078
f 2071//2071 2091//2091 2069//2069
f 2091//2091 2093//2093 2069//2069
f 2091//2091 2094//2094 2092//2092
f 2093//2093 2091//2091 2092//2092
f 2075//2075 2091//2091 2071//2071
f 2091//2091 2089//2089 2094//2094
f 2095//2095 2094//2094 2089//2089
f 2094//2094 2095//2095 2096//2096
f 2094//2094 2096//2096 2097//2097
f 2097//2097 2092//2092 2094//2094
f 2096//2096 2098//2098 2097//2097
f 2098//2098 2100//2100 2097//2097
f 2099//2099 2097//2097 2100//2100
f 2097//2097 2099//2099 2092//2092
f 2100//2100 2098//2098 2101//2101
f 2098//2098 2102//2102 2101//2101
f 2101//2101 2102//2102 2103//2103
f 2104//2104 2103//2103 2102//2102
f 2103//2103 2104//2104 2105//2105
f 2104//2104 2106//2106 2105//2105
f 2106//2106 2107//2107 2108//2108
f 2106//2106 2104//2104 2107//2107
f 2108//2108 2109//2109 2106//2106
f 2108//2108 2110//2110 2109//2109
f 2109//2109 2110//2110 2111//2111
f 2110//2110 2112//2112 2111//2111
f 2112//2112 2113//2113 2114//2114
f 2112//2112 2110//2110 2113//2113
f 2112//2112 2114//2114 2115//2115
f 2116//2116 2115//2115 2114//2114
f 2115//2115 2116//2116 2117//2117
f 2116//2116 2118//2118 2117//2117
f 2119//2119 2118//2118 2120//2120
f 2116//2116 2120//2120 2118//2118
f 2120//2120 2093//2093 2119//2119
f 2066//2066 2093//2093 2120//2120
f 2120//2120 2067//2067 2066//2066
f 2116//2116 2067//2067 2120//2120
f 2099//2099 2119//2119 2093//2093
f 2116//2116 2121//2121 2067//2067
f 2121//2121 2116//2116 2114//2114
f 2121//2121 2064//2064 2067//2067
f 2122//2122 2121//2121 2113//2113
f 2113//2113 2121//2121 2114//2114
f 2121//2121 2122//2122 2123//2123
f 2123//2123 2064//2064 2121//2121
f 2064//2064 2123//2123 2124//2124
f 2125//2125 2126//2126 2124//2124
f 2127//2127 2124//2124 2126//2126
f 2062//2062 2064//2064 2124//2124
f 2124//2124 2127//2127 2062//2062
f 2061//2061 2062//2062 2127//2127
f 2126//2126 2125//2125 2128//2128
f 2128//2128 2122//2122 2129//2129
f 2122//2122 2128//2128 2125//2125
f 2130//2130 2129//2129 2122//2122
f 2129//2129 2130//2130 2131//2131
f 2131//2131 2133//2133 2132//2132
f 2133//2133 2131//2131 2130//2130
f 2133//2133 2130//2130 2108//2108
f 2108//2108 2134//2134 2133//2133
f 2134//2134 2135//2135 2133//2133
f 2133//2133 2135//2135 2132//2132
f 2137//2137 2136//2136 2135//2135
f 2132//2132 2135//2135 2136//2136
f 2135//2135 2138//2138 2137//2137
f 2138//2138 2135//2135 2134//2134
f 2139//2139 2137//2137 2138//2138
f 2138//2138 2140//2140 2139//2139
f 2140//2140 2138//2138 2141//2141
f 2138//2138 2142//2142 2141//2141
f 2142//2142 2138//2138 2134//2134
f 2107//2107 2142//2142 2134//2134
f 2142//2142 2107//2107 2104//2104
f 2142//2142 2102//2102 2143//2143
f 2102//2102 2142//2142 2104//2104
f 2143//2143 2141//2141 2142//2142
f 2096//2096 2144//2144 2143//2143
f 2141//2141 2143//2143 2144//2144
f 2096//2096 2143//2143 2098//2098
f 2102//2102 2098//2098 2143//2143
f 2146//2146 2145//2145 2144//2144
f 2145//2145 2141//2141 2144//2144
f 2144//2144 2095//2095 2146//2146
f 2144//2144 2096//2096 2095//2095
f 2086//2086 2147//2147 2146//2146
f 2149//2149 2146//2146 2147//2147
f 2146//2146 2089//2089 2086//2086
f 2146//2146 2149//2149 2148//2148
f 2145//2145 2146//2146 2148//2148
f 2089//2089 2146//2146 2095//2095
f 2148//2148 2151//2151 2150//2150
f 2153//2153 2148//2148 2150//2150
f 2151//2151 2148//2148 2152//2152
f 2148//2148 2153//2153 2145//2145
f 2150//2150 2155//2155 2153//2153
f 2153//2153 2154//2154 2140//2140
f 2154//2154 2153//2153 2155//2155
f 2140//2140 2145//2145 2153//2153
f 2155//2155 2150//2150 2157//2157
f 2157//2157 2156//2156 2155//2155
f 2158//2158 2155//2155 2156//2156
f 2155//2155 2158//2158 2154//2154
f 2158//2158 2159//2159 2161//2161
f 2159//2159 2158//2158 2160//2160
f 2156//2156 2160//2160 2158//2158
f 2161//2161 2154//2154 2158//2158
f 2162//2162 2161//2161 2164//2164
f 2161//2161 2162//2162 2163//2163
f 2154//2154 2161//2161 2163//2163
f 2164//2164 2161//2161 2159//2159
f 2165//2165 2164//2164 2159//2159
f 2165//2165 2166//2166 2164//2164
f 2167//2167 2164//2164 2166//2166
f 2164//2164 2167//2167 2162//2162
f 2168//2168 2162//2162 2167//2167
f 2162//2162 2168//2168 2170//2170
f 2169//2169 2170//2170 2168//2168
f 2170//2170 2163//2163 2162//2162
f 2170//2170 2169//2169 2137//2137
f 2163//2163 2170//2170 2139//2139
f 2137//2137 2139//2139 2170//2170
f 2136//2136 2137//2137 2169//2169
f 2166//2166 2165//2165 2171//2171
f 2172//2172 2171//2171 2165//2165
f 2172//2172 2165//2165 2173//2173
f 2174//2174 2172//2172 2173//2173
f 2176//2176 2175//2175 2174//2174
f 2173//2173 2176//2176 2174//2174
f 2175//2175 2176//2176 2180//2180
f 2176//2176 2178//2178 2177//2177
f 2180//2180 2176//2176 2177//2177
f 2176//2176 2179//2179 2178//2178
f 2179//2179 2176//2176 2173//2173
f 2180//2180 2182//2182 2181//2181
f 2181//2181 2175//2175 2180//2180
f 2180//2180 2177//2177 2182//2182
f 2182//2182 2186//2186 2183//2183
f 2183//2183 2181//2181 2182//2182
f 2185//2185 2182//2182 2184//2184
f 2177//2177 2184//2184 2182//2182
f 2186//2186 2182//2182 2185//2185
f 2188//2188 2183//2183 2186//2186
f 2187//2187 2186//2186 2185//2185
f 2186//2186 2187//2187 2188//2188
f 2183//2183 2188//2188 2190//2190
f 2188//2188 2187//2187 2189//2189
f 2188//2188 2189//2189 2191//2191
f 2191//2191 2190//2190 2188//2188
f 2193//2193 2192//2192 2191//2191
f 2190//2190 2191//2191 2192//2192
f 2191//2191 2194//2194 2193//2193
f 2194//2194 2191//2191 2189//2189
f 2197//2197 2194//2194 2195//2195
f 2195//2195 2194//2194 2196//2196
f 2194//2194 2198//2198 2196//2196
f 2194//2194 2197//2197 2193//2193
f 2198//2198 2194//2194 2189//2189
f 2199//2199 2196//2196 2198//2198
f 2202//2202 2199//2199 2198//2198
f 2201//2201 2198//2198 2200//2200
f 2198//2198 2189//2189 2200//2200
f 2202//2202 2198//2198 2201//2201
f 2202//2202 2203//2203 2206//2206
f 2203//2203 2202//2202 2201//2201
f 2204//2204 2202//2202 2205//2205
f 2204//2204 2199//2199 2202//2202
f 2205//2205 2202//2202 2206//2206
f 2206//2206 2203//2203 2208//2208
f 2206//2206 2208//2208 2207//2207
f 2207//2207 2205//2205 2206//2206
f 2203//2203 2211//2211 2208//2208
f 2208//2208 2209//2209 2207//2207
f 2209//2209 2208//2208 2210//2210
f 2210//2210 2208//2208 2211//2211
f 2210//2210 2211//2211 2212//2212
f 2211//2211 2203//2203 2213//2213
f 2201//2201 2213//2213 2203//2203
f 2213//2213 2201//2201 2214//2214
f 2200//2200 2214//2214 2201//2201
f 2214//2214 2200//2200 2215//2215
f 2215//2215 2217//2217 2216//2216
f 2217//2217 2215//2215 2200//2200
f 2217//2217 2187//2187 2218//2218
f 2217//2217 2189//2189 2187//2187
f 2218//2218 2216//2216 2217//2217
f 2200//2200 2189//2189 2217//2217
f 2219//2219 2218//2218 2187//2187
f 2219//2219 2184//2184 2220//2220
f 2187//2187 2185//2185 2219//2219
f 2184//2184 2219//2219 2185//2185
f 2221//2221 2220//2220 2184//2184
f 2220//2220 2221//2221 2222//2222
f 2224//2224 2222//2222 2221//2221
f 2222//2222 2224//2224 2223//2223
f 2177//2177 2224//2224 2221//2221
f 2225//2225 2210//2210 2224//2224
f 2224//2224 2177//2177 2225//2225
f 2224//2224 2210//2210 2212//2212
f 2224//2224 2212//2212 2223//2223
f 2178//2178 2225//2225 2177//2177
f 2178//2178 2179//2179 2225//2225
f 2179//2179 2226//2226 2225//2225
f 2226//2226 2209//2209 2225//2225
f 2210//2210 2225//2225 2209//2209
f 2179//2179 2160//2160 2226//2226
f 2226//2226 2160//2160 2227//2227
f 2209//2209 2226//2226 2228//2228
f 2226//2226 2227//2227 2228//2228
f 2209//2209 2228//2228 2229//2229
f 2227//2227 2231//2231 2228//2228
f 2228//2228 2230//2230 2229//2229
f 2230//2230 2228//2228 2231//2231
f 2230//2230 2231//2231 2233//2233
f 2231//2231 2227//2227 2232//2232
f 2231//2231 2232//2232 2234//2234
f 2231//2231 2234//2234 2235//2235
f 2230//2230 2233//2233 2236//2236
f 2227//2227 2237//2237 2232//2232
f 2232//2232 2237//2237 2238//2238
f 2232//2232 2238//2238 2239//2239
f 2237//2237 2227//2227 2156//2156
f 2157//2157 2240//2240 2237//2237
f 2156//2156 2157//2157 2237//2237
f 2240//2240 2157//2157 2241//2241
f 2243//2243 2230//2230 2242//2242
f 2243//2243 2229//2229 2230//2230
f 2229//2229 2243//2243 2244//2244
f 2245//2245 2244//2244 2243//2243
f 2245//2245 2243//2243 2247//2247
f 2242//2242 2246//2246 2243//2243
f 2247//2247 2248//2248 2245//2245
f 2244//2244 2245//2245 2205//2205
f 2250//2250 2205//2205 2245//2245
f 2250//2250 2245//2245 2249//2249
f 2205//2205 2250//2250 2254//2254
f 2251//2251 2253//2253 2250//2250
f 2251//2251 2250//2250 2252//2252
f 2249//2249 2252//2252 2250//2250
f 2250//2250 2253//2253 2254//2254
f 2204//2204 2205//2205 2254//2254
f 2254//2254 2255//2255 2204//2204
f 2254//2254 2253//2253 2255//2255
f 2253//2253 2256//2256 2255//2255
f 2255//2255 2256//2256 2257//2257
f 2257//2257 2204//2204 2255//2255
f 2259//2259 2257//2257 2258//2258
f 2258//2258 2257//2257 2260//2260
f 2204//2204 2257//2257 2199//2199
f 2257//2257 2259//2259 2199//2199
f 2260//2260 2257//2257 2256//2256
f 2263//2263 2258//2258 2260//2260
f 2261//2261 2260//2260 2262//2262
f 2263//2263 2260//2260 2261//2261
f 2260//2260 2256//2256 2262//2262
f 2266//2266 2264//2264 2263//2263
f 2265//2265 2263//2263 2264//2264
f 2263//2263 2265//2265 2258//2258
f 2261//2261 2266//2266 2263//2263
f 2264//2264 2266//2266 2269//2269
f 2267//2267 2266//2266 1943//1943
f 1943//1943 2266//2266 2261//2261
f 2268//2268 2266//2266 2267//2267
f 2266//2266 2268//2268 2269//2269
f 2270//2270 2269//2269 2268//2268
f 2269//2269 2270//2270 2271//2271
f 2272//2272 2269//2269 2271//2271
f 2269//2269 2272//2272 2264//2264
f 2271//2271 2273//2273 2272//2272
f 2274//2274 2272//2272 2273//2273
f 2272//2272 2274//2274 2275//2275
f 2275//2275 2264//2264 2272//2272
f 2275//2275 2278//2278 2276//2276
f 2276//2276 2277//2277 2275//2275
f 2277//2277 2265//2265 2275//2275
f 2264//2264 2275//2275 2265//2265
f 2278//2278 2275//2275 2274//2274
f 2280//2280 2278//2278 2279//2279
f 2274//2274 2279//2279 2278//2278
f 2278//2278 2280//2280 2281//2281
f 2281//2281 2276//2276 2278//2278
f 2276//2276 2281//2281 2282//2282
f 2281//2281 2285//2285 2282//2282
f 2281//2281 2283//2283 2284//2284
f 2283//2283 2281//2281 2280//2280
f 2285//2285 2281//2281 2284//2284
f 2286//2286 2282//2282 2285//2285
f 2287//2287 2197//2197 2286//2286
f 2197//2197 2282//2282 2286//2286
f 2197//2197 2287//2287 2193//2193
f 2192//2192 2193//2193 2287//2287
f 2280//2280 2288//2288 2283//2283
f 2280//2280 2289//2289 2288//2288
f 2289//2289 2290//2290 2288//2288
f 2292//2292 2291//2291 2290//2290
f 2290//2290 2289//2289 2292//2292
f 2292//2292 2293//2293 2294//2294
f 2293//2293 2292//2292 2289//2289
f 2294//2294 2295//2295 2292//2292
f 2291//2291 2292//2292 2295//2295
f 2294//2294 2296//2296 2295//2295
f 2297//2297 2294//2294 2293//2293
f 2294//2294 2297//2297 2299//2299
f 2299//2299 2298//2298 2294//2294
f 2301//2301 2299//2299 2297//2297
f 2298//2298 2299//2299 2302//2302
f 2301//2301 2300//2300 2299//2299
f 2300//2300 2302//2302 2299//2299
f 2300//2300 2303//2303 2302//2302
f 2304//2304 2303//2303 2300//2300
f 2303//2303 2304//2304 2305//2305
f 2306//2306 2305//2305 2304//2304
f 2305//2305 2306//2306 2307//2307
f 2307//2307 2306//2306 2308//2308
f 2309//2309 2307//2307 2308//2308
f 2310//2310 2309//2309 2308//2308
f 2309//2309 2310//2310 2311//2311
f 2312//2312 2311//2311 2313//2313
f 2311//2311 2310//2310 2313//2313
f 2313//2313 2310//2310 2314//2314
f 2313//2313 2314//2314 2316//2316
f 2313//2313 2315//2315 2312//2312
f 2315//2315 2313//2313 2317//2317
f 2317//2317 2313//2313 2316//2316
f 2320//2320 2317//2317 2318//2318
f 2318//2318 2317//2317 2319//2319
f 2317//2317 2316//2316 2319//2319
f 2315//2315 2317//2317 2320//2320
f 2318//2318 2321//2321 2320//2320
f 2321//2321 2318//2318 2322//2322
f 2322//2322 2318//2318 2323//2323
f 2324//2324 2322//2322 2323//2323
f 2323//2323 2325//2325 2324//2324
f 2327//2327 2325//2325 2326//2326
f 2325//2325 2323//2323 2326//2326
f 2327//2327 2330//2330 2328//2328
f 2329//2329 2327//2327 2326//2326
f 2330//2330 2327//2327 2329//2329
f 2330//2330 2329//2329 2331//2331
f 2331//2331 2333//2333 2332//2332
f 2333//2333 2331//2331 2334//2334
f 2334//2334 2331//2331 2329//2329
f 2335//2335 2333//2333 2334//2334
f 2334//2334 2326//2326 2335//2335
f 2326//2326 2334//2334 2329//2329
f 2338//2338 2336//2336 2335//2335
f 2333//2333 2335//2335 2336//2336
f 2326//2326 2323//2323 2335//2335
f 2335//2335 2323//2323 2337//2337
f 2335//2335 2337//2337 2338//2338
f 2336//2336 2338//2338 2339//2339
f 2319//2319 2338//2338 2337//2337
f 2338//2338 2319//2319 2340//2340
f 2340//2340 2339//2339 2338//2338
f 2339//2339 2340//2340 2341//2341
f 2340//2340 2342//2342 2341//2341
f 2319//2319 2316//2316 2340//2340
f 2316//2316 2342//2342 2340//2340
f 2342//2342 2343//2343 2341//2341
f 2342//2342 2344//2344 2343//2343
f 2316//2316 2314//2314 2342//2342
f 2314//2314 2344//2344 2342//2342
f 2314//2314 2345//2345 2344//2344
f 2345//2345 2346//2346 2344//2344
f 2344//2344 2346//2346 2347//2347
f 2344//2344 2347//2347 2343//2343
f 2343//2343 2347//2347 2348//2348
f 2347//2347 2349//2349 2348//2348
f 2347//2347 2350//2350 2349//2349
f 2346//2346 2350//2350 2347//2347
f 2346//2346 2351//2351 2350//2350
f 2351//2351 2352//2352 2350//2350
f 2350//2350 2352//2352 2353//2353
f 2350//2350 2353//2353 2349//2349
f 2352//2352 2357//2357 2353//2353
f 2353//2353 2354//2354 2349//2349
f 2354//2354 2353//2353 2356//2356
f 2355//2355 2353//2353 2357//2357
f 2353//2353 2355//2355 2356//2356
f 2352//2352 2358//2358 2357//2357
f 2358//2358 2359//2359 2357//2357
f 2360//2360 2357//2357 2359//2359
f 2357//2357 2360//2360 2355//2355
f 2360//2360 2271//2271 2270//2270
f 2270//2270 1829//1829 2360//2360
f 2360//2360 1829//1829 1826//1826
f 2360//2360 1826//1826 2355//2355
f 2271//2271 2360//2360 2359//2359
f 2358//2358 2361//2361 2359//2359
f 2361//2361 2271//2271 2359//2359
f 2358//2358 2363//2363 2361//2361
f 2361//2361 2362//2362 2273//2273
f 2361//2361 2273//2273 2271//2271
f 2361//2361 2363//2363 2362//2362
f 2301//2301 2362//2362 2363//2363
f 2364//2364 2301//2301 2363//2363
f 2365//2365 2364//2364 2363//2363
f 2363//2363 2358//2358 2365//2365
f 2364//2364 2365//2365 2366//2366
f 2366//2366 2365//2365 2351//2351
f 2351//2351 2365//2365 2352//2352
f 2365//2365 2358//2358 2352//2352
f 2306//2306 2366//2366 2367//2367
f 2304//2304 2366//2366 2306//2306
f 2366//2366 2304//2304 2364//2364
f 2367//2367 2366//2366 2351//2351
f 2367//2367 2351//2351 2346//2346
f 2308//2308 2306//2306 2367//2367
f 2308//2308 2367//2367 2345//2345
f 2345//2345 2367//2367 2346//2346
f 2304//2304 2300//2300 2364//2364
f 2300//2300 2301//2301 2364//2364
f 2362//2362 2297//2297 2368//2368
f 2368//2368 2273//2273 2362//2362
f 2362//2362 2301//2301 2297//2297
f 2368//2368 2293//2293 2279//2279
f 2293//2293 2368//2368 2297//2297
f 2279//2279 2274//2274 2368//2368
f 2273//2273 2368//2368 2274//2274
f 2356//2356 1816//1816 2354//2354
f 1816//1816 2356//2356 1825//1825
f 2355//2355 1825//1825 2356//2356
f 1825//1825 2355//2355 1826//1826
f 2369//2369 2349//2349 2354//2354
f 1814//1814 2354//2354 1816//1816
f 2354//2354 1814//1814 2369//2369
f 2369//2369 1813//1813 2370//2370
f 2370//2370 2348//2348 2369//2369
f 2349//2349 2369//2369 2348//2348
f 1813//1813 2369//2369 1814//1814
f 2370//2370 1807//1807 2372//2372
f 1807//1807 2370//2370 1813//1813
f 2348//2348 2370//2370 2371//2371
f 2371//2371 2370//2370 2372//2372
f 2371//2371 2372//2372 2373//2373
f 2374//2374 2373//2373 2372//2372
f 1807//1807 1806//1806 2372//2372
f 2372//2372 1806//1806 2374//2374
f 2375//2375 2376//2376 2374//2374
f 1806//1806 2375//2375 2374//2374
f 2373//2373 2374//2374 2376//2376
f 2373//2373 2376//2376 2339//2339
f 2336//2336 2339//2339 2376//2376
f 2336//2336 2376//2376 2377//2377
f 2376//2376 2375//2375 2377//2377
f 2333//2333 2336//2336 2377//2377
f 2378//2378 2377//2377 2375//2375
f 2377//2377 2378//2378 2379//2379
f 2332//2332 2377//2377 2379//2379
f 2332//2332 2333//2333 2377//2377
f 2375//2375 2380//2380 2378//2378
f 2381//2381 2380//2380 2375//2375
f 2381//2381 2382//2382 2380//2380
f 2382//2382 2383//2383 2380//2380
f 2382//2382 2381//2381 2384//2384
f 2384//2384 2381//2381 2385//2385
f 1804//1804 1803//1803 2385//2385
f 2385//2385 2381//2381 1804//1804
f 1804//1804 2381//2381 1806//1806
f 2381//2381 2375//2375 1806//1806
f 2341//2341 2371//2371 2373//2373
f 2339//2339 2341//2341 2373//2373
f 2341//2341 2343//2343 2371//2371
f 2343//2343 2348//2348 2371//2371
f 2310//2310 2345//2345 2314//2314
f 2310//2310 2308//2308 2345//2345
f 2323//2323 2318//2318 2337//2337
f 2337//2337 2318//2318 2319//2319
f 2289//2289 2279//2279 2293//2293
f 2279//2279 2289//2289 2280//2280
f 2282//2282 2195//2195 2276//2276
f 2195//2195 2282//2282 2197//2197
f 2277//2277 2276//2276 2195//2195
f 2258//2258 2277//2277 2259//2259
f 2277//2277 2258//2258 2265//2265
f 2195//2195 2259//2259 2277//2277
f 2268//2268 2386//2386 2270//2270
f 1829//1829 2270//2270 2386//2386
f 2386//2386 2268//2268 2387//2387
f 2387//2387 1929//1929 2386//2386
f 2386//2386 2388//2388 1829//1829
f 2388//2388 2386//2386 1929//1929
f 1829//1829 2388//2388 1830//1830
f 1929//1929 1919//1919 2388//2388
f 1919//1919 1830//1830 2388//2388
f 1929//1929 2387//2387 1927//1927
f 1941//1941 1927//1927 2387//2387
f 2387//2387 2267//2267 1941//1941
f 2267//2267 2387//2387 2268//2268
f 1943//1943 1941//1941 2267//2267
f 2262//2262 2256//2256 1950//1950
f 1950//1950 1944//1944 2262//2262
f 1944//1944 2261//2261 2262//2262
f 2261//2261 1944//1944 1943//1943
f 2259//2259 2195//2195 2196//2196
f 2196//2196 2199//2199 2259//2259
f 2256//2256 2253//2253 2389//2389
f 2389//2389 1950//1950 2256//2256
f 2390//2390 1950//1950 2389//2389
f 2389//2389 2251//2251 2390//2390
f 2251//2251 2389//2389 2253//2253
f 2251//2251 2391//2391 2390//2390
f 2392//2392 2390//2390 2391//2391
f 1950//1950 2390//2390 1951//1951
f 2390//2390 2392//2392 1951//1951
f 2391//2391 2251//2251 2393//2393
f 2252//2252 2393//2393 2251//2251
f 2205//2205 2207//2207 2244//2244
f 2209//2209 2244//2244 2207//2207
f 2244//2244 2209//2209 2229//2229
f 2160//2160 2156//2156 2227//2227
f 2221//2221 2184//2184 2177//2177
f 2173//2173 2165//2165 2179//2179
f 2179//2179 2159//2159 2160//2160
f 2165//2165 2159//2159 2179//2179
f 2163//2163 2140//2140 2154//2154
f 2140//2140 2163//2163 2139//2139
f 2150//2150 2394//2394 2157//2157
f 2394//2394 2150//2150 2395//2395
f 2147//2147 2086//2086 2396//2396
f 2145//2145 2140//2140 2141//2141
f 2134//2134 2108//2108 2107//2107
f 2108//2108 2130//2130 2110//2110
f 2122//2122 2110//2110 2130//2130
f 2110//2110 2122//2122 2113//2113
f 2092//2092 2099//2099 2093//2093
f 2093//2093 2066//2066 2069//2069
f 2081//2081 2398//2398 2397//2397
f 2081//2081 2397//2397 2399//2399
f 2081//2081 1968//1968 2398//2398
f 2081//2081 2077//2077 1971//1971
f 1968//1968 2081//2081 1971//1971
f 2398//2398 2400//2400 2401//2401
f 2398//2398 1969//1969 2400//2400
f 2398//2398 2401//2401 2397//2397
f 1969//1969 2398//2398 1968//1968
f 2400//2400 2402//2402 2401//2401
f 2402//2402 2400//2400 2403//2403
f 2403//2403 1958//1958 2402//2402
f 1958//1958 2403//2403 1957//1957
f 1960//1960 1957//1957 2403//2403
f 2400//2400 1960//1960 2403//2403
f 1960//1960 2400//2400 1969//1969
f 1973//1973 1971//1971 2077//2077
f 1983//1983 1991//1991 1981//1981
f 1978//1978 1984//1984 1979//1979
f 1935//1935 1966//1966 1977//1977
f 1963//1963 1960//1960 1969//1969
f 1954//1954 1949//1949 2404//2404
f 1951//1951 2404//2404 1949//1949
f 2404//2404 1951//1951 2405//2405
f 1947//1947 1946//1946 1953//1953
f 1929//1929 1920//1920 1919//1919
f 1817//1817 1816//1816 1825//1825
f 1808//1808 1807//1807 1813//1813
f 2407//2407 2406//2406 2409//2409
f 2406//2406 2407//2407 2408//2408
f 2410//2410 2409//2409 2406//2406
f 2412//2412 2411//2411 2410//2410
f 2411//2411 2409//2409 2410//2410
f 2412//2412 2414//2414 2413//2413
f 2413//2413 2411//2411 2412//2412
f 2414//2414 2412//2412 2416//2416
f 2415//2415 2416//2416 2412//2412
f 2417//2417 2414//2414 2416//2416
f 2414//2414 2417//2417 2418//2418
f 2419//2419 2418//2418 2417//2417
f 2418//2418 2419//2419 2420//2420
f 2407//2407 2421//2421 2408//2408
f 2421//2421 2407//2407 2422//2422
f 2422//2422 2423//2423 2421//2421
f 2423//2423 2422//2422 2424//2424
f 2424//2424 2425//2425 2423//2423
f 2425//2425 2424//2424 2427//2427
f 2427//2427 2426//2426 2425//2425
f 2426//2426 2427//2427 2428//2428
f 2430//2430 2428//2428 2429//2429
f 2428//2428 2430//2430 2426//2426
f 2429//2429 2431//2431 2430//2430
f 2431//2431 2429//2429 2432//2432
f 2432//2432 2433//2433 2431//2431
f 2433//2433 2434//2434 2436//2436
f 2434//2434 2433//2433 2435//2435
f 2433//2433 2432//2432 2435//2435
f 2437//2437 2436//2436 2434//2434
f 2436//2436 2437//2437 2438//2438
f 2439//2439 2440//2440 2441//2441
f 2441//2441 2442//2442 2439//2439
f 2442//2442 2443//2443 2439//2439
f 2443//2443 2442//2442 2444//2444
f 2444//2444 2445//2445 2443//2443
f 2445//2445 2444//2444 2447//2447
f 2445//2445 2446//2446 2448//2448
f 2446//2446 2445//2445 2447//2447
f 2440//2440 2449//2449 2441//2441
f 2450//2450 2449//2449 2451//2451
f 2449//2449 2440//2440 2451//2451
f 2451//2451 2452//2452 2450//2450
f 2453//2453 2450//2450 2452//2452
f 2454//2454 2455//2455 2453//2453
f 2450//2450 2453//2453 2455//2455
f 2455//2455 2454//2454 2456//2456
f 2456//2456 2457//2457 2458//2458
f 2457//2457 2456//2456 2454//2454
f 2461//2461 2458//2458 2459//2459
f 2458//2458 2460//2460 2459//2459
f 2460//2460 2458//2458 2457//2457
f 2458//2458 2461//2461 2463//2463
f 2463//2463 2462//2462 2458//2458
f 2462//2462 2463//2463 2464//2464
f 2466//2466 2464//2464 2465//2465
f 2464//2464 2466//2466 2462//2462
f 2465//2465 2467//2467 2466//2466
f 2467//2467 2465//2465 2468//2468
f 2468//2468 2469//2469 2467//2467
f 2470//2470 2469//2469 2471//2471
f 2469//2469 2472//2472 2471//2471
f 2469//2469 2468//2468 2472//2472
f 2471//2471 2473//2473 2470//2470
f 2473//2473 2475//2475 2474//2474
f 2474//2474 2470//2470 2473//2473
f 2476//2476 2474//2474 2475//2475
f 2475//2475 2477//2477 2476//2476
f 2478//2478 2476//2476 2477//2477
f 2477//2477 2479//2479 2478//2478
f 2479//2479 2477//2477 2480//2480
f 2459//2459 2481//2481 2461//2461
f 2481//2481 2459//2459 2482//2482
f 2482//2482 2483//2483 2481//2481
f 2483//2483 2482//2482 2485//2485
f 2485//2485 2484//2484 2483//2483
f 2488//2488 2485//2485 2486//2486
f 2487//2487 2486//2486 2485//2485
f 2485//2485 2482//2482 2487//2487
f 2484//2484 2485//2485 2488//2488
f 2488//2488 2489//2489 2493//2493
f 2489//2489 2488//2488 2490//2490
f 2486//2486 2490//2490 2488//2488
f 2488//2488 2491//2491 2484//2484
f 2491//2491 2488//2488 2492//2492
f 2494//2494 2493//2493 2489//2489
f 2493//2493 2494//2494 2495//2495
f 2497//2497 2495//2495 2494//2494
f 2495//2495 2497//2497 2496//2496
f 2492//2492 2498//2498 2491//2491
f 2498//2498 2492//2492 2499//2499
f 2498//2498 2499//2499 2500//2500
f 2500//2500 2501//2501 2502//2502
f 2500//2500 2502//2502 2498//2498
f 2459//2459 2487//2487 2482//2482
f 2487//2487 2459//2459 2460//2460
f 2504//2504 2503//2503 2506//2506
f 2503//2503 2504//2504 2505//2505
f 2508//2508 2507//2507 2510//2510
f 2507//2507 2508//2508 2509//2509
f 2512//2512 2511//2511 2513//2513
f 2514//2514 2515//2515 2516//2516
f 2518//2518 2517//2517 2520//2520
f 2517//2517 2518//2518 2519//2519
f 2521//2521 2522//2522 2523//2523
f 2524//2524 2525//2525 2526//2526
f 2526//2526 2525//2525 2527//2527
f 2528//2528 2526//2526 2527//2527
f 2526//2526 2528//2528 2529//2529
f 2527//2527 2530//2530 2528//2528
f 2532//2532 2531//2531 2534//2534
f 2531//2531 2532//2532 2533//2533
f 2532//2532 2535//2535 2533//2533
f 2537//2537 2535//2535 2536//2536
f 2535//2535 2532//2532 2536//2536
f 2536//2536 2538//2538 2537//2537
f 2539//2539 2537//2537 2538//2538
f 2537//2537 2539//2539 2540//2540
f 2541//2541 2540//2540 2539//2539
f 2540//2540 2541//2541 2542//2542
f 2543//2543 2542//2542 2541//2541
f 2542//2542 2543//2543 2544//2544
f 2545//2545 2544//2544 2543//2543
f 2544//2544 2545//2545 2546//2546
f 2548//2548 2546//2546 2545//2545
f 2546//2546 2548//2548 2547//2547
f 2549//2549 2547//2547 2548//2548
f 2547//2547 2549//2549 2550//2550
f 2551//2551 2550//2550 2549//2549
f 2550//2550 2551//2551 2552//2552
f 2553//2553 2552//2552 2551//2551
f 2552//2552 2553//2553 2554//2554
f 2555//2555 2554//2554 2553//2553
f 2554//2554 2555//2555 2556//2556
f 2555//2555 2557//2557 2556//2556
f 2559//2559 2557//2557 2558//2558
f 2557//2557 2559//2559 2560//2560
f 2560//2560 2556//2556 2557//2557
f 2558//2558 2561//2561 2559//2559
f 2562//2562 2561//2561 2563//2563
f 2561//2561 2558//2558 2563//2563
f 2562//2562 2563//2563 2564//2564
f 2564//2564 2565//2565 2562//2562
f 2565//2565 2564//2564 2566//2566
f 2567//2567 2565//2565 2566//2566
f 2569//2569 2568//2568 2567//2567
f 2565//2565 2567//2567 2568//2568
f 2568//2568 2569//2569 2570//2570
f 2572//2572 2570//2570 2569//2569
f 2569//2569 2571//2571 2572//2572
f 2573//2573 2572//2572 2571//2571
f 2571//2571 2574//2574 2573//2573
f 2574//2574 2575//2575 2573//2573
f 2576//2576 2575//2575 2578//2578
f 2575//2575 2576//2576 2577//2577
f 2575//2575 2574//2574 2578//2578
f 2577//2577 2576//2576 2579//2579
f 2580//2580 2577//2577 2579//2579
f 2582//2582 2580//2580 2579//2579
f 2580//2580 2582//2582 2581//2581
f 2583//2583 2581//2581 2582//2582
f 2585//2585 2584//2584 2583//2583
f 2581//2581 2583//2583 2584//2584
f 2584//2584 2585//2585 2586//2586
f 2587//2587 2586//2586 2585//2585
f 2586//2586 2587//2587 2588//2588
f 2589//2589 2588//2588 2587//2587
f 2588//2588 2589//2589 2590//2590
f 2589//2589 2592//2592 2590//2590
f 2592//2592 2589//2589 2591//2591
f 2591//2591 2593//2593 2592//2592
f 2593//2593 2591//2591 2594//2594
f 2593//2593 2594//2594 2595//2595
f 2596//2596 2597//2597 2598//2598
f 2599//2599 2596//2596 2598//2598
f 2600//2600 2598//2598 2597//2597
f 2598//2598 2600//2600 2601//2601
f 2602//2602 2601//2601 2600//2600
f 2601//2601 2602//2602 2603//2603
f 2604//2604 2603//2603 2602//2602
f 2603//2603 2604//2604 2605//2605
f 2606//2606 2605//2605 2604//2604
f 2605//2605 2606//2606 2607//2607
f 2608//2608 2607//2607 2606//2606
f 2607//2607 2608//2608 2609//2609
f 2610//2610 2611//2611 2612//2612
f 2614//2614 2612//2612 2611//2611
f 2613//2613 2612//2612 2617//2617
f 2612//2612 2613//2613 2616//2616
f 2612//2612 2614//2614 2615//2615
f 2612//2612 2615//2615 2617//2617
f 2618//2618 2619//2619 2620//2620
f 2622//2622 2621//2621 2624//2624
f 2621//2621 2622//2622 2623//2623
f 2625//2625 2626//2626 2627//2627
f 2628//2628 2629//2629 2630//2630
f 2631//2631 2630//2630 2629//2629
f 2632//2632 2633//2633 2634//2634
f 2634//2634 2635//2635 2632//2632
f 2636//2636 2634//2634 2633//2633
f 2634//2634 2636//2636 2637//2637
f 2638//2638 2637//2637 2636//2636
f 2636//2636 2639//2639 2638//2638
f 2640//2640 2638//2638 2639//2639
f 2641//2641 2640//2640 2642//2642
f 2639//2639 2642//2642 2640//2640
f 2642//2642 2643//2643 2641//2641
f 2645//2645 2643//2643 2644//2644
f 2645//2645 2641//2641 2643//2643
f 2645//2645 2646//2646 2647//2647
f 2646//2646 2645//2645 2644//2644
f 2647//2647 2649//2649 2648//2648
f 2649//2649 2647//2647 2646//2646
f 2650//2650 2648//2648 2649//2649
f 2648//2648 2650//2650 2651//2651
f 2652//2652 2651//2651 2650//2650
f 2654//2654 2653//2653 2652//2652
f 2651//2651 2652//2652 2653//2653
f 2653//2653 2654//2654 2655//2655
f 2656//2656 2655//2655 2654//2654
f 2655//2655 2656//2656 2657//2657
f 2658//2658 2657//2657 2656//2656
f 2657//2657 2658//2658 2659//2659
f 2661//2661 2660//2660 2663//2663
f 2660//2660 2661//2661 2662//2662
f 2664//2664 2663//2663 2660//2660
f 2663//2663 2664//2664 2665//2665
f 2666//2666 2665//2665 2664//2664
f 2665//2665 2666//2666 2667//2667
f 2668//2668 2667//2667 2666//2666
f 2667//2667 2668//2668 2669//2669
f 2670//2670 2669//2669 2668//2668
f 2672//2672 2671//2671 2670//2670
f 2669//2669 2670//2670 2671//2671
f 2671//2671 2672//2672 2673//2673
f 2674//2674 2673//2673 2672//2672
f 2673//2673 2674//2674 2676//2676
f 2675//2675 2676//2676 2674//2674
f 2676//2676 2675//2675 2677//2677
f 2677//2677 2679//2679 2678//2678
f 2679//2679 2677//2677 2675//2675
f 2679//2679 2681//2681 2680//2680
f 2680//2680 2678//2678 2679//2679
f 2683//2683 2680//2680 2681//2681
f 2681//2681 2682//2682 2683//2683
f 2682//2682 2684//2684 2683//2683
f 2682//2682 2685//2685 2684//2684
f 2662//2662 2686//2686 2687//2687
f 2686//2686 2662//2662 2661//2661
f 2689//2689 2688//2688 2691//2691
f 2688//2688 2689//2689 2690//2690
f 2690//2690 2692//2692 2688//2688
f 2693//2693 2694//2694 2692//2692
f 2692//2692 2690//2690 2693//2693
f 2695//2695 2694//2694 2696//2696
f 2697//2697 2696//2696 2694//2694
f 2693//2693 2697//2697 2694//2694
f 2698//2698 2697//2697 2699//2699
f 2697//2697 2698//2698 2696//2696
f 2700//2700 2696//2696 2698//2698
f 2701//2701 2702//2702 2700//2700
f 2696//2696 2700//2700 2702//2702
f 2704//2704 2703//2703 2702//2702
f 2703//2703 2695//2695 2702//2702
f 2696//2696 2702//2702 2695//2695
f 2702//2702 2701//2701 2704//2704
f 2704//2704 2706//2706 2705//2705
f 2705//2705 2707//2707 2704//2704
f 2703//2703 2704//2704 2707//2707
f 2706//2706 2704//2704 2701//2701
f 2707//2707 2705//2705 2708//2708
f 2708//2708 2710//2710 2709//2709
f 2710//2710 2708//2708 2705//2705
f 2710//2710 2713//2713 2711//2711
f 2711//2711 2709//2709 2710//2710
f 2705//2705 2712//2712 2710//2710
f 2713//2713 2710//2710 2712//2712
f 2714//2714 2713//2713 2715//2715
f 2714//2714 2711//2711 2713//2713
f 2717//2717 2714//2714 2715//2715
f 2717//2717 2715//2715 2716//2716
f 2716//2716 2689//2689 2717//2717
f 2691//2691 2717//2717 2689//2689
f 2717//2717 2691//2691 2718//2718
f 2718//2718 2714//2714 2717//2717
f 2714//2714 2718//2718 2719//2719
f 2719//2719 2711//2711 2714//2714
f 2711//2711 2719//2719 2720//2720
f 2709//2709 2711//2711 2720//2720
f 2689//2689 2716//2716 2721//2721
f 2721//2721 2690//2690 2689//2689
f 2690//2690 2721//2721 2722//2722
f 2723//2723 2690//2690 2722//2722
f 2690//2690 2723//2723 2693//2693
f 2712//2712 2705//2705 2706//2706
f 2725//2725 2726//2726 2724//2724
f 2728//2728 2725//2725 2724//2724
f 2724//2724 2726//2726 2727//2727
f 2727//2727 2728//2728 2724//2724
f 2728//2728 2727//2727 2730//2730
f 2728//2728 2729//2729 2725//2725
f 2727//2727 2731//2731 2730//2730
f 2731//2731 2727//2727 2732//2732
f 2733//2733 2731//2731 2732//2732
f 2731//2731 2733//2733 2734//2734
f 2735//2735 2734//2734 2733//2733
f 2735//2735 2733//2733 2736//2736
f 2737//2737 2735//2735 2736//2736
f 2735//2735 2737//2737 2738//2738
f 2739//2739 2738//2738 2737//2737
f 2738//2738 2739//2739 2740//2740
f 2739//2739 2741//2741 2740//2740
f 2741//2741 2744//2744 2742//2742
f 2744//2744 2741//2741 2743//2743
f 2739//2739 2743//2743 2741//2741
f 2744//2744 2726//2726 2745//2745
f 2743//2743 2726//2726 2744//2744
f 2746//2746 2742//2742 2744//2744
f 2746//2746 2744//2744 2745//2745
f 2745//2745 2747//2747 2746//2746
f 2725//2725 2729//2729 2747//2747
f 2747//2747 2745//2745 2748//2748
f 2747//2747 2748//2748 2725//2725
f 2725//2725 2748//2748 2726//2726
f 2745//2745 2726//2726 2748//2748
f 2739//2739 2726//2726 2743//2743
f 2737//2737 2726//2726 2739//2739
f 2736//2736 2726//2726 2737//2737
f 2733//2733 2726//2726 2736//2736
f 2732//2732 2726//2726 2733//2733
f 2727//2727 2726//2726 2732//2732
f 2749//2749 2752//2752 2750//2750
f 2749//2749 2750//2750 2751//2751
f 2754//2754 2753//2753 2757//2757
f 2753//2753 2754//2754 2755//2755
f 2755//2755 2756//2756 2753//2753
f 2757//2757 2758//2758 2754//2754
f 2758//2758 2757//2757 2759//2759
f 2756//2756 2755//2755 2760//2760
f 2760//2760 2761//2761 2756//2756
f 2761//2761 2760//2760 2762//2762
f 2762//2762 2763//2763 2761//2761
f 2763//2763 2762//2762 2764//2764
f 2764//2764 2765//2765 2763//2763
f 2765//2765 2764//2764 2766//2766
f 2767//2767 2765//2765 2766//2766
f 2765//2765 2767//2767 2768//2768
f 2767//2767 2769//2769 2768//2768
f 2769//2769 2770//2770 2768//2768
f 2770//2770 2769//2769 2771//2771
f 2771//2771 2772//2772 2770//2770
f 2773//2773 2774//2774 2772//2772
f 2772//2772 2771//2771 2773//2773
f 2773//2773 2775//2775 2774//2774
f 2775//2775 2776//2776 2774//2774
f 2777//2777 2776//2776 2775//2775
f 2776//2776 2777//2777 2778//2778
f 2780//2780 2779//2779 2782//2782
f 2779//2779 2780//2780 2781//2781
f 2781//2781 2784//2784 2779//2779
f 2783//2783 2782//2782 2779//2779
f 2783//2783 2779//2779 2784//2784
f 2792//2792 2785//2785 2784//2784
f 2785//2785 2791//2791 2784//2784
f 2787//2787 2786//2786 2784//2784
f 2786//2786 2783//2783 2784//2784
f 2788//2788 2787//2787 2784//2784
f 2789//2789 2788//2788 2784//2784
f 2790//2790 2789//2789 2784//2784
f 2791//2791 2790//2790 2784//2784
f 2793//2793 2792//2792 2784//2784
f 2794//2794 2793//2793 2784//2784
f 2781//2781 2794//2794 2784//2784
f 2794//2794 2795//2795 2793//2793
f 2781//2781 2780//2780 2794//2794
f 2780//2780 2795//2795 2794//2794
f 2796//2796 2793//2793 2795//2795
f 2792//2792 2796//2796 2797//2797
f 2796//2796 2792//2792 2793//2793
f 2798//2798 2792//2792 2797//2797
f 2798//2798 2799//2799 2791//2791
f 2785//2785 2798//2798 2791//2791
f 2792//2792 2798//2798 2785//2785
f 2800//2800 2791//2791 2799//2799
f 2801//2801 2789//2789 2800//2800
f 2791//2791 2800//2800 2790//2790
f 2800//2800 2789//2789 2790//2790
f 2802//2802 2789//2789 2801//2801
f 2802//2802 2787//2787 2788//2788
f 2787//2787 2802//2802 2803//2803
f 2789//2789 2802//2802 2788//2788
f 2804//2804 2787//2787 2803//2803
f 2787//2787 2804//2804 2786//2786
f 2805//2805 2786//2786 2804//2804
f 2782//2782 2783//2783 2805//2805
f 2786//2786 2805//2805 2783//2783
f 2807//2807 2806//2806 2809//2809
f 2806//2806 2807//2807 2808//2808
f 2810//2810 2811//2811 2812//2812
f 2812//2812 2813//2813 2810//2810
f 2814//2814 2815//2815 2816//2816
f 2814//2814 2817//2817 2818//2818
f 2814//2814 2819//2819 2820//2820
f 2817//2817 2814//2814 2816//2816
f 2818//2818 2821//2821 2822//2822
f 2818//2818 2823//2823 2814//2814
f 2821//2821 2818//2818 2817//2817
f 2824//2824 2825//2825 2826//2826
f 2824//2824 2827//2827 2822//2822
f 2824//2824 2828//2828 2827//2827
f 2829//2829 2822//2822 2821//2821
f 2822//2822 2830//2830 2818//2818
f 2822//2822 2829//2829 2824//2824
f 2831//2831 2828//2828 2826//2826
f 2826//2826 2832//2832 2831//2831
f 2832//2832 2833//2833 2831//2831
f 2825//2825 2832//2832 2826//2826
f 2825//2825 2824//2824 2829//2829
f 2828//2828 2834//2834 2827//2827
f 2828//2828 2831//2831 2835//2835
f 2828//2828 2824//2824 2826//2826
f 2830//2830 2822//2822 2827//2827
f 2830//2830 2823//2823 2818//2818
f 2827//2827 2834//2834 2830//2830
f 2823//2823 2819//2819 2814//2814
f 2823//2823 2836//2836 2837//2837
f 2835//2835 2838//2838 2834//2834
f 2835//2835 2831//2831 2833//2833
f 2835//2835 2833//2833 2838//2838
f 2836//2836 2823//2823 2830//2830
f 2836//2836 2830//2830 2834//2834
f 2834//2834 2839//2839 2836//2836
f 2834//2834 2828//2828 2835//2835
f 2837//2837 2819//2819 2823//2823
f 2837//2837 2836//2836 2840//2840
f 2837//2837 2841//2841 2842//2842
f 2843//2843 2844//2844 2845//2845
f 2833//2833 2832//2832 2843//2843
f 2833//2833 2845//2845 2846//2846
f 2839//2839 2846//2846 2847//2847
f 2839//2839 2834//2834 2838//2838
f 2840//2840 2836//2836 2839//2839
f 2840//2840 2847//2847 2848//2848
f 2841//2841 2848//2848 2849//2849
f 2841//2841 2837//2837 2840//2840
f 2848//2848 2841//2841 2840//2840
f 2848//2848 2850//2850 2851//2851
f 2849//2849 2852//2852 2853//2853
f 2849//2849 2854//2854 2841//2841
f 2849//2849 2851//2851 2855//2855
f 2856//2856 2857//2857 2858//2858
f 2856//2856 2851//2851 2859//2859
f 2856//2856 2859//2859 2857//2857
f 2855//2855 2860//2860 2852//2852
f 2851//2851 2856//2856 2855//2855
f 2851//2851 2849//2849 2848//2848
f 2851//2851 2861//2861 2859//2859
f 2851//2851 2850//2850 2861//2861
f 2862//2862 2863//2863 2864//2864
f 2862//2862 2819//2819 2865//2865
f 2815//2815 2814//2814 2820//2820
f 2864//2864 2820//2820 2862//2862
f 2820//2820 2864//2864 2815//2815
f 2865//2865 2866//2866 2867//2867
f 2819//2819 2862//2862 2820//2820
f 2819//2819 2837//2837 2842//2842
f 2819//2819 2842//2842 2865//2865
f 2868//2868 2865//2865 2842//2842
f 2868//2868 2869//2869 2870//2870
f 2842//2842 2854//2854 2868//2868
f 2854//2854 2849//2849 2853//2853
f 2854//2854 2842//2842 2841//2841
f 2869//2869 2853//2853 2871//2871
f 2869//2869 2868//2868 2854//2854
f 2871//2871 2870//2870 2869//2869
f 2853//2853 2872//2872 2871//2871
f 2853//2853 2869//2869 2854//2854
f 2872//2872 2853//2853 2852//2852
f 2872//2872 2873//2873 2871//2871
f 2852//2852 2849//2849 2855//2855
f 2852//2852 2860//2860 2874//2874
f 2847//2847 2840//2840 2839//2839
f 2846//2846 2839//2839 2838//2838
f 2846//2846 2850//2850 2847//2847
f 2846//2846 2838//2838 2833//2833
f 2875//2875 2846//2846 2845//2845
f 2875//2875 2876//2876 2877//2877
f 2875//2875 2877//2877 2861//2861
f 2850//2850 2846//2846 2875//2875
f 2850//2850 2848//2848 2847//2847
f 2863//2863 2862//2862 2867//2867
f 2867//2867 2862//2862 2865//2865
f 2867//2867 2878//2878 2863//2863
f 2866//2866 2865//2865 2868//2868
f 2866//2866 2868//2868 2870//2870
f 2866//2866 2870//2870 2879//2879
f 2878//2878 2866//2866 2879//2879
f 2878//2878 2867//2867 2866//2866
f 2873//2873 2872//2872 2880//2880
f 2873//2873 2881//2881 2879//2879
f 2870//2870 2873//2873 2879//2879
f 2870//2870 2871//2871 2873//2873
f 2880//2880 2872//2872 2874//2874
f 2882//2882 2883//2883 2884//2884
f 2874//2874 2883//2883 2880//2880
f 2874//2874 2872//2872 2852//2852
f 2885//2885 2886//2886 2883//2883
f 2858//2858 2887//2887 2885//2885
f 2858//2858 2860//2860 2856//2856
f 2860//2860 2855//2855 2856//2856
f 2860//2860 2885//2885 2874//2874
f 2860//2860 2858//2858 2885//2885
f 2844//2844 2888//2888 2876//2876
f 2845//2845 2833//2833 2843//2843
f 2845//2845 2876//2876 2875//2875
f 2876//2876 2845//2845 2844//2844
f 2876//2876 2889//2889 2877//2877
f 2888//2888 2889//2889 2876//2876
f 2861//2861 2850//2850 2875//2875
f 2857//2857 2859//2859 2861//2861
f 2887//2887 2858//2858 2857//2857
f 2887//2887 2889//2889 2890//2890
f 2887//2887 2886//2886 2885//2885
f 2877//2877 2887//2887 2857//2857
f 2877//2877 2857//2857 2861//2861
f 2890//2890 2891//2891 2886//2886
f 2889//2889 2892//2892 2890//2890
f 2889//2889 2887//2887 2877//2877
f 2889//2889 2888//2888 2893//2893
f 2892//2892 2889//2889 2893//2893
f 2891//2891 2890//2890 2892//2892
f 2883//2883 2874//2874 2885//2885
f 2883//2883 2882//2882 2880//2880
f 2884//2884 2886//2886 2891//2891
f 2886//2886 2884//2884 2883//2883
f 2886//2886 2887//2887 2890//2890
f 2894//2894 2905//2905 2895//2895
f 2894//2894 2895//2895 2896//2896
f 2894//2894 2896//2896 2906//2906
f 2894//2894 2912//2912 2897//2897
f 2894//2894 2897//2897 2898//2898
f 2894//2894 2898//2898 2899//2899
f 2894//2894 2899//2899 2900//2900
f 2894//2894 2900//2900 2901//2901
f 2894//2894 2901//2901 2902//2902
f 2894//2894 2902//2902 2903//2903
f 2894//2894 2903//2903 2904//2904
f 2894//2894 2904//2904 2905//2905
f 2894//2894 2906//2906 2907//2907
f 2894//2894 2907//2907 2908//2908
f 2894//2894 2908//2908 2909//2909
f 2894//2894 2909//2909 2910//2910
f 2894//2894 2910//2910 2911//2911
f 2894//2894 2911//2911 2912//2912
f 2913//2913 2914//2914 2915//2915
f 2916//2916 2913//2913 2915//2915
f 2913//2913 2916//2916 2917//2917
f 2916//2916 2918//2918 2917//2917
f 2919//2919 2920//2920 2918//2918
f 2918//2918 2916//2916 2919//2919
f 2920//2920 2919//2919 2921//2921
f 2922//2922 2920//2920 2921//2921
f 2920//2920 2922//2922 2923//2923
f 2922//2922 2924//2924 2923//2923
f 2924//2924 2922//2922 2925//2925
f 2925//2925 2926//2926 2924//2924
f 2926//2926 2927//2927 2928//2928
f 2926//2926 2925//2925 2927//2927
f 2929//2929 2926//2926 2928//2928
f 2928//2928 2930//2930 2929//2929
f 2930//2930 2928//2928 2932//2932
f 2930//2930 2933//2933 2931//2931
f 2933//2933 2930//2930 2932//2932
f 2935//2935 2933//2933 2934//2934
f 2933//2933 2932//2932 2934//2934
f 2933//2933 2935//2935 2936//2936
f 2936//2936 2931//2931 2933//2933
f 2931//2931 2936//2936 2914//2914
f 2915//2915 2914//2914 2936//2936
f 2937//2937 2936//2936 2935//2935
f 2915//2915 2936//2936 2937//2937
f 2938//2938 2937//2937 2940//2940
f 2915//2915 2937//2937 2938//2938
f 2937//2937 2935//2935 2939//2939
f 2937//2937 2939//2939 2940//2940
f 2941//2941 2938//2938 2940//2940
f 2941//2941 2942//2942 2938//2938
f 2941//2941 2943//2943 2942//2942
f 2943//2943 2941//2941 2944//2944
f 2944//2944 2945//2945 2943//2943
f 2945//2945 2944//2944 2946//2946
f 2948//2948 2946//2946 2947//2947
f 2946//2946 2948//2948 2945//2945
f 2948//2948 2927//2927 2925//2925
f 2927//2927 2948//2948 2949//2949
f 2925//2925 2945//2945 2948//2948
f 2948//2948 2950//2950 2949//2949
f 2950//2950 2948//2948 2947//2947
f 2951//2951 2950//2950 2952//2952
f 2950//2950 2951//2951 2949//2949
f 2952//2952 2953//2953 2951//2951
f 2954//2954 2951//2951 2953//2953
f 2955//2955 2954//2954 2953//2953
f 2934//2934 2954//2954 2955//2955
f 2956//2956 2934//2934 2955//2955
f 2934//2934 2956//2956 2935//2935
f 2939//2939 2935//2935 2956//2956
f 2951//2951 2954//2954 2928//2928
f 2934//2934 2932//2932 2954//2954
f 2932//2932 2928//2928 2954//2954
f 2928//2928 2927//2927 2951//2951
f 2927//2927 2949//2949 2951//2951
f 2922//2922 2943//2943 2945//2945
f 2945//2945 2925//2925 2922//2922
f 2921//2921 2942//2942 2943//2943
f 2943//2943 2922//2922 2921//2921
f 2942//2942 2921//2921 2919//2919
f 2919//2919 2938//2938 2942//2942
f 2938//2938 2919//2919 2916//2916
f 2916//2916 2915//2915 2938//2938
f 2958//2958 2957//2957 2961//2961
f 2957//2957 2958//2958 2959//2959
f 2959//2959 2960//2960 2957//2957
f 2961//2961 2962//2962 2958//2958
f 2962//2962 2961//2961 2963//2963
f 2965//2965 2963//2963 2964//2964
f 2963//2963 2965//2965 2962//2962
f 2964//2964 2966//2966 2965//2965
f 2966//2966 2968//2968 2967//2967
f 2968//2968 2966//2966 2969//2969
f 2964//2964 2969//2969 2966//2966
f 2970//2970 2967//2967 2968//2968
f 2967//2967 2970//2970 2972//2972
f 2971//2971 2972//2972 2970//2970
f 2972//2972 2971//2971 2973//2973
f 2973//2973 2975//2975 2974//2974
f 2975//2975 2973//2973 2971//2971
f 2976//2976 2974//2974 2975//2975
f 2978//2978 2976//2976 2977//2977
f 2977//2977 2976//2976 2960//2960
f 2974//2974 2976//2976 2978//2978
f 2977//2977 2960//2960 2959//2959
f 2979//2979 2980//2980 2981//2981
f 2981//2981 2983//2983 2979//2979
f 2982//2982 2979//2979 2983//2983
f 2983//2983 2981//2981 2984//2984
f 2983//2983 2986//2986 2982//2982
f 2985//2985 2983//2983 2984//2984
f 2983//2983 2985//2985 2986//2986
f 2987//2987 2982//2982 2986//2986
f 2985//2985 2987//2987 2986//2986
f 2982//2982 2987//2987 2988//2988
f 2989//2989 2988//2988 2987//2987
f 2990//2990 2989//2989 2987//2987
f 2987//2987 2985//2985 2990//2990
f 2991//2991 2992//2992 2990//2990
f 2993//2993 2991//2991 2990//2990
f 2989//2989 2990//2990 2992//2992
f 2993//2993 2990//2990 2985//2985
f 2993//2993 2995//2995 2994//2994
f 2994//2994 2996//2996 2993//2993
f 2993//2993 2984//2984 2995//2995
f 2984//2984 2993//2993 2985//2985
f 2997//2997 2993//2993 2996//2996
f 2993//2993 2997//2997 2991//2991
f 2998//2998 2997//2997 2996//2996
f 2998//2998 2999//2999 2997//2997
f 3000//3000 2991//2991 2997//2997
f 2999//2999 3000//3000 2997//2997
f 2991//2991 3000//3000 3001//3001
f 3000//3000 2999//2999 3003//3003
f 3002//3002 3001//3001 3000//3000
f 3003//3003 3002//3002 3000//3000
f 3002//3002 3003//3003 3004//3004
f 3002//3002 3004//3004 3005//3005
f 3005//3005 3004//3004 3006//3006
f 3007//3007 3005//3005 3006//3006
f 3007//3007 3006//3006 3008//3008
f 3009//3009 3007//3007 3008//3008
f 3008//3008 3010//3010 3009//3009
f 3011//3011 3009//3009 3010//3010
f 3010//3010 3012//3012 3011//3011
f 3012//3012 3013//3013 3011//3011
f 3013//3013 3012//3012 3014//3014
f 3014//3014 3015//3015 3013//3013
f 3015//3015 3014//3014 3016//3016
f 3017//3017 3013//3013 3015//3015
f 3017//3017 3018//3018 3020//3020
f 3018//3018 3017//3017 3019//3019
f 3013//3013 3017//3017 3020//3020
f 3020//3020 3011//3011 3013//3013
f 3011//3011 3020//3020 3021//3021
f 3020//3020 3022//3022 3021//3021
f 3022//3022 3020//3020 3018//3018
f 3022//3022 3024//3024 3023//3023
f 3023//3023 3025//3025 3022//3022
f 3024//3024 3022//3022 3018//3018
f 3022//3022 3025//3025 3026//3026
f 3022//3022 3026//3026 3021//3021
f 3025//3025 3027//3027 3026//3026
f 3027//3027 3009//3009 3026//3026
f 3011//3011 3026//3026 3009//3009
f 3026//3026 3011//3011 3021//3021
f 3027//3027 3029//3029 3005//3005
f 3027//3027 3005//3005 3007//3007
f 3025//3025 3028//3028 3027//3027
f 3030//3030 3027//3027 3028//3028
f 3009//3009 3027//3027 3007//3007
f 3027//3027 3030//3030 3029//3029
f 3032//3032 3031//3031 3030//3030
f 3031//3031 3029//3029 3030//3030
f 3030//3030 3033//3033 3032//3032
f 3033//3033 3030//3030 3028//3028
f 3033//3033 3034//3034 3032//3032
f 3034//3034 3033//3033 3035//3035
f 3036//3036 3035//3035 3033//3033
f 3033//3033 3037//3037 3036//3036
f 3028//3028 3037//3037 3033//3033
f 3037//3037 3023//3023 3038//3038
f 3038//3038 3036//3036 3037//3037
f 3037//3037 3028//3028 3025//3025
f 3025//3025 3023//3023 3037//3037
f 3024//3024 3038//3038 3023//3023
f 3038//3038 3024//3024 3039//3039
f 3040//3040 3039//3039 3024//3024
f 3039//3039 3040//3040 3041//3041
f 3018//3018 3040//3040 3024//3024
f 3040//3040 3018//3018 3019//3019
f 3042//3042 3032//3032 3034//3034
f 3043//3043 3044//3044 3042//3042
f 3032//3032 3042//3042 3044//3044
f 3044//3044 3043//3043 2989//2989
f 3031//3031 3032//3032 3044//3044
f 3044//3044 2992//2992 3031//3031
f 2992//2992 3044//3044 2989//2989
f 2988//2988 2989//2989 3043//3043
f 3031//3031 2992//2992 3001//3001
f 3029//3029 3031//3031 3045//3045
f 3001//3001 3045//3045 3031//3031
f 3029//3029 3045//3045 3002//3002
f 3001//3001 3002//3002 3045//3045
f 3029//3029 3002//3002 3005//3005
f 2991//2991 3001//3001 2992//2992
f 2994//2994 2998//2998 2996//2996
f 2998//2998 2994//2994 3046//3046
f 3046//3046 3047//3047 3048//3048
f 3047//3047 3046//3046 2994//2994
f 3049//3049 3048//3048 3047//3047
f 3048//3048 3049//3049 3050//3050
f 3052//3052 3050//3050 3049//3049
f 3050//3050 3052//3052 3051//3051
f 3052//3052 3049//3049 3054//3054
f 3054//3054 3053//3053 3052//3052
f 3053//3053 3051//3051 3052//3052
f 3054//3054 3055//3055 3056//3056
f 3055//3055 3054//3054 3058//3058
f 3054//3054 3049//3049 3057//3057
f 3053//3053 3054//3054 3056//3056
f 3059//3059 3054//3054 3057//3057
f 3054//3054 3059//3059 3058//3058
f 3059//3059 3060//3060 3061//3061
f 3057//3057 3060//3060 3059//3059
f 3059//3059 3062//3062 3058//3058
f 3062//3062 3059//3059 3061//3061
f 3062//3062 3063//3063 3065//3065
f 3063//3063 3062//3062 3064//3064
f 3062//3062 3066//3066 3064//3064
f 3065//3065 3058//3058 3062//3062
f 3062//3062 3061//3061 3066//3066
f 3061//3061 2980//2980 3066//3066
f 3065//3065 3067//3067 3068//3068
f 3067//3067 3065//3065 3063//3063
f 3068//3068 3055//3055 3065//3065
f 3058//3058 3065//3065 3055//3055
f 3067//3067 3069//3069 3068//3068
f 3069//3069 3070//3070 3068//3068
f 3055//3055 3068//3068 3070//3070
f 3070//3070 3071//3071 3072//3072
f 3073//3073 3071//3071 3070//3070
f 3070//3070 3069//3069 3073//3073
f 3056//3056 3070//3070 3072//3072
f 3070//3070 3056//3056 3055//3055
f 3073//3073 3074//3074 3075//3075
f 3074//3074 3073//3073 3076//3076
f 3069//3069 3076//3076 3073//3073
f 3073//3073 3075//3075 3071//3071
f 3079//3079 3076//3076 3069//3069
f 3076//3076 3079//3079 3077//3077
f 3077//3077 3078//3078 3076//3076
f 3074//3074 3076//3076 3078//3078
f 3069//3069 3067//3067 3079//3079
f 3078//3078 3077//3077 3080//3080
f 3081//3081 3074//3074 3078//3078
f 3074//3074 3081//3081 3082//3082
f 3074//3074 3082//3082 3075//3075
f 3083//3083 3082//3082 3084//3084
f 3082//3082 3083//3083 3075//3075
f 3084//3084 3085//3085 3083//3083
f 3085//3085 3084//3084 3086//3086
f 3087//3087 3083//3083 3085//3085
f 3089//3089 3088//3088 3087//3087
f 3083//3083 3087//3087 3088//3088
f 3088//3088 3089//3089 3090//3090
f 3091//3091 3090//3090 3089//3089
f 3051//3051 3053//3053 3091//3091
f 3090//3090 3091//3091 3053//3053
f 3090//3090 3071//3071 3088//3088
f 3071//3071 3090//3090 3072//3072
f 3090//3090 3056//3056 3072//3072
f 3056//3056 3090//3090 3053//3053
f 3075//3075 3088//3088 3071//3071
f 3088//3088 3075//3075 3083//3083
f 3061//3061 2981//2981 2980//2980
f 3060//3060 2981//2981 3061//3061
f 3060//3060 3057//3057 3092//3092
f 2995//2995 3060//3060 3092//3092
f 3060//3060 2995//2995 2984//2984
f 3060//3060 2984//2984 2981//2981
f 3057//3057 3047//3047 3092//3092
f 2995//2995 3092//3092 3047//3047
f 3047//3047 3057//3057 3049//3049
f 3047//3047 2994//2994 2995//2995
f 3094//3094 3093//3093 3096//3096
f 3093//3093 3094//3094 3095//3095
f 3096//3096 3097//3097 3094//3094
f 3097//3097 3096//3096 3098//3098
f 3097//3097 3098//3098 3099//3099
f 3099//3099 3100//3100 3097//3097
f 3099//3099 3101//3101 3100//3100
f 3101//3101 3099//3099 3102//3102
f 3102//3102 3103//3103 3101//3101
f 3103//3103 3102//3102 3104//3104
f 3105//3105 3103//3103 3104//3104
f 3103//3103 3105//3105 3106//3106
f 3107//3107 3106//3106 3105//3105
f 3109//3109 3108//3108 3107//3107
f 3106//3106 3107//3107 3108//3108
f 3109//3109 3110//3110 3108//3108
f 3110//3110 3109//3109 3111//3111
f 3111//3111 3112//3112 3110//3110
f 3112//3112 3111//3111 3113//3113
f 3112//3112 3113//3113 3114//3114
f 3114//3114 3113//3113 3115//3115
f 3114//3114 3115//3115 3116//3116
f 3117//3117 3116//3116 3115//3115
f 3116//3116 3117//3117 3118//3118
f 3117//3117 3119//3119 3118//3118
f 3119//3119 3117//3117 3120//3120
f 3120//3120 3121//3121 3119//3119
f 3121//3121 3120//3120 3122//3122
f 3123//3123 3122//3122 3124//3124
f 3122//3122 3123//3123 3121//3121
f 3124//3124 3125//3125 3123//3123
f 3125//3125 3124//3124 3126//3126
f 3126//3126 3127//3127 3125//3125
f 3127//3127 3126//3126 3128//3128
f 3127//3127 3129//3129 3125//3125
f 3127//3127 3095//3095 3129//3129
f 3097//3097 3129//3129 3094//3094
f 3094//3094 3129//3129 3095//3095
f 3116//3116 3129//3129 3114//3114
f 3114//3114 3129//3129 3112//3112
f 3100//3100 3129//3129 3097//3097
f 3101//3101 3129//3129 3100//3100
f 3103//3103 3129//3129 3101//3101
f 3106//3106 3129//3129 3103//3103
f 3108//3108 3129//3129 3106//3106
f 3110//3110 3129//3129 3108//3108
f 3112//3112 3129//3129 3110//3110
f 3118//3118 3129//3129 3116//3116
f 3119//3119 3129//3129 3118//3118
f 3121//3121 3129//3129 3119//3119
f 3123//3123 3129//3129 3121//3121
f 3125//3125 3129//3129 3123//3123
f 3131//3131 3130//3130 3133//3133
f 3130//3130 3131//3131 3132//3132
f 3135//3135 3134//3134 3137//3137
f 3134//3134 3135//3135 3136//3136
f 3138//3138 3141//3141 3139//3139
f 3138//3138 3139//3139 3140//3140
f 3140//3140 3143//3143 3138//3138
f 3141//3141 3138//3138 3142//3142
f 3143//3143 3142//3142 3138//3138
f 3142//3142 3143//3143 3144//3144
f 3145//3145 3144//3144 3143//3143
f 3140//3140 3145//3145 3143//3143
f 3148//3148 3146//3146 3145//3145
f 3145//3145 3146//3146 3144//3144
f 3148//3148 3145//3145 3147//3147
f 3145//3145 3140//3140 3147//3147
f 3149//3149 3148//3148 3150//3150
f 3146//3146 3148//3148 3149//3149
f 3151//3151 3150//3150 3148//3148
f 3148//3148 3152//3152 3151//3151
f 3153//3153 3152//3152 3148//3148
f 3153//3153 3148//3148 3147//3147
f 3153//3153 3154//3154 3152//3152
f 3154//3154 3153//3153 3155//3155
f 3155//3155 3153//3153 3147//3147
f 3147//3147 3156//3156 3155//3155
f 3156//3156 3157//3157 3155//3155
f 3158//3158 3155//3155 3157//3157
f 3155//3155 3158//3158 3154//3154
f 3159//3159 3154//3154 3158//3158
f 3157//3157 3161//3161 3158//3158
f 3160//3160 3159//3159 3158//3158
f 3161//3161 3160//3160 3158//3158
f 3162//3162 3164//3164 3161//3161
f 3163//3163 3162//3162 3161//3161
f 3161//3161 3157//3157 3163//3163
f 3164//3164 3160//3160 3161//3161
f 3168//3168 3164//3164 3162//3162
f 3164//3164 3168//3168 3165//3165
f 3167//3167 3164//3164 3165//3165
f 3160//3160 3164//3164 3166//3166
f 3164//3164 3167//3167 3166//3166
f 3170//3170 3168//3168 3169//3169
f 3162//3162 3169//3169 3168//3168
f 3168//3168 3170//3170 3171//3171
f 3172//3172 3168//3168 3171//3171
f 3168//3168 3172//3172 3165//3165
f 3172//3172 3174//3174 3173//3173
f 3173//3173 3165//3165 3172//3172
f 3174//3174 3172//3172 3171//3171
f 3176//3176 3174//3174 3175//3175
f 3171//3171 3175//3175 3174//3174
f 3175//3175 3177//3177 3176//3176
f 3177//3177 3178//3178 3176//3176
f 3178//3178 3177//3177 3179//3179
f 3179//3179 3180//3180 3182//3182
f 3179//3179 3177//3177 3180//3180
f 3182//3182 3181//3181 3179//3179
f 3182//3182 3185//3185 3183//3183
f 3186//3186 3182//3182 3183//3183
f 3182//3182 3186//3186 3184//3184
f 3181//3181 3182//3182 3184//3184
f 3185//3185 3182//3182 3180//3180
f 3186//3186 3187//3187 3188//3188
f 3183//3183 3187//3187 3186//3186
f 3188//3188 3184//3184 3186//3186
f 3188//3188 3187//3187 3191//3191
f 3190//3190 3188//3188 3189//3189
f 3188//3188 3191//3191 3189//3189
f 3188//3188 3190//3190 3192//3192
f 3184//3184 3188//3188 3192//3192
f 3193//3193 3184//3184 3192//3192
f 3192//3192 3190//3190 3193//3193
f 3193//3193 3181//3181 3184//3184
f 3194//3194 3193//3193 3190//3190
f 3194//3194 3195//3195 3193//3193
f 3195//3195 3181//3181 3193//3193
f 3195//3195 3194//3194 3196//3196
f 3181//3181 3195//3195 3197//3197
f 3196//3196 3199//3199 3198//3198
f 3199//3199 3196//3196 3194//3194
f 3198//3198 3199//3199 3200//3200
f 3201//3201 3200//3200 3199//3199
f 3190//3190 3199//3199 3194//3194
f 3199//3199 3190//3190 3201//3201
f 3201//3201 3190//3190 3202//3202
f 3202//3202 3204//3204 3201//3201
f 3200//3200 3201//3201 3203//3203
f 3203//3203 3201//3201 3204//3204
f 3204//3204 3205//3205 3207//3207
f 3205//3205 3204//3204 3206//3206
f 3202//3202 3206//3206 3204//3204
f 3204//3204 3207//3207 3203//3203
f 3146//3146 3207//3207 3144//3144
f 3207//3207 3146//3146 3208//3208
f 3208//3208 3203//3203 3207//3207
f 3205//3205 3144//3144 3207//3207
f 3149//3149 3208//3208 3146//3146
f 3209//3209 3203//3203 3208//3208
f 3208//3208 3149//3149 3209//3209
f 3149//3149 3211//3211 3209//3209
f 3210//3210 3200//3200 3209//3209
f 3203//3203 3209//3209 3200//3200
f 3211//3211 3210//3210 3209//3209
f 3211//3211 3149//3149 3150//3150
f 3150//3150 3212//3212 3211//3211
f 3212//3212 3210//3210 3211//3211
f 3213//3213 3212//3212 3150//3150
f 3151//3151 3213//3213 3150//3150
f 3213//3213 3151//3151 3214//3214
f 3151//3151 3215//3215 3214//3214
f 3152//3152 3216//3216 3215//3215
f 3152//3152 3215//3215 3151//3151
f 3154//3154 3159//3159 3216//3216
f 3154//3154 3216//3216 3152//3152
f 3210//3210 3198//3198 3200//3200
f 3206//3206 3202//3202 3217//3217
f 3217//3217 3218//3218 3206//3206
f 3219//3219 3206//3206 3218//3218
f 3206//3206 3219//3219 3205//3205
f 3219//3219 3142//3142 3205//3205
f 3142//3142 3219//3219 3141//3141
f 3220//3220 3141//3141 3219//3219
f 3218//3218 3220//3220 3219//3219
f 3220//3220 3222//3222 3221//3221
f 3141//3141 3220//3220 3221//3221
f 3222//3222 3220//3220 3224//3224
f 3220//3220 3218//3218 3223//3223
f 3223//3223 3224//3224 3220//3220
f 3226//3226 3224//3224 3225//3225
f 3224//3224 3223//3223 3225//3225
f 3224//3224 3226//3226 3227//3227
f 3228//3228 3224//3224 3227//3227
f 3224//3224 3228//3228 3222//3222
f 3229//3229 3222//3222 3228//3228
f 3230//3230 3229//3229 3228//3228
f 3227//3227 3230//3230 3228//3228
f 3230//3230 3233//3233 3231//3231
f 3229//3229 3230//3230 3231//3231
f 3230//3230 3227//3227 3232//3232
f 3232//3232 3234//3234 3230//3230
f 3233//3233 3230//3230 3234//3234
f 3169//3169 3234//3234 3232//3232
f 3169//3169 3162//3162 3234//3234
f 3162//3162 3233//3233 3234//3234
f 3231//3231 3233//3233 3235//3235
f 3163//3163 3235//3235 3233//3233
f 3233//3233 3162//3162 3163//3163
f 3235//3235 3163//3163 3157//3157
f 3156//3156 3235//3235 3157//3157
f 3236//3236 3231//3231 3235//3235
f 3156//3156 3236//3236 3235//3235
f 3238//3238 3237//3237 3236//3236
f 3229//3229 3236//3236 3237//3237
f 3236//3236 3156//3156 3238//3238
f 3236//3236 3229//3229 3231//3231
f 3238//3238 3140//3140 3239//3239
f 3237//3237 3238//3238 3239//3239
f 3156//3156 3140//3140 3238//3238
f 3221//3221 3237//3237 3239//3239
f 3139//3139 3221//3221 3239//3239
f 3239//3239 3140//3140 3139//3139
f 3237//3237 3221//3221 3222//3222
f 3222//3222 3229//3229 3237//3237
f 3240//3240 3169//3169 3232//3232
f 3240//3240 3232//3232 3226//3226
f 3226//3226 3232//3232 3227//3227
f 3170//3170 3169//3169 3240//3240
f 3241//3241 3170//3170 3240//3240
f 3226//3226 3241//3241 3240//3240
f 3241//3241 3226//3226 3242//3242
f 3185//3185 3241//3241 3242//3242
f 3180//3180 3241//3241 3185//3185
f 3243//3243 3170//3170 3241//3241
f 3241//3241 3180//3180 3243//3243
f 3243//3243 3171//3171 3170//3170
f 3171//3171 3243//3243 3175//3175
f 3180//3180 3175//3175 3243//3243
f 3242//3242 3225//3225 3244//3244
f 3244//3244 3185//3185 3242//3242
f 3225//3225 3242//3242 3226//3226
f 3244//3244 3223//3223 3187//3187
f 3187//3187 3183//3183 3244//3244
f 3223//3223 3244//3244 3225//3225
f 3185//3185 3244//3244 3183//3183
f 3191//3191 3223//3223 3218//3218
f 3223//3223 3191//3191 3187//3187
f 3221//3221 3139//3139 3141//3141
f 3218//3218 3217//3217 3191//3191
f 3202//3202 3189//3189 3217//3217
f 3189//3189 3191//3191 3217//3217
f 3144//3144 3205//3205 3142//3142
f 3202//3202 3190//3190 3189//3189
f 3175//3175 3180//3180 3177//3177
f 3165//3165 3173//3173 3167//3167
f 3140//3140 3156//3156 3147//3147
f 3246//3246 3245//3245 3249//3249
f 3245//3245 3246//3246 3247//3247
f 3247//3247 3248//3248 3245//3245
f 3249//3249 3251//3251 3246//3246
f 3249//3249 3250//3250 3251//3251
f 3250//3250 3252//3252 3251//3251
f 3250//3250 3253//3253 3252//3252
f 3255//3255 3252//3252 3253//3253
f 3252//3252 3255//3255 3254//3254
f 3256//3256 3254//3254 3255//3255
f 3257//3257 3258//3258 3256//3256
f 3254//3254 3256//3256 3258//3258
f 3258//3258 3257//3257 3259//3259
f 3259//3259 3261//3261 3260//3260
f 3261//3261 3259//3259 3257//3257
f 3262//3262 3260//3260 3261//3261
f 3263//3263 3262//3262 3261//3261
f 3264//3264 3262//3262 3263//3263
f 3266//3266 3264//3264 3265//3265
f 3267//3267 3264//3264 3266//3266
f 3262//3262 3264//3264 3267//3267
f 3266//3266 3265//3265 3268//3268
f 3268//3268 3265//3265 3269//3269
f 3269//3269 3270//3270 3268//3268
f 3272//3272 3271//3271 3270//3270
f 3270//3270 3269//3269 3272//3272
f 3271//3271 3272//3272 3248//3248
f 3248//3248 3247//3247 3271//3271
f 3277//3277 3274//3274 3273//3273
f 3273//3273 3275//3275 3276//3276
f 3273//3273 3276//3276 3277//3277
f 3279//3279 3277//3277 3276//3276
f 3274//3274 3277//3277 3278//3278
f 3279//3279 3278//3278 3277//3277
f 3278//3278 3279//3279 3280//3280
f 3282//3282 3279//3279 3276//3276
f 3280//3280 3279//3279 3281//3281
f 3282//3282 3281//3281 3279//3279
f 3283//3283 3282//3282 3276//3276
f 3283//3283 3281//3281 3282//3282
f 3284//3284 3283//3283 3276//3276
f 3284//3284 3285//3285 3283//3283
f 3281//3281 3283//3283 3285//3285
f 3285//3285 3284//3284 3286//3286
f 3284//3284 3287//3287 3286//3286
f 3287//3287 3284//3284 3288//3288
f 3289//3289 3287//3287 3288//3288
f 3287//3287 3289//3289 3290//3290
f 3290//3290 3289//3289 3291//3291
f 3293//3293 3291//3291 3292//3292
f 3292//3292 3291//3291 3289//3289
f 3294//3294 3293//3293 3292//3292
f 3294//3294 3295//3295 3293//3293
f 3295//3295 3294//3294 3296//3296
f 3296//3296 3297//3297 3295//3295
f 3297//3297 3296//3296 3298//3298
f 3297//3297 3298//3298 3299//3299
f 3299//3299 3298//3298 3300//3300
f 3301//3301 3299//3299 3300//3300
f 3275//3275 3301//3301 3300//3300
f 3300//3300 3298//3298 3276//3276
f 3275//3275 3300//3300 3276//3276
f 3298//3298 3296//3296 3276//3276
f 3296//3296 3294//3294 3276//3276
f 3294//3294 3292//3292 3276//3276
f 3292//3292 3289//3289 3276//3276
f 3289//3289 3288//3288 3276//3276
f 3288//3288 3284//3284 3276//3276
f 3302//3302 3305//3305 3303//3303
f 3302//3302 3303//3303 3304//3304
