# right.obj, baked from mqtp-right.glb by make-controller-obj.py
# WebXR grip space = the OpenXR grip pose frame: metres, Y up, -Z forward.
v 0.000533 0.011354 -0.015139
v 0.000050 0.009596 -0.018117
v -0.000872 0.010253 -0.017207
v 0.002556 0.009877 -0.017119
v -0.001782 0.011662 -0.014651
v -0.004269 0.011398 -0.014873
v -0.003060 0.010295 -0.017090
v -0.001940 0.010372 -0.017014
v -0.002102 0.009166 -0.018868
v 0.000151 0.008855 -0.019140
v -0.000259 0.008312 -0.019891
v -0.001036 0.007943 -0.020404
v -0.001986 0.007802 -0.020609
v -0.003578 0.008152 -0.020139
v -0.004123 0.008612 -0.019476
v -0.004345 0.009153 -0.018689
v -0.002749 0.007907 -0.020476
v -0.003981 0.009833 -0.017719
v -0.006273 0.010343 -0.016265
v -0.007079 0.008889 -0.018416
v -0.006601 0.007722 -0.020157
v -0.005378 0.006708 -0.021588
v -0.003714 0.006095 -0.022400
v -0.001899 0.005923 -0.022614
v 0.000210 0.006226 -0.022142
v 0.001896 0.007035 -0.020987
v 0.002765 0.008220 -0.019332
v 0.002502 0.008408 -0.015955
v 0.000533 0.011354 -0.015139
v 0.000477 0.009843 -0.013992
v 0.002556 0.009877 -0.017119
v 0.002741 0.006779 -0.018154
v 0.002765 0.008220 -0.019332
v 0.001918 0.005584 -0.019813
v 0.001896 0.007035 -0.020987
v 0.000261 0.004740 -0.020995
v 0.000210 0.006226 -0.022142
v -0.001873 0.004411 -0.021492
v -0.001899 0.005923 -0.022614
v -0.003714 0.006095 -0.022400
v -0.003699 0.004579 -0.021293
v -0.005378 0.006708 -0.021588
v -0.005380 0.005192 -0.020486
v -0.006636 0.006205 -0.019047
v -0.006601 0.007722 -0.020157
v -0.007079 0.008889 -0.018416
v -0.007119 0.007385 -0.017305
v -0.006273 0.010343 -0.016265
v -0.006289 0.008857 -0.015133
v -0.004269 0.011398 -0.014873
v -0.004290 0.009898 -0.013739
v -0.001782 0.011662 -0.014651
v -0.001769 0.010141 -0.013521
v -0.004269 0.011398 -0.014873
v -0.001769 0.010141 -0.013521
v -0.001782 0.011662 -0.014651
v -0.004290 0.009898 -0.013739
v -0.011817 0.002859 -0.027494
v -0.011034 0.002668 -0.027766
v -0.012393 0.001624 -0.029377
v -0.011158 0.004131 -0.025151
v -0.012837 0.002860 -0.027459
v -0.013873 0.002553 -0.027866
v -0.013419 0.004095 -0.025064
v -0.015688 0.003385 -0.025959
v -0.014532 0.001944 -0.028722
v -0.017163 0.002050 -0.027866
v -0.017291 0.000758 -0.029780
v -0.014596 0.001344 -0.029586
v -0.014348 0.000945 -0.030168
v -0.013649 0.000521 -0.030772
v -0.016734 -0.000107 -0.031063
v -0.015250 -0.001117 -0.032439
v -0.013138 -0.001584 -0.033078
v -0.012709 0.000280 -0.031101
v -0.011082 -0.001548 -0.032963
v -0.011774 0.000306 -0.031052
v -0.010904 0.000549 -0.030700
v -0.010286 0.001016 -0.030064
v -0.007836 0.000013 -0.030732
v -0.009167 -0.001004 -0.032145
v -0.007444 0.001215 -0.029090
v -0.010245 0.002077 -0.028594
v -0.007763 0.002434 -0.027478
v -0.010135 0.001563 -0.029303
v -0.009315 0.003585 -0.025889
v -0.007820 0.000979 -0.026324
v -0.007763 0.002434 -0.027478
v -0.009315 0.003585 -0.025889
v -0.009297 0.002227 -0.024704
v -0.007481 -0.000220 -0.027927
v -0.007444 0.001215 -0.029090
v -0.007835 -0.001414 -0.029562
v -0.007836 0.000013 -0.030732
v -0.009136 -0.002459 -0.030985
v -0.009167 -0.001004 -0.032145
v -0.011051 -0.003045 -0.031838
v -0.011082 -0.001548 -0.032963
v -0.013118 -0.003087 -0.031979
v -0.013138 -0.001584 -0.033078
v -0.015250 -0.001117 -0.032439
v -0.015247 -0.002620 -0.031348
v -0.016762 -0.001613 -0.029978
v -0.016734 -0.000107 -0.031063
v -0.017291 0.000758 -0.029780
v -0.017330 -0.000745 -0.028679
v -0.017163 0.002050 -0.027866
v -0.017214 0.000549 -0.026771
v -0.015688 0.003385 -0.025959
v -0.015698 0.001914 -0.024835
v -0.013419 0.004095 -0.025064
v -0.013437 0.002593 -0.023942
v -0.011133 0.002615 -0.024034
v -0.011158 0.004131 -0.025151
v -0.012837 0.002860 -0.027459
v -0.011158 0.004131 -0.025151
v -0.011817 0.002859 -0.027494
v -0.013419 0.004095 -0.025064
v 0.005371 -0.000499 0.073384
v 0.001607 0.000300 0.069840
v 0.003303 -0.002625 0.071843
v 0.003705 0.003584 0.071608
v 0.007609 0.001628 0.074206
v 0.006385 0.007035 0.072242
v 0.009487 0.003287 0.074324
v 0.011838 0.005182 0.073846
v 0.009196 0.009783 0.071927
v 0.015012 0.007509 0.072147
v 0.012466 0.011827 0.070689
v 0.017481 0.009109 0.069870
v 0.019747 0.010419 0.066705
v 0.015532 0.013081 0.068600
v 0.017999 0.014672 0.064859
v 0.013826 0.015939 0.066618
v 0.015005 0.017750 0.063319
v 0.011175 0.018802 0.062705
v 0.010384 0.016205 0.066727
v 0.004563 0.015452 0.062799
v 0.006623 0.013357 0.068119
v 0.008040 0.018061 0.062607
v 0.003384 0.016731 0.056294
v 0.007050 0.019791 0.056438
v 0.006566 0.020781 0.048276
v 0.002694 0.017343 0.048078
v 0.011441 0.020884 0.056914
v 0.016158 0.019794 0.057322
v 0.016940 0.020900 0.048867
v 0.011539 0.022197 0.048550
v 0.017093 0.021105 0.039656
v 0.006285 0.021189 0.039652
v 0.011499 0.022581 0.039768
v 0.011455 0.022473 0.031347
v 0.011498 0.021990 0.023218
v 0.006070 0.021223 0.031454
v 0.016854 0.020868 0.031086
v 0.020949 0.016599 0.030776
v 0.016281 0.020375 0.023062
v 0.021819 0.017180 0.039713
v 0.021481 0.017189 0.049279
v 0.024570 0.012213 0.046522
v 0.024706 0.011906 0.039971
v 0.024617 0.011320 0.030698
v 0.020630 0.015916 0.022657
v 0.024230 0.010635 0.022469
v 0.023807 0.009999 0.015422
v 0.020330 0.015121 0.015768
v 0.016137 0.019531 0.016247
v 0.020461 0.014625 0.007940
v 0.015782 0.018716 0.008867
v 0.011199 0.020695 0.009763
v 0.010804 0.019974 0.003835
v 0.015125 0.018171 0.001894
v 0.009890 0.019775 0.001082
v 0.020260 0.014578 0.002053
v 0.020002 0.014810 -0.001250
v 0.014510 0.018062 -0.001172
v 0.019396 0.015276 -0.004455
v 0.014294 0.018035 -0.001633
v 0.013231 0.017887 -0.003372
v 0.009675 0.019720 0.000659
v 0.017875 0.015368 -0.006661
v 0.019179 0.015300 -0.004956
v 0.023193 0.012135 -0.008823
v 0.021503 0.012557 -0.010326
v 0.023467 0.011953 -0.008377
v 0.024612 0.009093 -0.005144
v 0.025828 0.009251 -0.011665
v 0.025279 0.009165 -0.008905
v 0.025740 0.009306 -0.012306
v 0.023938 0.009918 -0.013785
v 0.023989 0.009191 0.001051
v 0.023600 0.009372 0.007536
v 0.008673 0.019431 -0.001088
v 0.004272 0.020326 0.002741
v 0.004404 0.020400 0.003282
v -0.000066 0.019788 0.004814
v 0.005054 0.020456 0.006169
v 0.001387 0.019045 0.007676
v 0.005935 0.020697 0.010866
v 0.011470 0.021411 0.016771
v 0.006444 0.021104 0.017667
v 0.002425 0.018895 0.011538
v -0.000339 0.016292 0.012076
v -0.001375 0.016406 0.008956
v 0.003006 0.018996 0.017462
v 0.002895 0.018822 0.023387
v 0.000353 0.015864 0.022687
v 0.000475 0.016327 0.017225
v -0.001890 0.012605 0.017315
v -0.002074 0.011781 0.021168
v -0.002768 0.011680 0.013894
v -0.001803 0.012258 0.017358
v -0.002614 0.011286 0.014032
v -0.004366 0.009568 0.011855
v -0.004827 0.010345 0.010143
v -0.008468 0.010258 0.007652
v -0.006740 0.015727 0.006897
v -0.006243 0.006541 0.010415
v -0.006078 0.006010 0.010438
v -0.007681 0.003242 0.009438
v -0.010701 0.004519 0.007200
v -0.004238 0.009128 0.011903
v -0.003203 0.007975 0.010978
v -0.000801 0.011368 0.013305
v 0.000189 0.012547 0.016685
v -0.000118 0.011592 0.021014
v -0.000938 0.009428 0.023691
v -0.001944 0.011461 0.021082
v -0.002721 0.009396 0.023776
v -0.002875 0.009639 0.024017
v -0.003788 0.006096 0.025732
v -0.003346 0.007176 0.030095
v -0.000949 0.013454 0.028783
v -0.000463 0.013369 0.038726
v 0.002211 0.017791 0.031302
v 0.002314 0.017724 0.039371
v -0.000024 0.012958 0.047833
v -0.002075 0.007660 0.047525
v -0.001237 0.007669 0.055775
v 0.000821 0.012745 0.056323
v 0.002080 0.011810 0.063058
v -0.000039 0.007239 0.062549
v 0.000096 0.001715 0.066795
v -0.001324 0.002150 0.062151
v 0.001609 0.006104 0.067834
v 0.003857 0.010039 0.068371
v -0.000254 -0.002195 0.066620
v -0.002563 0.001963 0.055414
v -0.001705 -0.003081 0.062220
v -0.002934 -0.003817 0.055794
v 0.000505 -0.005879 0.067473
v -0.000945 -0.007767 0.062935
v -0.002121 -0.009419 0.056325
v -0.004044 -0.004891 0.046877
v -0.003290 -0.010904 0.047249
v -0.004940 -0.006293 0.036971
v -0.004339 -0.011904 0.036063
v -0.005636 -0.006598 0.026660
v -0.005057 -0.012173 0.025023
v -0.005302 -0.012146 0.020154
v -0.005869 -0.006879 0.022299
v -0.005674 -0.006723 0.021915
v -0.005051 0.000310 0.024439
v -0.005246 0.000218 0.024848
v -0.003598 0.005968 0.025363
v -0.004883 0.000759 0.028906
v -0.004236 0.001213 0.037997
v -0.002681 0.007707 0.038701
v -0.003493 0.001567 0.047036
v -0.003313 0.000512 0.024239
v -0.001929 0.005887 0.025239
v -0.003984 -0.006309 0.021719
v -0.003874 -0.011625 0.019641
v -0.005169 -0.012075 0.019827
v 0.001728 -0.004383 0.069784
v 0.000704 -0.001593 0.068537
v -0.004712 0.005631 0.009674
v -0.013515 0.009959 0.006224
v -0.009271 -0.002526 0.007330
v -0.015358 0.005381 0.005632
v -0.012720 -0.000706 0.005402
v -0.009518 -0.006515 0.005601
v -0.017235 0.000847 0.004111
v -0.013749 -0.004924 0.003413
v -0.018786 -0.003266 0.002036
v -0.015120 -0.009142 0.000666
v -0.011477 -0.010017 0.001857
v -0.008738 -0.010764 0.003587
v -0.008319 -0.010828 0.003780
v -0.009070 -0.006582 0.005735
v -0.007261 -0.009993 0.002644
v -0.007660 -0.005911 0.004980
v -0.008890 -0.002535 0.007446
v -0.007301 0.003202 0.009563
v -0.005980 0.002928 0.008715
v -0.007337 -0.002075 0.006864
v -0.007337 -0.002075 0.006864
v -0.004712 0.005631 0.009674
v -0.005980 0.002928 0.008715
v -0.020677 -0.007339 -0.000780
v -0.025501 -0.004976 -0.002389
v -0.023966 -0.001083 0.000386
v -0.024861 0.004543 0.001477
v -0.028122 0.001387 -0.001556
v -0.021478 0.002518 0.002812
v -0.019111 0.006029 0.004416
v -0.021231 0.007347 0.003686
v -0.018051 0.008862 0.004994
v -0.022425 0.009792 0.003252
v -0.027175 0.006984 0.000356
v -0.018557 0.013887 0.004592
v -0.023030 0.011771 0.002889
v -0.017969 0.011942 0.004992
v -0.012555 0.014014 0.006214
v -0.012941 0.016018 0.005739
v -0.018547 0.014193 0.004212
v -0.013022 0.016355 0.005366
v -0.006853 0.018097 0.005812
v -0.002849 0.017628 0.006764
v -0.006892 0.018291 0.005387
v -0.012955 0.016573 0.003209
v -0.007189 0.018260 0.003332
v -0.000877 0.019593 0.002294
v -0.000212 0.019849 0.004330
v 0.003521 0.019968 0.000916
v -0.018196 0.014628 0.002225
v -0.022437 0.012736 0.000610
v -0.027393 0.010031 -0.002352
v -0.023016 0.012087 0.002553
v -0.028328 0.009059 -0.000675
v -0.032635 0.005971 -0.004762
v -0.028362 0.008788 -0.000388
v -0.032659 0.005681 -0.004500
v -0.031308 0.004000 -0.003550
v -0.035230 0.003331 -0.008113
v -0.035204 0.003643 -0.008406
v -0.033743 0.001656 -0.006949
v -0.030126 -0.001742 -0.004601
v -0.031680 0.007038 -0.006337
v -0.034097 0.004876 -0.009782
v 0.006343 0.021269 0.023473
v 0.024056 0.012287 0.052857
v 0.020017 0.016580 0.058328
v 0.022907 0.011937 0.059001
v 0.021709 0.011421 0.062692
v 0.019015 0.008322 -0.013313
v 0.016439 0.009048 -0.012377
v 0.017162 0.009704 -0.011534
v 0.018263 0.006671 -0.015520
v 0.017841 0.007994 -0.013751
v 0.019548 0.006589 -0.015619
v 0.018662 0.005197 -0.017514
v 0.017578 0.005637 -0.016938
v 0.016057 0.004795 -0.018124
v 0.016650 0.004111 -0.019050
v 0.013890 0.003823 -0.019540
v 0.013955 0.004583 -0.018483
v 0.012004 0.004964 -0.018037
v 0.011343 0.004319 -0.018963
v 0.010547 0.005803 -0.016956
v 0.009425 0.005461 -0.017512
v 0.008748 0.007149 -0.015290
v 0.010056 0.007094 -0.015232
v 0.010473 0.008336 -0.013586
v 0.009342 0.008780 -0.013136
v 0.011669 0.010044 -0.011306
v 0.012258 0.009292 -0.012187
v 0.014391 0.010314 -0.010849
v 0.014318 0.009494 -0.011859
v 0.000323 0.009693 -0.014197
v -0.001725 0.010590 -0.012911
v 0.000891 0.010251 -0.013438
v 0.003252 0.008583 -0.015700
v 0.002230 0.008342 -0.016045
v -0.001795 0.009923 -0.013812
v -0.004165 0.009745 -0.013959
v -0.006047 0.008764 -0.015271
v -0.006973 0.009135 -0.014779
v -0.004609 0.010348 -0.013146
v -0.007940 0.007417 -0.017287
v -0.006830 0.007378 -0.017317
v -0.007397 0.006013 -0.019331
v -0.005191 0.005314 -0.020312
v -0.005916 0.004825 -0.020995
v -0.006374 0.006267 -0.018957
v -0.003835 0.004173 -0.021860
v -0.001847 0.003918 -0.022155
v -0.001889 0.004578 -0.021260
v -0.003473 0.004799 -0.021001
v 0.000120 0.004888 -0.020791
v 0.001680 0.005683 -0.019678
v 0.000656 0.004300 -0.021577
v 0.002593 0.005289 -0.020190
v 0.003560 0.006695 -0.018243
v 0.002456 0.006808 -0.018116
v -0.009458 0.002100 -0.024872
v -0.011200 0.002468 -0.024236
v -0.010937 0.003176 -0.023308
v -0.008722 0.002675 -0.024148
v -0.006838 0.001025 -0.026234
v -0.007947 0.000771 -0.026576
v -0.006537 -0.000249 -0.027934
v -0.007736 -0.000221 -0.027928
v -0.008071 -0.001353 -0.029479
v -0.008525 -0.002889 -0.031542
v -0.009306 -0.002344 -0.030829
v -0.006980 -0.001645 -0.029845
v -0.010792 -0.003583 -0.032556
v -0.011122 -0.002900 -0.031638
v -0.013083 -0.002940 -0.031772
v -0.013276 -0.003630 -0.032715
v -0.015710 -0.003001 -0.031892
v -0.015040 -0.002427 -0.031094
v -0.016539 -0.001542 -0.029874
v -0.017550 -0.001898 -0.030388
v -0.017078 -0.000719 -0.028642
v -0.018256 -0.000810 -0.028803
v -0.016967 0.000508 -0.026832
v -0.018092 0.000732 -0.026555
v -0.016313 0.002332 -0.024293
v -0.015530 0.001803 -0.024996
v -0.013636 0.003137 -0.023218
v -0.013385 0.002447 -0.024149
v 0.012768 -0.008518 -0.033375
v 0.016718 -0.006868 -0.030991
v 0.013813 -0.009321 -0.034414
v 0.009122 -0.009395 -0.034731
v 0.015144 -0.006512 -0.030575
v 0.015241 -0.003855 -0.026993
v 0.016837 -0.003619 -0.026611
v 0.013684 -0.000757 -0.022865
v 0.008401 0.000518 -0.021360
v 0.008342 -0.000472 -0.022699
v 0.012662 -0.001514 -0.023930
v 0.004760 -0.000842 -0.023310
v 0.001737 -0.002337 -0.025406
v 0.004021 0.000065 -0.022106
v 0.000324 -0.001763 -0.024670
v 0.000558 -0.005639 -0.029923
v -0.001118 -0.005801 -0.030193
v 0.001097 -0.008554 -0.033795
v 0.005011 -0.010135 -0.035816
v 0.002369 -0.007891 -0.032869
v 0.005570 -0.009184 -0.034521
v 0.009355 -0.010394 -0.036073
v 0.009122 -0.009395 -0.034731
v 0.009355 -0.010394 -0.036073
v 0.021614 0.008156 -0.013645
v 0.024916 0.006690 -0.016160
v 0.022964 0.006046 -0.016442
v 0.023467 0.008955 -0.013163
v 0.019377 0.010601 -0.010431
v 0.021074 0.011578 -0.009752
v 0.016072 0.013136 -0.007128
v 0.017546 0.014285 -0.006238
v 0.011796 0.015429 -0.004182
v 0.012981 0.016724 -0.003087
v 0.007462 0.016871 -0.002104
v 0.008299 0.018270 -0.000829
v 0.003178 0.018751 0.001118
v 0.002701 0.017351 -0.000329
v -0.001427 0.018212 0.002514
v -0.001573 0.016924 0.000900
v -0.007097 0.016872 0.003441
v -0.006910 0.015729 0.001724
v -0.012858 0.015132 0.003324
v -0.012323 0.014097 0.001610
v -0.017927 0.013272 0.002294
v -0.017072 0.012334 0.000655
v -0.021991 0.011425 0.000764
v -0.020851 0.010604 -0.000761
v -0.025308 0.008203 -0.003417
v -0.026725 0.008873 -0.002065
v -0.029153 0.005524 -0.006977
v -0.030814 0.006018 -0.005839
v -0.031620 0.003388 -0.010372
v -0.033446 0.003774 -0.009465
v -0.032930 0.001972 -0.012868
v -0.034867 0.002268 -0.012184
v -0.034237 -0.000039 -0.016559
v -0.036251 0.000081 -0.016078
v -0.034950 -0.001877 -0.020353
v -0.037006 -0.001946 -0.020087
v -0.035087 -0.003434 -0.023813
v -0.037148 -0.003665 -0.023764
v -0.034782 -0.004835 -0.027245
v -0.036817 -0.005204 -0.027405
v -0.034097 -0.006040 -0.030444
v -0.036087 -0.006483 -0.030830
v -0.033053 -0.007123 -0.033509
v -0.034972 -0.007581 -0.034146
v -0.033338 -0.008846 -0.037360
v -0.031527 -0.008372 -0.036469
v -0.031296 -0.010236 -0.040210
v -0.029630 -0.009726 -0.039086
v -0.029041 -0.011665 -0.042485
v -0.027550 -0.011090 -0.041164
v -0.026400 -0.013144 -0.044460
v -0.025102 -0.012474 -0.042989
v -0.022986 -0.014696 -0.046388
v -0.021911 -0.013903 -0.044804
v -0.018533 -0.016192 -0.048190
v -0.017725 -0.015281 -0.046515
v -0.014048 -0.017199 -0.049365
v -0.013534 -0.016210 -0.047619
v -0.009057 -0.017803 -0.050037
v -0.008845 -0.016789 -0.048243
v -0.004692 -0.017917 -0.050125
v -0.004764 -0.016929 -0.048303
v -0.001102 -0.016777 -0.047973
v -0.000774 -0.017731 -0.049785
v 0.002508 -0.016356 -0.047288
v 0.003075 -0.017289 -0.049051
v 0.005668 -0.015748 -0.046365
v 0.006460 -0.016644 -0.048060
v 0.008883 -0.014874 -0.045080
v 0.009888 -0.015688 -0.046701
v 0.011955 -0.013749 -0.043463
v 0.013166 -0.014450 -0.044994
v 0.014851 -0.012364 -0.041502
v 0.016258 -0.012954 -0.042907
v 0.017591 -0.010651 -0.039106
v 0.019178 -0.011126 -0.040353
v 0.019925 -0.008720 -0.036429
v 0.021670 -0.009054 -0.037500
v 0.021847 -0.006549 -0.033442
v 0.023720 -0.006735 -0.034311
v 0.023286 -0.004145 -0.030157
v 0.025256 -0.004175 -0.030801
v 0.024146 -0.001539 -0.026621
v 0.026171 -0.001390 -0.027042
v 0.024359 0.000872 -0.023367
v 0.026397 0.001202 -0.023558
v 0.023899 0.003757 -0.019496
v 0.025912 0.004254 -0.019442
v 0.008300 -0.023887 -0.026838
v 0.004597 -0.024110 -0.019162
v 0.004689 -0.023872 -0.026134
v 0.004780 -0.023979 -0.034307
v 0.008202 -0.024512 -0.018274
v 0.005186 -0.026116 -0.011544
v 0.002339 -0.025264 -0.013810
v -0.000221 -0.027908 -0.008309
v -0.001974 -0.026726 -0.011425
v -0.005172 -0.028745 -0.006677
v -0.010532 -0.028534 -0.005974
v -0.006002 -0.027489 -0.010134
v -0.010238 -0.027342 -0.009557
v -0.014670 -0.025994 -0.010140
v -0.018792 -0.023607 -0.013294
v -0.016338 -0.026772 -0.006829
v -0.021652 -0.023713 -0.010811
v -0.021639 -0.021582 -0.018676
v -0.025158 -0.021039 -0.017481
v -0.022250 -0.021319 -0.026276
v -0.025872 -0.020405 -0.026723
v -0.023266 -0.021173 -0.035415
v -0.020273 -0.022186 -0.033312
v -0.019418 -0.021775 -0.039181
v -0.017402 -0.022860 -0.036105
v -0.014773 -0.022371 -0.041363
v -0.011043 -0.022759 -0.042278
v -0.013643 -0.023436 -0.037869
v -0.010675 -0.023749 -0.038613
v -0.008295 -0.024038 -0.038619
v -0.007968 -0.023137 -0.042307
v -0.004301 -0.023641 -0.041714
v -0.005356 -0.024422 -0.038151
v -0.003016 -0.024642 -0.037151
v -0.001100 -0.024060 -0.040317
v 0.001790 -0.024302 -0.032168
v 0.002427 -0.014732 0.019210
v -0.002828 -0.013787 0.003124
v 0.000057 -0.012195 0.001009
v -0.000156 -0.016007 0.019619
v -0.002516 -0.014687 0.019512
v -0.005890 -0.012185 0.002021
v -0.008619 -0.008733 0.004106
v -0.004463 -0.011394 0.021019
v -0.004816 -0.008066 0.022222
v -0.009062 -0.004721 0.005664
v -0.008408 -0.001190 0.007228
v -0.004714 -0.003981 0.023434
v -0.007221 0.002349 0.008684
v -0.004140 0.000089 0.024540
v -0.004615 0.007781 0.010623
v -0.002794 0.005519 0.025168
v -0.002034 0.011969 0.012066
v 0.000163 0.013875 0.025101
v -0.001642 0.009837 0.025642
v 0.000966 0.016067 0.014038
v -0.014500 -0.013483 -0.047096
v -0.012974 -0.014115 -0.047895
v -0.013072 -0.015716 -0.046920
v -0.014733 -0.015018 -0.046012
v -0.015372 -0.012710 -0.046102
v -0.015660 -0.014134 -0.044866
v -0.015723 -0.011718 -0.044758
v -0.015909 -0.013043 -0.043418
v -0.015388 -0.010713 -0.043395
v -0.015452 -0.011991 -0.041995
v -0.014093 -0.009754 -0.042057
v -0.014032 -0.011113 -0.040763
v -0.012488 -0.009331 -0.041424
v -0.012353 -0.010738 -0.040194
v -0.010356 -0.009395 -0.041453
v -0.010390 -0.010819 -0.040257
v -0.008788 -0.011353 -0.040931
v -0.008782 -0.009932 -0.042129
v -0.007674 -0.012253 -0.042055
v -0.007621 -0.010924 -0.043430
v -0.007246 -0.013263 -0.043433
v -0.007324 -0.011908 -0.044740
v -0.007551 -0.014327 -0.044869
v -0.007776 -0.012983 -0.046200
v -0.008306 -0.015046 -0.045855
v -0.008553 -0.013591 -0.047049
v -0.009571 -0.014031 -0.047667
v -0.009367 -0.015569 -0.046585
v -0.011041 -0.015890 -0.047065
v -0.011135 -0.014277 -0.048068
v -0.013580 -0.013266 -0.046128
v -0.012227 -0.013181 -0.045982
v -0.012542 -0.013686 -0.046673
v -0.012968 -0.012881 -0.045592
v -0.014179 -0.012741 -0.045461
v -0.013310 -0.012543 -0.045158
v -0.013489 -0.012071 -0.044528
v -0.014387 -0.012059 -0.044552
v -0.013381 -0.011615 -0.043910
v -0.014229 -0.011392 -0.043648
v -0.013351 -0.010701 -0.042688
v -0.012780 -0.011143 -0.043253
v -0.012188 -0.010384 -0.042223
v -0.011985 -0.010927 -0.042934
v -0.010715 -0.010446 -0.042249
v -0.010977 -0.010967 -0.042953
v -0.010203 -0.011244 -0.043300
v -0.009584 -0.010851 -0.042755
v -0.009695 -0.011715 -0.043918
v -0.008841 -0.011543 -0.043657
v -0.009561 -0.012173 -0.044531
v -0.008646 -0.012208 -0.044556
v -0.008925 -0.012870 -0.045456
v -0.009444 -0.013275 -0.046020
v -0.009752 -0.012625 -0.045147
v -0.010108 -0.012902 -0.045533
v -0.010147 -0.013595 -0.046475
v -0.010589 -0.013121 -0.045844
v -0.011209 -0.013761 -0.046735
v -0.011315 -0.013235 -0.046023
v -0.014179 -0.012741 -0.045461
v -0.014500 -0.013483 -0.047096
v -0.015372 -0.012710 -0.046102
v -0.014387 -0.012059 -0.044552
v -0.013580 -0.013266 -0.046128
v -0.012974 -0.014115 -0.047895
v -0.012542 -0.013686 -0.046673
v -0.011209 -0.013761 -0.046735
v -0.011135 -0.014277 -0.048068
v -0.009571 -0.014031 -0.047667
v -0.008553 -0.013591 -0.047049
v -0.010147 -0.013595 -0.046475
v -0.009444 -0.013275 -0.046020
v -0.007776 -0.012983 -0.046200
v -0.008925 -0.012870 -0.045456
v -0.008646 -0.012208 -0.044556
v -0.007324 -0.011908 -0.044740
v -0.008841 -0.011543 -0.043657
v -0.009584 -0.010851 -0.042755
v -0.007621 -0.010924 -0.043430
v -0.008782 -0.009932 -0.042129
v -0.010356 -0.009395 -0.041453
v -0.010715 -0.010446 -0.042249
v -0.012188 -0.010384 -0.042223
v -0.012488 -0.009331 -0.041424
v -0.013351 -0.010701 -0.042688
v -0.014093 -0.009754 -0.042057
v -0.015388 -0.010713 -0.043395
v -0.015723 -0.011718 -0.044758
v -0.014229 -0.011392 -0.043648
v -0.010839 -0.011523 -0.043965
v -0.010977 -0.010967 -0.042953
v -0.010203 -0.011244 -0.043300
v -0.010577 -0.011765 -0.044285
v -0.011539 -0.011907 -0.044615
v -0.011239 -0.011380 -0.043786
v -0.011759 -0.011359 -0.043776
v -0.012169 -0.011470 -0.043941
v -0.011985 -0.010927 -0.042934
v -0.012780 -0.011143 -0.043253
v -0.012479 -0.011712 -0.044281
v -0.013381 -0.011615 -0.043910
v -0.013489 -0.012071 -0.044528
v -0.012535 -0.011946 -0.044602
v -0.012442 -0.012188 -0.044927
v -0.013310 -0.012543 -0.045158
v -0.012254 -0.012335 -0.045122
v -0.012968 -0.012881 -0.045592
v -0.011883 -0.012519 -0.045351
v -0.012227 -0.013181 -0.045982
v -0.011315 -0.013235 -0.046023
v -0.011413 -0.012545 -0.045373
v -0.010589 -0.013121 -0.045844
v -0.011038 -0.012488 -0.045280
v -0.010790 -0.012376 -0.045119
v -0.010108 -0.012902 -0.045533
v -0.010607 -0.012235 -0.044918
v -0.009752 -0.012625 -0.045147
v -0.009561 -0.012173 -0.044531
v -0.010508 -0.012002 -0.044600
v -0.009695 -0.011715 -0.043918
v 0.011205 -0.021433 -0.041744
v 0.011960 -0.021031 -0.041228
v 0.011481 -0.021503 -0.041031
v 0.010828 -0.021695 -0.041739
v 0.011517 -0.021137 -0.041860
v 0.010713 -0.021116 -0.042961
v 0.011600 -0.020117 -0.043286
v 0.009618 -0.021852 -0.042756
v 0.009751 -0.020991 -0.043894
v 0.010429 -0.021874 -0.041886
v 0.011264 -0.020089 -0.043674
v 0.011739 -0.020819 -0.042102
v 0.009516 -0.021709 -0.043071
v 0.010092 -0.021949 -0.042125
v 0.009500 -0.021508 -0.043385
v 0.010025 -0.020694 -0.044051
v 0.011841 -0.020518 -0.042442
v 0.010399 -0.020408 -0.044087
v 0.009577 -0.021260 -0.043672
v 0.009814 -0.021937 -0.042430
v 0.011797 -0.020267 -0.042859
v 0.010845 -0.020184 -0.043960
v 0.011524 -0.019451 -0.044084
v 0.010852 -0.019634 -0.044509
v 0.010141 -0.020010 -0.044691
v 0.009571 -0.020434 -0.044585
v 0.009153 -0.020941 -0.044340
v 0.008917 -0.021284 -0.044002
v 0.008819 -0.021696 -0.043572
v 0.008848 -0.022005 -0.043084
v 0.008989 -0.022187 -0.042598
v 0.009295 -0.022331 -0.042065
v 0.009743 -0.022372 -0.041617
v 0.010268 -0.022243 -0.041262
v 0.010914 -0.021943 -0.041038
v 0.012054 -0.019478 -0.043497
v 0.012338 -0.019690 -0.042814
v 0.012458 -0.020103 -0.042155
v 0.012289 -0.020538 -0.041613
v 0.014720 -0.018492 -0.042652
v 0.013941 -0.017859 -0.044311
v 0.014630 -0.018418 -0.042601
v 0.014669 -0.019167 -0.041246
v 0.014774 -0.019231 -0.041272
v 0.014017 -0.017939 -0.044374
v 0.012576 -0.017798 -0.045841
v 0.012646 -0.017875 -0.045914
v 0.011270 -0.018253 -0.046744
v 0.009606 -0.019017 -0.047057
v 0.009663 -0.019096 -0.047138
v 0.011206 -0.018179 -0.046663
v 0.008244 -0.020262 -0.046902
v 0.008188 -0.020175 -0.046828
v 0.007441 -0.021192 -0.046363
v 0.007383 -0.021101 -0.046297
v 0.006860 -0.021982 -0.045495
v 0.006635 -0.022651 -0.044646
v 0.006914 -0.022077 -0.045559
v 0.006674 -0.022753 -0.044710
v 0.006658 -0.023411 -0.043544
v 0.006646 -0.023297 -0.043490
v 0.006996 -0.023743 -0.042240
v 0.007546 -0.023932 -0.041142
v 0.006983 -0.023866 -0.042267
v 0.007526 -0.024057 -0.041138
v 0.008626 -0.023969 -0.039814
v 0.008634 -0.023848 -0.039851
v 0.009796 -0.023483 -0.039060
v 0.009811 -0.023595 -0.039003
v 0.010889 -0.022975 -0.038684
v 0.012190 -0.022166 -0.038648
v 0.010930 -0.023076 -0.038619
v 0.012262 -0.022251 -0.038587
v 0.013504 -0.021209 -0.039076
v 0.013407 -0.021140 -0.039118
v 0.014225 -0.020150 -0.039969
v 0.014335 -0.020211 -0.039959
v 0.011481 -0.021503 -0.041031
v 0.012451 -0.021085 -0.040749
v 0.011768 -0.021767 -0.040448
v 0.010914 -0.021943 -0.041038
v 0.011960 -0.021031 -0.041228
v 0.012289 -0.020538 -0.041613
v 0.012458 -0.020103 -0.042155
v 0.012876 -0.020441 -0.041244
v 0.013046 -0.019812 -0.042011
v 0.012932 -0.019332 -0.042839
v 0.012338 -0.019690 -0.042814
v 0.012054 -0.019478 -0.043497
v 0.011524 -0.019451 -0.044084
v 0.012532 -0.019053 -0.043664
v 0.011808 -0.019007 -0.044481
v 0.010908 -0.019242 -0.045066
v 0.010852 -0.019634 -0.044509
v 0.010000 -0.019733 -0.045282
v 0.009249 -0.020331 -0.045177
v 0.010141 -0.020010 -0.044691
v 0.009571 -0.020434 -0.044585
v 0.009153 -0.020941 -0.044340
v 0.008692 -0.020948 -0.044843
v 0.008917 -0.021284 -0.044002
v 0.008374 -0.021489 -0.044375
v 0.008255 -0.021948 -0.043821
v 0.008819 -0.021696 -0.043572
v 0.008848 -0.022005 -0.043084
v 0.008989 -0.022187 -0.042598
v 0.008278 -0.022373 -0.043163
v 0.008477 -0.022665 -0.042507
v 0.008873 -0.022839 -0.041862
v 0.009295 -0.022331 -0.042065
v 0.009743 -0.022372 -0.041617
v 0.009389 -0.022864 -0.041292
v 0.010268 -0.022243 -0.041262
v 0.010176 -0.022683 -0.040746
v 0.010986 -0.022303 -0.040469
v 0.014335 -0.020211 -0.039959
v 0.013504 -0.021209 -0.039076
v 0.013523 -0.021517 -0.039620
v 0.014187 -0.020552 -0.040352
v 0.014774 -0.019231 -0.041272
v 0.014557 -0.019477 -0.041525
v 0.014720 -0.018492 -0.042652
v 0.013735 -0.018251 -0.044301
v 0.014017 -0.017939 -0.044374
v 0.014430 -0.018739 -0.042792
v 0.012542 -0.018170 -0.045705
v 0.012646 -0.017875 -0.045914
v 0.011280 -0.018537 -0.046481
v 0.011270 -0.018253 -0.046744
v 0.009832 -0.019294 -0.046836
v 0.009663 -0.019096 -0.047138
v 0.008520 -0.020326 -0.046614
v 0.008244 -0.020262 -0.046902
v 0.007441 -0.021192 -0.046363
v 0.007724 -0.021208 -0.046091
v 0.006914 -0.022077 -0.045559
v 0.007248 -0.022035 -0.045341
v 0.006674 -0.022753 -0.044710
v 0.007050 -0.022699 -0.044565
v 0.006658 -0.023411 -0.043544
v 0.007122 -0.023382 -0.043504
v 0.006983 -0.023866 -0.042267
v 0.007474 -0.023892 -0.042416
v 0.007526 -0.024057 -0.041138
v 0.008113 -0.024157 -0.041421
v 0.008626 -0.023969 -0.039814
v 0.009097 -0.024177 -0.040372
v 0.009811 -0.023595 -0.039003
v 0.010930 -0.023076 -0.038619
v 0.010238 -0.023880 -0.039684
v 0.011357 -0.023339 -0.039307
v 0.012497 -0.022533 -0.039273
v 0.012262 -0.022251 -0.038587
v 0.013523 -0.021517 -0.039620
v 0.012380 -0.022456 -0.039515
v 0.013358 -0.021489 -0.039880
v 0.014187 -0.020552 -0.040352
v 0.012497 -0.022533 -0.039273
v 0.011332 -0.023207 -0.039530
v 0.011357 -0.023339 -0.039307
v 0.010243 -0.023717 -0.039920
v 0.010238 -0.023880 -0.039684
v 0.009097 -0.024177 -0.040372
v 0.009204 -0.023964 -0.040607
v 0.008113 -0.024157 -0.041421
v 0.008296 -0.023942 -0.041544
v 0.007474 -0.023892 -0.042416
v 0.007671 -0.023717 -0.042493
v 0.007122 -0.023382 -0.043504
v 0.007341 -0.023250 -0.043489
v 0.007281 -0.022659 -0.044403
v 0.007050 -0.022699 -0.044565
v 0.007506 -0.021951 -0.045220
v 0.014304 -0.019644 -0.041583
v 0.014557 -0.019477 -0.041525
v 0.013999 -0.020571 -0.040537
v 0.014430 -0.018739 -0.042792
v 0.014164 -0.018902 -0.042850
v 0.013574 -0.018414 -0.044236
v 0.012466 -0.018369 -0.045499
v 0.013735 -0.018251 -0.044301
v 0.012542 -0.018170 -0.045705
v 0.011280 -0.018537 -0.046481
v 0.011260 -0.018738 -0.046196
v 0.009832 -0.019294 -0.046836
v 0.009910 -0.019399 -0.046608
v 0.008520 -0.020326 -0.046614
v 0.008680 -0.020390 -0.046363
v 0.007724 -0.021208 -0.046091
v 0.007954 -0.021197 -0.045890
v 0.007506 -0.021951 -0.045220
v 0.007248 -0.022035 -0.045341
v 0.007050 -0.022699 -0.044565
v 0.007506 -0.021951 -0.045220
v 0.007248 -0.022035 -0.045341
v 0.009910 -0.019399 -0.046608
v 0.011260 -0.018738 -0.046196
v 0.010908 -0.019242 -0.045066
v 0.010000 -0.019733 -0.045282
v 0.008680 -0.020390 -0.046363
v 0.009249 -0.020331 -0.045177
v 0.007954 -0.021197 -0.045890
v 0.008692 -0.020948 -0.044843
v 0.007506 -0.021951 -0.045220
v 0.008374 -0.021489 -0.044375
v 0.008255 -0.021948 -0.043821
v 0.007281 -0.022659 -0.044403
v 0.008278 -0.022373 -0.043163
v 0.007341 -0.023250 -0.043489
v 0.008477 -0.022665 -0.042507
v 0.007671 -0.023717 -0.042493
v 0.008873 -0.022839 -0.041862
v 0.008296 -0.023942 -0.041544
v 0.009389 -0.022864 -0.041292
v 0.009204 -0.023964 -0.040607
v 0.010176 -0.022683 -0.040746
v 0.010243 -0.023717 -0.039920
v 0.010986 -0.022303 -0.040469
v 0.011332 -0.023207 -0.039530
v 0.012380 -0.022456 -0.039515
v 0.011768 -0.021767 -0.040448
v 0.013358 -0.021489 -0.039880
v 0.012451 -0.021085 -0.040749
v 0.013999 -0.020571 -0.040537
v 0.012876 -0.020441 -0.041244
v 0.014304 -0.019644 -0.041583
v 0.013046 -0.019812 -0.042011
v 0.014164 -0.018902 -0.042850
v 0.012932 -0.019332 -0.042839
v 0.012532 -0.019053 -0.043664
v 0.013574 -0.018414 -0.044236
v 0.011808 -0.019007 -0.044481
v 0.012466 -0.018369 -0.045499
v -0.030288 -0.017600 -0.035981
v -0.030806 -0.017096 -0.036154
v -0.030114 -0.017535 -0.036621
v -0.031010 -0.017003 -0.035776
v -0.030602 -0.017467 -0.035401
v -0.031273 -0.016798 -0.035475
v -0.031028 -0.017145 -0.034881
v -0.031537 -0.016528 -0.035314
v -0.031459 -0.016708 -0.034596
v -0.031787 -0.016222 -0.035266
v -0.031821 -0.016267 -0.034519
v -0.032165 -0.015772 -0.034615
v -0.032001 -0.015913 -0.035326
v -0.032420 -0.015331 -0.034813
v -0.032163 -0.015631 -0.035471
v -0.032609 -0.014909 -0.035174
v -0.032282 -0.015364 -0.035701
v -0.032701 -0.014560 -0.035651
v -0.032336 -0.015148 -0.036012
v -0.032689 -0.014339 -0.036150
v -0.032314 -0.015012 -0.036367
v -0.032211 -0.014957 -0.036778
v -0.032539 -0.014222 -0.036819
v -0.032011 -0.015026 -0.037196
v -0.032241 -0.014301 -0.037487
v -0.031723 -0.015242 -0.037548
v -0.031773 -0.014637 -0.038088
v -0.031255 -0.015160 -0.038432
v -0.030780 -0.015759 -0.038490
v -0.031400 -0.015573 -0.037749
v -0.031094 -0.015961 -0.037778
v -0.031580 -0.016117 -0.036542
v -0.030692 -0.016687 -0.037351
v -0.030681 -0.017069 -0.036564
v -0.030636 -0.016933 -0.036981
v -0.030850 -0.016346 -0.037637
v -0.030139 -0.016925 -0.037825
v -0.030398 -0.016371 -0.038274
v -0.030047 -0.017311 -0.037267
v -0.030288 -0.017600 -0.035981
v -0.029677 -0.018130 -0.036712
v -0.029968 -0.018206 -0.035772
v -0.030602 -0.017467 -0.035401
v -0.030114 -0.017535 -0.036621
v -0.029624 -0.017816 -0.037554
v -0.030047 -0.017311 -0.037267
v -0.030139 -0.016925 -0.037825
v -0.030398 -0.016371 -0.038274
v -0.029766 -0.017249 -0.038354
v -0.030097 -0.016551 -0.038902
v -0.030780 -0.015759 -0.038490
v -0.030582 -0.015748 -0.039191
v -0.031255 -0.015160 -0.038432
v -0.031272 -0.014900 -0.039105
v -0.031977 -0.014196 -0.038621
v -0.032574 -0.013757 -0.037833
v -0.031773 -0.014637 -0.038088
v -0.032241 -0.014301 -0.037487
v -0.032972 -0.013664 -0.036944
v -0.032539 -0.014222 -0.036819
v -0.032689 -0.014339 -0.036150
v -0.033171 -0.013827 -0.036068
v -0.033188 -0.014129 -0.035349
v -0.033073 -0.014583 -0.034742
v -0.032701 -0.014560 -0.035651
v -0.032609 -0.014909 -0.035174
v -0.032420 -0.015331 -0.034813
v -0.032165 -0.015772 -0.034615
v -0.032824 -0.015145 -0.034256
v -0.032473 -0.015746 -0.033946
v -0.032038 -0.016390 -0.033844
v -0.031821 -0.016267 -0.034519
v -0.031459 -0.016708 -0.034596
v -0.031028 -0.017145 -0.034881
v -0.030934 -0.017608 -0.034340
v -0.031553 -0.016979 -0.033939
v -0.030401 -0.018018 -0.034962
v -0.028424 -0.019262 -0.038138
v -0.028992 -0.019576 -0.036775
v -0.028837 -0.019128 -0.038068
v -0.028717 -0.018408 -0.039534
v -0.028474 -0.019672 -0.036630
v -0.028873 -0.019664 -0.035011
v -0.029549 -0.019265 -0.033679
v -0.029478 -0.019674 -0.035351
v -0.030117 -0.019389 -0.034170
v -0.030865 -0.018814 -0.033272
v -0.031729 -0.017947 -0.032653
v -0.030303 -0.018665 -0.032785
v -0.031215 -0.017761 -0.032118
v -0.032408 -0.016532 -0.031929
v -0.032603 -0.016864 -0.032428
v -0.033286 -0.015852 -0.032599
v -0.033849 -0.014846 -0.033100
v -0.033188 -0.015575 -0.032151
v -0.033918 -0.014505 -0.032766
v -0.034389 -0.013626 -0.033652
v -0.034249 -0.013939 -0.033888
v -0.034412 -0.013327 -0.034758
v -0.034590 -0.013027 -0.034577
v -0.034605 -0.012508 -0.035758
v -0.034342 -0.012243 -0.037082
v -0.034407 -0.012837 -0.035872
v -0.034157 -0.012615 -0.037126
v -0.033606 -0.012382 -0.038777
v -0.033509 -0.012771 -0.038682
v -0.032547 -0.013455 -0.039931
v -0.032549 -0.013090 -0.040145
v -0.031433 -0.014181 -0.040937
v -0.030221 -0.015729 -0.041122
v -0.031573 -0.014388 -0.040610
v -0.030418 -0.015795 -0.040763
v -0.029492 -0.017199 -0.040276
v -0.029255 -0.017295 -0.040530
v -0.028994 -0.018268 -0.039380
v -0.029042 -0.018927 -0.037988
v -0.029189 -0.018193 -0.039174
v -0.028994 -0.018268 -0.039380
v -0.029182 -0.019354 -0.036777
v -0.028837 -0.019128 -0.038068
v -0.028992 -0.019576 -0.036775
v -0.029618 -0.019451 -0.035439
v -0.029478 -0.019674 -0.035351
v -0.030117 -0.019389 -0.034170
v -0.030210 -0.019202 -0.034352
v -0.030941 -0.018637 -0.033496
v -0.030865 -0.018814 -0.033272
v -0.031752 -0.017810 -0.032929
v -0.031729 -0.017947 -0.032653
v -0.032603 -0.016864 -0.032428
v -0.032544 -0.016822 -0.032723
v -0.033286 -0.015852 -0.032599
v -0.033200 -0.015854 -0.032862
v -0.033849 -0.014846 -0.033100
v -0.033698 -0.014958 -0.033319
v -0.034249 -0.013939 -0.033888
v -0.034063 -0.014118 -0.034061
v -0.034412 -0.013327 -0.034758
v -0.034226 -0.013518 -0.034904
v -0.034407 -0.012837 -0.035872
v -0.034219 -0.013068 -0.035939
v -0.033996 -0.012851 -0.037092
v -0.034157 -0.012615 -0.037126
v -0.033363 -0.013022 -0.038569
v -0.033509 -0.012771 -0.038682
v -0.032489 -0.013644 -0.039705
v -0.032547 -0.013455 -0.039931
v -0.031563 -0.014531 -0.040360
v -0.031573 -0.014388 -0.040610
v -0.030418 -0.015795 -0.040763
v -0.030500 -0.015833 -0.040474
v -0.029492 -0.017199 -0.040276
v -0.029667 -0.017106 -0.040044
v -0.033363 -0.013022 -0.038569
v -0.031977 -0.014196 -0.038621
v -0.032574 -0.013757 -0.037833
v -0.033996 -0.012851 -0.037092
v -0.032489 -0.013644 -0.039705
v -0.031272 -0.014900 -0.039105
v -0.031563 -0.014531 -0.040360
v -0.030500 -0.015833 -0.040474
v -0.029667 -0.017106 -0.040044
v -0.030582 -0.015748 -0.039191
v -0.030097 -0.016551 -0.038902
v -0.029189 -0.018193 -0.039174
v -0.029766 -0.017249 -0.038354
v -0.029624 -0.017816 -0.037554
v -0.029677 -0.018130 -0.036712
v -0.029042 -0.018927 -0.037988
v -0.029182 -0.019354 -0.036777
v -0.029618 -0.019451 -0.035439
v -0.029968 -0.018206 -0.035772
v -0.030401 -0.018018 -0.034962
v -0.030934 -0.017608 -0.034340
v -0.030941 -0.018637 -0.033496
v -0.030210 -0.019202 -0.034352
v -0.031752 -0.017810 -0.032929
v -0.032544 -0.016822 -0.032723
v -0.031553 -0.016979 -0.033939
v -0.032038 -0.016390 -0.033844
v -0.032473 -0.015746 -0.033946
v -0.033200 -0.015854 -0.032862
v -0.033698 -0.014958 -0.033319
v -0.034063 -0.014118 -0.034061
v -0.032824 -0.015145 -0.034256
v -0.033073 -0.014583 -0.034742
v -0.033188 -0.014129 -0.035349
v -0.033171 -0.013827 -0.036068
v -0.034226 -0.013518 -0.034904
v -0.034219 -0.013068 -0.035939
v -0.032972 -0.013664 -0.036944
v -0.033031 -0.007538 -0.038317
v -0.025049 -0.004091 -0.034380
v -0.030943 -0.008949 -0.041070
v -0.029469 -0.003500 -0.032215
v -0.034709 -0.006272 -0.035243
v -0.033397 -0.003438 -0.030050
v -0.035947 -0.005107 -0.031985
v -0.036719 -0.003827 -0.028590
v -0.037104 -0.002349 -0.024936
v -0.031207 0.000470 -0.022548
v -0.036993 -0.000693 -0.021233
v -0.036304 0.001278 -0.017070
v -0.028607 0.003797 -0.016624
v -0.034878 0.003452 -0.013139
v -0.033508 0.005006 -0.010394
v -0.024140 0.006772 -0.012728
v -0.030906 0.007324 -0.006843
v -0.026831 0.010142 -0.003054
v -0.019929 0.009616 -0.008967
v -0.022095 0.012726 -0.000217
v -0.015050 0.012450 -0.005664
v -0.017926 0.014597 0.001325
v -0.007933 0.015763 -0.002725
v -0.012842 0.016480 0.002313
v -0.006993 0.018176 0.002433
v -0.001284 0.019369 0.001476
v 0.003174 0.019737 0.000058
v -0.003896 0.015446 -0.005625
v -0.009975 0.011911 -0.009988
v -0.002164 0.013357 -0.009876
v 0.003021 0.016256 -0.006013
v 0.008220 0.019182 -0.001883
v 0.007042 0.015294 -0.007403
v 0.003227 0.012487 -0.011608
v 0.000686 0.010543 -0.014259
v -0.001853 0.010876 -0.013702
v -0.004419 0.010586 -0.013946
v -0.006247 0.010661 -0.013566
v -0.006527 0.009461 -0.015449
v -0.009619 0.008165 -0.017059
v -0.007356 0.007959 -0.017683
v -0.006910 0.006805 -0.019481
v -0.007526 0.003980 -0.023306
v -0.013224 0.005502 -0.020783
v -0.005615 0.005656 -0.021081
v -0.015760 0.002590 -0.025140
v -0.013397 0.003297 -0.024188
v -0.011034 0.003308 -0.024296
v -0.014375 0.009151 -0.013517
v -0.017640 0.002352 -0.025159
v -0.018294 0.006338 -0.017409
v -0.022518 0.003324 -0.021562
v -0.025868 0.000166 -0.026471
v -0.020741 -0.000346 -0.029030
v -0.016955 -0.001106 -0.030453
v -0.017550 -0.000152 -0.029048
v -0.017380 0.001107 -0.027109
v -0.019945 -0.005666 -0.036800
v -0.015427 -0.002201 -0.031845
v -0.027156 -0.011286 -0.044466
v -0.028728 -0.010357 -0.043237
v -0.009099 0.002722 -0.025101
v 0.010968 0.018376 -0.003123
v 0.010896 0.017042 -0.002083
v 0.008220 0.019182 -0.001883
v 0.008209 0.017988 -0.000840
v 0.010968 0.018376 -0.003123
v 0.003174 0.019737 0.000058
v 0.003175 0.018314 0.001007
v -0.001284 0.019369 0.001476
v -0.001349 0.017869 0.002297
v -0.006993 0.018176 0.002433
v -0.007012 0.016593 0.003169
v -0.012842 0.016480 0.002313
v -0.012725 0.014902 0.003033
v -0.017926 0.014597 0.001325
v -0.017752 0.013034 0.002019
v -0.021728 0.011252 0.000520
v -0.022095 0.012726 -0.000217
v -0.026432 0.008682 -0.002275
v -0.026831 0.010142 -0.003054
v -0.030906 0.007324 -0.006843
v -0.030517 0.005859 -0.006055
v -0.033508 0.005006 -0.010394
v -0.033109 0.003570 -0.009625
v -0.034479 0.002012 -0.012250
v -0.034878 0.003452 -0.013139
v -0.035875 -0.000057 -0.016159
v -0.036304 0.001278 -0.017070
v -0.036618 -0.002023 -0.020140
v -0.036993 -0.000693 -0.021233
v -0.036773 -0.003651 -0.023795
v -0.037104 -0.002349 -0.024936
v -0.036439 -0.005179 -0.027455
v -0.036719 -0.003827 -0.028590
v -0.035706 -0.006468 -0.030871
v -0.035947 -0.005107 -0.031985
v -0.034709 -0.006272 -0.035243
v -0.034630 -0.007591 -0.034037
v -0.033025 -0.008879 -0.037189
v -0.033031 -0.007538 -0.038317
v -0.031034 -0.010281 -0.039996
v -0.028840 -0.011692 -0.042215
v -0.030943 -0.008949 -0.041070
v -0.028728 -0.010357 -0.043237
v -0.027156 -0.011286 -0.044466
v -0.027272 -0.012583 -0.043378
v 0.000636 0.008980 -0.013387
v -0.001853 0.010876 -0.013702
v 0.000686 0.010543 -0.014259
v -0.001660 0.009386 -0.012802
v -0.004190 0.009178 -0.012953
v -0.004419 0.010586 -0.013946
v -0.006368 0.008085 -0.014339
v -0.006527 0.009461 -0.015449
v -0.007236 0.006591 -0.016581
v -0.007356 0.007959 -0.017683
v -0.006855 0.005466 -0.018329
v -0.006910 0.006805 -0.019481
v -0.005456 0.004271 -0.019965
v -0.005615 0.005656 -0.021081
v -0.015501 -0.003508 -0.030776
v -0.015427 -0.002201 -0.031845
v -0.016955 -0.001106 -0.030453
v -0.016904 -0.002465 -0.029331
v -0.017482 -0.001489 -0.027923
v -0.017550 -0.000152 -0.029048
v -0.017380 0.001107 -0.027109
v -0.017283 -0.000149 -0.026025
v -0.015760 0.002590 -0.025140
v -0.013397 0.003297 -0.024188
v -0.015555 0.001208 -0.023982
v -0.013338 0.001862 -0.023240
v -0.011088 0.001843 -0.023352
v -0.011034 0.003308 -0.024296
v -0.009188 0.001268 -0.024167
v -0.009099 0.002722 -0.025101
v 0.010968 0.018376 -0.003123
v 0.012694 0.016344 -0.003011
v 0.012752 0.017663 -0.004052
v 0.010896 0.017042 -0.002083
v 0.017318 0.015216 -0.007220
v 0.017259 0.013918 -0.006144
v 0.020799 0.011205 -0.009674
v 0.023169 0.008643 -0.013095
v 0.020785 0.012559 -0.010685
v 0.023162 0.009963 -0.014129
v 0.024595 0.006409 -0.016051
v 0.024626 0.007668 -0.017140
v 0.025613 0.005204 -0.020421
v 0.025586 0.003990 -0.019290
v 0.026070 0.000916 -0.023374
v 0.025846 -0.001621 -0.026789
v 0.026076 0.002246 -0.024374
v 0.025829 -0.000389 -0.027941
v 0.024914 -0.003095 -0.031614
v 0.024930 -0.004388 -0.030563
v 0.023412 -0.006908 -0.034039
v 0.021382 -0.009208 -0.037188
v 0.023335 -0.005669 -0.035159
v 0.021286 -0.007932 -0.038294
v 0.018805 -0.009956 -0.041112
v 0.018902 -0.011257 -0.040033
v 0.016009 -0.013059 -0.042566
v 0.015930 -0.011746 -0.043608
v 0.012960 -0.014522 -0.044627
v 0.012917 -0.013191 -0.045643
v 0.009698 -0.015697 -0.046361
v 0.009642 -0.014355 -0.047357
v 0.006293 -0.016639 -0.047707
v 0.002960 -0.017264 -0.048693
v 0.006230 -0.015294 -0.048715
v 0.002935 -0.015914 -0.049669
v -0.000878 -0.016349 -0.050392
v -0.000870 -0.017720 -0.049413
v -0.004751 -0.017873 -0.049767
v -0.009054 -0.017721 -0.049706
v -0.009058 -0.016380 -0.050674
v -0.004685 -0.016517 -0.050735
v -0.013963 -0.015746 -0.050019
v -0.018416 -0.014744 -0.048842
v -0.014018 -0.017108 -0.049045
v -0.018455 -0.016118 -0.047878
v -0.022873 -0.014664 -0.046072
v -0.022771 -0.013338 -0.047067
v -0.026164 -0.011818 -0.045145
v -0.027156 -0.011286 -0.044466
v -0.026263 -0.013146 -0.044142
v -0.027273 -0.012583 -0.043378
v 0.007042 0.015294 -0.007403
v 0.010968 0.018376 -0.003123
v 0.012752 0.017663 -0.004052
v 0.012602 0.013544 -0.009805
v 0.006371 0.010632 -0.013946
v 0.003227 0.012487 -0.011608
v 0.000686 0.010543 -0.014259
v 0.002780 0.009012 -0.016257
v 0.003011 0.007326 -0.018628
v 0.002148 0.005983 -0.020332
v 0.006162 0.005826 -0.020433
v 0.011772 0.006233 -0.019750
v 0.009572 0.008654 -0.016583
v 0.010152 0.007209 -0.018493
v 0.001443 0.003407 -0.023856
v 0.008937 0.002705 -0.024546
v 0.011974 0.004399 -0.022157
v 0.005777 0.002591 -0.024807
v 0.003297 0.001894 -0.025832
v 0.000900 0.000236 -0.028151
v 0.000227 -0.001149 -0.030039
v -0.003204 0.001767 -0.026234
v -0.003755 -0.001201 -0.030256
v -0.009035 -0.002059 -0.031557
v -0.005602 -0.006256 -0.037081
v 0.000120 -0.002507 -0.031875
v -0.007199 0.000225 -0.028396
v -0.007663 -0.000995 -0.030062
v 0.000307 -0.003078 -0.032639
v 0.001326 -0.004482 -0.034498
v 0.003386 -0.005807 -0.036213
v 0.001088 -0.010633 -0.042799
v 0.005980 -0.006582 -0.037169
v 0.008714 -0.010688 -0.042611
v 0.008257 -0.006782 -0.037360
v 0.010586 -0.006574 -0.036999
v 0.012662 -0.005982 -0.036130
v 0.015930 -0.011746 -0.043608
v 0.018805 -0.009956 -0.041112
v 0.012917 -0.013191 -0.045643
v 0.009642 -0.014355 -0.047357
v 0.006230 -0.015294 -0.048715
v 0.002935 -0.015914 -0.049669
v -0.007604 -0.013025 -0.046259
v -0.000878 -0.016349 -0.050392
v -0.008499 -0.013709 -0.047209
v -0.004685 -0.016517 -0.050735
v -0.009058 -0.016380 -0.050674
v -0.009495 -0.014110 -0.047790
v -0.011110 -0.014371 -0.048196
v -0.013963 -0.015746 -0.050019
v -0.013010 -0.014219 -0.048045
v -0.014636 -0.013542 -0.047192
v -0.018416 -0.014744 -0.048842
v -0.015566 -0.012738 -0.046162
v -0.015908 -0.011699 -0.044779
v -0.018030 -0.008941 -0.041175
v -0.022771 -0.013338 -0.047067
v -0.015555 -0.010638 -0.043319
v -0.014191 -0.009644 -0.041929
v -0.012476 -0.009177 -0.041263
v -0.013712 -0.006168 -0.037288
v -0.019945 -0.005666 -0.036800
v -0.011007 -0.002646 -0.032425
v -0.010274 -0.009284 -0.041310
v -0.013162 -0.002690 -0.032555
v -0.015427 -0.002201 -0.031845
v -0.008597 -0.009862 -0.042039
v -0.007449 -0.010850 -0.043330
v -0.007133 -0.011961 -0.044806
v -0.026164 -0.011818 -0.045145
v -0.027156 -0.011286 -0.044466
v 0.021286 -0.007932 -0.038294
v 0.014407 -0.005009 -0.034758
v 0.015568 -0.003759 -0.033033
v 0.016036 -0.002358 -0.031127
v 0.023335 -0.005669 -0.035159
v 0.024914 -0.003095 -0.031614
v 0.025829 -0.000389 -0.027941
v 0.015822 -0.001023 -0.029335
v 0.014582 0.000594 -0.027223
v 0.026076 0.002246 -0.024374
v 0.011914 0.002092 -0.025269
v 0.025613 0.005204 -0.020421
v 0.018183 0.007000 -0.018510
v 0.016506 0.006107 -0.019746
v 0.024626 0.007668 -0.017140
v 0.019685 0.010940 -0.013097
v 0.018956 0.008258 -0.016794
v 0.023162 0.009963 -0.014129
v 0.020785 0.012559 -0.010685
v 0.017318 0.015216 -0.007220
v 0.018488 0.009807 -0.014703
v 0.016776 0.010995 -0.013176
v 0.014297 0.011473 -0.012607
v 0.012048 0.011117 -0.013099
v 0.010032 0.010015 -0.014750
v 0.014017 0.005836 -0.020217
v -0.007657 0.001566 -0.026637
v -0.007588 0.004013 -0.023267
v -0.009099 0.002722 -0.025101
v -0.003720 0.005003 -0.021877
v -0.005615 0.005656 -0.021081
v -0.001843 0.004768 -0.022091
v 0.000402 0.005116 -0.021569
v 0.005517 0.000319 -0.023037
v 0.004005 0.000340 -0.026005
v 0.006133 0.000944 -0.025140
v 0.008832 0.000480 -0.022764
v 0.002946 -0.000459 -0.024156
v 0.000711 -0.002064 -0.026391
v 0.002014 -0.001062 -0.027978
v 0.000045 -0.003491 -0.028376
v 0.001367 -0.003219 -0.030910
v 0.001414 -0.002173 -0.029501
v 0.000001 -0.004786 -0.030157
v 0.001508 -0.003719 -0.031583
v 0.000082 -0.005330 -0.030822
v 0.002326 -0.004918 -0.033164
v 0.001336 -0.007007 -0.033043
v 0.003964 -0.006013 -0.034600
v 0.003320 -0.008210 -0.034616
v 0.006050 -0.006703 -0.035436
v 0.005959 -0.008982 -0.035563
v 0.007894 -0.006918 -0.035652
v 0.008316 -0.009114 -0.035739
v 0.009948 -0.006763 -0.035403
v 0.010589 -0.008970 -0.035369
v 0.011786 -0.006274 -0.034676
v 0.012638 -0.008363 -0.034513
v 0.014265 -0.007520 -0.033282
v 0.013217 -0.005536 -0.033609
v 0.015564 -0.006187 -0.031469
v 0.016108 -0.004628 -0.029333
v 0.014240 -0.004492 -0.032202
v 0.014701 -0.003311 -0.030597
v 0.013254 -0.005143 -0.033900
v 0.014308 -0.004088 -0.032449
v 0.014734 -0.002942 -0.030876
v 0.014642 -0.001841 -0.029413
v 0.014597 -0.002258 -0.029168
v 0.015906 -0.003388 -0.027676
v 0.013553 -0.000746 -0.027182
v 0.012020 -0.000195 -0.023522
v 0.014578 -0.001623 -0.025370
v 0.011419 0.000474 -0.025600
v 0.013595 -0.000344 -0.027450
v 0.011496 0.000872 -0.025869
v 0.008890 0.001467 -0.025169
v 0.006040 0.001319 -0.025428
v 0.008880 0.001029 -0.024930
v 0.004011 0.000735 -0.026285
v 0.002002 -0.000669 -0.028252
v 0.001408 -0.001794 -0.029778
v 0.001359 -0.002846 -0.031203
v 0.001487 -0.003344 -0.031882
v 0.002353 -0.004575 -0.033505
v 0.003984 -0.005658 -0.034900
v 0.006069 -0.006327 -0.035731
v 0.007951 -0.006536 -0.035960
v 0.010003 -0.006398 -0.035721
v 0.011861 -0.005894 -0.034974
v 0.018488 0.009807 -0.014703
v 0.016738 0.009496 -0.012159
v 0.016776 0.010995 -0.013176
v 0.018377 0.008378 -0.013614
v 0.018956 0.008258 -0.016794
v 0.018845 0.006783 -0.015741
v 0.018183 0.007000 -0.018510
v 0.018024 0.005663 -0.017312
v 0.016367 0.004813 -0.018546
v 0.013985 0.004583 -0.018946
v 0.016506 0.006107 -0.019746
v 0.014017 0.005836 -0.020217
v 0.011772 0.006233 -0.019750
v 0.011795 0.004918 -0.018485
v 0.010152 0.007209 -0.018493
v 0.009572 0.008654 -0.016583
v 0.010257 0.005894 -0.017264
v 0.009607 0.007307 -0.015371
v 0.010127 0.008635 -0.013560
v 0.010032 0.010015 -0.014750
v 0.012048 0.011117 -0.013099
v 0.012198 0.009682 -0.012013
v 0.014297 0.011473 -0.012607
v 0.014339 0.009997 -0.011586
v -0.008629 -0.014981 -0.046041
v -0.007604 -0.013025 -0.046259
v -0.008499 -0.013709 -0.047209
v -0.009538 -0.015304 -0.046520
v -0.007746 -0.014350 -0.045128
v -0.007133 -0.011961 -0.044806
v -0.007321 -0.013355 -0.043771
v -0.007631 -0.012236 -0.042367
v -0.008739 -0.011311 -0.041107
v -0.007449 -0.010850 -0.043330
v -0.008597 -0.009862 -0.042039
v -0.010274 -0.009284 -0.041310
v -0.012476 -0.009177 -0.041263
v -0.010349 -0.010770 -0.040390
v -0.012590 -0.010704 -0.040356
v -0.014148 -0.011100 -0.041005
v -0.015555 -0.010638 -0.043319
v -0.015437 -0.012048 -0.042305
v -0.014191 -0.009644 -0.041929
v -0.015690 -0.013081 -0.043700
v -0.015490 -0.014086 -0.045063
v -0.015908 -0.011699 -0.044779
v -0.015566 -0.012738 -0.046162
v -0.014636 -0.013542 -0.047192
v -0.014521 -0.014862 -0.046095
v -0.012990 -0.015566 -0.046942
v -0.011110 -0.014371 -0.048196
v -0.013010 -0.014219 -0.048045
v -0.011127 -0.015672 -0.047037
v -0.009495 -0.014110 -0.047790
v -0.005456 0.004271 -0.019965
v -0.003773 0.003695 -0.020699
v -0.005615 0.005656 -0.021081
v -0.003720 0.005003 -0.021877
v -0.001843 0.003436 -0.020935
v -0.001843 0.004768 -0.022091
v 0.000402 0.005116 -0.021569
v 0.000399 0.003804 -0.020378
v 0.002148 0.005983 -0.020332
v 0.002122 0.004601 -0.019208
v 0.003011 0.007326 -0.018628
v 0.002780 0.009012 -0.016257
v 0.002939 0.005954 -0.017467
v 0.002621 0.007566 -0.015267
v 0.000636 0.008980 -0.013387
v 0.000686 0.010543 -0.014259
v -0.015427 -0.002201 -0.031845
v -0.013217 -0.004042 -0.031382
v -0.013162 -0.002690 -0.032555
v -0.015501 -0.003508 -0.030776
v -0.011061 -0.003968 -0.031281
v -0.011007 -0.002646 -0.032425
v -0.009035 -0.002059 -0.031557
v -0.007663 -0.000995 -0.030062
v -0.009099 -0.003379 -0.030403
v -0.007774 -0.002327 -0.028954
v -0.007199 0.000225 -0.028396
v -0.007338 -0.001125 -0.027280
v -0.007657 0.001566 -0.026637
v -0.007806 0.000149 -0.025612
v -0.009188 0.001268 -0.024167
v -0.009099 0.002722 -0.025101
v 0.001359 -0.002846 -0.031203
v 0.000227 -0.001149 -0.030039
v 0.001408 -0.001794 -0.029778
v 0.000120 -0.002507 -0.031875
v 0.001487 -0.003344 -0.031882
v 0.000307 -0.003078 -0.032639
v 0.002353 -0.004575 -0.033505
v 0.001326 -0.004482 -0.034498
v 0.003984 -0.005658 -0.034900
v 0.003386 -0.005807 -0.036213
v 0.006069 -0.006327 -0.035731
v 0.005980 -0.006582 -0.037169
v 0.007951 -0.006536 -0.035960
v 0.008257 -0.006782 -0.037360
v 0.010003 -0.006398 -0.035721
v 0.010586 -0.006574 -0.036999
v 0.011861 -0.005894 -0.034974
v 0.012662 -0.005982 -0.036130
v 0.013254 -0.005143 -0.033900
v 0.014407 -0.005009 -0.034758
v 0.014308 -0.004088 -0.032449
v 0.015568 -0.003759 -0.033033
v 0.014734 -0.002942 -0.030876
v 0.016036 -0.002358 -0.031127
v 0.014642 -0.001841 -0.029413
v 0.015822 -0.001023 -0.029335
v 0.013595 -0.000344 -0.027450
v 0.014582 0.000594 -0.027223
v 0.011496 0.000872 -0.025869
v 0.011914 0.002092 -0.025269
v 0.008890 0.001467 -0.025169
v 0.008937 0.002705 -0.024546
v 0.005777 0.002591 -0.024807
v 0.006040 0.001319 -0.025428
v 0.004011 0.000735 -0.026285
v 0.003297 0.001894 -0.025832
v 0.000900 0.000236 -0.028151
v 0.002002 -0.000669 -0.028252
v -0.024494 -0.007493 -0.004748
v -0.024759 -0.008907 -0.005811
v -0.024475 -0.008252 -0.005188
v -0.024690 -0.006739 -0.004580
v -0.025159 -0.009217 -0.006372
v -0.025113 -0.006037 -0.004601
v -0.025788 -0.009297 -0.007008
v -0.025730 -0.005383 -0.004901
v -0.027828 -0.003734 -0.006063
v -0.026697 -0.008918 -0.007639
v -0.028623 -0.007393 -0.008753
v -0.030120 -0.006180 -0.009630
v -0.030043 -0.001991 -0.007303
v -0.031547 -0.005023 -0.010450
v -0.032234 -0.004307 -0.010705
v -0.030973 -0.001352 -0.007864
v -0.031397 -0.001200 -0.008206
v -0.032739 -0.003062 -0.010565
v -0.031840 -0.001194 -0.008586
v -0.032574 -0.003671 -0.010707
v -0.032154 -0.001292 -0.009017
v -0.032558 -0.001665 -0.009588
v -0.032803 -0.002296 -0.010121
v -0.025788 -0.009297 -0.007008
v -0.026852 -0.009935 -0.006024
v -0.026189 -0.009861 -0.005467
v -0.025159 -0.009217 -0.006372
v -0.026697 -0.008918 -0.007639
v -0.027787 -0.009559 -0.006630
v -0.028623 -0.007393 -0.008753
v -0.029791 -0.007967 -0.007790
v -0.031152 -0.006829 -0.008625
v -0.030120 -0.006180 -0.009630
v -0.032513 -0.005627 -0.009520
v -0.031547 -0.005023 -0.010450
v -0.033131 -0.004866 -0.009860
v -0.032234 -0.004307 -0.010705
v -0.033451 -0.004224 -0.009897
v -0.032574 -0.003671 -0.010707
v -0.033650 -0.003606 -0.009761
v -0.032739 -0.003062 -0.010565
v -0.033717 -0.002856 -0.009388
v -0.032803 -0.002296 -0.010121
v -0.033575 -0.002222 -0.008828
v -0.032558 -0.001665 -0.009588
v -0.033198 -0.001781 -0.008151
v -0.032154 -0.001292 -0.009017
v -0.032862 -0.001654 -0.007666
v -0.031840 -0.001194 -0.008586
v -0.031397 -0.001200 -0.008206
v -0.032500 -0.001669 -0.007228
v -0.032007 -0.001860 -0.006761
v -0.030043 -0.001991 -0.007303
v -0.030973 -0.001352 -0.007864
v -0.031091 -0.002544 -0.006136
v -0.028918 -0.004273 -0.004894
v -0.027828 -0.003734 -0.006063
v -0.025730 -0.005383 -0.004901
v -0.025113 -0.006037 -0.004601
v -0.026651 -0.005892 -0.003851
v -0.025912 -0.006560 -0.003646
v -0.025466 -0.007267 -0.003685
v -0.024690 -0.006739 -0.004580
v -0.024494 -0.007493 -0.004748
v -0.024475 -0.008252 -0.005188
v -0.025260 -0.008082 -0.003905
v -0.025305 -0.008819 -0.004309
v -0.025705 -0.009545 -0.004949
v -0.024759 -0.008907 -0.005811
v 0.023403 0.009186 -0.012678
v 0.024402 0.008635 -0.012429
v 0.023587 0.008914 -0.013077
v 0.023823 0.009353 -0.011515
v 0.024049 0.009756 -0.014015
v 0.025967 0.009093 -0.012387
v 0.025967 0.009093 -0.012387
v 0.025380 0.007601 -0.016875
v 0.024049 0.009756 -0.014015
v 0.027245 0.006609 -0.015600
v 0.026370 0.005135 -0.020167
v 0.028031 0.004097 -0.018984
v 0.026846 0.002005 -0.024369
v 0.028386 0.000765 -0.023454
v 0.026576 -0.000653 -0.027964
v 0.028019 -0.002073 -0.027274
v 0.025673 -0.003492 -0.031742
v 0.026927 -0.004947 -0.031174
v 0.024054 -0.006027 -0.035285
v 0.025247 -0.007611 -0.034782
v 0.021944 -0.008361 -0.038512
v 0.023077 -0.010056 -0.038076
v 0.019567 -0.010330 -0.041236
v 0.020381 -0.012309 -0.041108
v 0.016467 -0.012294 -0.043955
v 0.017311 -0.014335 -0.043874
v 0.013281 -0.013739 -0.046063
v 0.014134 -0.015962 -0.046139
v 0.009982 -0.014944 -0.047801
v 0.010806 -0.017222 -0.047940
v 0.006552 -0.015895 -0.049170
v 0.007311 -0.018210 -0.049329
v 0.003546 -0.018910 -0.050405
v 0.003096 -0.016533 -0.050168
v -0.000789 -0.016968 -0.050899
v -0.000550 -0.019387 -0.051178
v -0.004745 -0.017154 -0.051254
v -0.004686 -0.019553 -0.051563
v -0.009200 -0.017003 -0.051188
v -0.009610 -0.019340 -0.051530
v -0.014226 -0.016384 -0.050512
v -0.014797 -0.018697 -0.050805
v -0.019307 -0.017688 -0.049611
v -0.018690 -0.015413 -0.049337
v -0.023955 -0.016125 -0.047741
v -0.023200 -0.013906 -0.047493
v -0.027644 -0.014411 -0.045574
v -0.026625 -0.012319 -0.045520
v -0.030552 -0.012869 -0.043489
v -0.029319 -0.010867 -0.043561
v -0.032890 -0.011399 -0.040994
v -0.031594 -0.009426 -0.041325
v -0.035073 -0.009974 -0.038142
v -0.033713 -0.008042 -0.038544
v -0.036623 -0.008751 -0.035068
v -0.035400 -0.006763 -0.035413
v -0.037885 -0.007573 -0.031886
v -0.036644 -0.005635 -0.032155
v -0.038777 -0.006173 -0.027894
v -0.037466 -0.004314 -0.028615
v -0.037861 -0.002800 -0.024907
v -0.039168 -0.004623 -0.024105
v -0.037772 -0.001136 -0.021157
v -0.039098 -0.002818 -0.020065
v -0.037077 0.000899 -0.016945
v -0.038319 -0.000681 -0.015546
v -0.035628 0.003154 -0.012727
v -0.036856 0.001606 -0.011324
v -0.034245 0.004718 -0.010041
v -0.035394 0.003334 -0.008481
v -0.034245 0.004718 -0.010041
v -0.033740 0.003497 -0.009024
v -0.033418 0.003889 -0.009458
v -0.035394 0.003334 -0.008481
v -0.033173 0.004083 -0.009103
v -0.033740 0.003497 -0.009024
v -0.033475 0.003655 -0.008732
v -0.033418 0.003889 -0.009458
v -0.033418 0.003889 -0.009458
v -0.033845 0.004736 -0.010270
v -0.034245 0.004718 -0.010041
v -0.033246 0.003897 -0.009513
v -0.033029 -0.009009 -0.037552
v -0.034959 -0.006595 -0.035284
v -0.034549 -0.007830 -0.034495
v -0.033268 -0.007842 -0.038376
v -0.031029 -0.010349 -0.040139
v -0.031164 -0.009225 -0.041100
v -0.028984 -0.011753 -0.042267
v -0.028954 -0.010634 -0.043279
v -0.026367 -0.013179 -0.044172
v -0.026338 -0.012095 -0.045210
v -0.022981 -0.014740 -0.046214
v -0.022943 -0.013616 -0.047143
v -0.018564 -0.016165 -0.048046
v -0.018515 -0.015062 -0.048941
v -0.014275 -0.017186 -0.049150
v -0.014156 -0.016034 -0.050100
v -0.009169 -0.017819 -0.049859
v -0.009132 -0.016666 -0.050780
v -0.004816 -0.018000 -0.049913
v -0.004775 -0.016827 -0.050848
v -0.000890 -0.016674 -0.050508
v -0.000764 -0.017834 -0.049549
v 0.002945 -0.016236 -0.049785
v 0.002900 -0.017410 -0.048852
v 0.006300 -0.015603 -0.048816
v 0.006252 -0.016745 -0.047911
v 0.009730 -0.014682 -0.047457
v 0.009679 -0.015857 -0.046524
v 0.013001 -0.013506 -0.045759
v 0.012891 -0.014669 -0.044881
v 0.016145 -0.012012 -0.043631
v 0.016025 -0.013201 -0.042768
v 0.018798 -0.011521 -0.040365
v 0.019174 -0.010122 -0.040984
v 0.021399 -0.009399 -0.037472
v 0.021502 -0.008209 -0.038325
v 0.023602 -0.005874 -0.035105
v 0.023516 -0.007067 -0.034214
v 0.025146 -0.003338 -0.031632
v 0.025071 -0.004480 -0.030762
v 0.026087 -0.000603 -0.027912
v 0.026001 -0.001783 -0.027078
v 0.026264 0.000840 -0.023485
v 0.026344 0.002023 -0.024363
v 0.025884 0.005076 -0.020262
v 0.025803 0.003887 -0.019372
v 0.024900 0.007539 -0.016975
v 0.024805 0.006394 -0.016070
v 0.023392 0.008867 -0.013238
v 0.023594 0.009641 -0.014186
v -0.036182 -0.005450 -0.032080
v -0.035776 -0.006643 -0.031316
v -0.036976 -0.004168 -0.028627
v -0.036505 -0.005363 -0.027874
v -0.037377 -0.002673 -0.024939
v -0.036866 -0.003932 -0.024343
v -0.037298 -0.001046 -0.021262
v -0.036815 -0.002277 -0.020591
v -0.036598 0.000979 -0.017078
v -0.036078 -0.000221 -0.016349
v -0.035139 0.003259 -0.012805
v -0.034610 0.002030 -0.012168
v -0.033845 0.004736 -0.010270
v -0.033246 0.003897 -0.009513
v 0.023403 0.009186 -0.012678
v 0.023587 0.008914 -0.013077
v 0.023206 0.009114 -0.012895
v 0.023392 0.008867 -0.013238
v 0.023594 0.009641 -0.014186
v 0.024049 0.009756 -0.014015
v 0.024049 0.009756 -0.014015
v 0.024900 0.007539 -0.016975
v 0.025380 0.007601 -0.016875
v 0.024049 0.009756 -0.014015
v 0.024900 0.007539 -0.016975
v 0.023594 0.009641 -0.014186
v 0.024900 0.007539 -0.016975
v 0.025380 0.007601 -0.016875
v 0.025884 0.005076 -0.020262
v 0.025380 0.007601 -0.016875
v 0.025884 0.005076 -0.020262
v 0.026370 0.005135 -0.020167
v 0.025884 0.005076 -0.020262
v 0.026370 0.005135 -0.020167
v 0.026344 0.002023 -0.024363
v 0.026846 0.002005 -0.024369
v 0.026087 -0.000603 -0.027912
v 0.026576 -0.000653 -0.027964
v 0.025146 -0.003338 -0.031632
v 0.025673 -0.003492 -0.031742
v 0.023602 -0.005874 -0.035105
v 0.024054 -0.006027 -0.035285
v 0.021944 -0.008361 -0.038512
v 0.021502 -0.008209 -0.038325
v 0.019567 -0.010330 -0.041236
v 0.019174 -0.010122 -0.040984
v 0.016145 -0.012012 -0.043631
v 0.016467 -0.012294 -0.043955
v 0.013001 -0.013506 -0.045759
v 0.013281 -0.013739 -0.046063
v 0.009982 -0.014944 -0.047801
v 0.009730 -0.014682 -0.047457
v 0.006552 -0.015895 -0.049170
v 0.006300 -0.015603 -0.048816
v 0.003096 -0.016533 -0.050168
v 0.002945 -0.016236 -0.049785
v -0.000789 -0.016968 -0.050899
v -0.000890 -0.016674 -0.050508
v -0.004745 -0.017154 -0.051254
v -0.004775 -0.016827 -0.050848
v -0.009200 -0.017003 -0.051188
v -0.009132 -0.016666 -0.050780
v -0.014226 -0.016384 -0.050512
v -0.014156 -0.016034 -0.050100
v -0.018690 -0.015413 -0.049337
v -0.018515 -0.015062 -0.048941
v -0.023200 -0.013906 -0.047493
v -0.022943 -0.013616 -0.047143
v -0.026625 -0.012319 -0.045520
v -0.026338 -0.012095 -0.045210
v -0.029319 -0.010867 -0.043561
v -0.028954 -0.010634 -0.043279
v -0.031164 -0.009225 -0.041100
v -0.031594 -0.009426 -0.041325
v -0.033268 -0.007842 -0.038376
v -0.033713 -0.008042 -0.038544
v -0.034959 -0.006595 -0.035284
v -0.035400 -0.006763 -0.035413
v -0.036644 -0.005635 -0.032155
v -0.036182 -0.005450 -0.032080
v -0.037466 -0.004314 -0.028615
v -0.036976 -0.004168 -0.028627
v -0.037861 -0.002800 -0.024907
v -0.037377 -0.002673 -0.024939
v -0.037772 -0.001136 -0.021157
v -0.037298 -0.001046 -0.021262
v -0.037077 0.000899 -0.016945
v -0.036598 0.000979 -0.017078
v -0.035628 0.003154 -0.012727
v -0.035139 0.003259 -0.012805
v -0.034245 0.004718 -0.010041
v -0.033845 0.004736 -0.010270
v -0.033246 0.003897 -0.009513
v -0.033173 0.004083 -0.009103
v -0.033019 0.004112 -0.009137
v -0.033418 0.003889 -0.009458
v -0.000234 -0.007243 0.065169
v 0.002765 -0.008810 0.068338
v 0.000617 -0.006155 0.067541
v -0.000868 -0.008091 0.062840
v 0.001342 -0.011355 0.063232
v 0.007263 -0.011183 0.068318
v -0.001950 -0.009598 0.056838
v 0.006372 -0.014064 0.063405
v 0.000470 -0.013287 0.057081
v 0.005830 -0.016243 0.057003
v -0.000567 -0.015224 0.046936
v -0.003175 -0.011183 0.047376
v -0.004223 -0.012185 0.036213
v -0.001805 -0.016029 0.035349
v -0.005001 -0.012500 0.024605
v -0.002569 -0.016173 0.023861
v -0.005120 -0.012482 0.022291
v -0.003559 -0.015278 0.020967
v -0.005236 -0.012440 0.020035
v -0.004378 -0.014182 0.018849
v -0.004153 -0.014557 0.017770
v -0.002096 -0.016729 0.018836
v 0.002577 -0.019235 0.022664
v 0.002233 -0.018743 0.013362
v -0.002212 -0.016363 0.012432
v -0.005129 -0.013177 0.008472
v -0.004454 -0.014058 0.012782
v 0.001026 -0.016667 0.005683
v -0.002961 -0.014972 0.006382
v -0.003260 -0.015044 0.003686
v -0.006623 -0.012176 0.005091
v -0.005520 -0.013563 0.003941
v -0.005821 -0.016285 0.000488
v -0.007962 -0.012939 0.002489
v -0.012042 -0.015066 -0.000890
v -0.008354 -0.011088 0.003572
v -0.011379 -0.010289 0.001726
v -0.011606 -0.011769 0.000701
v -0.015653 -0.010684 -0.000320
v -0.015281 -0.009361 0.000473
v -0.020984 -0.007486 -0.001009
v -0.021250 -0.008980 -0.001904
v -0.023972 -0.006100 -0.001962
v -0.024304 -0.007166 -0.002721
v -0.026117 -0.004884 -0.002785
v -0.026662 -0.005817 -0.003683
v -0.028397 -0.003362 -0.003826
v -0.030577 -0.001652 -0.005003
v -0.028929 -0.004214 -0.004738
v -0.028918 -0.004273 -0.004894
v -0.031110 -0.002511 -0.005980
v -0.032060 -0.001810 -0.006643
v -0.033155 -0.000586 -0.007285
v -0.031091 -0.002544 -0.006136
v -0.032007 -0.001860 -0.006761
v -0.032500 -0.001669 -0.007228
v -0.032576 -0.001601 -0.007121
v -0.032970 -0.001595 -0.007581
v -0.032862 -0.001654 -0.007666
v -0.033198 -0.001781 -0.008151
v -0.033302 -0.001745 -0.008072
v -0.033747 -0.002151 -0.008854
v -0.033575 -0.002222 -0.008828
v -0.033717 -0.002856 -0.009388
v -0.033650 -0.003606 -0.009761
v -0.033769 -0.003600 -0.009749
v -0.033831 -0.002856 -0.009380
v -0.034629 -0.003797 -0.011103
v -0.032594 -0.005762 -0.009551
v -0.033240 -0.004947 -0.009883
v -0.033596 -0.004270 -0.009933
v -0.034831 -0.006502 -0.013581
v -0.035440 -0.000382 -0.010163
v -0.036916 -0.002921 -0.014344
v -0.038238 -0.000936 -0.015427
v -0.037739 -0.005238 -0.018603
v -0.037943 -0.007164 -0.022613
v -0.039050 -0.003074 -0.019896
v -0.035958 -0.008059 -0.017486
v -0.036385 -0.009611 -0.021410
v -0.034517 -0.012195 -0.020260
v -0.034796 -0.013099 -0.024374
v -0.036378 -0.010892 -0.025438
v -0.034213 -0.010649 -0.016654
v -0.031659 -0.012897 -0.013822
v -0.032718 -0.012995 -0.016347
v -0.033011 -0.009263 -0.012732
v -0.031264 -0.006971 -0.008660
v -0.030963 -0.010292 -0.010433
v -0.030308 -0.013134 -0.011643
v -0.030170 -0.016100 -0.014618
v -0.028001 -0.016235 -0.010589
v -0.028400 -0.011828 -0.008300
v -0.029903 -0.008108 -0.007800
v -0.023195 -0.014309 -0.005158
v -0.023159 -0.018884 -0.006786
v -0.025649 -0.010915 -0.005424
v -0.027834 -0.009711 -0.006629
v -0.026852 -0.009935 -0.006024
v -0.027787 -0.009559 -0.006630
v -0.026897 -0.010064 -0.005995
v -0.026189 -0.009861 -0.005467
v -0.026202 -0.009978 -0.005403
v -0.025705 -0.009545 -0.004949
v -0.025681 -0.009647 -0.004858
v -0.025305 -0.008819 -0.004309
v -0.025259 -0.008874 -0.004193
v -0.021891 -0.011499 -0.003356
v -0.025260 -0.008082 -0.003905
v -0.025210 -0.008111 -0.003790
v -0.025453 -0.007305 -0.003561
v -0.025466 -0.007267 -0.003685
v -0.025927 -0.006551 -0.003515
v -0.025912 -0.006560 -0.003646
v -0.026651 -0.005892 -0.003851
v -0.017677 -0.017118 -0.003344
v -0.016571 -0.013700 -0.001938
v -0.012964 -0.018709 -0.002296
v -0.014086 -0.022878 -0.003900
v -0.007818 -0.024866 -0.003192
v -0.006738 -0.020358 -0.001655
v -0.001107 -0.025050 -0.004010
v -0.000326 -0.021413 -0.002295
v 0.005099 -0.024138 -0.005667
v 0.000575 -0.017925 0.000449
v 0.005819 -0.021300 -0.003511
v 0.011017 -0.021961 -0.011105
v 0.012895 -0.019067 -0.008172
v 0.007695 -0.018111 -0.000451
v 0.008466 -0.017488 0.005917
v 0.016087 -0.015908 -0.004022
v 0.023612 -0.009390 -0.010555
v 0.021673 -0.010848 -0.002757
v 0.020621 -0.014180 -0.012646
v 0.015731 -0.015581 0.004905
v 0.021248 -0.011399 0.005508
v 0.016395 -0.016347 0.014248
v 0.017043 -0.016176 0.024215
v 0.009469 -0.019111 0.014045
v 0.021411 -0.011448 0.014637
v 0.023906 -0.005929 0.005979
v 0.024094 -0.005829 0.014377
v 0.021894 -0.010838 0.024688
v 0.024409 -0.005569 0.025462
v 0.022091 -0.010075 0.036132
v 0.017472 -0.015553 0.035451
v 0.017550 -0.014485 0.046350
v 0.011921 -0.017795 0.046538
v 0.011236 -0.018997 0.035109
v 0.003778 -0.019195 0.034978
v 0.010217 -0.019454 0.023818
v 0.005050 -0.018236 0.046557
v 0.012048 -0.015948 0.056346
v 0.011818 -0.013531 0.063392
v 0.017220 -0.012974 0.055780
v 0.016387 -0.010780 0.063125
v 0.021639 -0.009554 0.046860
v 0.020922 -0.008497 0.055970
v 0.023976 -0.004643 0.047941
v 0.019713 -0.006840 0.062899
v 0.023087 -0.003919 0.056484
v 0.021680 -0.002761 0.062837
v 0.024183 0.000658 0.057290
v 0.025289 0.000419 0.048690
v 0.025568 0.006050 0.049487
v 0.025725 0.000180 0.037633
v 0.025931 0.005826 0.038464
v 0.024696 0.011924 0.046198
v 0.024869 0.011630 0.039470
v 0.025659 0.005362 0.027084
v 0.024648 0.010845 0.028259
v 0.023932 0.009763 0.016025
v 0.023724 0.009079 0.007113
v 0.024907 0.004802 0.015480
v 0.025056 -0.000518 0.014962
v 0.024767 0.004400 0.006643
v 0.025596 -0.000175 0.026240
v 0.024451 -0.005051 0.037000
v 0.025139 0.004392 -0.001212
v 0.024237 0.008827 -0.001234
v 0.024771 -0.000641 0.006075
v 0.025155 -0.000587 -0.001197
v 0.026029 -0.000439 -0.007538
v 0.025920 0.003746 -0.006354
v 0.024230 -0.005611 -0.001836
v 0.025298 -0.004775 -0.008738
v 0.026917 0.000716 -0.012328
v 0.026695 -0.003334 -0.014553
v 0.027644 0.002276 -0.015826
v 0.027853 -0.001478 -0.019583
v 0.025751 -0.007527 -0.017478
v 0.027335 -0.004963 -0.023160
v 0.023577 -0.012487 -0.020936
v 0.026107 -0.008521 -0.026943
v 0.022186 -0.015081 -0.025857
v 0.017785 -0.017828 -0.015129
v 0.020675 -0.016461 -0.021871
v 0.017981 -0.019595 -0.025374
v 0.015324 -0.020686 -0.017810
v 0.009146 -0.024779 -0.013971
v 0.012676 -0.023199 -0.020416
v 0.014062 -0.022678 -0.027823
v 0.008617 -0.025749 -0.014652
v 0.010519 -0.024757 -0.021309
v 0.008105 -0.026140 -0.015009
v 0.009768 -0.025103 -0.021279
v 0.009496 -0.025000 -0.028331
v 0.010306 -0.024693 -0.028464
v 0.009383 -0.024846 -0.032756
v 0.008587 -0.025169 -0.032582
v 0.007134 -0.025373 -0.036175
v 0.005065 -0.026307 -0.031435
v 0.006581 -0.025899 -0.027188
v 0.004565 -0.025249 -0.031355
v 0.003567 -0.025423 -0.033090
v 0.004126 -0.026503 -0.033331
v 0.004759 -0.025851 -0.038204
v 0.003567 -0.025423 -0.033090
v 0.001559 -0.025732 -0.035748
v 0.002079 -0.026805 -0.036112
v 0.001559 -0.025732 -0.035748
v -0.000878 -0.025935 -0.038111
v -0.000695 -0.026985 -0.038587
v 0.001745 -0.026129 -0.040640
v 0.003970 -0.025055 -0.042070
v -0.001155 -0.026099 -0.042551
v -0.004596 -0.025893 -0.043932
v -0.002678 -0.026973 -0.039984
v -0.000545 -0.024259 -0.046195
v -0.000507 -0.022031 -0.048994
v 0.003855 -0.023401 -0.045610
v -0.004900 -0.024358 -0.046807
v -0.004932 -0.022211 -0.049412
v -0.009627 -0.024055 -0.046895
v -0.009277 -0.025433 -0.044608
v -0.009134 -0.026512 -0.041856
v -0.013336 -0.025929 -0.041600
v -0.013984 -0.024947 -0.043764
v -0.014473 -0.023503 -0.046098
v -0.018547 -0.024147 -0.041997
v -0.017413 -0.025255 -0.039890
v -0.013244 -0.024966 -0.040740
v -0.017016 -0.024379 -0.039203
v -0.019955 -0.024531 -0.037866
v -0.017016 -0.024379 -0.039203
v -0.022856 -0.023804 -0.034389
v -0.019355 -0.023675 -0.037379
v -0.019355 -0.023675 -0.037379
v -0.021835 -0.023374 -0.039792
v -0.024519 -0.022479 -0.037205
v -0.023805 -0.021388 -0.041801
v -0.019222 -0.022620 -0.044462
v -0.014730 -0.021380 -0.048579
v -0.019517 -0.020318 -0.047242
v -0.024215 -0.018719 -0.045261
v -0.027691 -0.014704 -0.045418
v -0.027290 -0.019498 -0.040070
v -0.028723 -0.016041 -0.043059
v -0.023981 -0.016417 -0.047602
v -0.019325 -0.017925 -0.049483
v -0.023955 -0.016125 -0.047741
v -0.027644 -0.014411 -0.045574
v -0.030552 -0.012869 -0.043489
v -0.032890 -0.011399 -0.040994
v -0.030648 -0.013138 -0.043292
v -0.031023 -0.014517 -0.041112
v -0.032934 -0.011684 -0.040835
v -0.035073 -0.009974 -0.038142
v -0.035062 -0.010211 -0.037967
v -0.032631 -0.012878 -0.039923
v -0.030722 -0.014750 -0.039344
v -0.031587 -0.013915 -0.038678
v -0.032733 -0.013164 -0.037129
v -0.034265 -0.012172 -0.037413
v -0.034619 -0.012556 -0.035603
v -0.035672 -0.011068 -0.034874
v -0.034509 -0.013384 -0.033852
v -0.035311 -0.012609 -0.031883
v -0.036975 -0.009978 -0.030606
v -0.036630 -0.009033 -0.034960
v -0.037893 -0.007866 -0.031753
v -0.036630 -0.009033 -0.034960
v -0.037885 -0.007573 -0.031886
v -0.038782 -0.006165 -0.027871
v -0.038723 -0.006479 -0.027726
v -0.039168 -0.004623 -0.024105
v -0.039065 -0.004878 -0.023943
v -0.037721 -0.008655 -0.026544
v -0.035863 -0.012006 -0.029523
v -0.034588 -0.013905 -0.028539
v -0.034202 -0.014402 -0.030337
v -0.031931 -0.017068 -0.031876
v -0.033604 -0.014994 -0.032339
v -0.032146 -0.016926 -0.029873
v -0.029788 -0.019194 -0.027187
v -0.032335 -0.016642 -0.027478
v -0.029681 -0.019359 -0.030332
v -0.028479 -0.020113 -0.032982
v -0.028244 -0.020547 -0.029737
v -0.030345 -0.018627 -0.032703
v -0.028368 -0.020410 -0.027691
v -0.027310 -0.021199 -0.032259
v -0.024454 -0.023053 -0.030476
v -0.025857 -0.021909 -0.035510
v -0.027653 -0.020992 -0.029776
v -0.025056 -0.022614 -0.026739
v -0.027879 -0.020774 -0.027627
v -0.024853 -0.022562 -0.022900
v -0.027767 -0.020653 -0.022863
v -0.027113 -0.021067 -0.019119
v -0.027658 -0.020649 -0.019159
v -0.028224 -0.020307 -0.022756
v -0.029573 -0.019087 -0.022774
v -0.028899 -0.019345 -0.018984
v -0.031936 -0.015400 -0.018693
v -0.028007 -0.019683 -0.015265
v -0.026758 -0.021313 -0.015646
v -0.025331 -0.022473 -0.012685
v -0.026294 -0.020798 -0.012135
v -0.024791 -0.022986 -0.013096
v -0.026286 -0.021748 -0.016022
v -0.024470 -0.022844 -0.018413
v -0.021786 -0.023138 -0.015076
v -0.022621 -0.024012 -0.015029
v -0.023449 -0.021986 -0.018512
v -0.023449 -0.021986 -0.018512
v -0.024277 -0.021606 -0.022922
v -0.024315 -0.021677 -0.026787
v -0.020026 -0.024544 -0.012151
v -0.020654 -0.025559 -0.011838
v -0.022326 -0.025053 -0.009848
v -0.019210 -0.027361 -0.007713
v -0.022678 -0.024477 -0.009237
v -0.019285 -0.026989 -0.007024
v -0.019054 -0.025199 -0.006489
v -0.022986 -0.022895 -0.008489
v -0.018445 -0.021275 -0.004782
v -0.015016 -0.027126 -0.005356
v -0.015163 -0.029145 -0.005631
v -0.008596 -0.029034 -0.004553
v -0.002075 -0.030559 -0.006317
v -0.008708 -0.030803 -0.005140
v -0.001848 -0.028702 -0.005815
v 0.003760 -0.028472 -0.009114
v 0.003984 -0.027490 -0.008116
v 0.003445 -0.028701 -0.009736
v 0.002339 -0.028350 -0.012208
v -0.002943 -0.030089 -0.009554
v 0.005416 -0.026689 -0.016153
v -0.002170 -0.030814 -0.006967
v -0.008803 -0.031214 -0.005712
v -0.009085 -0.030425 -0.008366
v -0.015270 -0.029514 -0.006336
v -0.015123 -0.028840 -0.008844
v -0.014466 -0.027744 -0.008909
v -0.017730 -0.027439 -0.009964
v -0.017290 -0.026284 -0.010081
v -0.009173 -0.029220 -0.008333
v -0.003232 -0.028820 -0.009700
v 0.001780 -0.027228 -0.012145
v 0.005115 -0.025597 -0.016105
v 0.005115 -0.025597 -0.016105
v 0.007085 -0.025813 -0.021752
v 0.006591 -0.024801 -0.021852
v 0.006081 -0.024851 -0.027160
v -0.032362 -0.016041 -0.023297
v -0.023633 -0.022157 -0.030496
v -0.024315 -0.021677 -0.026787
v -0.027278 -0.020866 -0.035632
v -0.027006 -0.020502 -0.038070
v -0.028536 -0.019803 -0.035823
v -0.029373 -0.019442 -0.034099
v -0.029741 -0.017751 -0.035042
v -0.030365 -0.017188 -0.034151
v -0.031387 -0.016178 -0.033519
v -0.032494 -0.014753 -0.033913
v -0.032915 -0.013994 -0.034616
v -0.033023 -0.013258 -0.036093
v -0.029252 -0.017860 -0.036261
v -0.029130 -0.017692 -0.037224
v -0.028407 -0.019407 -0.037754
v -0.028555 -0.018734 -0.039162
v -0.029272 -0.017187 -0.038162
v -0.030081 -0.015649 -0.039283
v -0.029891 -0.016133 -0.041142
v -0.022032 -0.022955 -0.034139
v -0.023633 -0.022157 -0.030496
v -0.039098 -0.002818 -0.020065
v -0.038319 -0.000681 -0.015546
v -0.036856 0.001606 -0.011324
v -0.036752 0.001377 -0.011147
v -0.035394 0.003334 -0.008481
v -0.035346 0.003132 -0.008329
v -0.033845 0.001463 -0.007158
v -0.032571 0.000139 -0.006266
v -0.036623 -0.008751 -0.035068
v -0.019307 -0.017688 -0.049611
v -0.014797 -0.018697 -0.050805
v -0.014833 -0.018941 -0.050662
v -0.009671 -0.019587 -0.051401
v -0.009764 -0.022008 -0.049309
v -0.004694 -0.019802 -0.051479
v -0.009610 -0.019340 -0.051530
v -0.004686 -0.019553 -0.051563
v -0.000550 -0.019387 -0.051178
v -0.000487 -0.019599 -0.051128
v 0.003546 -0.018910 -0.050405
v 0.007311 -0.018210 -0.049329
v 0.003578 -0.019137 -0.050353
v 0.007345 -0.018407 -0.049254
v 0.006710 -0.020052 -0.048102
v 0.003591 -0.021287 -0.048409
v 0.007992 -0.020349 -0.046979
v 0.010348 -0.018617 -0.047109
v 0.010833 -0.017422 -0.047888
v 0.006698 -0.022323 -0.045345
v 0.008241 -0.020408 -0.046607
v 0.007071 -0.022192 -0.045141
v 0.007050 -0.023363 -0.043088
v 0.006696 -0.023615 -0.043061
v 0.007721 -0.023826 -0.041256
v 0.007419 -0.024111 -0.041092
v 0.009506 -0.023734 -0.039031
v 0.006080 -0.025071 -0.039709
v 0.008269 -0.024650 -0.037677
v 0.012122 -0.023091 -0.035503
v 0.016269 -0.019646 -0.037130
v 0.012036 -0.022459 -0.038368
v 0.014393 -0.022154 -0.032496
v 0.019013 -0.018639 -0.029312
v 0.020374 -0.016678 -0.033138
v 0.021770 -0.013917 -0.036409
v 0.024054 -0.012037 -0.030822
v 0.027287 -0.005256 -0.031066
v 0.025645 -0.007950 -0.034696
v 0.023407 -0.010468 -0.038106
v 0.025247 -0.007611 -0.034782
v 0.023077 -0.010056 -0.038076
v 0.020381 -0.012309 -0.041108
v 0.020680 -0.012707 -0.041182
v 0.017311 -0.014335 -0.043874
v 0.017550 -0.014643 -0.043884
v 0.014134 -0.015962 -0.046139
v 0.014216 -0.016206 -0.046124
v 0.010806 -0.017222 -0.047940
v 0.014125 -0.017890 -0.044305
v 0.012733 -0.017802 -0.045889
v 0.012543 -0.018136 -0.045562
v 0.013815 -0.018174 -0.044176
v 0.010383 -0.018834 -0.046725
v 0.014888 -0.018413 -0.042532
v 0.014508 -0.018649 -0.042565
v 0.014119 -0.020312 -0.039979
v 0.014345 -0.020340 -0.039601
v 0.012033 -0.022275 -0.038767
v 0.009680 -0.023473 -0.039345
v 0.017568 -0.016552 -0.041253
v 0.026927 -0.004947 -0.031174
v 0.028019 -0.002073 -0.027274
v 0.028342 -0.002283 -0.027094
v 0.028684 0.000587 -0.023216
v 0.028386 0.000765 -0.023454
v 0.028031 0.004097 -0.018984
v 0.028285 0.003967 -0.018746
v 0.027245 0.006609 -0.015600
v 0.027396 0.006511 -0.015312
v 0.025967 0.009093 -0.012387
v 0.025972 0.008989 -0.012031
v 0.026944 0.005641 -0.012827
v 0.025705 0.008934 -0.010484
v 0.026501 0.004576 -0.010041
v 0.025705 0.008934 -0.010484
v 0.025336 0.008838 -0.008546
v 0.024884 0.008780 -0.005953
v -0.009193 -0.025488 -0.041156
v -0.013244 -0.024966 -0.040740
v -0.005367 -0.026843 -0.041176
v -0.009193 -0.025488 -0.041156
v -0.005402 -0.025826 -0.040530
v -0.005402 -0.025826 -0.040530
v -0.002962 -0.025913 -0.039500
v -0.002962 -0.025913 -0.039500
v -0.000878 -0.025935 -0.038111
v 0.024156 0.011948 0.053093
v 0.024271 0.005937 0.058393
v 0.023048 0.011653 0.058884
v 0.021826 0.011118 0.062722
v 0.022054 0.005335 0.064755
v 0.019975 0.010183 0.066568
v 0.017605 0.008775 0.069927
v 0.019379 0.004370 0.069079
v 0.015142 0.007211 0.072194
v 0.016676 0.003553 0.071740
v 0.013704 0.002648 0.073538
v 0.012005 0.004895 0.073881
v 0.013672 0.002010 0.073562
v 0.016627 0.000648 0.071616
v 0.012656 0.000994 0.073885
v 0.015294 -0.001882 0.072014
v 0.017977 -0.004561 0.068106
v 0.012776 -0.004661 0.072327
v 0.020092 -0.000447 0.067382
v 0.022356 0.000631 0.063401
v 0.014982 -0.008062 0.068462
v 0.010440 -0.000932 0.074189
v 0.009552 -0.006991 0.071981
v 0.008584 -0.002399 0.073990
v 0.007816 -0.002214 0.073939
v 0.005366 -0.005569 0.072159
v 0.004519 -0.001781 0.072783
v 0.005979 -0.000314 0.073701
v 0.003091 -0.003298 0.071488
v 0.001827 -0.004730 0.069799
v 0.011273 -0.010576 0.068305
v -0.029791 -0.007967 -0.007790
v -0.031152 -0.006829 -0.008625
v -0.032513 -0.005627 -0.009520
v -0.033131 -0.004866 -0.009860
v -0.033451 -0.004224 -0.009897
v -0.006660 -0.011792 0.005278
v -0.008354 -0.011088 0.003572
v -0.006683 -0.010718 0.003330
v -0.010402 -0.009335 0.000639
v -0.011379 -0.010289 0.001726
v -0.015281 -0.009361 0.000473
v -0.014325 -0.008481 -0.000710
v -0.020104 -0.006701 -0.002266
v -0.014103 -0.007328 -0.000825
v -0.010184 -0.008496 0.000690
v -0.007050 -0.009404 0.003043
v -0.019752 -0.005395 -0.002430
v -0.022936 -0.005350 -0.003157
v -0.022741 -0.004044 -0.003306
v -0.024515 -0.003005 -0.003929
v -0.024931 -0.004215 -0.003894
v -0.026943 -0.002874 -0.004772
v -0.026117 -0.004884 -0.002785
v -0.023972 -0.006100 -0.001962
v -0.020984 -0.007486 -0.001009
v -0.028397 -0.003362 -0.003826
v -0.030577 -0.001652 -0.005003
v -0.028755 -0.001518 -0.005689
v -0.030820 0.000230 -0.006860
v -0.028477 -0.000277 -0.005664
v -0.026644 -0.001622 -0.004795
v -0.030547 0.001264 -0.006805
v -0.032468 0.001975 -0.008056
v -0.032426 0.002808 -0.008027
v -0.033740 0.003497 -0.009024
v -0.033475 0.003655 -0.008732
v -0.033845 0.001463 -0.007158
v -0.035394 0.003334 -0.008481
v -0.035346 0.003132 -0.008329
v -0.032571 0.000139 -0.006266
v -0.005438 -0.011371 0.004679
v -0.005836 -0.009175 0.002867
v -0.007050 -0.009404 0.003043
v -0.005320 -0.010256 0.003085
v -0.003684 -0.011211 0.004403
v -0.004019 -0.012502 0.008358
v -0.002015 -0.012395 0.008287
v -0.001389 -0.013389 0.012929
v -0.003203 -0.013458 0.012744
v -0.004499 -0.013740 0.012798
v -0.005227 -0.012854 0.008582
v -0.002978 -0.013848 0.017684
v -0.003274 -0.013520 0.018511
v -0.004247 -0.014200 0.017735
v -0.001795 -0.013088 0.018741
v -0.001431 -0.013643 0.017888
v -0.002535 -0.011692 0.019479
v -0.003680 -0.011869 0.019508
v -0.003046 -0.010621 0.019956
v -0.003873 -0.010924 0.019903
v -0.003805 -0.010983 0.021460
v -0.003633 -0.011859 0.020065
v -0.003557 -0.011891 0.021638
v -0.005039 -0.012360 0.019595
v -0.005236 -0.012440 0.020035
v -0.004421 -0.013923 0.018661
v -0.004378 -0.014182 0.018849
v -0.004153 -0.014557 0.017770
v -0.004454 -0.014058 0.012782
v -0.003651 -0.010984 0.024491
v -0.003389 -0.011933 0.024709
v -0.002697 -0.011662 0.036063
v -0.002879 -0.010702 0.035923
v -0.001858 -0.009787 0.046697
v -0.000642 -0.008213 0.056182
v -0.001679 -0.010698 0.046822
v -0.000432 -0.009111 0.056441
v 0.000597 -0.007690 0.062103
v 0.000360 -0.006809 0.061880
v 0.001154 -0.006896 0.064375
v 0.000911 -0.006049 0.063991
v 0.001648 -0.005076 0.066176
v 0.002647 -0.003719 0.068225
v 0.001969 -0.005857 0.066587
v 0.003005 -0.004514 0.068652
v 0.004086 -0.003172 0.070163
v 0.003698 -0.002409 0.069769
v 0.005202 -0.001836 0.071268
v 0.006270 -0.000567 0.071984
v 0.004664 -0.001159 0.070792
v 0.005684 0.000065 0.071577
v 0.003091 -0.003298 0.071488
v 0.004519 -0.001781 0.072783
v 0.005202 -0.001836 0.071268
v 0.001827 -0.004730 0.069799
v 0.004086 -0.003172 0.070163
v 0.003005 -0.004514 0.068652
v 0.001969 -0.005857 0.066587
v 0.000617 -0.006155 0.067541
v 0.001154 -0.006896 0.064375
v 0.000597 -0.007690 0.062103
v -0.000234 -0.007243 0.065169
v -0.000868 -0.008091 0.062840
v -0.000432 -0.009111 0.056441
v -0.001950 -0.009598 0.056838
v -0.001679 -0.010698 0.046822
v -0.003175 -0.011183 0.047376
v -0.004223 -0.012185 0.036213
v -0.002697 -0.011662 0.036063
v -0.003389 -0.011933 0.024709
v -0.003557 -0.011891 0.021638
v -0.005001 -0.012500 0.024605
v -0.005120 -0.012482 0.022291
v -0.005236 -0.012440 0.020035
v -0.003633 -0.011859 0.020065
v 0.006270 -0.000567 0.071984
v 0.006604 -0.000864 0.070908
v 0.007917 -0.002201 0.071125
v 0.007816 -0.002214 0.073939
v 0.005979 -0.000314 0.073701
v 0.008603 -0.002307 0.071169
v 0.008584 -0.002399 0.073990
v 0.010326 -0.000974 0.071397
v 0.010440 -0.000932 0.074189
v 0.018192 0.010390 0.065635
v 0.015678 0.008770 0.069069
v 0.018682 0.009569 0.065673
v 0.020370 0.010512 0.062239
v 0.019845 0.011309 0.062279
v 0.021102 0.011941 0.058377
v 0.021556 0.011076 0.058403
v 0.022622 0.011411 0.052346
v 0.022188 0.012299 0.052457
v 0.023118 0.011351 0.046054
v 0.022693 0.012251 0.045982
v 0.022824 0.011928 0.039462
v 0.022664 0.011201 0.028336
v 0.023298 0.011068 0.039462
v 0.023121 0.010319 0.028332
v 0.021911 0.010097 0.015830
v 0.024648 0.010845 0.028259
v 0.023932 0.009763 0.016025
v 0.023298 0.011068 0.039462
v 0.022313 0.009195 0.015826
v 0.021700 0.009454 0.006860
v 0.023724 0.009079 0.007113
v 0.022143 0.008595 0.006884
v 0.024237 0.008827 -0.001234
v 0.022659 0.008324 -0.001601
v 0.023308 0.008334 -0.006506
v 0.022240 0.009198 -0.001669
v 0.024884 0.008780 -0.005953
v 0.025336 0.008838 -0.008546
v 0.023823 0.008429 -0.009134
v 0.025705 0.008934 -0.010484
v 0.024180 0.008435 -0.011112
v 0.024402 0.008635 -0.012429
v 0.025972 0.008989 -0.012031
v 0.022890 0.009225 -0.006548
v 0.023347 0.009239 -0.009042
v 0.023724 0.009262 -0.010876
v 0.023823 0.008429 -0.009134
v 0.024180 0.008435 -0.011112
v 0.024402 0.008635 -0.012429
v 0.023823 0.009353 -0.011515
v 0.023118 0.011351 0.046054
v 0.024869 0.011630 0.039470
v 0.024696 0.011924 0.046198
v 0.024156 0.011948 0.053093
v 0.022622 0.011411 0.052346
v 0.021556 0.011076 0.058403
v 0.023048 0.011653 0.058884
v 0.020370 0.010512 0.062239
v 0.021826 0.011118 0.062722
v 0.019975 0.010183 0.066568
v 0.017605 0.008775 0.069927
v 0.018682 0.009569 0.065673
v 0.016199 0.007948 0.069142
v 0.015142 0.007211 0.072194
v 0.014292 0.006575 0.070853
v 0.012075 0.004846 0.072188
v 0.012005 0.004895 0.073881
v 0.016199 0.007948 0.069142
v 0.013643 0.007330 0.070815
v 0.014292 0.006575 0.070853
v 0.012075 0.004846 0.072188
v 0.011468 0.005631 0.071956
v 0.012428 0.000861 0.071029
v 0.013672 0.002010 0.073562
v 0.013647 0.001992 0.070456
v 0.012656 0.000994 0.073885
v 0.010326 -0.000974 0.071397
v 0.012656 0.000994 0.073885
v 0.012428 0.000861 0.071029
v 0.010440 -0.000932 0.074189
v 0.012249 0.004668 0.070953
v 0.011468 0.005631 0.071956
v 0.011516 0.005606 0.070948
v 0.012249 0.004668 0.070953
v 0.011468 0.005631 0.071956
v 0.012075 0.004846 0.072188
v 0.006604 -0.000864 0.070908
v 0.005684 0.000065 0.071577
v 0.006270 -0.000567 0.071984
v 0.005930 -0.000157 0.070643
v -0.003633 -0.011859 0.020065
v -0.005039 -0.012360 0.019595
v -0.005236 -0.012440 0.020035
v 0.024402 0.008635 -0.012429
v 0.025972 0.008989 -0.012031
v 0.025967 0.009093 -0.012387
v 0.013761 0.002584 0.070417
v 0.012075 0.004846 0.072188
v 0.012249 0.004668 0.070953
v 0.013704 0.002648 0.073538
v 0.013647 0.001992 0.070456
v 0.013672 0.002010 0.073562
v 0.012005 0.004895 0.073881
v 0.023938 0.009918 -0.013785
v 0.024347 0.008885 -0.012325
v 0.023560 0.009137 -0.013013
v 0.025740 0.009306 -0.012306
v 0.025828 0.009251 -0.011665
v 0.024215 0.008751 -0.011297
v 0.025279 0.009165 -0.008905
v 0.023758 0.008681 -0.009066
v 0.023142 0.008626 -0.005354
v 0.024612 0.009093 -0.005144
v 0.022493 0.008713 0.000965
v 0.023989 0.009191 0.001051
v 0.022107 0.008886 0.007674
v 0.023600 0.009372 0.007536
v 0.022280 0.009443 0.014840
v 0.023807 0.009999 0.015422
v 0.022767 0.010099 0.022093
v 0.024230 0.010635 0.022469
v 0.023156 0.010779 0.030374
v 0.024617 0.011320 0.030698
v 0.023219 0.011361 0.039784
v 0.024706 0.011906 0.039971
v 0.023096 0.011683 0.046523
v 0.024570 0.012213 0.046522
v 0.022600 0.011729 0.052556
v 0.024056 0.012287 0.052857
v 0.022907 0.011937 0.059001
v 0.021555 0.011396 0.058544
v 0.020360 0.010837 0.062182
v 0.021709 0.011421 0.062692
v 0.019747 0.010419 0.066705
v 0.018612 0.009856 0.065839
v 0.017481 0.009109 0.069870
v 0.015012 0.007509 0.072147
v 0.016711 0.008648 0.068577
v 0.014487 0.007089 0.070672
v 0.011595 0.004845 0.072295
v 0.011838 0.005182 0.073846
v 0.009658 0.003180 0.072711
v 0.008149 0.001769 0.072708
v 0.007609 0.001628 0.074206
v 0.009487 0.003287 0.074324
v 0.005371 -0.000499 0.073384
v 0.006181 -0.000284 0.072029
v 0.003303 -0.002625 0.071843
v 0.004329 -0.002402 0.070654
v 0.003062 -0.003982 0.068976
v 0.001728 -0.004383 0.069784
v 0.000505 -0.005879 0.067473
v 0.002046 -0.005385 0.066815
v 0.000515 -0.007309 0.062509
v -0.000945 -0.007767 0.062935
v -0.000578 -0.008874 0.056283
v -0.002121 -0.009419 0.056325
v -0.001643 -0.010345 0.047236
v -0.003290 -0.010904 0.047249
v -0.002661 -0.011336 0.036512
v -0.004339 -0.011904 0.036063
v -0.003552 -0.011655 0.025215
v -0.003852 -0.011637 0.020163
v -0.005302 -0.012146 0.020154
v -0.005057 -0.012173 0.025023
v -0.005169 -0.012075 0.019827
v -0.003874 -0.011625 0.019641
v -0.003856 -0.011626 0.019838
v -0.007983 -0.009679 0.001955
v -0.011477 -0.010017 0.001857
v -0.010789 -0.009045 0.000549
v -0.008738 -0.010764 0.003587
v -0.014275 -0.008059 -0.000737
v -0.015120 -0.009142 0.000666
v -0.019766 -0.006463 -0.002191
v -0.020677 -0.007339 -0.000780
v -0.024368 -0.004140 -0.003571
v -0.025501 -0.004976 -0.002389
v -0.028542 -0.001253 -0.005552
v -0.030126 -0.001742 -0.004601
v -0.032096 0.001766 -0.007569
v -0.033743 0.001656 -0.006949
v -0.033149 0.004108 -0.009341
v -0.033705 0.003714 -0.008888
v -0.033688 0.004878 -0.010046
v -0.034097 0.004876 -0.009782
v -0.035204 0.003643 -0.008406
v -0.035230 0.003331 -0.008113
v -0.033743 0.001656 -0.006949
v -0.032096 0.001766 -0.007569
v -0.032608 0.003658 -0.008607
v -0.033688 0.004878 -0.010046
v -0.033149 0.004108 -0.009341
v 0.023470 0.009808 -0.013965
v 0.023560 0.009137 -0.013013
v 0.023279 0.009169 -0.013135
v 0.023938 0.009918 -0.013785
v 0.023279 0.009169 -0.013135
v 0.022694 0.009016 -0.011684
v 0.023470 0.009808 -0.013965
v -0.007261 -0.009993 0.002644
v -0.008738 -0.010764 0.003587
v -0.007983 -0.009679 0.001955
v -0.008319 -0.010828 0.003780
v -0.032608 0.003658 -0.008607
v -0.031225 0.007087 -0.006595
v -0.030223 0.005603 -0.005500
v -0.033688 0.004878 -0.010046
v -0.026366 0.008226 -0.001981
v -0.022187 0.012629 0.000192
v -0.021646 0.010842 0.000817
v -0.027048 0.009973 -0.002715
v -0.018030 0.014487 0.001731
v -0.017514 0.012707 0.002358
v -0.012859 0.016401 0.002733
v -0.012351 0.014644 0.003354
v -0.007224 0.018052 0.002829
v -0.006875 0.016282 0.003451
v -0.000884 0.017595 0.002556
v 0.003449 0.018020 0.001283
v -0.001071 0.019350 0.001829
v 0.003337 0.019714 0.000451
v 0.008349 0.019166 -0.001549
v 0.008326 0.017535 -0.000584
v 0.012737 0.016089 -0.002615
v 0.012899 0.017646 -0.003759
v 0.017290 0.013649 -0.005686
v 0.017516 0.015186 -0.006918
v 0.020890 0.010888 -0.009241
v 0.021091 0.012423 -0.010522
v 0.022694 0.009016 -0.011684
v 0.023470 0.009808 -0.013965
v -0.034097 0.004876 -0.009782
v -0.031680 0.007038 -0.006337
v -0.033688 0.004878 -0.010046
v -0.031225 0.007087 -0.006595
v -0.027048 0.009973 -0.002715
v -0.027393 0.010031 -0.002352
v -0.022437 0.012736 0.000610
v -0.022187 0.012629 0.000192
v -0.018030 0.014487 0.001731
v -0.018196 0.014628 0.002225
v -0.012859 0.016401 0.002733
v -0.012955 0.016573 0.003209
v -0.007189 0.018260 0.003332
v -0.007224 0.018052 0.002829
v -0.001071 0.019350 0.001829
v 0.003337 0.019714 0.000451
v -0.000877 0.019593 0.002294
v 0.003521 0.019968 0.000916
v 0.008673 0.019431 -0.001088
v 0.008349 0.019166 -0.001549
v 0.012899 0.017646 -0.003759
v 0.017516 0.015186 -0.006918
v 0.013231 0.017887 -0.003372
v 0.017875 0.015368 -0.006661
v 0.021091 0.012423 -0.010522
v 0.021503 0.012557 -0.010326
v 0.023470 0.009808 -0.013965
v 0.023938 0.009918 -0.013785
v 0.012110 0.005167 0.073154
v 0.012353 -0.000858 0.073376
v 0.014470 0.002287 0.073002
v 0.008952 0.002874 0.073422
v 0.009228 -0.003575 0.073117
v 0.005754 -0.000170 0.072994
v 0.018141 0.009628 -0.014849
v 0.016640 0.010760 -0.013376
v 0.018193 0.008800 -0.014172
v 0.018658 0.007350 -0.016108
v 0.018592 0.008201 -0.016756
v 0.017914 0.006222 -0.017659
v 0.017855 0.007099 -0.018271
v 0.016266 0.005316 -0.018943
v 0.016258 0.006225 -0.019509
v 0.013969 0.005084 -0.019337
v 0.014012 0.005993 -0.019900
v 0.011932 0.006385 -0.019437
v 0.011842 0.005492 -0.018853
v 0.010425 0.007243 -0.018337
v 0.010286 0.006395 -0.017695
v 0.009863 0.008602 -0.016518
v 0.010280 0.009913 -0.014744
v 0.009753 0.007786 -0.015830
v 0.010249 0.005702 -0.017101
v 0.010203 0.009125 -0.014045
v 0.009719 0.007098 -0.015237
v 0.010169 0.008442 -0.013456
v 0.012115 0.010171 -0.012520
v 0.012100 0.009477 -0.011943
v 0.014344 0.010397 -0.012159
v 0.014329 0.009695 -0.011588
v 0.014356 0.011198 -0.012864
v 0.016661 0.009950 -0.012676
v 0.016622 0.009213 -0.012149
v 0.018139 0.008072 -0.013634
v 0.018595 0.006641 -0.015548
v 0.017855 0.005522 -0.017082
v 0.016209 0.004612 -0.018365
v 0.013936 0.004382 -0.018754
v 0.011826 0.004794 -0.018271
v 0.012150 0.010975 -0.013229
v 0.016330 0.009021 -0.015464
v 0.016572 0.008251 -0.016494
v 0.014204 0.008387 -0.016244
v 0.018141 0.009628 -0.014849
v 0.015519 0.009633 -0.014668
v 0.014356 0.011198 -0.012864
v 0.014285 0.009869 -0.014391
v 0.016640 0.010760 -0.013376
v 0.013168 0.009716 -0.014627
v 0.012083 0.009173 -0.015405
v 0.012150 0.010975 -0.013229
v 0.010280 0.009913 -0.014744
v 0.009863 0.008602 -0.016518
v 0.012161 0.007730 -0.017347
v 0.011858 0.008467 -0.016365
v 0.010425 0.007243 -0.018337
v 0.011932 0.006385 -0.019437
v 0.014012 0.005993 -0.019900
v 0.012976 0.007269 -0.017942
v 0.014100 0.007055 -0.018192
v 0.015313 0.007180 -0.017980
v 0.017855 0.007099 -0.018271
v 0.016175 0.007655 -0.017312
v 0.016258 0.006225 -0.019509
v 0.018592 0.008201 -0.016756
v 0.014329 0.009695 -0.011588
v 0.016622 0.009213 -0.012149
v 0.014344 0.010397 -0.012159
v 0.016661 0.009950 -0.012676
v -0.006510 -0.013116 0.014714
v -0.004814 -0.011813 0.007907
v -0.003776 -0.013158 0.014322
v -0.003601 -0.013449 0.017553
v -0.006277 -0.013479 0.017827
v -0.009132 -0.012637 0.018303
v -0.007677 -0.011597 0.008635
v -0.009468 -0.011820 0.015369
v -0.008601 -0.010720 0.005667
v -0.005993 -0.010887 0.004957
v -0.008665 -0.010164 0.005011
v -0.007096 -0.008230 0.005272
v -0.006387 -0.010498 0.004500
v -0.010739 -0.009251 0.006981
v -0.010126 -0.009944 0.009718
v -0.009233 -0.004282 0.007386
v -0.010860 -0.008779 0.006269
v -0.011980 -0.004986 0.008183
v -0.008759 -0.008255 0.005597
v -0.007171 -0.003929 0.007118
v -0.008894 -0.000645 0.008900
v -0.006567 -0.000362 0.008548
v -0.011989 -0.005243 0.008912
v -0.011463 -0.006065 0.011495
v -0.011943 -0.001063 0.009876
v -0.011969 -0.001269 0.010554
v -0.011558 -0.002179 0.013130
v -0.011447 -0.008083 0.017000
v -0.011616 -0.009158 0.019746
v -0.007668 0.004257 0.010824
v -0.005020 0.004603 0.010434
v -0.011164 0.003737 0.011680
v -0.011327 0.003446 0.012331
v -0.011123 0.002617 0.014981
v -0.011782 -0.004084 0.018614
v -0.011597 0.001152 0.020564
v -0.010073 0.007829 0.014488
v -0.011208 0.005406 0.023982
v -0.010880 0.005799 0.021608
v -0.010222 0.007057 0.016802
v -0.010320 0.008011 0.021302
v -0.010517 0.007798 0.022665
v -0.009805 0.008814 0.017900
v -0.009637 0.009252 0.016255
v -0.006215 -0.013199 0.018606
v -0.003952 -0.011693 0.019168
v -0.006412 -0.011948 0.019273
v -0.003691 -0.013107 0.018468
v -0.008854 -0.012531 0.019045
v -0.011291 -0.009343 0.020453
v -0.012067 -0.005033 0.021373
v -0.007776 -0.005321 0.022003
v -0.011835 -0.005270 0.021983
v -0.011955 0.000604 0.023442
v -0.011717 0.000467 0.024170
v -0.007413 0.000131 0.024069
v -0.011018 0.005374 0.024617
v -0.006597 0.005094 0.024890
v -0.010308 0.008030 0.023151
v -0.009816 0.008236 0.014081
v -0.009324 0.009790 0.016209
v -0.005742 0.009140 0.013321
v -0.007527 -0.008877 0.020591
v -0.004463 -0.008637 0.020431
v -0.004494 -0.005445 0.021684
v -0.003816 0.000120 0.023772
v -0.002777 0.004859 0.024784
v -0.005849 0.008162 0.023681
v -0.010020 0.008848 0.021128
v -0.009352 0.009994 0.019228
v -0.009631 0.009454 0.019053
v -0.009720 0.009356 0.021305
v -0.005195 0.009986 0.021782
v -0.002483 0.009476 0.012650
v -0.004873 0.010968 0.016122
v -0.000967 0.011648 0.015760
v -0.004814 0.010949 0.019544
v -0.000648 0.011565 0.019648
v -0.001097 0.010238 0.022175
v -0.001845 0.008140 0.023863
v -0.006597 0.005094 0.024890
v -0.003816 0.000120 0.023772
v -0.002777 0.004859 0.024784
v -0.007413 0.000131 0.024069
v 0.008100 -0.000133 -0.032325
v 0.008950 -0.002761 -0.036045
v 0.010458 -0.002443 -0.035581
v 0.012472 -0.001017 -0.033591
v 0.012736 -0.000076 -0.032316
v 0.011686 -0.001848 -0.034722
v 0.005745 0.002385 -0.029227
v 0.004521 0.001769 -0.030080
v 0.007341 -0.002749 -0.036076
v 0.005830 -0.002395 -0.035678
v 0.004572 -0.001764 -0.034865
v 0.003760 -0.000924 -0.033762
v 0.003469 0.000020 -0.032489
v 0.003729 0.000956 -0.031223
v 0.007250 0.002690 -0.028750
v 0.008863 0.002674 -0.028719
v 0.010379 0.002336 -0.029136
v 0.011625 0.001711 -0.029945
v 0.012442 0.000867 -0.031050
v 0.013122 -0.008791 -0.033727
v 0.009059 -0.006941 -0.035174
v 0.012150 -0.006190 -0.034006
v 0.009201 -0.009734 -0.035186
v 0.015678 -0.006633 -0.030716
v 0.015783 -0.003775 -0.026864
v 0.014141 -0.004479 -0.031634
v 0.014224 -0.002235 -0.028599
v 0.011139 -0.004354 -0.033744
v 0.012602 -0.003100 -0.031990
v 0.012665 -0.001432 -0.029733
v 0.010201 -0.003127 -0.033319
v 0.011247 -0.002264 -0.032107
v 0.011297 -0.001060 -0.030479
v 0.010220 -0.000063 -0.029177
v 0.011058 0.000063 -0.027675
v 0.012056 -0.000249 -0.025834
v 0.008369 0.000636 -0.024770
v 0.008334 0.000720 -0.026888
v 0.008309 0.000432 -0.028571
v 0.005749 0.000326 -0.027612
v 0.006417 0.000154 -0.029019
v 0.005207 -0.000623 -0.030109
v 0.003979 -0.000779 -0.029157
v 0.004750 -0.001880 -0.031812
v 0.003367 -0.002534 -0.031587
v 0.005591 -0.002894 -0.033145
v 0.006495 -0.004772 -0.034494
v 0.004508 -0.003955 -0.033464
v 0.006994 -0.003465 -0.033862
v 0.008835 -0.004915 -0.034617
v 0.008673 -0.003557 -0.033932
v 0.001698 -0.003727 -0.031085
v 0.003237 -0.005655 -0.033609
v 0.005927 -0.006757 -0.035002
v 0.001937 -0.008116 -0.033183
v -0.000011 -0.005694 -0.030014
v 0.001055 -0.002710 -0.025934
v 0.002523 -0.001374 -0.027824
v 0.004095 -0.000796 -0.023265
v 0.004915 0.000135 -0.025744
v 0.008362 -0.000136 -0.022244
v 0.013009 -0.001257 -0.023569
v 0.005381 -0.009507 -0.034961
v 0.010201 -0.003127 -0.033319
v 0.011204 -0.000914 -0.033274
v 0.011247 -0.002264 -0.032107
v 0.010127 -0.001739 -0.034443
v 0.008673 -0.003557 -0.033932
v 0.008625 -0.002102 -0.034979
v 0.006994 -0.003465 -0.033862
v 0.007040 -0.001997 -0.034895
v 0.005698 -0.001471 -0.034232
v 0.005591 -0.002894 -0.033145
v 0.004843 -0.000519 -0.032969
v 0.004750 -0.001880 -0.031812
v 0.005197 0.000729 -0.031275
v 0.005207 -0.000623 -0.030109
v 0.006369 0.001541 -0.030144
v 0.006417 0.000154 -0.029019
v 0.008299 0.001852 -0.029659
v 0.008309 0.000432 -0.028571
v 0.010220 -0.000063 -0.029177
v 0.010278 0.001342 -0.030284
v 0.011297 -0.001060 -0.030479
v 0.011334 0.000297 -0.031641
v 0.011667 0.004411 -0.031974
v 0.012696 0.003841 -0.033157
v 0.012483 0.003585 -0.033062
v 0.010442 0.005039 -0.031174
v 0.011841 0.004707 -0.032016
v 0.010556 0.005363 -0.031176
v 0.012719 0.004662 -0.031044
v 0.011112 0.005478 -0.029996
v 0.011336 0.004757 -0.028908
v 0.009149 0.005928 -0.029457
v 0.009210 0.005242 -0.028331
v 0.009102 0.003960 -0.028012
v 0.007068 0.005948 -0.029504
v 0.006948 0.005265 -0.028375
v 0.007016 0.003985 -0.028053
v 0.011058 0.003515 -0.028544
v 0.012668 0.002705 -0.029590
v 0.010379 0.002336 -0.029136
v 0.008863 0.002674 -0.028719
v 0.007250 0.002690 -0.028750
v 0.005066 0.003575 -0.028660
v 0.005745 0.002385 -0.029227
v 0.003487 0.002803 -0.029768
v 0.004521 0.001769 -0.030080
v 0.002462 0.001734 -0.031237
v 0.003729 0.000956 -0.031223
v 0.002118 0.000521 -0.032888
v 0.003469 0.000020 -0.032489
v 0.003760 -0.000924 -0.033762
v 0.002499 -0.000707 -0.034529
v 0.001628 0.001506 -0.033619
v 0.002039 0.000174 -0.035401
v 0.003558 -0.001790 -0.035953
v 0.004572 -0.001764 -0.034865
v 0.004931 -0.001884 -0.038085
v 0.003183 -0.001008 -0.036947
v 0.005170 -0.002607 -0.036999
v 0.005830 -0.002395 -0.035678
v 0.007063 -0.002371 -0.038669
v 0.007123 -0.003052 -0.037530
v 0.007341 -0.002749 -0.036076
v 0.007176 -0.001097 -0.038997
v 0.005210 -0.000651 -0.038461
v 0.007385 0.000067 -0.038426
v 0.003600 0.000166 -0.037413
v 0.005803 0.000422 -0.038008
v 0.004657 0.000957 -0.036891
v 0.004495 0.001085 -0.037165
v 0.005904 0.000325 -0.037695
v 0.007415 -0.000014 -0.038095
v 0.003632 0.001968 -0.036008
v 0.002538 0.001253 -0.035984
v 0.002165 0.002482 -0.034342
v 0.003334 0.002958 -0.034671
v 0.002506 0.003702 -0.032682
v 0.003530 0.004766 -0.031217
v 0.003599 0.003946 -0.033348
v 0.001996 0.002821 -0.031827
v 0.003115 0.003983 -0.030239
v 0.004831 0.004828 -0.029039
v 0.005116 0.005543 -0.030113
v 0.005705 0.005436 -0.031264
v 0.004424 0.004806 -0.032160
v 0.005810 0.005109 -0.031259
v 0.004589 0.004509 -0.032113
v 0.003802 0.003687 -0.033244
v 0.003549 0.002746 -0.034512
v 0.003834 0.001797 -0.035786
v 0.007327 0.005411 -0.030789
v 0.008927 0.005383 -0.030762
v 0.007291 0.005753 -0.030773
v 0.008968 0.005726 -0.030746
v 0.011625 0.001711 -0.029945
v 0.013726 0.001619 -0.031016
v 0.012442 0.000867 -0.031050
v 0.014107 0.000394 -0.032654
v 0.012736 -0.000076 -0.032316
v 0.012472 -0.001017 -0.033591
v 0.013765 -0.000825 -0.034309
v 0.014272 0.000036 -0.035165
v 0.014642 0.001362 -0.033369
v 0.012739 -0.001891 -0.035775
v 0.011158 -0.002671 -0.036880
v 0.011438 -0.001958 -0.037961
v 0.011686 -0.001848 -0.034722
v 0.013161 -0.001117 -0.036760
v 0.012789 0.000072 -0.037230
v 0.011911 0.001011 -0.036999
v 0.013820 0.001131 -0.035763
v 0.010640 0.000378 -0.037903
v 0.011214 -0.000718 -0.038339
v 0.009257 -0.001114 -0.038949
v 0.009072 0.000050 -0.038401
v 0.009324 -0.002396 -0.038622
v 0.007063 -0.002371 -0.038669
v 0.009204 -0.003077 -0.037489
v 0.007123 -0.003052 -0.037530
v 0.008950 -0.002761 -0.036045
v 0.010458 -0.002443 -0.035581
v 0.007341 -0.002749 -0.036076
v 0.007176 -0.001097 -0.038997
v 0.007385 0.000067 -0.038426
v 0.007415 -0.000014 -0.038095
v 0.009026 -0.000031 -0.038071
v 0.010521 0.000281 -0.037596
v 0.011734 0.000884 -0.036732
v 0.012517 0.001700 -0.035603
v 0.012731 0.001865 -0.035818
v 0.013001 0.002838 -0.034493
v 0.014161 0.002352 -0.034109
v 0.013778 0.003577 -0.032467
v 0.014230 0.002694 -0.031583
v 0.013080 0.003874 -0.030043
v 0.012775 0.002629 -0.034338
v 0.012483 0.003585 -0.033062
v 0.010099 0.003385 -0.032875
v 0.011667 0.004411 -0.031974
v 0.010552 0.002926 -0.033478
v 0.008152 0.002366 -0.034191
v 0.010714 0.002397 -0.034187
v 0.010571 0.001880 -0.034889
v 0.012517 0.001700 -0.035603
v 0.012775 0.002629 -0.034338
v 0.011734 0.000884 -0.036732
v 0.010521 0.000281 -0.037596
v 0.010136 0.001427 -0.035514
v 0.009463 0.001090 -0.035993
v 0.008635 0.000917 -0.036255
v 0.009026 -0.000031 -0.038071
v 0.007415 -0.000014 -0.038095
v 0.005904 0.000325 -0.037695
v 0.006901 0.001115 -0.036047
v 0.007740 0.000928 -0.036270
v 0.006209 0.001464 -0.035601
v 0.005753 0.001931 -0.034988
v 0.004657 0.000957 -0.036891
v 0.003834 0.001797 -0.035786
v 0.003549 0.002746 -0.034512
v 0.005595 0.002458 -0.034281
v 0.005736 0.002979 -0.033575
v 0.003802 0.003687 -0.033244
v 0.006172 0.003434 -0.032947
v 0.006849 0.003767 -0.032474
v 0.004589 0.004509 -0.032113
v 0.005810 0.005109 -0.031259
v 0.007327 0.005411 -0.030789
v 0.008927 0.005383 -0.030762
v 0.007691 0.003937 -0.032215
v 0.008579 0.003924 -0.032202
v 0.009420 0.003733 -0.032431
v 0.010442 0.005039 -0.031174
v 0.010552 0.002926 -0.033478
v 0.012775 0.002629 -0.034338
v 0.010714 0.002397 -0.034187
v 0.010552 0.002926 -0.033478
v 0.012775 0.002629 -0.034338
v 0.012483 0.003585 -0.033062
v -0.010850 -0.023566 -0.039992
v -0.014491 -0.026307 -0.039882
v -0.014103 -0.023223 -0.039176
v -0.010980 -0.026790 -0.040733
v -0.001270 -0.034854 -0.021606
v -0.004417 -0.037605 -0.020069
v -0.005395 -0.036274 -0.021584
v -0.005293 -0.033914 -0.024431
v -0.000146 -0.032507 -0.024300
v 0.000160 -0.034930 -0.020822
v 0.000684 -0.035586 -0.019872
v 0.002501 -0.031701 -0.023978
v -0.000289 -0.030354 -0.028180
v 0.002681 -0.029526 -0.028103
v 0.004286 -0.031067 -0.023790
v 0.004458 -0.028908 -0.028276
v 0.001201 -0.035558 -0.019079
v 0.004749 -0.030801 -0.023451
v 0.004944 -0.028514 -0.028208
v 0.005500 -0.026370 -0.027319
v 0.005280 -0.027967 -0.020953
v 0.005887 -0.023962 -0.018675
v 0.001639 -0.031281 -0.015251
v 0.005988 -0.023700 -0.026316
v 0.002811 -0.024172 -0.032929
v 0.002465 -0.027653 -0.033496
v -0.001350 -0.024467 -0.037243
v -0.001293 -0.027391 -0.037611
v -0.005020 -0.024303 -0.039486
v -0.008242 -0.023883 -0.039998
v -0.004910 -0.027243 -0.039986
v -0.008287 -0.027005 -0.040680
v -0.005134 -0.027694 -0.039331
v -0.003027 -0.028111 -0.036671
v -0.001614 -0.027833 -0.037161
v -0.004942 -0.027919 -0.037986
v -0.008611 -0.027842 -0.038019
v -0.008383 -0.027453 -0.040042
v -0.010950 -0.027200 -0.040149
v -0.011066 -0.027697 -0.037927
v -0.010980 -0.026790 -0.040733
v -0.014373 -0.026717 -0.039330
v -0.017691 -0.026487 -0.036311
v -0.014491 -0.026307 -0.039882
v -0.018233 -0.026034 -0.037561
v -0.014081 -0.027283 -0.037272
v -0.014432 -0.028085 -0.034402
v -0.011033 -0.028618 -0.035074
v -0.008083 -0.028538 -0.035557
v -0.010579 -0.030371 -0.031099
v -0.010049 -0.032207 -0.027851
v -0.006600 -0.029966 -0.031517
v -0.014691 -0.031860 -0.026689
v -0.014896 -0.029799 -0.030157
v -0.019221 -0.028719 -0.028997
v -0.018021 -0.027148 -0.033654
v -0.020177 -0.026334 -0.033559
v -0.021800 -0.027824 -0.028524
v -0.023880 -0.026885 -0.028572
v -0.021508 -0.025582 -0.034362
v -0.021860 -0.025108 -0.034690
v -0.024353 -0.026441 -0.028472
v -0.024461 -0.029658 -0.022968
v -0.024027 -0.023583 -0.027333
v -0.021368 -0.021853 -0.034183
v -0.018223 -0.022591 -0.037243
v -0.023535 -0.020903 -0.026472
v -0.022865 -0.021191 -0.018142
v -0.023759 -0.025280 -0.020421
v -0.021229 -0.028706 -0.015478
v -0.015229 -0.026026 -0.008787
v -0.017462 -0.032104 -0.012421
v -0.022470 -0.033709 -0.019316
v -0.019745 -0.023410 -0.012244
v -0.023879 -0.030011 -0.023418
v -0.019081 -0.037516 -0.016993
v -0.018632 -0.037315 -0.018109
v -0.021799 -0.033950 -0.020048
v -0.021702 -0.030603 -0.024077
v -0.019894 -0.034044 -0.020969
v -0.016336 -0.036267 -0.020329
v -0.017686 -0.034147 -0.022072
v -0.017319 -0.036885 -0.019197
v -0.019105 -0.031099 -0.025126
v -0.014258 -0.039860 -0.017673
v -0.013676 -0.038678 -0.019000
v -0.008816 -0.039108 -0.019563
v -0.013153 -0.037208 -0.020646
v -0.008722 -0.040497 -0.018300
v -0.014370 -0.040358 -0.016347
v -0.003402 -0.038605 -0.018907
v -0.008422 -0.041125 -0.016940
v -0.002877 -0.038889 -0.017822
v -0.006951 -0.034619 -0.011939
v -0.012214 -0.034239 -0.011454
v -0.010370 -0.027504 -0.008149
v -0.005729 -0.027665 -0.008781
v -0.002282 -0.033374 -0.013311
v -0.001314 -0.026828 -0.010195
v 0.002278 -0.025611 -0.012182
v -0.009117 -0.037398 -0.021184
v -0.013773 -0.034560 -0.023423
v -0.009523 -0.034759 -0.024278
v -0.018509 -0.025602 -0.037959
v -0.014103 -0.023223 -0.039176
v -0.001930 -0.029214 -0.031861
v -0.005607 -0.031518 -0.028130
v -0.004890 -0.028320 -0.036032
v 0.000681 -0.028580 -0.032337
v 0.002082 -0.028065 -0.033248
v -0.010850 -0.023566 -0.039992
vn 0.066193 0.862588 -0.501557
vn 0.112048 0.828498 -0.548668
vn 0.014562 0.858169 -0.513161
vn 0.130294 0.827826 -0.545645
vn -0.015433 0.880049 -0.474632
vn -0.083075 0.876145 -0.474835
vn -0.028844 0.866721 -0.497958
vn -0.033510 0.866293 -0.498411
vn -0.008317 0.813741 -0.581168
vn 0.122125 0.781600 -0.611709
vn 0.088737 0.754159 -0.650668
vn 0.021625 0.750618 -0.660382
vn -0.005829 0.742273 -0.670073
vn -0.081844 0.770171 -0.632565
vn -0.099454 0.808558 -0.579951
vn -0.125042 0.823455 -0.553431
vn 0.002528 0.757477 -0.652857
vn -0.091344 0.857251 -0.506732
vn -0.128360 0.854261 -0.503748
vn -0.133018 0.825152 -0.549027
vn -0.119555 0.786908 -0.605377
vn -0.081791 0.754019 -0.651741
vn -0.035127 0.735444 -0.676674
vn 0.017547 0.729816 -0.683418
vn 0.071204 0.734462 -0.674904
vn 0.118692 0.753563 -0.646572
vn 0.147781 0.785213 -0.601333
vn 0.910967 0.227868 0.343824
vn 0.592872 0.477521 0.648442
vn 0.579818 0.478992 0.659073
vn 0.916978 0.230555 0.325569
vn 0.992864 -0.092194 -0.075637
vn 0.991597 -0.085066 -0.097459
vn 0.812696 -0.368699 -0.451206
vn 0.804472 -0.356184 -0.475350
vn 0.472718 -0.535983 -0.699471
vn 0.462372 -0.523295 -0.715803
vn 0.085447 -0.593855 -0.800022
vn 0.079686 -0.592067 -0.801939
vn -0.347087 -0.558721 -0.753234
vn -0.343834 -0.552668 -0.759168
vn -0.690434 -0.429371 -0.582187
vn -0.691233 -0.420856 -0.587433
vn -0.915025 -0.220944 -0.337510
vn -0.911410 -0.231809 -0.339995
vn -0.997080 0.060163 0.047023
vn -0.996028 0.066624 0.059072
vn -0.841539 0.334067 0.424513
vn -0.837111 0.334877 0.432554
vn -0.628039 0.214175 0.748128
vn -0.627389 0.664587 0.405840
vn 0.242245 0.417176 0.875946
vn 0.229244 0.724993 0.649486
vn -0.130297 0.594783 0.793256
vn -0.130170 0.594163 0.793742
vn -0.138543 0.586685 0.797876
vn -0.120993 0.602631 0.788794
vn 0.055570 0.840799 -0.538487
vn 0.026455 0.852215 -0.522522
vn -0.006488 0.813612 -0.581373
vn 0.038132 0.851396 -0.523136
vn -0.087479 0.852819 -0.514828
vn -0.065320 0.866687 -0.494558
vn -0.070026 0.868426 -0.490848
vn -0.111376 0.868188 -0.483575
vn -0.108633 0.846628 -0.520980
vn -0.133681 0.840263 -0.525440
vn -0.132645 0.811491 -0.569112
vn -0.115864 0.821841 -0.557811
vn -0.091293 0.804047 -0.587515
vn -0.073398 0.775961 -0.626496
vn -0.106919 0.773111 -0.625195
vn -0.070698 0.742768 -0.665806
vn -0.013105 0.728977 -0.684413
vn -0.026772 0.742756 -0.669027
vn 0.051348 0.725945 -0.685833
vn 0.004404 0.750096 -0.661314
vn 0.068706 0.740403 -0.668642
vn 0.110897 0.761573 -0.638520
vn 0.139670 0.762435 -0.631811
vn 0.101758 0.736170 -0.669103
vn 0.149151 0.793966 -0.589382
vn 0.113177 0.823599 -0.555766
vn 0.122172 0.832806 -0.539915
vn 0.113371 0.786297 -0.607358
vn 0.087621 0.862648 -0.498157
vn 0.905464 0.242927 0.348025
vn 0.910209 0.218846 0.351605
vn 0.650480 0.515057 0.558205
vn 0.640457 0.512772 0.571734
vn 0.999585 -0.026316 0.011749
vn 0.999810 -0.019141 -0.003756
vn 0.914460 -0.263645 -0.307008
vn 0.909313 -0.255558 -0.328390
vn 0.652562 -0.472933 -0.592029
vn 0.643966 -0.459793 -0.611471
vn 0.279453 -0.580278 -0.764973
vn 0.271121 -0.566752 -0.778001
vn -0.154744 -0.585525 -0.795748
vn -0.159585 -0.582432 -0.797061
vn -0.567297 -0.483454 -0.666668
vn -0.567192 -0.487185 -0.664036
vn -0.843485 -0.303167 -0.443422
vn -0.840705 -0.301090 -0.450066
vn -0.993622 -0.054147 -0.098915
vn -0.994721 -0.044155 -0.092628
vn -0.943100 0.215925 0.252861
vn -0.941081 0.219480 0.257284
vn -0.681979 0.449582 0.576872
vn -0.679662 0.445826 0.582494
vn -0.227210 0.583439 0.779727
vn -0.236789 0.581658 0.778206
vn 0.209232 0.567214 0.796549
vn 0.208629 0.594829 0.776307
vn -0.025988 0.884216 -0.466355
vn -0.027570 0.883415 -0.467779
vn -0.011368 0.874285 -0.485279
vn -0.036183 0.887074 -0.460207
vn -0.621185 0.080465 0.779522
vn -0.797659 0.116763 0.591697
vn -0.734960 0.070402 0.674446
vn -0.667686 0.205595 0.715490
vn -0.412339 0.208667 0.886811
vn -0.454379 0.377484 0.806874
vn -0.274205 0.266602 0.923978
vn -0.051671 0.405168 0.912781
vn -0.154644 0.489401 0.858237
vn 0.223321 0.445076 0.867199
vn 0.086495 0.585239 0.806235
vn 0.483124 0.489676 0.725816
vn 0.639649 0.490878 0.591513
vn 0.444303 0.557051 0.701634
vn 0.619449 0.630684 0.467462
vn 0.247534 0.738436 0.627247
vn 0.381459 0.810212 0.445023
vn 0.017360 0.894055 0.447621
vn -0.130338 0.773185 0.620642
vn -0.641306 0.658759 0.393400
vn -0.447308 0.636201 0.628621
vn -0.345585 0.826786 0.443842
vn -0.729511 0.653386 0.202235
vn -0.448681 0.860347 0.241843
vn -0.469111 0.877579 0.098942
vn -0.758770 0.645233 0.089122
vn 0.003146 0.975102 0.221735
vn 0.367296 0.893303 0.259044
vn 0.445213 0.892309 0.074630
vn -0.010578 0.996935 0.077510
vn 0.471592 0.881433 -0.026002
vn -0.465982 0.884315 0.029126
vn -0.001072 0.999999 -0.000405
vn 0.004710 0.998828 -0.048173
vn 0.089239 0.993775 -0.066692
vn -0.445504 0.895175 -0.013690
vn 0.512065 0.855187 -0.080278
vn 0.768161 0.633621 -0.091942
vn 0.538438 0.835345 -0.110824
vn 0.761934 0.646886 -0.031561
vn 0.760223 0.646765 0.061293
vn 0.864140 0.502709 0.023342
vn 0.876812 0.479664 -0.033513
vn 0.803974 0.588815 -0.083204
vn 0.769480 0.631275 -0.096913
vn 0.822123 0.561963 -0.091165
vn 0.828811 0.555320 -0.068507
vn 0.768458 0.634737 -0.081130
vn 0.547661 0.825823 -0.134476
vn 0.750515 0.658778 -0.052336
vn 0.524941 0.841226 -0.129522
vn 0.188315 0.977067 -0.099382
vn 0.192539 0.970436 -0.145544
vn 0.421133 0.903282 -0.082031
vn 0.117397 0.979759 -0.162140
vn 0.713960 0.699211 0.036957
vn 0.652085 0.754227 -0.076982
vn 0.305421 0.932223 -0.194110
vn 0.550625 0.825559 0.123547
vn 0.287536 0.934549 -0.209623
vn 0.268721 0.927109 -0.261262
vn 0.127774 0.969744 -0.208017
vn 0.372856 0.890361 -0.261219
vn 0.465090 0.859716 -0.211139
vn 0.469002 0.857903 -0.209857
vn 0.450528 0.848226 -0.278457
vn 0.769110 0.635815 0.064879
vn 0.815705 0.571199 0.091418
vn 0.748661 0.662659 0.019752
vn 0.841216 0.512980 0.170901
vn 0.562020 0.765129 -0.314183
vn 0.493711 0.821425 -0.285499
vn 0.806939 0.590281 0.020445
vn 0.853700 0.520398 -0.019558
vn 0.107442 0.965772 -0.236093
vn -0.036303 0.990299 -0.134129
vn -0.121224 0.992398 -0.021235
vn -0.297477 0.891781 0.340930
vn -0.088806 0.996031 -0.005893
vn -0.351029 0.887905 0.297327
vn -0.177311 0.983470 -0.036720
vn 0.147514 0.984690 -0.092869
vn -0.261868 0.963783 -0.050482
vn -0.537429 0.834928 0.118595
vn -0.742793 0.641582 0.191391
vn -0.555897 0.615026 0.559215
vn -0.608803 0.792822 0.028156
vn -0.689568 0.724176 0.008040
vn -0.808062 0.588179 0.032895
vn -0.797959 0.598798 0.068571
vn -0.922995 0.314694 -0.221469
vn -0.967685 -0.092391 0.234627
vn -0.736613 0.302750 0.604768
vn -0.028969 -0.967858 0.249823
vn -0.562890 -0.818728 0.113311
vn -0.731064 0.139222 0.667954
vn -0.736576 0.427290 0.524290
vn -0.386067 0.192067 0.902254
vn -0.229627 0.414743 0.880488
vn -0.492621 0.109043 0.863385
vn -0.396327 -0.183082 0.899670
vn -0.492345 0.064921 0.867976
vn -0.478960 -0.048756 0.876482
vn -0.624175 -0.401590 0.670173
vn 0.073618 -0.556732 0.827424
vn 0.216183 -0.865804 0.451274
vn 0.183220 -0.981772 0.050532
vn 0.048865 -0.926703 -0.372604
vn -0.008919 -0.642612 -0.766140
vn -0.091306 -0.736456 -0.670295
vn -0.180552 -0.344441 -0.921283
vn -0.988593 -0.137783 -0.060833
vn -0.931830 0.362563 0.015527
vn -0.955897 0.287945 0.057874
vn -0.874725 0.484073 0.023001
vn -0.886851 0.459982 0.043726
vn -0.751745 0.659249 0.016413
vn -0.762842 0.645317 0.040468
vn -0.892432 0.444367 0.078123
vn -0.954065 0.288219 0.081794
vn -0.947855 0.286673 0.139246
vn -0.875903 0.459169 0.148184
vn -0.832670 0.451541 0.320581
vn -0.918854 0.299999 0.256337
vn -0.895898 0.137779 0.422356
vn -0.959086 0.160181 0.233445
vn -0.828996 0.290037 0.478168
vn -0.668954 0.456646 0.586493
vn -0.929404 -0.045074 0.366301
vn -0.979655 0.148793 0.134671
vn -0.969128 -0.040918 0.243140
vn -0.986913 -0.032729 0.157898
vn -0.919322 -0.109803 0.377876
vn -0.961409 -0.120637 0.247265
vn -0.978341 -0.125695 0.164466
vn -0.993889 -0.014181 0.109471
vn -0.986211 -0.113547 0.120397
vn -0.997009 -0.021004 0.074373
vn -0.989006 -0.121090 0.084880
vn -0.997573 -0.020815 0.066444
vn -0.990061 -0.125469 0.063536
vn -0.998556 0.027947 0.045884
vn -0.944326 -0.185851 -0.271493
vn -0.722411 0.519314 -0.456547
vn -0.679859 0.582246 -0.445848
vn -0.979250 -0.003439 -0.202626
vn -0.588276 0.374508 -0.716711
vn -0.984406 0.167515 0.053690
vn -0.985026 0.154592 0.076321
vn -0.953008 0.297100 0.059227
vn -0.985148 0.147074 0.088614
vn -0.129648 0.272475 -0.953388
vn -0.042775 -0.112636 -0.992715
vn -0.191969 0.348622 -0.917393
vn -0.236031 0.356881 -0.903839
vn -0.234941 0.323022 -0.916766
vn -0.835647 -0.044034 0.547499
vn -0.858133 0.002863 0.513419
vn 0.259223 -0.652664 0.711923
vn -0.285689 0.026228 0.957963
vn -0.467154 -0.116205 0.876506
vn -0.317426 -0.100000 0.942996
vn -0.441046 -0.213554 0.871707
vn -0.429901 -0.496721 0.753958
vn -0.357808 -0.238657 0.902782
vn -0.430763 -0.366203 0.824826
vn -0.385409 -0.362722 0.848465
vn -0.361981 -0.420738 0.831835
vn -0.510925 -0.422235 0.748781
vn -0.534807 -0.410350 0.738644
vn 0.684410 -0.131175 0.717200
vn -0.084100 -0.104039 0.991011
vn 0.729751 -0.277499 0.624866
vn 0.507425 -0.353182 0.785992
vn -0.226858 -0.480925 0.846904
vn -0.279671 -0.179998 0.943072
vn 0.428539 -0.413009 0.803603
vn 0.423600 -0.410865 0.807312
vn 0.399379 -0.503088 0.766419
vn 0.369819 -0.447823 0.814057
vn 0.407085 -0.507983 0.759102
vn -0.402979 -0.393541 0.826277
vn -0.510592 -0.372875 0.774764
vn -0.473860 -0.317794 0.821257
vn -0.489543 -0.166810 0.855875
vn -0.598194 -0.247844 0.762061
vn -0.426556 -0.217097 0.878020
vn -0.348033 -0.130109 0.928410
vn -0.421244 -0.061435 0.904864
vn -0.298104 -0.028973 0.954094
vn -0.438428 0.006098 0.898746
vn -0.565519 -0.099723 0.818684
vn -0.253244 0.207455 0.944897
vn -0.753517 0.212640 0.622090
vn -0.321831 0.061903 0.944771
vn -0.243420 0.131727 0.960934
vn -0.208438 0.323103 0.923124
vn -0.299469 0.837670 0.456757
vn -0.067147 0.860479 0.505042
vn -0.387353 0.720700 0.574934
vn -0.272129 0.696153 0.664317
vn -0.086916 0.960452 0.264532
vn -0.331771 0.940439 0.074172
vn -0.256522 0.966274 0.022595
vn -0.189326 0.979948 -0.062118
vn -0.204978 0.974517 0.091109
vn -0.052775 0.983052 -0.175568
vn -0.411057 0.904009 0.117477
vn -0.502016 0.856747 0.118168
vn -0.593665 0.794093 0.130298
vn -0.410646 0.773343 0.483023
vn -0.773871 0.599256 0.204978
vn -0.880295 0.438090 0.182094
vn -0.871471 0.037056 0.489045
vn -0.932562 0.001715 0.361005
vn -0.656130 -0.186125 0.731335
vn -0.681847 -0.043463 0.730203
vn -0.735544 0.673441 0.073841
vn -0.697009 -0.238230 0.676332
vn -0.630046 -0.311451 0.711365
vn -0.677712 0.728833 0.097513
vn -0.708954 0.702448 0.062856
vn -0.364953 0.930685 -0.025188
vn 0.836698 0.524348 0.158101
vn 0.699658 0.653589 0.288618
vn 0.813798 0.520545 0.258390
vn 0.753122 0.534177 0.384007
vn 0.002537 0.796231 -0.604988
vn 0.008037 0.785605 -0.618676
vn 0.008685 0.785579 -0.618700
vn 0.005321 0.802471 -0.596667
vn 0.003510 0.796539 -0.604577
vn 0.005154 0.802766 -0.596272
vn 0.011408 0.806293 -0.591406
vn 0.013410 0.805296 -0.592721
vn 0.016340 0.808465 -0.588317
vn 0.016543 0.808720 -0.587960
vn 0.021781 0.811139 -0.584448
vn 0.021152 0.811263 -0.584298
vn 0.029314 0.808949 -0.587148
vn 0.031041 0.810825 -0.584465
vn 0.046125 0.807479 -0.588090
vn 0.045514 0.807656 -0.587895
vn 0.059943 0.796552 -0.601590
vn 0.061621 0.796350 -0.601689
vn 0.062588 0.785480 -0.615714
vn 0.061994 0.785400 -0.615877
vn 0.049836 0.774542 -0.630557
vn 0.049725 0.774800 -0.630248
vn 0.020984 0.775423 -0.631093
vn 0.020834 0.774978 -0.631644
vn -0.006311 0.807286 -0.590127
vn -0.018666 0.804287 -0.593948
vn -0.004859 0.807229 -0.590219
vn 0.008929 0.806319 -0.591414
vn 0.011705 0.806799 -0.590710
vn -0.018679 0.804111 -0.594186
vn -0.009388 0.800467 -0.599303
vn 0.015197 0.810557 -0.585462
vn 0.016123 0.809872 -0.586385
vn -0.008644 0.799464 -0.600652
vn 0.016567 0.824419 -0.565737
vn 0.009922 0.824706 -0.565474
vn 0.003734 0.821430 -0.570297
vn 0.002989 0.811367 -0.584529
vn 0.002024 0.810657 -0.585518
vn 0.002911 0.821163 -0.570686
vn 0.010456 0.806099 -0.591689
vn 0.014784 0.805178 -0.592849
vn 0.014862 0.805103 -0.592949
vn 0.010338 0.806056 -0.591749
vn 0.013315 0.805188 -0.592870
vn 0.015234 0.806038 -0.591668
vn 0.013425 0.805622 -0.592278
vn 0.015075 0.805998 -0.591726
vn 0.014304 0.805635 -0.592239
vn 0.015454 0.805194 -0.592810
vn -0.020964 0.791741 -0.610497
vn -0.039201 0.799312 -0.599636
vn -0.038573 0.800259 -0.598413
vn -0.022210 0.791028 -0.611377
vn 0.002968 0.793674 -0.608336
vn 0.011537 0.795404 -0.605970
vn 0.013287 0.805198 -0.592857
vn 0.019300 0.804391 -0.593787
vn 0.014999 0.803083 -0.595678
vn 0.015938 0.802528 -0.596401
vn 0.015443 0.802653 -0.596246
vn 0.016253 0.802755 -0.596087
vn 0.020888 0.805291 -0.592512
vn 0.020585 0.805939 -0.591641
vn 0.015596 0.805841 -0.591927
vn 0.015378 0.804897 -0.593215
vn 0.007343 0.808957 -0.587822
vn 0.006336 0.808477 -0.588493
vn 0.001474 0.817462 -0.575981
vn 0.008382 0.820162 -0.572070
vn 0.006540 0.826176 -0.563374
vn 0.015928 0.826876 -0.562159
vn 0.019763 0.816629 -0.576824
vn 0.022000 0.816394 -0.577077
vn 0.011250 0.803774 -0.594828
vn 0.010723 0.804323 -0.594096
vn -0.016665 0.801464 -0.597811
vn -0.017116 0.802569 -0.596313
vn 0.025871 0.803403 -0.594873
vn 0.024293 0.802656 -0.595948
vn 0.025911 0.803422 -0.594846
vn 0.027458 0.804126 -0.593824
vn 0.024292 0.802654 -0.595950
vn 0.023975 0.803233 -0.595182
vn 0.023979 0.803225 -0.595193
vn 0.024030 0.803680 -0.594576
vn 0.024410 0.803353 -0.595003
vn 0.021353 0.803639 -0.594734
vn 0.024027 0.803681 -0.594575
vn 0.017125 0.803460 -0.595112
vn 0.017029 0.804023 -0.594354
vn 0.017118 0.803458 -0.595116
vn 0.016970 0.803971 -0.594427
vn 0.018993 0.800150 -0.599499
vn 0.018532 0.804766 -0.593302
vn 0.017758 0.801252 -0.598063
vn 0.014383 0.802755 -0.596136
vn 0.017774 0.801241 -0.598078
vn 0.014376 0.802757 -0.596133
vn 0.012647 0.803138 -0.595658
vn 0.012648 0.803140 -0.595656
vn 0.027458 0.804128 -0.593822
vn -0.147007 0.742897 -0.653064
vn -0.157664 0.759668 -0.630910
vn -0.159269 0.758800 -0.631550
vn -0.150131 0.741619 -0.653805
vn -0.143494 0.722237 -0.676596
vn -0.146514 0.720430 -0.677875
vn -0.127942 0.703861 -0.698721
vn -0.128203 0.703843 -0.698691
vn -0.112040 0.697830 -0.707446
vn -0.110059 0.699552 -0.706055
vn -0.145139 0.712169 -0.686841
vn -0.146649 0.709518 -0.689259
vn -0.220934 0.728697 -0.648220
vn -0.217102 0.741292 -0.635101
vn -0.266659 0.757151 -0.596335
vn -0.265154 0.770610 -0.579529
vn -0.250362 0.793218 -0.555090
vn -0.251189 0.798267 -0.547425
vn -0.210542 0.807655 -0.550786
vn -0.210192 0.806601 -0.552462
vn -0.175133 0.813070 -0.555198
vn -0.173944 0.810631 -0.559125
vn -0.141260 0.823997 -0.548703
vn -0.140379 0.823396 -0.549829
vn -0.112538 0.837211 -0.535176
vn -0.112668 0.837491 -0.534709
vn -0.095946 0.857728 -0.505072
vn -0.093903 0.857077 -0.506559
vn -0.058107 0.873439 -0.483454
vn -0.050065 0.871791 -0.487313
vn -0.028122 0.878415 -0.477070
vn -0.030379 0.878779 -0.476261
vn -0.046361 0.889473 -0.454631
vn -0.062864 0.890530 -0.450560
vn -0.078230 0.902573 -0.423370
vn -0.096237 0.901947 -0.420987
vn -0.103738 0.910057 -0.401291
vn -0.119103 0.908280 -0.401051
vn -0.135451 0.914077 -0.382251
vn -0.141188 0.912888 -0.383017
vn -0.132051 0.921126 -0.366182
vn -0.141014 0.919130 -0.367851
vn -0.082843 0.921892 -0.378486
vn -0.105191 0.916485 -0.385991
vn -0.038080 0.902190 -0.429655
vn -0.016657 0.907879 -0.418900
vn 0.034245 0.883211 -0.467725
vn 0.050615 0.888345 -0.456379
vn 0.094377 0.866128 -0.490832
vn 0.102380 0.869266 -0.483627
vn 0.114929 0.863226 -0.491562
vn 0.114327 0.862987 -0.492121
vn 0.098682 0.864923 -0.492107
vn 0.094472 0.862079 -0.497891
vn 0.072266 0.861973 -0.501778
vn 0.069689 0.859388 -0.506553
vn 0.048124 0.862079 -0.504483
vn 0.048522 0.862009 -0.504566
vn 0.028682 0.866399 -0.498527
vn 0.028488 0.870208 -0.491860
vn 0.009882 0.879324 -0.476121
vn 0.010222 0.880455 -0.474019
vn -0.005797 0.884467 -0.466567
vn -0.006314 0.885569 -0.464465
vn -0.020534 0.881352 -0.472014
vn -0.020411 0.880668 -0.473294
vn -0.037712 0.874624 -0.483332
vn -0.038486 0.876066 -0.480654
vn -0.060271 0.873424 -0.483216
vn -0.065219 0.877345 -0.475407
vn -0.088114 0.875639 -0.474860
vn -0.093423 0.878314 -0.468868
vn -0.110802 0.871326 -0.478031
vn -0.112812 0.872200 -0.475963
vn -0.127486 0.861084 -0.492221
vn -0.128806 0.861378 -0.491362
vn -0.146991 0.849814 -0.506171
vn -0.148800 0.850279 -0.504861
vn -0.160067 0.836420 -0.524195
vn -0.159996 0.836645 -0.523857
vn -0.165655 0.820788 -0.546686
vn -0.165755 0.820362 -0.547294
vn -0.176187 0.804131 -0.567742
vn -0.178887 0.803674 -0.567545
vn -0.183403 0.786161 -0.590182
vn -0.183303 0.786157 -0.590218
vn -0.176031 0.772483 -0.610150
vn -0.171946 0.773445 -0.610096
vn -0.035547 -0.999246 -0.015640
vn -0.074817 -0.986199 -0.147695
vn 0.014312 -0.999595 -0.024611
vn 0.063625 -0.997849 -0.015796
vn -0.081519 -0.984567 -0.154866
vn -0.018285 -0.941035 -0.337813
vn -0.019783 -0.941202 -0.337263
vn 0.057615 -0.918370 -0.391506
vn 0.067241 -0.925698 -0.372240
vn -0.016064 -0.939065 -0.343365
vn -0.161043 -0.932027 -0.324640
vn -0.012836 -0.943432 -0.331319
vn -0.158808 -0.933966 -0.320138
vn -0.247613 -0.908242 -0.337321
vn -0.220443 -0.925124 -0.309113
vn -0.246674 -0.907747 -0.339334
vn -0.231688 -0.924652 -0.302224
vn -0.176796 -0.973260 -0.146656
vn -0.207543 -0.968037 -0.140821
vn -0.244490 -0.969594 -0.010572
vn -0.242101 -0.970202 -0.009756
vn -0.287641 -0.957220 -0.031508
vn -0.332278 -0.941338 -0.058941
vn -0.253699 -0.955727 -0.149071
vn -0.271837 -0.945115 -0.181281
vn -0.200290 -0.954279 -0.221889
vn -0.141577 -0.959254 -0.244513
vn -0.203454 -0.950880 -0.233310
vn -0.141566 -0.959311 -0.244297
vn -0.103163 -0.963901 -0.245465
vn -0.103799 -0.964169 -0.244140
vn -0.060843 -0.973056 -0.222395
vn -0.055487 -0.969805 -0.237488
vn 0.112810 -0.980552 -0.160600
vn 0.083351 -0.988416 -0.126829
vn 0.108626 -0.992946 -0.047533
vn 0.406973 -0.898077 -0.166825
vn -0.011378 -0.992671 -0.120315
vn 0.381460 -0.910697 -0.158490
vn 0.026957 -0.990313 -0.136209
vn -0.682453 -0.729872 0.039313
vn -0.719424 -0.694533 -0.007308
vn -0.890521 -0.435359 0.132043
vn -0.901578 -0.404965 0.152182
vn -0.972183 -0.077959 0.220870
vn -0.969577 -0.101696 0.222662
vn -0.971346 0.064827 0.228658
vn -0.971503 0.088735 0.219792
vn -0.950601 0.209764 0.228814
vn -0.950925 0.243803 0.190529
vn -0.931272 0.317791 0.178160
vn -0.936001 0.338715 0.095779
vn -0.898371 0.429796 0.090577
vn -0.883840 0.466769 0.030875
vn -0.898954 0.435697 0.045277
vn -0.780819 0.624680 -0.009874
vn -0.687733 -0.334874 -0.644114
vn -0.342650 -0.462819 -0.817551
vn -0.343759 -0.480519 -0.806803
vn -0.697596 -0.350872 -0.624699
vn -0.919148 -0.112006 -0.377653
vn -0.933383 -0.135049 -0.332502
vn -0.991335 0.111586 -0.069311
vn -0.996074 0.087689 -0.012155
vn -0.880751 0.388048 0.271470
vn -0.867408 0.361795 0.341625
vn -0.616884 0.554428 0.558628
vn -0.600407 0.509681 0.616228
vn -0.178895 0.652394 0.736464
vn -0.155113 0.625764 0.764434
vn 0.249753 0.624018 0.740422
vn 0.244523 0.611021 0.752902
vn 0.661971 0.470029 0.583838
vn 0.664975 0.489467 0.564118
vn 0.897569 0.280016 0.340532
vn 0.910922 0.296149 0.287259
vn 0.999914 0.013103 0.000784
vn 0.997166 0.047044 -0.058718
vn 0.939253 -0.182131 -0.290915
vn 0.923172 -0.152924 -0.352659
vn 0.742243 -0.370524 -0.558379
vn 0.726322 -0.334759 -0.600327
vn 0.441181 -0.457797 -0.771869
vn 0.457723 -0.488707 -0.742735
vn 0.088625 -0.535175 -0.840079
vn 0.075372 -0.510171 -0.856764
vn 0.020472 0.801401 -0.597778
vn 0.016443 0.804785 -0.593339
vn 0.015819 0.803668 -0.594868
vn 0.020308 0.802072 -0.596882
vn 0.026242 0.800386 -0.598910
vn 0.025705 0.800386 -0.598934
vn 0.025653 0.802692 -0.595842
vn 0.026670 0.802557 -0.595979
vn 0.026067 0.801243 -0.597770
vn 0.025939 0.801186 -0.597852
vn 0.024185 0.799819 -0.599754
vn 0.025076 0.799325 -0.600375
vn 0.023052 0.798168 -0.601994
vn 0.022999 0.798410 -0.601675
vn 0.019932 0.799797 -0.599939
vn 0.020772 0.800284 -0.599261
vn 0.018178 0.800475 -0.599090
vn 0.019264 0.801201 -0.598086
vn 0.020728 0.803692 -0.594685
vn 0.019882 0.803494 -0.594981
vn 0.016031 0.803976 -0.594445
vn 0.013227 0.804152 -0.594276
vn 0.015944 0.804274 -0.594044
vn 0.016727 0.805136 -0.592854
vn 0.016191 0.804375 -0.593901
vn 0.016752 0.805106 -0.592894
vn 0.018008 0.805473 -0.592359
vn 0.018344 0.805453 -0.592375
vn 0.019217 0.805223 -0.592661
vn 0.018649 0.806135 -0.591438
vn -0.276776 -0.829738 0.484696
vn -0.214201 -0.887867 0.407198
vn -0.277757 -0.828970 0.485448
vn -0.292267 -0.771438 0.565211
vn -0.213009 -0.888656 0.406101
vn -0.106181 -0.924895 0.365096
vn -0.107339 -0.924939 0.364645
vn 0.002683 -0.933691 0.358070
vn 0.000362 -0.933708 0.358035
vn 0.093974 -0.919599 0.381454
vn 0.172896 -0.889405 0.423162
vn 0.095712 -0.919179 0.382032
vn 0.175568 -0.887943 0.425128
vn 0.231881 -0.842588 0.486083
vn 0.234852 -0.839423 0.490117
vn 0.258479 -0.783293 0.565367
vn 0.258406 -0.781136 0.568378
vn 0.237009 -0.709476 0.663680
vn 0.172955 -0.654994 0.735574
vn 0.235804 -0.708275 0.665389
vn 0.167047 -0.652411 0.739226
vn 0.050565 -0.615741 0.786324
vn 0.050427 -0.615791 0.786294
vn -0.067391 -0.613721 0.786641
vn -0.070090 -0.613996 0.786191
vn -0.196799 -0.648192 0.735607
vn -0.192238 -0.646417 0.738370
vn -0.262480 -0.698528 0.665704
vn -0.292244 -0.769966 0.567226
vn -0.264947 -0.700904 0.662221
vn 0.107449 0.835813 -0.538397
vn 0.063487 0.886039 -0.459242
vn 0.133480 0.862094 -0.488853
vn 0.123117 0.834951 -0.536376
vn 0.018123 0.805726 -0.592012
vn 0.072706 0.858045 -0.508402
vn 0.017207 0.874159 -0.485334
vn -0.072542 0.844572 -0.530505
vn -0.011057 0.888508 -0.458727
vn -0.086076 0.868595 -0.487989
vn -0.079489 0.840620 -0.535761
vn -0.129189 0.835196 -0.534564
vn -0.148743 0.790844 -0.593668
vn -0.093116 0.813920 -0.573466
vn -0.065247 0.767580 -0.637624
vn -0.136942 0.754110 -0.642312
vn -0.034614 0.749753 -0.660811
vn -0.097599 0.719266 -0.687846
vn 0.000616 0.734344 -0.678777
vn -0.037941 0.699661 -0.713467
vn 0.035512 0.689050 -0.723843
vn 0.007411 0.723602 -0.690178
vn 0.096198 0.700123 -0.707513
vn 0.095471 0.744936 -0.660269
vn 0.091780 0.737205 -0.669407
vn 0.141908 0.719793 -0.679529
vn 0.139871 0.751465 -0.644776
vn 0.171473 0.750664 -0.638045
vn 0.185128 0.785744 -0.590198
vn 0.136442 0.807028 -0.574534
vn 0.174590 0.826902 -0.534557
vn 0.553960 -0.751246 -0.358828
vn 0.624013 -0.713974 -0.317568
vn 0.583089 -0.749711 -0.312956
vn 0.515107 -0.773634 -0.368992
vn 0.598454 -0.716325 -0.358791
vn 0.494875 -0.717000 -0.490928
vn 0.585981 -0.627123 -0.513170
vn 0.383816 -0.795602 -0.468724
vn 0.414395 -0.695519 -0.586967
vn 0.468896 -0.795733 -0.383335
vn 0.544183 -0.628618 -0.555613
vn 0.618807 -0.678624 -0.395661
vn 0.396408 -0.764898 -0.507732
vn 0.429056 -0.808038 -0.403714
vn 0.375064 -0.754048 -0.539202
vn 0.437952 -0.662463 -0.607734
vn 0.623934 -0.658855 -0.420258
vn 0.464302 -0.650842 -0.600690
vn 0.368266 -0.740297 -0.562442
vn 0.386298 -0.820155 -0.422043
vn 0.605715 -0.632100 -0.483279
vn 0.508665 -0.629741 -0.587100
vn 0.562537 -0.595754 -0.573263
vn 0.511875 -0.610060 -0.604822
vn 0.452511 -0.651607 -0.608804
vn 0.390517 -0.655506 -0.646382
vn 0.366589 -0.702729 -0.609741
vn 0.322344 -0.741216 -0.588807
vn 0.368187 -0.750904 -0.548253
vn 0.351305 -0.803956 -0.479833
vn 0.329310 -0.841950 -0.427405
vn 0.355395 -0.835765 -0.418559
vn 0.419166 -0.813010 -0.404121
vn 0.470996 -0.806118 -0.358240
vn 0.529435 -0.771471 -0.352889
vn 0.605913 -0.608100 -0.512917
vn 0.660610 -0.585031 -0.470461
vn 0.635844 -0.642670 -0.427409
vn 0.643453 -0.681965 -0.347695
vn 0.684108 0.718279 0.126773
vn 0.626425 0.734519 -0.260909
vn 0.687416 0.715684 0.123514
vn 0.557223 0.662926 0.500031
vn 0.538867 0.674065 0.505231
vn 0.628354 0.732380 -0.262281
vn 0.347180 0.793298 -0.500145
vn 0.346399 0.792096 -0.502585
vn -0.029965 0.739835 -0.672121
vn -0.336414 0.566455 -0.752300
vn -0.336516 0.568393 -0.750791
vn -0.030884 0.741674 -0.670049
vn -0.544004 0.295426 -0.785356
vn -0.545089 0.294923 -0.784792
vn -0.721553 0.019052 -0.692097
vn -0.722925 0.020204 -0.690631
vn -0.837081 -0.147429 -0.526840
vn -0.931216 -0.241560 -0.272920
vn -0.841623 -0.139933 -0.521621
vn -0.939039 -0.223158 -0.261548
vn -0.989191 -0.130320 0.067219
vn -0.986237 -0.156211 0.054173
vn -0.936163 0.044384 0.348752
vn -0.819354 0.145809 0.554435
vn -0.932610 0.068312 0.354361
vn -0.817465 0.161386 0.552906
vn -0.686990 0.279595 0.670725
vn -0.687942 0.274145 0.671998
vn -0.532702 0.328775 0.779830
vn -0.532528 0.329455 0.779662
vn -0.362664 0.406091 0.838788
vn -0.188260 0.475272 0.859462
vn -0.362456 0.403264 0.840240
vn -0.185050 0.470230 0.862925
vn 0.018685 0.548329 0.836054
vn 0.009116 0.554917 0.831855
vn 0.262700 0.640603 0.721538
vn 0.260891 0.640679 0.722126
vn 0.472122 -0.683722 -0.556440
vn 0.453820 -0.706826 -0.542627
vn 0.483102 -0.691025 -0.537677
vn 0.504329 -0.692682 -0.515601
vn 0.450180 -0.705260 -0.547673
vn 0.435625 -0.731934 -0.523931
vn 0.479687 -0.728643 -0.488856
vn 0.454487 -0.729369 -0.511334
vn 0.479087 -0.727255 -0.491503
vn 0.433143 -0.760475 -0.483803
vn 0.434683 -0.759572 -0.483840
vn 0.480849 -0.741954 -0.467213
vn 0.490690 -0.734138 -0.469324
vn 0.499704 -0.723886 -0.475694
vn 0.490625 -0.734218 -0.469267
vn 0.499558 -0.731326 -0.464332
vn 0.499358 -0.731422 -0.464396
vn 0.499109 -0.725415 -0.473988
vn 0.541271 -0.731189 -0.415196
vn 0.504343 -0.735851 -0.451843
vn 0.539319 -0.731069 -0.417938
vn 0.497996 -0.716631 -0.488303
vn 0.536424 -0.716216 -0.446413
vn 0.557278 -0.700844 -0.445263
vn 0.565253 -0.696877 -0.441420
vn 0.512458 -0.705163 -0.490032
vn 0.540337 -0.692470 -0.478040
vn 0.515175 -0.717638 -0.468606
vn 0.536425 -0.694688 -0.479226
vn 0.533632 -0.706277 -0.465198
vn 0.560185 -0.672265 -0.483997
vn 0.535588 -0.665041 -0.520447
vn 0.546107 -0.650529 -0.527806
vn 0.511246 -0.687776 -0.515355
vn 0.496162 -0.712039 -0.496814
vn 0.506567 -0.698801 -0.505041
vn 0.506018 -0.699223 -0.505008
vn 0.507315 -0.704801 -0.495869
vn 0.893850 -0.434409 0.110997
vn 0.764010 -0.552421 0.333347
vn 0.768796 -0.548047 0.329541
vn 0.867432 -0.495358 0.046720
vn 0.840031 -0.504270 -0.200150
vn 0.801628 -0.543761 -0.248429
vn 0.700973 -0.583535 -0.410028
vn 0.566652 -0.663047 -0.489156
vn 0.560352 -0.673695 -0.481810
vn 0.707324 -0.566572 -0.422716
vn 0.561275 -0.603087 -0.566795
vn 0.562779 -0.593533 -0.575325
vn 0.501721 -0.572941 -0.648085
vn 0.501101 -0.567982 -0.652913
vn 0.439370 -0.604437 -0.664538
vn 0.438517 -0.613681 -0.656581
vn 0.451286 -0.688834 -0.567316
vn 0.444842 -0.690328 -0.570582
vn 0.463839 -0.721597 -0.513956
vn 0.468801 -0.721997 -0.508867
vn 0.449126 -0.739592 -0.501289
vn 0.425850 -0.744317 -0.514437
vn 0.372436 -0.785513 -0.494228
vn 0.316732 -0.801559 -0.507133
vn 0.152236 -0.879865 -0.450180
vn 0.077472 -0.898663 -0.431744
vn -0.090320 -0.964655 -0.247555
vn -0.157346 -0.966861 -0.201054
vn -0.104961 -0.994445 0.007879
vn -0.135934 -0.989091 0.056755
vn -0.063342 -0.955593 0.287800
vn -0.094347 -0.944580 0.314430
vn 0.118957 -0.884313 0.451486
vn 0.339279 -0.789366 0.511656
vn 0.117615 -0.884892 0.450703
vn 0.346877 -0.765521 0.541898
vn 0.573617 -0.646733 0.502693
vn 0.573019 -0.690426 0.441544
vn 0.566970 -0.710547 -0.416734
vn 0.520871 -0.703403 -0.483650
vn 0.568120 -0.710592 -0.415088
vn 0.522755 -0.708787 -0.473653
vn 0.518269 -0.700104 -0.491174
vn 0.512062 -0.712873 -0.479171
vn 0.512017 -0.712313 -0.480051
vn 0.496230 -0.715392 -0.491905
vn 0.498361 -0.711934 -0.494758
vn 0.468521 -0.758844 -0.452376
vn 0.468409 -0.758313 -0.453380
vn 0.509334 -0.699510 -0.501264
vn 0.510233 -0.697517 -0.503123
vn 0.455808 -0.741856 -0.491822
vn 0.452753 -0.744107 -0.491242
vn 0.476016 -0.725449 -0.497125
vn 0.478329 -0.724050 -0.496943
vn 0.472403 -0.725847 -0.499982
vn 0.471528 -0.726083 -0.500465
vn 0.472965 -0.726113 -0.499063
vn 0.568434 -0.686219 -0.453857
vn 0.567144 -0.686913 -0.454421
vn 0.515464 -0.709029 -0.481222
vn 0.529351 -0.707355 -0.468440
vn 0.535144 -0.702546 -0.469094
vn 0.517543 -0.711995 -0.474565
vn 0.519280 -0.697423 -0.493913
vn 0.517409 -0.712292 -0.474265
vn 0.516945 -0.699754 -0.493064
vn 0.497872 -0.730413 -0.467569
vn 0.498437 -0.727115 -0.472085
vn 0.486231 -0.713179 -0.504931
vn 0.486175 -0.711038 -0.507995
vn 0.486626 -0.725169 -0.487160
vn 0.486392 -0.724673 -0.488132
vn 0.473053 -0.724770 -0.500928
vn 0.471380 -0.724751 -0.502530
vn 0.472475 -0.725393 -0.500571
vn 0.472207 -0.725864 -0.500142
vn 0.472188 -0.725944 -0.500044
vn 0.472188 -0.725944 -0.500044
vn 0.472188 -0.725944 -0.500044
vn 0.537008 -0.810566 -0.233678
vn 0.449546 -0.859820 -0.242113
vn 0.452575 -0.857326 -0.245292
vn 0.537729 -0.806454 -0.245926
vn 0.607625 -0.753069 -0.252346
vn 0.602006 -0.756064 -0.256820
vn 0.652495 -0.699850 -0.290619
vn 0.648267 -0.701859 -0.295200
vn 0.677069 -0.651970 -0.341339
vn 0.678810 -0.651116 -0.339506
vn 0.685095 -0.612861 -0.393759
vn 0.685627 -0.611866 -0.394379
vn 0.682139 -0.577658 -0.448328
vn 0.695343 -0.565255 -0.443830
vn 0.672049 -0.534895 -0.512091
vn 0.682714 -0.520695 -0.512619
vn 0.639507 -0.508027 -0.577009
vn 0.644833 -0.496910 -0.580749
vn 0.594117 -0.500856 -0.629418
vn 0.590910 -0.490512 -0.640487
vn 0.528392 -0.511179 -0.677863
vn 0.525219 -0.510104 -0.681131
vn 0.455059 -0.551418 -0.699185
vn 0.455441 -0.551915 -0.698544
vn 0.382106 -0.599663 -0.703136
vn 0.387049 -0.609999 -0.691444
vn 0.335897 -0.661369 -0.670644
vn 0.345960 -0.668556 -0.658290
vn 0.296449 -0.727878 -0.618313
vn 0.307162 -0.733735 -0.606040
vn 0.286258 -0.786392 -0.547398
vn 0.290832 -0.790177 -0.539479
vn 0.286806 -0.834550 -0.470392
vn 0.288575 -0.836666 -0.465525
vn 0.324994 -0.863682 -0.385270
vn 0.318550 -0.868221 -0.380418
vn 0.374386 -0.874949 -0.307082
vn 0.377950 -0.874194 -0.304859
vn -0.646118 -0.731995 -0.216136
vn -0.681939 -0.697336 -0.220641
vn -0.629069 -0.725312 -0.279631
vn -0.699790 -0.693711 -0.170467
vn -0.676737 -0.719101 -0.157860
vn -0.731862 -0.668055 -0.134464
vn -0.715784 -0.689657 -0.109665
vn -0.765876 -0.632306 -0.116718
vn -0.756906 -0.648515 -0.080758
vn -0.796531 -0.594048 -0.112452
vn -0.794748 -0.602623 -0.072254
vn -0.828256 -0.554490 -0.080829
vn -0.822796 -0.553261 -0.130030
vn -0.855471 -0.507364 -0.103687
vn -0.841985 -0.518804 -0.148001
vn -0.873212 -0.467251 -0.138482
vn -0.854311 -0.488251 -0.178223
vn -0.881425 -0.435083 -0.183828
vn -0.857798 -0.465985 -0.216887
vn -0.878556 -0.412013 -0.241630
vn -0.854156 -0.449049 -0.262244
vn -0.844362 -0.438607 -0.307697
vn -0.862575 -0.405340 -0.302760
vn -0.818298 -0.448081 -0.360017
vn -0.832431 -0.414955 -0.367249
vn -0.790834 -0.481030 -0.378407
vn -0.790050 -0.444410 -0.422280
vn -0.740259 -0.493095 -0.457027
vn -0.692321 -0.551870 -0.464899
vn -0.755017 -0.516437 -0.404033
vn -0.719651 -0.559755 -0.410824
vn -0.770148 -0.579881 -0.265725
vn -0.660379 -0.649941 -0.376132
vn -0.657427 -0.699048 -0.281285
vn -0.652507 -0.681932 -0.330461
vn -0.690527 -0.604045 -0.397872
vn -0.629858 -0.666131 -0.399435
vn -0.653395 -0.613261 -0.443831
vn -0.623586 -0.703148 -0.341648
vn -0.797502 -0.526898 -0.293885
vn -0.794372 -0.543522 -0.271213
vn -0.800545 -0.520965 -0.296181
vn -0.788310 -0.532491 -0.308254
vn -0.794332 -0.543187 -0.272002
vn -0.805201 -0.538143 -0.249108
vn -0.810331 -0.531836 -0.245995
vn -0.804206 -0.546930 -0.232637
vn -0.799350 -0.559543 -0.218976
vn -0.803868 -0.547924 -0.231463
vn -0.797119 -0.560802 -0.223837
vn -0.779658 -0.582462 -0.229938
vn -0.779812 -0.582045 -0.230472
vn -0.765698 -0.605076 -0.218150
vn -0.765584 -0.607118 -0.212811
vn -0.754434 -0.618473 -0.219820
vn -0.747529 -0.615798 -0.248984
vn -0.756027 -0.615321 -0.223168
vn -0.748078 -0.615111 -0.249034
vn -0.733687 -0.623696 -0.269640
vn -0.727993 -0.631033 -0.267997
vn -0.722271 -0.631337 -0.282379
vn -0.720535 -0.633279 -0.282467
vn -0.726365 -0.618363 -0.300036
vn -0.724833 -0.609139 -0.321819
vn -0.733404 -0.612029 -0.295871
vn -0.728542 -0.606314 -0.318765
vn -0.728195 -0.598656 -0.333682
vn -0.748277 -0.579758 -0.322432
vn -0.733276 -0.596716 -0.325938
vn -0.748340 -0.579518 -0.322716
vn -0.748410 -0.564379 -0.348366
vn -0.751252 -0.565844 -0.339767
vn -0.762109 -0.552599 -0.337379
vn -0.777169 -0.539585 -0.323815
vn -0.777627 -0.537189 -0.326687
vn -0.762188 -0.553489 -0.335736
vn -0.787638 -0.533269 -0.308625
vn -0.306554 -0.880561 -0.361438
vn -0.143501 -0.975948 -0.164113
vn -0.396566 -0.849798 -0.347245
vn -0.586892 -0.714775 -0.380335
vn -0.171360 -0.973806 -0.149458
vn -0.082072 -0.990847 0.107176
vn -0.105385 -0.927978 0.357422
vn 0.012126 -0.991933 0.126179
vn -0.062615 -0.932633 0.355352
vn -0.236516 -0.816405 0.526824
vn -0.396592 -0.654471 0.643726
vn -0.236498 -0.813533 0.531256
vn -0.410545 -0.669209 0.619364
vn -0.636153 -0.539250 0.551832
vn -0.596746 -0.542743 0.591037
vn -0.792595 -0.398924 0.461143
vn -0.898099 -0.381620 0.218595
vn -0.812943 -0.423242 0.399988
vn -0.902144 -0.399658 0.162512
vn -0.910327 -0.413357 -0.020999
vn -0.908470 -0.417664 -0.015442
vn -0.876237 -0.454310 -0.160657
vn -0.892342 -0.427616 -0.144463
vn -0.863508 -0.450751 -0.226223
vn -0.858603 -0.419147 -0.295156
vn -0.861759 -0.452403 -0.229571
vn -0.860776 -0.407061 -0.305557
vn -0.856882 -0.313904 -0.408921
vn -0.853023 -0.303649 -0.424439
vn -0.782568 -0.307198 -0.541495
vn -0.790349 -0.302427 -0.532811
vn -0.697487 -0.402625 -0.592795
vn -0.688654 -0.543054 -0.480466
vn -0.708887 -0.411536 -0.572816
vn -0.702082 -0.545942 -0.457196
vn -0.703610 -0.606240 -0.370683
vn -0.688008 -0.615105 -0.385086
vn -0.624102 -0.691952 -0.362903
vn -0.734978 -0.606363 -0.303531
vn -0.606306 -0.680413 -0.411621
vn -0.634964 -0.663060 -0.396450
vn -0.719288 -0.628377 -0.296255
vn -0.742315 -0.599414 -0.299452
vn -0.723126 -0.624056 -0.296045
vn -0.766977 -0.572086 -0.290627
vn -0.766733 -0.572652 -0.290155
vn -0.746977 -0.619425 -0.241533
vn -0.748336 -0.616122 -0.245737
vn -0.756797 -0.616796 -0.216381
vn -0.756522 -0.616451 -0.218315
vn -0.774103 -0.590129 -0.229154
vn -0.773727 -0.589554 -0.231891
vn -0.783329 -0.574012 -0.238548
vn -0.781896 -0.574299 -0.242526
vn -0.783514 -0.567685 -0.252664
vn -0.783111 -0.567518 -0.254283
vn -0.785566 -0.565069 -0.252158
vn -0.785320 -0.565221 -0.252584
vn -0.784126 -0.566783 -0.252792
vn -0.783899 -0.566828 -0.253393
vn -0.780550 -0.570887 -0.254617
vn -0.780791 -0.570573 -0.254581
vn -0.784374 -0.565691 -0.254461
vn -0.785303 -0.564464 -0.254323
vn -0.777753 -0.571134 -0.262500
vn -0.777921 -0.571202 -0.261853
vn -0.773670 -0.571285 -0.273986
vn -0.774192 -0.571081 -0.272933
vn -0.765115 -0.578261 -0.283218
vn -0.765564 -0.576985 -0.284605
vn -0.755699 -0.579160 -0.305764
vn -0.756644 -0.577046 -0.307420
vn -0.754799 -0.592122 -0.282258
vn -0.754391 -0.592127 -0.283336
vn -0.750750 -0.593940 -0.289153
vn -0.738958 -0.598368 -0.309671
vn -0.615505 -0.779524 -0.116168
vn -0.674933 -0.736303 -0.048204
vn -0.617302 -0.777444 -0.120500
vn -0.583252 -0.783249 -0.215265
vn -0.681365 -0.729684 -0.057476
vn -0.746074 -0.665612 -0.018284
vn -0.743560 -0.668084 -0.027962
vn -0.807482 -0.589868 -0.005267
vn -0.857257 -0.509530 -0.074098
vn -0.806991 -0.590091 -0.023622
vn -0.853628 -0.515385 -0.075482
vn -0.888684 -0.442642 -0.119621
vn -0.890622 -0.441481 -0.109031
vn -0.895529 -0.406447 -0.181184
vn -0.893869 -0.361957 -0.264546
vn -0.902821 -0.390900 -0.179199
vn -0.901101 -0.341726 -0.266910
vn -0.875136 -0.335486 -0.348692
vn -0.874020 -0.343310 -0.343841
vn -0.835948 -0.354681 -0.418798
vn -0.785887 -0.392597 -0.477755
vn -0.787977 -0.384256 -0.481082
vn -0.836714 -0.349831 -0.421341
vn -0.737752 -0.436410 -0.515042
vn -0.694060 -0.503737 -0.514324
vn -0.737478 -0.451954 -0.501861
vn -0.697876 -0.508958 -0.503915
vn -0.658131 -0.570049 -0.491841
vn -0.653541 -0.568593 -0.499586
vn -0.623995 -0.631071 -0.460847
vn -0.601972 -0.678811 -0.420530
vn -0.627429 -0.630605 -0.456805
vn -0.607532 -0.675473 -0.417901
vn -0.588331 -0.723727 -0.360673
vn -0.586949 -0.754426 -0.293824
vn -0.580492 -0.728216 -0.364323
vn -0.581183 -0.758506 -0.294780
vn -0.598207 -0.772396 -0.213432
vn -0.143839 0.857876 -0.493314
vn -0.073206 0.842866 -0.533120
vn -0.065487 0.828797 -0.555704
vn -0.172923 0.870408 -0.460964
vn -0.215566 0.870582 -0.442287
vn -0.238077 0.885792 -0.398362
vn -0.265559 0.874933 -0.404933
vn -0.274350 0.880153 -0.387380
vn -0.267858 0.883375 -0.384580
vn -0.249641 0.886168 -0.390365
vn -0.263637 0.885668 -0.382214
vn -0.265567 0.884560 -0.383443
vn -0.254547 0.886519 -0.386381
vn -0.259045 0.885914 -0.384774
vn -0.260753 0.887061 -0.380961
vn -0.254240 0.886609 -0.386375
vn -0.259145 0.886891 -0.382451
vn -0.258328 0.887968 -0.380499
vn -0.253681 0.887205 -0.385374
vn -0.258107 0.888455 -0.379511
vn -0.253539 0.886628 -0.386792
vn -0.257723 0.888933 -0.378652
vn -0.235562 0.888977 -0.392722
vn -0.255013 0.891110 -0.375355
vn -0.250159 0.893657 -0.372556
vn -0.217278 0.890278 -0.400244
vn -0.146460 0.873973 -0.463379
vn -0.190042 0.876178 -0.442940
vn -0.202207 0.874701 -0.440466
vn -0.117263 0.847716 -0.517327
vn -0.085807 0.846950 -0.524702
vn -0.066414 0.840201 -0.538193
vn -0.003257 0.820847 -0.571138
vn -0.033474 0.829797 -0.557061
vn -0.034469 0.831304 -0.554748
vn -0.042208 0.841781 -0.538167
vn -0.065097 0.847249 -0.527191
vn -0.145652 0.846060 -0.512804
vn -0.081077 0.844723 -0.529027
vn -0.097527 0.871407 -0.480769
vn -0.080948 0.838679 -0.538577
vn -0.050708 0.824633 -0.563391
vn -0.016394 0.814345 -0.580149
vn -0.138731 0.861696 -0.488091
vn -0.016986 0.805608 -0.592205
vn -0.089987 0.856834 -0.507679
vn -0.036251 0.831168 -0.554838
vn -0.019657 0.834085 -0.551285
vn -0.205959 0.876838 -0.434437
vn -0.163708 0.843278 -0.511940
vn -0.205200 0.877632 -0.433192
vn -0.210264 0.882221 -0.421279
vn -0.195565 0.874953 -0.442958
vn -0.086229 0.841753 -0.532931
vn -0.018859 0.820383 -0.571504
vn -0.064460 0.830988 -0.552543
vn -0.066144 0.839997 -0.538544
vn -0.011644 0.815649 -0.578429
vn 0.075514 0.812978 -0.577377
vn 0.008077 0.802807 -0.596184
vn -0.018074 0.816658 -0.576839
vn 0.006660 0.816089 -0.577887
vn -0.025790 0.816153 -0.577259
vn 0.492563 0.538813 0.683419
vn 0.386958 0.621372 0.681293
vn 0.374731 0.626109 0.683786
vn 0.445373 0.521413 0.727854
vn 0.282353 0.540956 0.792240
vn 0.271968 0.516258 0.812103
vn 0.132191 0.479512 0.867522
vn 0.105731 0.464161 0.879418
vn -0.029346 0.418827 0.907592
vn -0.060320 0.410916 0.909675
vn -0.212732 0.395780 0.893366
vn -0.231525 0.388034 0.892091
vn -0.368920 0.342644 0.863998
vn -0.382178 0.339867 0.859320
vn -0.531313 0.265715 0.804427
vn -0.530650 0.264627 0.805223
vn -0.662757 0.203607 0.720623
vn -0.665589 0.201436 0.718620
vn -0.777557 0.127562 0.615738
vn -0.774364 0.129305 0.619388
vn -0.852871 0.029484 0.521288
vn -0.852438 0.039705 0.521319
vn -0.920739 0.004001 0.390158
vn -0.920844 -0.013117 0.389710
vn -0.943529 -0.104064 0.314520
vn -0.948434 -0.108318 0.297892
vn -0.974751 -0.132193 0.179959
vn -0.978300 -0.134526 0.157583
vn -0.978103 -0.197018 0.067074
vn -0.978133 -0.203431 0.043258
vn -0.968502 -0.244942 -0.044803
vn -0.966530 -0.247870 -0.066179
vn -0.941498 -0.302669 -0.148230
vn -0.938611 -0.298232 -0.173397
vn -0.903840 -0.308446 -0.296536
vn -0.910072 -0.315645 -0.268585
vn -0.863308 -0.335780 -0.376765
vn -0.857616 -0.323475 -0.399823
vn -0.804676 -0.344012 -0.483893
vn -0.738607 -0.366624 -0.565727
vn -0.798380 -0.332793 -0.501834
vn -0.734995 -0.373491 -0.565939
vn -0.710944 -0.423238 -0.561630
vn -0.690943 -0.415382 -0.591655
vn 0.270396 0.492484 0.827251
vn 0.064307 0.523193 0.849784
vn 0.270697 0.492827 0.826949
vn 0.079410 0.519133 0.850997
vn -0.412085 0.491018 0.767520
vn -0.431348 0.472672 0.768453
vn -0.822764 0.281637 0.493701
vn -0.838942 0.258959 0.478660
vn -0.990995 0.022153 0.132050
vn -0.993568 0.001969 0.113221
vn -0.918194 -0.292474 -0.267169
vn -0.909078 -0.305526 -0.283249
vn -0.826000 -0.397453 -0.399694
vn -0.825989 -0.397442 -0.399726
vn -0.771241 -0.400245 -0.494965
vn -0.771143 -0.400159 -0.495189
vn -0.854966 -0.337840 -0.393571
vn -0.858800 -0.330948 -0.391071
vn -0.995320 -0.087589 -0.040821
vn -0.992978 -0.103567 -0.057165
vn -0.928501 0.181947 0.323699
vn -0.915297 0.206774 0.345654
vn -0.683513 0.402058 0.609229
vn -0.223112 0.546139 0.807436
vn -0.658220 0.425251 0.621215
vn -0.227271 0.549451 0.804023
vn 0.241988 0.519472 0.819506
vn 0.252127 0.519576 0.816378
vn 0.460205 0.464215 0.756780
vn 0.460358 0.464342 0.756609
vn 0.545978 0.500418 0.671930
vn 0.630102 0.458462 0.626725
vn 0.631985 0.463000 0.621472
vn 0.538379 0.496715 0.680751
vn 0.722696 0.424434 0.545496
vn 0.718832 0.424470 0.550551
vn 0.828713 0.339284 0.445108
vn 0.902599 0.269025 0.336066
vn 0.828049 0.341539 0.444619
vn 0.903088 0.268981 0.334785
vn 0.953855 0.180720 0.239792
vn 0.955627 0.178095 0.234646
vn 0.988154 0.094827 0.120662
vn 0.986609 0.099255 0.129428
vn 0.999658 0.010780 0.023812
vn 0.992463 -0.078074 -0.094454
vn 0.999676 0.012600 0.022103
vn 0.991167 -0.081786 -0.104398
vn 0.963427 -0.159903 -0.215034
vn 0.964849 -0.161178 -0.207574
vn 0.918435 -0.235231 -0.318032
vn 0.854418 -0.304064 -0.421325
vn 0.914230 -0.236645 -0.328912
vn 0.849947 -0.303871 -0.430410
vn 0.772474 -0.368344 -0.517308
vn 0.777086 -0.368024 -0.510583
vn 0.689864 -0.424422 -0.586475
vn 0.685596 -0.425651 -0.590575
vn 0.590681 -0.480358 -0.648345
vn 0.587638 -0.478989 -0.652113
vn 0.489051 -0.506650 -0.710024
vn 0.486115 -0.504758 -0.713380
vn 0.386057 -0.542879 -0.745817
vn 0.270473 -0.561219 -0.782226
vn 0.382307 -0.542299 -0.748167
vn 0.268268 -0.559055 -0.784531
vn 0.155888 -0.574080 -0.803823
vn 0.158494 -0.572804 -0.804224
vn 0.029008 -0.581211 -0.813235
vn -0.109952 -0.583744 -0.804458
vn -0.112340 -0.584072 -0.803890
vn 0.030782 -0.580753 -0.813497
vn -0.250325 -0.557323 -0.791662
vn -0.396713 -0.516722 -0.758694
vn -0.251050 -0.554320 -0.793539
vn -0.396016 -0.517696 -0.758395
vn -0.520973 -0.488386 -0.700047
vn -0.517984 -0.487009 -0.703218
vn -0.605324 -0.446678 -0.658833
vn -0.670217 -0.428368 -0.606061
vn -0.606732 -0.460630 -0.647840
vn -0.695749 -0.438969 -0.568542
vn 0.012417 0.813602 -0.581290
vn 0.010464 0.798794 -0.601513
vn 0.012450 0.811799 -0.583804
vn 0.022000 0.812638 -0.582354
vn 0.020810 0.806435 -0.590956
vn 0.045134 0.797511 -0.601614
vn 0.020429 0.799715 -0.600032
vn 0.008727 0.799717 -0.600314
vn 0.025653 0.803837 -0.594296
vn 0.023276 0.799007 -0.600871
vn 0.018899 0.802383 -0.596511
vn 0.015017 0.796436 -0.604536
vn 0.006570 0.802395 -0.596757
vn 0.015558 0.801508 -0.597781
vn 0.018836 0.804305 -0.593918
vn 0.020474 0.803029 -0.595589
vn 0.016854 0.801095 -0.598300
vn 0.020474 0.803026 -0.595592
vn 0.020594 0.803654 -0.594741
vn 0.021367 0.802841 -0.595811
vn 0.022034 0.802779 -0.595869
vn 0.017796 0.804033 -0.594318
vn 0.018985 0.802682 -0.596106
vn 0.017498 0.802777 -0.596023
vn 0.019543 0.802292 -0.596611
vn 0.024532 0.801540 -0.597438
vn 0.015400 0.801909 -0.597247
vn 0.005675 0.805681 -0.592323
vn 0.018887 0.801910 -0.597147
vn 0.015527 0.802394 -0.596593
vn 0.018664 0.802823 -0.595925
vn 0.019538 0.799859 -0.599870
vn 0.020476 0.803027 -0.595591
vn 0.025723 0.797317 -0.603012
vn 0.025758 0.803964 -0.594120
vn 0.028355 0.801109 -0.597847
vn 0.027112 0.797710 -0.602431
vn 0.032376 0.795622 -0.604928
vn 0.028256 0.797567 -0.602568
vn 0.033407 0.792984 -0.608326
vn 0.027428 0.793771 -0.607598
vn 0.025829 0.792143 -0.609789
vn 0.022852 0.794122 -0.607329
vn 0.018847 0.797910 -0.602483
vn 0.024217 0.795797 -0.605080
vn 0.023994 0.795496 -0.605484
vn 0.022502 0.790835 -0.611615
vn 0.018765 0.785641 -0.618398
vn 0.020973 0.789584 -0.613284
vn 0.018123 0.786323 -0.617550
vn 0.015494 0.787521 -0.616093
vn 0.015001 0.787098 -0.616645
vn 0.013683 0.791179 -0.611432
vn 0.010003 0.795028 -0.606490
vn 0.003916 0.795493 -0.605950
vn 0.015251 0.797861 -0.602649
vn 0.018717 0.802708 -0.596078
vn 0.008044 0.796347 -0.604786
vn 0.039925 0.791008 -0.610502
vn 0.024013 0.799721 -0.599892
vn 0.023966 0.801636 -0.597332
vn 0.020215 0.803871 -0.594460
vn 0.013772 0.803266 -0.595461
vn 0.022257 0.803514 -0.594870
vn 0.023429 0.801714 -0.597249
vn 0.016508 0.801833 -0.597320
vn 0.011556 0.810120 -0.586151
vn 0.018993 0.804241 -0.594000
vn 0.016965 0.802748 -0.596077
vn 0.009954 0.797643 -0.603048
vn 0.011440 0.799856 -0.600082
vn 0.016936 0.798692 -0.601502
vn 0.031432 0.799164 -0.600291
vn 0.030470 0.799633 -0.599715
vn 0.032466 0.800940 -0.597864
vn 0.034160 0.801531 -0.596976
vn 0.033278 0.800820 -0.597980
vn 0.033500 0.801846 -0.596591
vn 0.032315 0.801977 -0.596480
vn 0.033540 0.802339 -0.595925
vn 0.029151 0.804649 -0.593035
vn 0.030347 0.803084 -0.595092
vn 0.017882 0.795821 -0.605268
vn 0.034776 0.800962 -0.597704
vn 0.043933 0.795785 -0.603984
vn 0.032180 0.786722 -0.616468
vn 0.047206 0.803170 -0.593876
vn 0.044624 0.811073 -0.583241
vn 0.046613 0.803039 -0.594101
vn 0.053356 0.808556 -0.585995
vn 0.048725 0.818900 -0.571864
vn 0.027105 0.810206 -0.585518
vn 0.022672 0.798932 -0.600994
vn 0.028489 0.813223 -0.581255
vn 0.022199 0.804421 -0.593645
vn 0.017111 0.807924 -0.589038
vn -0.002719 0.813979 -0.580888
vn 0.030979 0.792917 -0.608542
vn 0.018226 0.806119 -0.591473
vn 0.015261 0.803580 -0.595001
vn 0.026309 0.808801 -0.587494
vn 0.015202 0.802562 -0.596376
vn 0.016999 0.782906 -0.621908
vn 0.019850 0.804363 -0.593806
vn 0.018701 0.803918 -0.594447
vn 0.201138 -0.953988 -0.222372
vn 0.529917 -0.826187 -0.191320
vn 0.208179 -0.910196 -0.358057
vn -0.091087 -0.964038 -0.249666
vn 0.498405 -0.862802 -0.084648
vn 0.654995 -0.753508 0.056633
vn 0.733522 -0.678916 -0.031898
vn 0.767799 -0.581854 0.268199
vn 0.871220 -0.374878 0.316925
vn 0.854343 -0.488831 0.176473
vn 0.777575 -0.490555 0.393361
vn 0.831599 -0.220047 0.509923
vn 0.723968 -0.340053 0.600195
vn 0.719065 -0.145129 0.679620
vn 0.627846 -0.248749 0.737519
vn 0.509289 -0.013786 0.860485
vn 0.437675 -0.137748 0.888519
vn 0.265737 0.070579 0.961458
vn 0.217540 -0.066176 0.973806
vn -0.004368 0.116567 0.993173
vn -0.040004 -0.045321 0.998171
vn -0.263523 0.115475 0.957717
vn -0.255254 -0.066267 0.964600
vn -0.496547 0.047525 0.866708
vn -0.450595 -0.117926 0.884906
vn -0.623719 -0.204515 0.754419
vn -0.691517 -0.056175 0.720173
vn -0.743906 -0.319858 0.586766
vn -0.791443 -0.455830 0.407231
vn -0.817371 -0.192122 0.543133
vn -0.873411 -0.338034 0.350553
vn -0.781452 0.436505 0.445865
vn -0.930137 0.278810 0.238978
vn -0.990848 0.133813 0.017725
vn -0.953900 -0.087190 -0.287182
vn -0.854481 -0.509251 0.102592
vn -0.758196 -0.625779 0.183137
vn -0.705930 -0.702118 -0.093238
vn -0.411699 -0.895189 -0.170704
vn -0.639324 -0.768926 -0.004033
vn -0.455457 -0.839503 -0.296298
vn -0.807090 -0.242303 -0.538419
vn -0.531220 -0.402917 -0.745294
vn -0.112358 -0.528635 -0.841381
vn 0.273147 -0.519119 -0.809880
vn -0.119129 -0.901168 -0.416779
vn 0.656600 -0.415210 -0.629665
vn 0.844120 -0.304687 -0.441167
vn 0.984028 -0.087505 -0.155019
vn 0.999328 0.035061 0.010723
vn 0.940226 0.223331 0.257096
vn 0.828120 0.359854 0.429794
vn 0.606137 0.497715 0.620386
vn 0.330377 0.581153 0.743715
vn -0.005555 0.638582 0.769534
vn -0.291564 0.637199 0.713420
vn -0.558804 0.565905 0.606210
vn 0.906612 0.205585 0.368496
vn 0.541537 0.468816 0.697817
vn 0.535864 0.474293 0.698495
vn 0.902432 0.211003 0.375626
vn 0.996135 -0.087654 0.005677
vn 0.995489 -0.093924 0.013436
vn 0.809165 -0.426827 -0.403820
vn 0.818884 -0.423481 -0.387417
vn 0.430025 -0.647068 -0.629588
vn -0.021815 -0.701592 -0.712245
vn 0.427661 -0.644324 -0.633998
vn -0.020589 -0.697996 -0.715805
vn -0.489435 -0.618633 -0.614611
vn -0.500083 -0.614269 -0.610402
vn -0.868501 -0.357182 -0.343697
vn -0.998099 -0.061602 -0.001667
vn -0.877791 -0.347792 -0.329430
vn -0.998837 -0.044157 0.019339
vn -0.835613 0.315281 0.449833
vn -0.852862 0.289034 0.434840
vn -0.533238 0.487059 0.691687
vn -0.512343 0.501582 0.697080
vn 0.043156 0.569364 0.820952
vn 0.049843 0.569467 0.820502
vn 0.697652 -0.525291 -0.487186
vn 0.903566 -0.334556 -0.267658
vn 0.687520 -0.528643 -0.497848
vn 0.417512 -0.644075 -0.640977
vn 0.908713 -0.328322 -0.257770
vn 0.993622 -0.107590 0.033765
vn 0.993493 -0.109945 0.029731
vn 0.914622 0.144027 0.377787
vn 0.664753 0.357854 0.655778
vn 0.914556 0.144732 0.377677
vn 0.667039 0.357064 0.653884
vn 0.233175 0.495519 0.836714
vn -0.155722 0.516214 0.842184
vn 0.232549 0.496876 0.836083
vn -0.171345 0.515230 0.839750
vn -0.641240 0.400790 0.654353
vn -0.898383 0.193291 0.394393
vn -0.891540 0.195515 0.408571
vn -0.640324 0.402933 0.653935
vn -0.996114 -0.065978 0.058345
vn -0.928670 -0.284992 -0.237384
vn -0.996124 -0.068753 0.054866
vn -0.927426 -0.290007 -0.236172
vn -0.683113 -0.487177 -0.544073
vn -0.679612 -0.488817 -0.546978
vn -0.342259 -0.613829 -0.711388
vn 0.108118 -0.675785 -0.729126
vn -0.346369 -0.619865 -0.704128
vn 0.098631 -0.666572 -0.738886
vn 0.403420 -0.647766 -0.646259
vn -0.480440 -0.579605 -0.658206
vn -0.339406 -0.620805 -0.706686
vn -0.480800 -0.579851 -0.657726
vn -0.334226 -0.623246 -0.707005
vn 0.090259 -0.660417 -0.745455
vn 0.080923 -0.663525 -0.743764
vn 0.455532 -0.585314 -0.670745
vn 0.471438 -0.580715 -0.663715
vn 0.818112 -0.388310 -0.424155
vn 0.823527 -0.384068 -0.417486
vn 0.992255 -0.114456 -0.048269
vn 0.908052 0.176802 0.379713
vn 0.993754 -0.102421 -0.044304
vn 0.910989 0.177947 0.372067
vn 0.762224 0.301471 0.572826
vn 0.762237 0.301420 0.572836
vn -0.343925 -0.595427 -0.726074
vn -0.162943 -0.635386 -0.754807
vn -0.153016 -0.634898 -0.757292
vn -0.344003 -0.595499 -0.725977
vn 0.273221 -0.637491 -0.720385
vn 0.271756 -0.638264 -0.720256
vn 0.645740 -0.520348 -0.558801
vn 0.900522 -0.321918 -0.292282
vn 0.654230 -0.515104 -0.553761
vn 0.903957 -0.316205 -0.287883
vn 0.996590 -0.065604 0.050046
vn 0.996779 -0.056276 0.057138
vn 0.903641 0.187586 0.385025
vn 0.903165 0.189293 0.385306
vn 0.796068 0.294343 0.528809
vn 0.795861 0.294992 0.528758
vn 0.481143 0.709211 -0.515288
vn 0.476941 0.656388 -0.584536
vn 0.475853 0.656101 -0.585743
vn 0.478882 0.715607 -0.508507
vn 0.443191 0.800376 -0.403706
vn 0.442141 0.801990 -0.401651
vn 0.394378 0.859672 -0.324699
vn 0.392651 0.861022 -0.323212
vn 0.294767 0.925631 -0.237317
vn 0.283479 0.930454 -0.232152
vn 0.167124 0.968447 -0.184878
vn 0.149888 0.971766 -0.182224
vn 0.019278 0.985300 -0.169741
vn 0.003078 0.985227 -0.171228
vn -0.112824 0.975442 -0.189165
vn -0.123886 0.973380 -0.192828
vn -0.237549 0.942203 -0.236273
vn -0.241606 0.940477 -0.239018
vn -0.335326 0.889913 -0.309210
vn -0.342515 0.883915 -0.318399
vn -0.401272 0.821752 -0.404605
vn -0.404578 0.815817 -0.413229
vn -0.432365 0.746254 -0.506127
vn -0.432306 0.739013 -0.516693
vn -0.416546 0.652766 -0.632761
vn -0.411526 0.643409 -0.645500
vn -0.351101 0.558378 -0.751626
vn -0.348998 0.557537 -0.753228
vn -0.231115 0.490162 -0.840433
vn -0.208143 0.484861 -0.849462
vn -0.035254 0.456771 -0.888885
vn -0.026504 0.456295 -0.889434
vn 0.130100 0.457997 -0.879382
vn 0.136227 0.458716 -0.878078
vn 0.314500 0.507855 -0.801981
vn 0.308886 0.505822 -0.805440
vn 0.408037 0.565064 -0.717083
vn 0.408539 0.566260 -0.715853
vn -0.739995 -0.330329 0.585909
vn -0.643231 -0.390428 0.658650
vn -0.570041 -0.422520 0.704649
vn -0.658082 -0.369866 0.655841
vn -0.642157 -0.366504 0.673283
vn -0.661188 -0.371925 0.651538
vn -0.645887 -0.364386 0.670860
vn -0.654328 -0.351332 0.669643
vn -0.656902 -0.349131 0.668272
vn -0.652936 -0.347333 0.673078
vn -0.656677 -0.350159 0.667955
vn -0.660509 -0.352485 0.662935
vn -0.657406 -0.361972 0.660903
vn -0.654503 -0.360838 0.664396
vn -0.647920 -0.363974 0.669121
vn -0.649659 -0.363045 0.667939
vn -0.654199 -0.383586 0.651833
vn -0.667313 -0.373113 0.644577
vn -0.618565 -0.443008 0.648939
vn -0.668018 -0.361057 0.650684
vn -0.733647 -0.185767 0.653646
vn -0.667911 -0.311377 0.675973
vn -0.390436 -0.485563 0.782169
vn 0.142393 -0.892973 -0.426994
vn 0.131742 -0.888029 -0.440510
vn 0.430632 -0.890859 -0.144660
vn 0.441249 -0.888618 -0.125127
vn -0.140883 -0.759706 -0.634822
vn -0.144689 -0.757119 -0.637052
vn -0.192351 -0.722308 -0.664283
vn -0.191762 -0.722161 -0.664613
vn -0.195456 -0.719698 -0.666207
vn -0.195496 -0.719445 -0.666468
vn -0.232992 -0.686735 -0.688556
vn -0.237207 -0.683584 -0.690250
vn -0.407805 -0.500664 -0.763564
vn -0.415995 -0.492903 -0.764195
vn -0.601040 -0.180287 -0.778619
vn -0.606885 -0.172160 -0.775920
vn -0.698828 0.159298 -0.697325
vn -0.701978 0.158307 -0.694382
vn -0.705109 0.444279 -0.552664
vn -0.709492 0.447849 -0.544108
vn -0.624523 0.713761 -0.317043
vn -0.624398 0.720505 -0.301660
vn -0.491768 0.865683 -0.093576
vn -0.495703 0.863488 -0.093100
vn -0.291773 0.945307 0.145819
vn -0.297972 0.943961 0.141949
vn -0.103132 0.936575 0.334950
vn -0.102810 0.937367 0.332827
vn 0.152020 0.834807 0.529139
vn 0.248271 0.770286 0.587385
vn 0.145949 0.837655 0.526339
vn 0.249206 0.769607 0.587878
vn 0.264201 0.758105 0.596217
vn 0.264274 0.758243 0.596009
vn 0.286972 0.737978 0.610767
vn 0.477421 0.536956 0.695519
vn 0.285979 0.739463 0.609435
vn 0.479220 0.539707 0.692145
vn 0.681241 0.199955 0.704222
vn 0.676736 0.202274 0.707893
vn 0.777561 -0.146269 0.611559
vn 0.765835 -0.498667 0.405991
vn 0.783167 -0.160429 0.600760
vn 0.763276 -0.505457 0.402397
vn 0.652739 -0.738900 0.167207
vn 0.663126 -0.725584 0.183824
vn 0.516775 0.800603 -0.303279
vn -0.075082 0.953453 0.292044
vn 0.103505 0.912888 0.394870
vn 0.516552 0.801841 -0.300373
vn -0.230083 0.769603 0.595629
vn -0.247279 0.769627 0.588666
vn 0.576010 0.748491 -0.328595
vn 0.595371 0.726498 -0.343123
vn 0.515949 0.795536 -0.317679
vn 0.625461 0.710507 -0.322458
vn 0.653995 0.654927 -0.378631
vn 0.676480 0.641646 -0.361477
vn 0.703541 0.574649 -0.418102
vn 0.717602 0.563087 -0.409855
vn 0.711675 0.500113 -0.493361
vn 0.723761 0.486996 -0.488882
vn 0.720540 0.410188 -0.559077
vn 0.731516 0.397027 -0.554305
vn 0.700109 0.331670 -0.632331
vn 0.706493 0.323684 -0.629362
vn 0.659964 0.268287 -0.701761
vn 0.666252 0.260359 -0.698800
vn 0.618355 0.201281 -0.759686
vn 0.612406 0.198370 -0.765250
vn 0.544399 0.180936 -0.819080
vn 0.532489 0.196775 -0.823247
vn 0.448678 0.194930 -0.872175
vn 0.438952 0.210673 -0.873463
vn 0.363132 0.186253 -0.912932
vn 0.361820 0.189754 -0.912732
vn 0.283953 0.157789 -0.945766
vn 0.286259 0.158733 -0.944912
vn 0.207826 0.136592 -0.968582
vn 0.207624 0.135166 -0.968825
vn 0.128180 0.124102 -0.983956
vn 0.127523 0.126526 -0.983732
vn 0.036722 0.123104 -0.991714
vn 0.037587 0.131180 -0.990646
vn -0.059564 0.156119 -0.985941
vn -0.065000 0.159330 -0.985083
vn -0.161783 0.163327 -0.973217
vn -0.165412 0.161222 -0.972958
vn -0.264843 0.183065 -0.946755
vn -0.266348 0.186575 -0.945647
vn -0.347981 0.222496 -0.910716
vn -0.354064 0.223062 -0.908230
vn -0.440543 0.235422 -0.866313
vn -0.442278 0.233823 -0.865862
vn -0.513035 0.307947 -0.801226
vn -0.522235 0.286857 -0.803109
vn -0.635620 0.305234 -0.709097
vn -0.643942 0.279525 -0.712183
vn -0.697413 0.380675 -0.607208
vn -0.699551 0.361235 -0.616553
vn -0.776433 0.386506 -0.497760
vn -0.777265 0.381522 -0.500299
vn -0.792821 0.456028 -0.404318
vn -0.792418 0.457620 -0.403309
vn -0.828201 0.464309 -0.313848
vn -0.832767 0.455204 -0.315100
vn -0.837136 0.489344 -0.244431
vn -0.835811 0.491938 -0.243756
vn -0.822529 0.542323 -0.171264
vn -0.823323 0.542621 -0.166439
vn -0.817916 0.569283 -0.083244
vn -0.818720 0.569154 -0.075903
vn -0.793023 0.608982 -0.015994
vn -0.788795 0.614316 -0.020469
vn -0.768297 0.639907 0.015464
vn -0.767779 0.640681 -0.006561
vn 0.168703 0.670539 0.722438
vn 0.168141 0.671762 0.721432
vn 0.153305 0.671539 0.724936
vn 0.171805 0.672574 0.719811
vn -0.701016 0.692520 0.170272
vn -0.693366 0.700273 0.169888
vn -0.679412 0.663049 0.314269
vn -0.700157 0.712625 0.044116
vn 0.246348 0.678061 0.692493
vn 0.286523 0.752977 0.592393
vn 0.339168 0.708491 0.618875
vn 0.137886 0.793009 0.593400
vn -0.836642 -0.432831 -0.335689
vn -0.875104 -0.420805 -0.238992
vn -0.876505 -0.420349 -0.234620
vn -0.833808 -0.434219 -0.340908
vn -0.787433 -0.442703 -0.428909
vn -0.785204 -0.443100 -0.432570
vn -0.723182 -0.470655 -0.505462
vn -0.717155 -0.473841 -0.511042
vn -0.634288 -0.508968 -0.581919
vn -0.629810 -0.510604 -0.585341
vn -0.527720 -0.540733 -0.655072
vn -0.524952 -0.541958 -0.656282
vn -0.401098 -0.567792 -0.718842
vn -0.398772 -0.568515 -0.719563
vn -0.253263 -0.600220 -0.758678
vn -0.247214 -0.601490 -0.759667
vn -0.116282 -0.618760 -0.776926
vn -0.115556 -0.618886 -0.776934
vn 0.026012 -0.625591 -0.779717
vn 0.026785 -0.625573 -0.779706
vn 0.150194 -0.619647 -0.770376
vn 0.157346 -0.618706 -0.769705
vn 0.266956 -0.604498 -0.750544
vn 0.266739 -0.604477 -0.750638
vn 0.380170 -0.584497 -0.716822
vn 0.380042 -0.584508 -0.716881
vn 0.482892 -0.557337 -0.675419
vn 0.482678 -0.557498 -0.675439
vn 0.587128 -0.519873 -0.620494
vn 0.584422 -0.521006 -0.622097
vn 0.685730 -0.468658 -0.556896
vn 0.682956 -0.470323 -0.558898
vn 0.762761 -0.423513 -0.488705
vn 0.779020 -0.414625 -0.470334
vn 0.848795 -0.359395 -0.387791
vn 0.850550 -0.357733 -0.385475
vn 0.913621 -0.283681 -0.291242
vn 0.913099 -0.284047 -0.292521
vn 0.961407 -0.203729 -0.184906
vn 0.961451 -0.203827 -0.184573
vn 0.989981 -0.121476 -0.071977
vn 0.989725 -0.122647 -0.073501
vn 0.998218 -0.030973 0.051008
vn 0.998221 -0.031324 0.050733
vn 0.986627 0.047725 0.155852
vn 0.986502 0.048189 0.156497
vn 0.956503 0.124668 0.263744
vn 0.955998 0.125848 0.265009
vn 0.933624 0.162990 0.319029
vn 0.933639 0.163036 0.318962
vn -0.906400 -0.402092 -0.129467
vn -0.909328 -0.398410 -0.119970
vn -0.930443 -0.366206 -0.012977
vn -0.931566 -0.363546 -0.004358
vn -0.940672 -0.325431 0.096076
vn -0.940659 -0.324926 0.097894
vn -0.940352 -0.265367 0.212880
vn -0.939823 -0.261487 0.219903
vn -0.921544 -0.200037 0.332779
vn -0.918667 -0.193756 0.344251
vn -0.885917 -0.149665 0.439035
vn -0.883976 -0.147185 0.443761
vn -0.850589 -0.118974 0.512195
vn -0.850543 -0.119033 0.512257
vn 0.215904 0.855243 -0.471110
vn -0.225207 0.965758 0.128818
vn 0.215723 0.846666 -0.486436
vn -0.346321 0.905557 0.245009
vn -0.415074 0.741593 0.527023
vn -0.355189 0.809152 0.468095
vn 0.020473 0.803027 -0.595590
vn 0.020473 0.803027 -0.595590
vn 0.020473 0.803027 -0.595590
vn 0.020440 0.803023 -0.595597
vn 0.020440 0.803023 -0.595597
vn 0.020440 0.803023 -0.595597
vn 0.020472 0.803027 -0.595591
vn 0.020472 0.803027 -0.595591
vn 0.020472 0.803027 -0.595591
vn 0.020351 0.803020 -0.595605
vn 0.020713 0.802393 -0.596436
vn 0.019871 0.803618 -0.594813
vn 0.020500 0.803288 -0.595237
vn 0.020383 0.802939 -0.595712
vn 0.022344 0.803018 -0.595535
vn 0.022912 0.803017 -0.595515
vn -0.003583 0.802622 -0.596477
vn 0.002123 0.801986 -0.597339
vn 0.131131 0.777100 -0.615565
vn 0.130838 0.777236 -0.615456
vn 0.020593 0.805659 -0.592022
vn 0.017741 0.806374 -0.591140
vn 0.019881 0.803050 -0.595580
vn 0.020261 0.802839 -0.595852
vn 0.029829 0.796148 -0.604366
vn 0.028885 0.796676 -0.603717
vn 0.066874 0.771811 -0.632326
vn 0.065639 0.772547 -0.631556
vn 0.017096 0.808786 -0.587855
vn 0.014747 0.810881 -0.585025
vn 0.014615 0.807188 -0.590114
vn 0.015787 0.805935 -0.591794
vn 0.037259 0.776438 -0.629091
vn 0.037587 0.775986 -0.629629
vn 0.025981 0.794646 -0.606516
vn 0.025272 0.796267 -0.604417
vn 0.018020 0.808155 -0.588695
vn 0.018159 0.807254 -0.589925
vn 0.019043 0.779113 -0.626594
vn 0.019125 0.776700 -0.629580
vn 0.013118 0.770096 -0.637793
vn 0.013800 0.769025 -0.639069
vn 0.002180 0.761790 -0.647821
vn 0.000971 0.761148 -0.648577
vn -0.018289 0.744998 -0.666816
vn -0.018653 0.745229 -0.666548
vn -0.007766 0.769563 -0.638523
vn -0.005238 0.772439 -0.635068
vn 0.032156 0.814156 -0.579755
vn 0.031738 0.814251 -0.579645
vn -0.048536 0.793919 -0.606084
vn -0.051530 0.792665 -0.607476
vn -0.086024 0.832136 -0.547860
vn -0.091312 0.831764 -0.547568
vn -0.200000 0.836732 -0.509784
vn -0.203616 0.836751 -0.508320
vn -0.198167 0.883047 -0.425391
vn -0.192242 0.885558 -0.422883
vn -0.294446 0.866720 -0.402613
vn -0.298384 0.865102 -0.403194
vn -0.271843 0.880189 -0.389061
vn -0.269265 0.880903 -0.389239
vn -0.254979 0.885875 -0.387570
vn -0.253469 0.886265 -0.387670
vn -0.252201 0.886850 -0.387159
vn -0.252335 0.886841 -0.387093
vn -0.254860 0.886447 -0.386339
vn -0.254414 0.886493 -0.386528
vn -0.251657 0.886842 -0.387530
vn -0.251150 0.886979 -0.387545
vn -0.256670 0.887707 -0.382226
vn -0.260660 0.884733 -0.386398
vn -0.195198 0.897305 -0.395907
vn -0.219534 0.912661 -0.344752
vn -0.268706 0.877313 -0.397641
vn -0.141884 0.924499 -0.353795
vn -0.757300 -0.472347 0.450982
vn -0.648250 -0.539948 0.536869
vn -0.757501 -0.434051 0.487639
vn -0.805805 -0.514324 0.293512
vn -0.672118 -0.604767 0.427217
vn -0.110788 -0.799472 0.590398
vn -0.824934 -0.519819 0.221973
vn -0.166506 -0.891424 0.421473
vn -0.679214 -0.705877 0.201014
vn -0.217684 -0.936553 0.274742
vn -0.676135 -0.726168 0.124585
vn -0.821672 -0.547173 0.159555
vn -0.834047 -0.542521 0.100180
vn -0.697459 -0.715067 0.047211
vn -0.823866 -0.562605 0.068702
vn -0.709960 -0.704206 0.007166
vn -0.845800 -0.528074 0.075890
vn -0.699981 -0.701678 0.132942
vn -0.868142 -0.493081 0.056573
vn -0.786015 -0.616437 0.046740
vn -0.728619 -0.684399 -0.026687
vn -0.670219 -0.742149 0.004611
vn -0.249142 -0.965792 0.071936
vn -0.190647 -0.978663 -0.076638
vn -0.530778 -0.846304 -0.045203
vn -0.695741 -0.716322 0.053165
vn -0.731834 -0.680431 -0.037851
vn -0.196565 -0.979742 0.038322
vn -0.560482 -0.826528 0.052066
vn -0.407344 -0.834850 0.370266
vn -0.712029 -0.666073 0.222174
vn -0.545776 -0.729462 0.412326
vn -0.224411 -0.597392 0.769911
vn -0.560364 -0.573784 0.597297
vn -0.324185 -0.366150 0.872261
vn -0.571791 -0.491767 0.656673
vn -0.451363 -0.479389 0.752634
vn -0.391138 -0.458927 0.797745
vn -0.347705 -0.388719 0.853228
vn -0.350739 -0.402989 0.845330
vn -0.392472 -0.421614 0.817439
vn -0.395657 -0.396827 0.828242
vn -0.478122 -0.399986 0.781927
vn -0.488872 -0.409740 0.770141
vn -0.551695 -0.379798 0.742554
vn -0.434507 -0.711795 0.551862
vn -0.613144 -0.359495 0.703433
vn -0.670948 -0.334923 0.661555
vn -0.430357 -0.720517 0.543735
vn -0.658866 -0.710310 0.247699
vn -0.426434 -0.792392 0.436198
vn -0.560531 -0.646819 0.517137
vn -0.740153 -0.286987 0.608122
vn -0.624379 -0.779971 0.042379
vn -0.559602 -0.825504 0.073407
vn -0.447709 -0.859597 0.246271
vn -0.443562 -0.664217 0.601721
vn -0.319343 -0.675004 0.665124
vn -0.241077 -0.917455 0.316478
vn 0.164708 -0.929682 0.329488
vn -0.737156 -0.452261 0.502057
vn -0.794876 -0.401519 0.454922
vn -0.472681 -0.580394 0.663110
vn 0.140941 -0.539975 0.829796
vn 0.106679 -0.315382 0.942950
vn -0.271897 -0.024931 0.962003
vn -0.379807 -0.764734 0.520508
vn -0.789189 -0.349730 0.504846
vn -0.840412 0.058695 0.538761
vn -0.654894 0.045131 0.754372
vn -0.536604 -0.006909 0.843806
vn -0.813220 -0.382322 0.438751
vn -0.793740 -0.296347 0.531182
vn -0.838419 -0.343199 0.423401
vn -0.914213 -0.290439 0.282594
vn -0.867292 -0.390935 0.308178
vn -0.888643 -0.425056 0.172165
vn -0.892454 -0.370558 0.257318
vn -0.839955 -0.425332 0.336997
vn -0.852419 -0.478028 0.211830
vn -0.821863 -0.521897 0.228396
vn -0.812048 -0.569400 0.127912
vn -0.853425 -0.512566 0.094566
vn -0.824402 -0.455286 0.336269
vn -0.795887 -0.456993 0.397141
vn -0.808060 -0.499239 0.312730
vn -0.794203 -0.403384 0.454448
vn -0.830896 0.119962 0.543342
vn -0.739134 -0.377643 0.557734
vn -0.767204 -0.418670 0.485914
vn -0.809630 -0.494830 0.315661
vn -0.764386 -0.363991 0.532188
vn -0.688880 -0.356694 0.631042
vn -0.657944 -0.448762 0.604750
vn -0.523780 -0.326726 0.786705
vn -0.588412 -0.334699 0.736036
vn -0.558541 -0.359087 0.747723
vn -0.553583 -0.410770 0.724440
vn -0.513983 0.382920 0.767590
vn -0.457575 0.085817 0.885020
vn -0.748873 -0.032011 0.661940
vn -0.690140 0.428031 0.583521
vn -0.861290 -0.046964 0.505939
vn -0.850124 0.221656 0.477658
vn -0.823458 -0.198208 0.531629
vn -0.920141 0.034290 0.390084
vn -0.790466 -0.482772 0.376954
vn -0.457025 -0.357156 0.814596
vn -0.893197 -0.253028 0.371720
vn -0.704623 -0.497741 0.505727
vn -0.669947 -0.701131 0.244103
vn -0.906671 -0.411638 -0.092203
vn -0.490684 -0.776789 0.394751
vn -0.762062 -0.639874 -0.099106
vn -0.656273 -0.687814 0.310191
vn -0.349835 -0.277549 0.894753
vn -0.331184 -0.337452 0.881160
vn -0.248767 -0.278114 0.927776
vn -0.239422 -0.279895 0.929697
vn -0.036711 -0.349147 0.936349
vn -0.051842 -0.366416 0.929006
vn 0.206692 -0.457707 0.864744
vn 0.081414 -0.538976 0.838378
vn 0.389544 -0.643645 0.658769
vn -0.069754 -0.836728 0.543158
vn 0.298751 -0.716814 0.630021
vn 0.617161 -0.708218 0.342841
vn 0.536506 -0.766969 0.352022
vn 0.165493 -0.929439 0.329780
vn 0.128741 -0.990765 -0.042548
vn 0.544515 -0.828344 0.131721
vn 0.852513 -0.510101 0.114101
vn 0.805677 -0.591903 0.023150
vn 0.718674 -0.670190 0.185344
vn 0.464491 -0.885560 -0.005671
vn 0.778909 -0.625810 -0.040777
vn 0.526979 -0.847952 -0.057184
vn 0.587573 -0.809124 -0.008700
vn 0.175750 -0.972429 -0.153277
vn 0.797367 -0.603067 -0.022718
vn 0.946946 -0.321392 -0.000834
vn 0.948292 -0.316398 -0.025203
vn 0.822134 -0.569290 -0.002077
vn 0.946746 -0.321947 -0.004772
vn 0.829466 -0.557555 0.033431
vn 0.622450 -0.781283 0.046406
vn 0.633328 -0.766124 0.109315
vn 0.270230 -0.953816 0.131188
vn 0.243892 -0.968486 0.050524
vn -0.242615 -0.965149 0.098109
vn 0.197435 -0.980234 -0.012681
vn -0.208260 -0.965377 0.157081
vn 0.288291 -0.930802 0.224714
vn 0.287967 -0.852852 0.435568
vn 0.645637 -0.733056 0.213964
vn 0.603608 -0.706122 0.370200
vn 0.826415 -0.555739 0.090517
vn 0.810272 -0.550116 0.202070
vn 0.931979 -0.350566 0.092293
vn 0.788384 -0.508580 0.346117
vn 0.911519 -0.357698 0.202942
vn 0.881137 -0.297238 0.367760
vn 0.962730 -0.153221 0.222879
vn 0.984331 -0.149848 0.092943
vn 0.996050 0.042526 0.077943
vn 0.990835 -0.133852 0.018151
vn 0.997589 0.069393 0.000808
vn 0.983649 0.176999 0.033256
vn 0.982765 0.184843 -0.002471
vn 0.994403 0.094843 -0.046567
vn 0.980589 0.189912 -0.048764
vn 0.979183 0.194400 -0.058392
vn 0.976198 0.216871 0.002069
vn 0.993463 0.105953 -0.042494
vn 0.995706 -0.086847 -0.032050
vn 0.994470 0.104171 0.013297
vn 0.993559 -0.109239 -0.030128
vn 0.940822 -0.337443 0.031394
vn 0.990335 0.096068 0.100038
vn 0.976485 0.200326 0.079668
vn 0.996193 -0.085892 0.014874
vn 0.990393 -0.103051 0.092206
vn 0.985252 -0.105228 0.134925
vn 0.985992 0.079381 0.146692
vn 0.944556 -0.323143 0.058250
vn 0.946483 -0.299646 0.119928
vn 0.981812 -0.063803 0.178812
vn 0.960487 -0.242202 0.137124
vn 0.981711 -0.029113 0.188138
vn 0.967942 -0.202737 0.148279
vn 0.893606 -0.423028 0.150053
vn 0.934652 -0.344311 0.088741
vn 0.840215 -0.528041 0.123337
vn 0.899444 -0.436941 0.009069
vn 0.790286 -0.612291 0.023397
vn 0.655102 -0.724532 0.214231
vn 0.729773 -0.667569 0.147591
vn 0.657021 -0.752632 0.043228
vn 0.642513 -0.746618 0.172447
vn 0.701226 -0.675162 0.228995
vn 0.597882 -0.798557 0.069598
vn 0.550352 -0.833714 -0.045098
vn 0.650912 -0.739570 0.171320
vn 0.501895 -0.863495 -0.049779
vn 0.310913 -0.949165 -0.049179
vn 0.339939 -0.940443 -0.002935
vn 0.325407 -0.945542 -0.007830
vn 0.437348 -0.898968 0.024165
vn 0.390307 -0.912882 -0.119613
vn 0.329743 -0.943699 -0.026501
vn 0.331839 -0.935185 -0.123739
vn -0.704798 -0.658651 -0.263512
vn 0.151281 -0.968004 0.200207
vn -0.829285 -0.404099 0.385992
vn -0.762607 -0.454109 0.460669
vn -0.686501 -0.523518 0.504625
vn 0.263612 -0.950395 -0.165100
vn -0.666635 -0.466790 0.581124
vn -0.663416 -0.497608 0.558808
vn -0.568783 -0.605929 0.556180
vn -0.605680 -0.517920 0.604078
vn -0.608689 -0.437752 0.661718
vn -0.322104 -0.481198 0.815290
vn 0.211226 -0.936402 -0.280241
vn 0.299951 -0.886396 -0.352608
vn 0.109009 -0.934222 -0.339628
vn 0.024954 -0.920467 -0.390023
vn -0.471616 -0.556290 0.684193
vn 0.173740 -0.836651 -0.519450
vn 0.164963 -0.712429 -0.682079
vn 0.249584 -0.822146 -0.511647
vn 0.028723 -0.829751 -0.557394
vn 0.029876 -0.712792 -0.700739
vn -0.114010 -0.813365 -0.570472
vn -0.095496 -0.896354 -0.432933
vn -0.257960 -0.696341 0.669751
vn -0.180680 -0.824796 0.535785
vn -0.240187 -0.879135 -0.411621
vn -0.260921 -0.794820 -0.547888
vn -0.377086 -0.858514 -0.347504
vn 0.020194 -0.808786 0.587757
vn 0.191405 -0.662618 0.724087
vn 0.328269 -0.659811 0.675936
vn 0.271836 -0.768587 0.579119
vn 0.191080 -0.657201 0.729092
vn -0.205499 -0.964259 -0.167257
vn 0.333295 -0.623353 0.707351
vn 0.497558 -0.662245 0.560239
vn -0.447425 -0.856476 -0.257410
vn -0.512269 -0.842217 -0.168077
vn -0.512631 -0.782252 -0.353965
vn -0.397319 -0.770364 -0.498675
vn -0.261816 -0.692772 -0.671952
vn -0.391627 -0.667093 -0.633731
vn -0.548892 -0.637798 -0.540306
vn -0.522920 -0.476487 -0.706764
vn -0.593653 -0.700205 -0.396596
vn -0.681609 -0.531012 -0.503424
vn -0.400124 -0.495226 -0.771137
vn -0.280568 -0.534407 -0.797302
vn -0.517337 -0.318673 -0.794235
vn -0.616002 -0.289202 -0.732737
vn -0.702230 -0.233154 -0.672690
vn -0.794391 -0.157980 -0.586502
vn -0.815103 -0.282928 -0.505529
vn -0.718800 -0.633007 -0.287452
vn -0.798210 -0.439762 -0.411667
vn -0.837751 -0.414610 -0.355348
vn -0.853322 -0.404157 -0.329391
vn -0.704096 -0.659970 -0.262083
vn -0.756123 -0.653495 0.034956
vn -0.666988 -0.739577 -0.090295
vn -0.528288 -0.837912 -0.137169
vn -0.738524 -0.637035 -0.220836
vn -0.723623 -0.599346 -0.342279
vn -0.856270 -0.474827 -0.203325
vn -0.664099 -0.700288 -0.261857
vn -0.840749 -0.531895 -0.101134
vn -0.885288 -0.457343 -0.084277
vn -0.888313 -0.411581 -0.203717
vn -0.892136 -0.434132 -0.124991
vn -0.919919 -0.073780 -0.385105
vn -0.961864 -0.041179 -0.270412
vn -0.973911 -0.215379 -0.071477
vn -0.931842 -0.345331 -0.111431
vn -0.911903 -0.391358 0.123584
vn -0.932076 -0.353777 0.077950
vn -0.892737 -0.447547 0.052176
vn -0.847898 -0.530050 -0.010773
vn -0.798399 -0.601094 0.035274
vn -0.799587 -0.599880 -0.028361
vn -0.703780 -0.648061 -0.291050
vn -0.679340 -0.673336 -0.291746
vn -0.739233 -0.673352 -0.011466
vn -0.675999 -0.734456 0.059999
vn -0.745015 -0.665104 0.050883
vn -0.654540 -0.755919 -0.012798
vn -0.625831 -0.777909 -0.056516
vn -0.623023 -0.781901 0.021765
vn -0.778162 -0.593717 -0.204853
vn -0.625920 -0.778517 0.046214
vn -0.585238 -0.810475 -0.025028
vn 0.561301 -0.812656 0.156623
vn -0.557352 -0.820124 -0.129445
vn -0.566704 -0.823282 0.032444
vn 0.691191 -0.719257 0.070175
vn -0.584294 -0.811533 0.003886
vn 0.363477 -0.726310 0.583403
vn -0.574013 -0.817744 0.042466
vn -0.586711 -0.809449 -0.023738
vn -0.675516 -0.731912 0.089354
vn -0.634629 -0.770024 0.065646
vn -0.725590 -0.681188 0.097474
vn -0.763710 -0.641952 0.068143
vn -0.794862 -0.569305 0.209968
vn -0.821788 -0.520595 0.231613
vn -0.700787 -0.701379 0.130251
vn -0.693398 -0.662151 0.284176
vn -0.725733 -0.509039 0.462808
vn -0.591892 -0.804987 0.040737
vn -0.566739 -0.822748 0.043500
vn 0.231255 -0.937788 -0.258987
vn 0.582450 -0.585648 -0.563709
vn 0.344962 -0.935995 -0.070102
vn 0.538378 -0.718591 -0.440199
vn 0.671457 -0.706294 -0.224264
vn 0.896741 -0.431695 -0.097445
vn 0.772790 -0.631337 0.064881
vn 0.437094 -0.537000 -0.721512
vn -0.142963 -0.967170 -0.210104
vn -0.527552 -0.845376 -0.083833
vn -0.689466 -0.719601 0.082523
vn -0.725350 -0.465072 0.507519
vn -0.735264 -0.403590 0.544519
vn -0.532477 -0.255573 0.806939
vn -0.680573 -0.321332 0.658457
vn -0.409377 -0.284280 0.866946
vn -0.268068 -0.148263 0.951923
vn -0.133671 -0.571928 0.809339
vn 0.002171 -0.327279 0.944925
vn 0.519724 -0.644895 0.560354
vn 0.206636 -0.633074 0.746002
vn 0.225542 -0.374971 0.899182
vn 0.686094 -0.700602 0.196042
vn 0.529681 -0.601634 0.597892
vn 0.442830 -0.884385 -0.147531
vn -0.129898 -0.951605 -0.278520
vn 0.193243 -0.580807 -0.790772
vn -0.666269 -0.397998 -0.630621
vn -0.028889 -0.993637 0.108863
vn -0.414034 -0.803916 0.426959
vn 0.205515 -0.479140 -0.853340
vn -0.573765 -0.754238 0.319246
vn 0.216706 -0.787160 -0.577423
vn 0.123807 -0.167767 -0.978022
vn -0.128942 -0.937590 -0.322953
vn 0.381312 -0.219464 -0.898018
vn -0.035961 0.094273 -0.994897
vn -0.282132 -0.196076 -0.939125
vn -0.532024 -0.217242 -0.818386
vn -0.675210 -0.138592 -0.724488
vn -0.929139 -0.287588 -0.232365
vn 0.028016 -0.992022 0.122912
vn -0.870926 -0.481251 -0.099430
vn -0.881294 -0.422631 0.211435
vn -0.761935 -0.637533 0.114051
vn 0.736279 -0.639198 0.222078
vn 0.772019 -0.581568 0.256447
vn -0.592904 -0.798421 -0.104831
vn -0.570681 -0.779280 -0.258931
vn -0.750205 -0.611542 -0.251414
vn -0.749140 -0.645175 -0.150130
vn -0.856286 -0.387274 -0.341751
vn -0.791255 -0.435799 -0.428946
vn -0.663044 -0.542526 -0.515789
vn -0.557040 -0.663110 -0.499992
vn -0.492455 -0.764745 -0.415515
vn -0.438685 -0.846336 -0.302112
vn -0.898675 -0.368816 -0.237399
vn -0.928037 -0.355793 -0.110266
vn -0.811912 -0.562830 -0.154989
vn -0.829874 -0.529380 -0.176253
vn -0.906307 -0.422619 0.000633
vn -0.869677 -0.492252 0.036740
vn -0.823681 -0.501587 -0.264499
vn 0.551669 -0.681732 0.480523
vn 0.663080 -0.572890 0.481790
vn -0.994337 -0.029464 0.102104
vn -0.928047 -0.176009 0.328253
vn -0.900720 -0.112597 0.419554
vn -0.874521 -0.271501 0.401872
vn -0.881283 0.120483 0.456972
vn -0.748844 -0.229151 0.621870
vn -0.761190 -0.270838 0.589267
vn -0.709110 -0.321768 0.627397
vn -0.919879 -0.081199 -0.383706
vn -0.394655 -0.425041 -0.814609
vn -0.244593 -0.476580 -0.844420
vn -0.160221 -0.569279 -0.806381
vn 0.000205 -0.570891 -0.821026
vn -0.118413 -0.705949 -0.698294
vn 0.225472 -0.474484 -0.850898
vn -0.101503 -0.463078 -0.880486
vn 0.026411 -0.301601 -0.953068
vn 0.136781 -0.150381 -0.979120
vn 0.409014 -0.320842 -0.854264
vn 0.249795 -0.163026 -0.954476
vn 0.367507 -0.322093 -0.872465
vn 0.510645 -0.340685 -0.789415
vn 0.534485 -0.377231 -0.756322
vn 0.362141 -0.655450 -0.662751
vn 0.271464 -0.690926 -0.670021
vn 0.458157 -0.642452 -0.614287
vn 0.424604 -0.702692 -0.570907
vn 0.656089 -0.331875 -0.677795
vn 0.389854 -0.723211 -0.570070
vn 0.514624 -0.725382 -0.457147
vn 0.500301 -0.738848 -0.451445
vn 0.510417 -0.757490 -0.407042
vn 0.457007 -0.824873 -0.332760
vn 0.518220 -0.764900 -0.382591
vn 0.479251 -0.833696 -0.274351
vn 0.408018 -0.873753 -0.264720
vn 0.331687 -0.913930 -0.233915
vn 0.413214 -0.893569 -0.175470
vn 0.504904 -0.847234 -0.165123
vn 0.663972 -0.707977 -0.240643
vn 0.575657 -0.771798 -0.270087
vn 0.575312 -0.808611 -0.123145
vn 0.707507 -0.704753 -0.052518
vn 0.758220 -0.637286 -0.137728
vn 0.777262 -0.585698 -0.229831
vn 0.848127 -0.520364 -0.099506
vn 0.527309 -0.470774 -0.707331
vn 0.347873 -0.386969 -0.853955
vn 0.966013 0.246409 0.078111
vn 0.557516 0.487301 -0.672096
vn 0.515493 0.455594 -0.725741
vn 0.413337 0.490076 -0.767449
vn 0.980183 0.192396 -0.047178
vn 0.427770 0.381895 -0.819249
vn 0.909383 0.165582 -0.381582
vn 0.502284 0.071575 -0.861735
vn 0.851207 -0.144272 -0.504610
vn 0.470414 -0.226596 -0.852857
vn 0.500479 -0.689115 -0.524062
vn 0.468227 -0.689572 -0.552498
vn 0.489548 -0.735055 -0.469081
vn 0.491214 -0.744913 -0.451456
vn 0.499669 -0.735194 -0.458063
vn 0.542596 -0.701361 -0.462259
vn 0.492832 -0.763874 -0.416668
vn 0.543670 -0.754961 -0.366683
vn 0.603890 -0.713348 -0.355600
vn 0.510146 -0.781681 -0.358784
vn 0.499048 -0.783599 -0.370031
vn 0.667343 -0.664717 -0.335865
vn 0.621155 0.503126 -0.600859
vn 0.647442 0.546298 -0.531393
vn 0.600709 0.715057 -0.357550
vn 0.629357 0.685932 -0.365250
vn 0.703324 0.566223 -0.429798
vn 0.649970 0.649420 -0.394706
vn 0.605264 0.756713 -0.247067
vn 0.769775 0.602759 -0.210068
vn 0.764031 0.618387 -0.183998
vn 0.973161 0.228518 0.027148
vn 0.930990 0.296526 0.212909
vn 0.964192 0.129009 0.231711
vn 0.968960 0.192156 0.155539
vn 0.977029 0.081140 0.197057
vn 0.956575 0.202324 0.209831
vn 0.962491 0.189953 0.193723
vn 0.970972 0.187388 0.148660
vn 0.015212 -0.592451 0.805463
vn 0.049803 -0.682338 0.729339
vn -0.174638 -0.663342 0.727653
vn -0.181825 -0.553515 0.812749
vn -0.165840 -0.528226 0.832751
vn -0.356080 -0.495242 0.792428
vn -0.337116 -0.453671 0.824946
vn -0.502705 -0.451612 0.737112
vn -0.487690 -0.420249 0.765212
vn 0.973436 0.174466 0.148268
vn 0.963272 0.068417 0.259666
vn 0.950101 0.203473 0.236446
vn 0.914924 0.191926 0.355074
vn 0.899739 0.031382 0.435298
vn 0.833437 0.122722 0.538816
vn 0.750441 0.144725 0.644898
vn 0.781413 0.030215 0.623282
vn 0.566164 0.143990 0.811619
vn 0.639813 0.035013 0.767732
vn 0.476652 0.074410 0.875937
vn 0.314580 0.145930 0.937947
vn 0.479688 -0.088443 0.872971
vn 0.662244 -0.076750 0.745347
vn 0.395402 -0.200852 0.896279
vn 0.521351 -0.318673 0.791606
vn 0.718949 -0.379285 0.582456
vn 0.338092 -0.403774 0.850095
vn 0.812125 -0.198926 0.548527
vn 0.923969 -0.115658 0.364562
vn 0.519185 -0.584367 0.623668
vn 0.261781 -0.282978 0.922710
vn 0.041631 -0.533760 0.844610
vn 0.057762 -0.383731 0.921637
vn -0.204578 -0.338672 0.918395
vn -0.289216 -0.486380 0.824493
vn -0.396386 -0.237691 0.886782
vn -0.348337 -0.223101 0.910432
vn -0.552889 -0.271755 0.787695
vn -0.611193 -0.355056 0.707374
vn 0.330439 -0.729905 0.598371
vn -0.325988 0.263287 0.907971
vn -0.457384 0.125714 0.880338
vn -0.486903 0.051972 0.871909
vn -0.224456 0.091146 0.970212
vn -0.229012 -0.171204 0.958250
vn -0.179873 0.877197 0.445164
vn -0.156439 0.792333 0.589691
vn -0.157433 0.621218 0.767661
vn -0.234288 0.434031 0.869900
vn -0.083833 0.779465 0.620811
vn 0.047422 0.785923 0.616504
vn -0.193356 0.525003 0.828846
vn -0.057222 0.559667 0.826740
vn -0.247119 0.145779 0.957957
vn -0.455246 0.076826 0.887045
vn -0.603123 0.019832 0.797402
vn -0.205358 0.185169 0.961010
vn -0.067785 0.536040 0.841466
vn -0.250215 0.132579 0.959070
vn -0.297557 0.124840 0.946507
vn 0.011713 0.461575 0.887024
vn -0.065771 0.530655 0.845033
vn 0.187212 0.736318 0.650221
vn 0.170285 0.755205 0.632984
vn 0.138716 0.804155 0.578007
vn 0.191890 0.718348 0.668696
vn 0.202113 0.706742 0.677987
vn -0.028521 0.423883 0.905268
vn -0.053723 0.416471 0.907560
vn -0.425167 0.072721 0.902189
vn -0.362612 0.092556 0.927333
vn -0.481328 0.074785 0.873345
vn -0.111072 0.517510 0.848437
vn -0.593910 -0.033331 0.803841
vn 0.036538 0.355662 0.933900
vn -0.599966 -0.385105 0.701238
vn 0.206914 0.669557 0.713358
vn 0.188773 0.620004 0.761551
vn 0.149991 0.645390 0.748982
vn 0.200865 0.684985 0.700320
vn -0.035407 0.898379 0.437792
vn 0.094337 0.238455 0.966561
vn 0.096234 0.237311 0.966655
vn -0.082036 0.630054 0.772206
vn -0.056840 0.927647 0.369108
vn -0.113850 0.956523 0.268518
vn -0.043991 0.966385 0.253308
vn -0.052959 0.989272 0.136150
vn -0.125397 0.978428 0.164180
vn -0.328842 0.943708 0.035742
vn -0.216578 0.954822 0.203492
vn -0.246286 0.912187 -0.327504
vn -0.159247 0.783772 -0.600285
vn -0.466367 0.380982 -0.798345
vn -0.007133 0.690254 -0.723532
vn -0.154976 0.983982 -0.088097
vn -0.088227 0.440198 -0.893555
vn -0.668442 0.558600 -0.491072
vn -0.079857 0.372549 -0.924570
vn -0.773972 0.092371 -0.626446
vn -0.966628 -0.252292 0.044482
vn -0.982970 0.178004 -0.045665
vn -0.965503 -0.256352 0.045690
vn -0.324637 0.415080 -0.849894
vn -0.856080 -0.248726 -0.453059
vn -0.401502 0.265458 -0.876543
vn -0.926789 -0.342005 -0.155223
vn -0.958037 -0.286072 0.018089
vn -0.992856 -0.078347 0.089995
vn -0.957540 -0.281363 0.062871
vn -0.957858 -0.279970 0.064232
vn -0.984398 -0.153050 0.086807
vn -0.984333 -0.154917 0.084198
vn -0.976531 -0.172315 0.129205
vn -0.969471 -0.171809 0.174953
vn -0.976293 -0.173086 0.129977
vn -0.968384 -0.173558 0.179192
vn -0.945287 -0.212171 0.247822
vn -0.948819 -0.200079 0.244358
vn -0.935805 -0.114004 0.333575
vn -0.942679 -0.093523 0.320328
vn -0.886381 -0.132439 0.443608
vn -0.831458 -0.088560 0.548485
vn -0.881235 -0.135712 0.452776
vn -0.836999 -0.072353 0.542400
vn -0.758292 -0.035294 0.650960
vn -0.744617 -0.053835 0.665317
vn -0.670683 0.025568 0.741303
vn -0.593447 0.022164 0.804568
vn -0.649753 -0.012123 0.760049
vn -0.598128 -0.077014 0.797691
vn 0.532420 -0.783227 0.321067
vn 0.598109 -0.749233 0.284458
vn 0.589422 -0.753808 0.290440
vn 0.466296 -0.823937 0.322018
vn 0.527798 -0.786200 0.321432
vn 0.461182 -0.827351 0.320627
vn 0.406615 -0.865361 0.292941
vn 0.410626 -0.862546 0.295635
vn 0.370555 -0.894674 0.249494
vn 0.345290 -0.920165 0.184584
vn 0.372204 -0.893086 0.252710
vn 0.346931 -0.918527 0.189598
vn 0.338501 -0.931456 0.133440
vn 0.338510 -0.931260 0.134781
vn 0.331591 -0.940202 0.077892
vn 0.332431 -0.939321 0.084648
vn 0.327983 -0.944279 0.027663
vn 0.327646 -0.944390 0.027851
vn 0.329923 -0.944006 -0.002084
vn 0.339934 -0.939885 -0.032563
vn 0.330452 -0.943816 -0.003667
vn 0.339078 -0.940250 -0.030922
vn 0.340862 -0.939450 -0.035307
vn 0.340479 -0.939606 -0.034848
vn -0.271124 -0.956170 0.110596
vn -0.710916 -0.702773 -0.026642
vn -0.654469 -0.755557 -0.028351
vn -0.641464 -0.766813 -0.022816
vn -0.216125 -0.970117 0.110283
vn 0.583189 -0.812085 -0.020235
vn 0.679252 -0.733837 -0.009993
vn 0.617298 -0.786535 -0.017490
vn 0.617329 -0.786512 -0.017457
vn -0.683208 -0.445357 -0.578691
vn -0.555101 -0.412599 -0.722236
vn -0.680252 -0.444966 -0.582462
vn -0.781313 -0.474531 -0.405426
vn -0.778119 -0.472734 -0.413586
vn -0.856555 -0.454136 -0.245099
vn -0.855993 -0.455182 -0.245122
vn -0.893327 -0.433435 -0.118747
vn -0.891686 -0.433718 -0.129558
vn -0.896332 -0.442073 -0.034066
vn -0.896237 -0.442382 -0.032520
vn -0.884826 -0.465138 0.027016
vn -0.889566 -0.451398 0.070085
vn -0.884421 -0.465832 0.028291
vn -0.013749 -0.996614 0.081070
vn -0.898280 -0.432682 0.076671
vn 0.328097 -0.942653 0.061298
vn 0.317409 -0.946175 0.063275
vn 0.333486 -0.941129 0.055352
vn 0.057180 -0.995285 0.078353
vn -0.899106 -0.437690 0.006038
vn 0.297876 -0.952983 0.055617
vn 0.078286 -0.995388 0.055443
vn 0.285469 -0.957315 0.045332
vn 0.031480 -0.999114 0.027923
vn 0.013806 -0.999904 0.000730
vn -0.894146 -0.442229 -0.070260
vn 0.271976 -0.961678 0.034696
vn 0.266271 -0.963637 0.022450
vn 0.267879 -0.963182 0.022819
vn 0.276833 -0.960914 0.002684
vn 0.271289 -0.962495 -0.002218
vn 0.277851 -0.959681 -0.042553
vn 0.277765 -0.958731 -0.060676
vn -0.887112 -0.440228 -0.138678
vn -0.872435 -0.456831 -0.173672
vn -0.872263 -0.454146 -0.181410
vn -0.871626 -0.458436 -0.173505
vn -0.873126 -0.450238 -0.186915
vn -0.876900 -0.433361 -0.207952
vn -0.876841 -0.433406 -0.208107
vn 0.332257 -0.942299 0.040972
vn 0.333712 -0.941055 0.055244
vn 0.332016 -0.942405 0.040471
vn 0.335075 -0.941966 0.020600
vn 0.332476 -0.942804 0.024100
vn 0.354912 -0.934897 0.002107
vn 0.355681 -0.934606 0.001699
vn 0.399132 -0.916598 -0.023255
vn 0.395827 -0.918062 -0.021992
vn 0.454981 -0.889813 -0.035003
vn 0.508640 -0.860450 -0.030185
vn 0.457472 -0.888524 -0.035272
vn 0.522659 -0.852209 -0.023819
vn 0.579770 -0.814769 0.004342
vn 0.585039 -0.810975 0.007038
vn 0.610519 -0.791716 0.021249
vn 0.610646 -0.791608 0.021626
vn -0.546074 -0.411757 -0.729561
vn -0.338616 -0.367853 -0.866039
vn -0.344270 -0.368558 -0.863506
vn -0.233720 -0.353184 -0.905890
vn -0.236123 -0.351645 -0.905865
vn 0.690348 -0.723394 -0.010993
vn 0.690544 -0.723204 -0.011175
vn 0.690426 -0.723318 -0.011066
vn 0.690412 -0.723332 -0.011053
vn 0.655268 -0.755221 -0.016272
vn 0.655282 -0.755209 -0.016295
vn 0.655031 -0.755436 -0.015877
vn 0.655483 -0.755027 -0.016627
vn 0.787843 0.615465 0.022519
vn 0.787843 0.615465 0.022519
vn 0.787843 0.615465 0.022519
vn 0.787658 0.615716 0.022124
vn 0.787658 0.615716 0.022124
vn 0.787658 0.615716 0.022124
vn 0.720718 0.692636 0.028648
vn 0.720905 0.692418 0.029205
vn 0.723116 0.689661 0.038354
vn 0.717393 0.696408 0.019071
vn 0.341222 -0.939833 -0.016795
vn 0.341251 -0.939823 -0.016728
vn 0.341208 -0.939840 -0.016702
vn 0.277301 -0.959843 -0.042482
vn 0.277786 -0.958723 -0.060705
vn 0.276662 -0.921282 -0.273307
vn 0.776988 0.629513 -0.001804
vn 0.802308 0.596844 0.008914
vn 0.812849 0.581670 0.030608
vn 0.810839 0.585163 0.011162
vn 0.992904 -0.118713 0.006958
vn 0.993126 -0.116865 0.006564
vn 0.801362 0.598140 0.006960
vn 0.255451 -0.754479 -0.604571
vn 0.232703 -0.862970 -0.448477
vn 0.329910 -0.723157 -0.606798
vn 0.244139 -0.915678 -0.319263
vn 0.286161 -0.958139 -0.009074
vn 0.278498 -0.960413 0.006814
vn 0.299883 -0.953404 0.033017
vn 0.299454 -0.953520 0.033566
vn 0.295792 -0.954393 0.040499
vn 0.296382 -0.954210 0.040521
vn 0.299782 -0.953002 0.043790
vn 0.302772 -0.952047 0.043994
vn 0.313580 -0.947871 0.056638
vn 0.315800 -0.947220 0.055173
vn 0.317875 -0.945836 0.065951
vn 0.318855 -0.945541 0.065450
vn 0.329170 -0.942133 0.063497
vn 0.329288 -0.942104 0.063314
vn 0.334600 -0.940466 0.059726
vn 0.335548 -0.940198 0.058616
vn 0.337747 -0.939698 0.053808
vn 0.338611 -0.939382 0.053890
vn 0.335434 -0.941029 0.044149
vn 0.337116 -0.940425 0.044205
vn 0.351793 -0.935747 0.024862
vn 0.353816 -0.934994 0.024499
vn 0.369702 -0.929144 0.003540
vn 0.373408 -0.927651 0.005413
vn 0.406799 -0.913299 -0.020013
vn 0.393200 -0.919125 -0.024543
vn 0.449467 -0.892725 -0.031960
vn 0.469683 -0.882677 -0.016685
vn 0.516860 -0.855703 -0.025072
vn 0.588545 -0.808306 0.015994
vn 0.538402 -0.842664 0.006368
vn 0.589146 -0.807714 0.022476
vn 0.629203 -0.774582 0.064236
vn 0.634802 -0.766882 0.094440
vn 0.653271 -0.747069 0.122982
vn 0.654492 -0.733131 0.184824
vn 0.667464 -0.733576 0.127897
vn 0.654280 -0.746802 0.119183
vn 0.637146 -0.738853 0.219411
vn 0.607604 -0.741772 0.283888
vn 0.538739 -0.776881 0.325909
vn 0.535175 -0.777137 0.331128
vn 0.465712 -0.819681 0.333521
vn 0.436653 -0.828265 0.351158
vn 0.395259 -0.874842 0.280039
vn 0.411218 -0.868110 0.278000
vn 0.349270 -0.912396 0.213412
vn 0.341246 -0.915619 0.212585
vn 0.334154 -0.932078 0.139901
vn 0.332636 -0.933568 0.133430
vn 0.322247 -0.942943 0.083759
vn 0.320500 -0.943943 0.079062
vn 0.308293 -0.950605 0.036135
vn 0.311650 -0.949890 0.024134
vn 0.329780 -0.944047 -0.004430
vn 0.326492 -0.944893 -0.024085
vn 0.324828 -0.945461 -0.024310
vn 0.329660 -0.944076 -0.006668
vn 0.318759 -0.945497 -0.066551
vn 0.323075 -0.945656 -0.036843
vn 0.318349 -0.946593 -0.051150
vn -0.096246 0.837179 0.538394
vn -0.048089 0.818143 0.573000
vn -0.043326 0.815968 0.576471
vn -0.096243 0.837079 0.538550
vn 0.048896 0.794304 0.605550
vn 0.051177 0.794073 0.605665
vn 0.127683 0.777132 0.616249
vn 0.130587 0.774879 0.618474
vn 0.175787 0.736344 0.653374
vn 0.175611 0.734303 0.655713
vn 0.188642 0.709751 0.678725
vn 0.193295 0.705678 0.681656
vn 0.205191 0.696781 0.687309
vn 0.205105 0.696767 0.687349
vn 0.078984 0.702727 0.707062
vn 0.217806 0.663100 0.716142
vn 0.251575 0.653305 0.714075
vn 0.241202 0.641999 0.727776
vn 0.237643 0.649613 0.722170
vn 0.209303 0.667956 0.714161
vn 0.209613 0.668299 0.713750
vn 0.209884 0.668255 0.713711
vn -0.816755 -0.044855 0.575238
vn -0.816755 -0.044855 0.575238
vn -0.816755 -0.044855 0.575238
vn -0.311344 0.762439 0.567231
vn -0.299583 0.766070 0.568671
vn -0.308214 0.763419 0.567623
vn -0.308247 0.763413 0.567613
vn -0.893205 -0.232604 -0.384812
vn -0.893205 -0.232604 -0.384812
vn -0.893205 -0.232604 -0.384812
vn -0.115991 0.850000 0.513854
vn -0.116220 0.850124 0.513597
vn -0.116191 0.850108 0.513630
vn -0.116192 0.850109 0.513629
vn -0.791416 -0.038789 0.610046
vn -0.746801 0.003651 0.665038
vn -0.727586 0.019039 0.685752
vn -0.791728 -0.038439 0.609663
vn -0.625519 0.086360 0.775415
vn -0.498437 0.152349 0.853434
vn -0.500085 0.151539 0.852614
vn -0.630382 0.084263 0.771698
vn -0.338356 0.222627 0.914304
vn -0.339763 0.221836 0.913975
vn -0.189688 0.279293 0.941283
vn -0.190447 0.279501 0.941068
vn -0.012765 0.341628 0.939748
vn -0.021015 0.339015 0.940546
vn 0.127275 0.386463 0.913481
vn 0.300837 0.436102 0.848123
vn 0.139652 0.389354 0.910440
vn 0.307603 0.436627 0.845421
vn 0.435382 0.454793 0.776921
vn 0.431941 0.455667 0.778328
vn 0.583549 0.432651 0.687229
vn 0.589201 0.430027 0.684046
vn 0.715359 0.372442 0.591226
vn 0.722474 0.367742 0.585489
vn 0.818980 0.305182 0.485937
vn 0.823534 0.301377 0.480587
vn 0.869912 0.267944 0.414077
vn 0.869990 0.268062 0.413836
vn -0.234637 0.901657 -0.363264
vn -0.310104 0.888666 -0.337800
vn -0.267129 0.878069 -0.397036
vn -0.311118 0.888760 -0.336618
vn -0.248226 0.884399 -0.395248
vn -0.249424 0.884564 -0.394125
vn -0.252782 0.887928 -0.384298
vn -0.251639 0.887376 -0.386317
vn -0.273625 0.901914 -0.334186
vn -0.273766 0.901998 -0.333843
vn -0.254472 0.887841 -0.383383
vn -0.254284 0.887672 -0.383899
vn -0.251805 0.902452 -0.349535
vn -0.252471 0.902309 -0.349423
vn -0.230873 0.898408 -0.373580
vn -0.137723 0.890363 -0.433918
vn -0.224249 0.898704 -0.376886
vn -0.135914 0.889653 -0.435941
vn -0.021028 0.875407 -0.482929
vn -0.026630 0.877785 -0.478314
vn 0.038182 0.837947 -0.544414
vn 0.009427 0.799194 -0.600999
vn 0.035054 0.835805 -0.547906
vn 0.007490 0.798222 -0.602317
vn 0.017671 0.801465 -0.597781
vn 0.018099 0.801506 -0.597712
vn 0.031854 0.810316 -0.585127
vn 0.040482 0.802365 -0.595459
vn 0.034802 -0.120891 0.992055
vn 0.013725 -0.032528 0.999377
vn -0.019648 0.054786 0.998305
vn -0.010636 -0.001749 0.999942
vn 0.089038 -0.143813 0.985591
vn 0.019600 0.129987 0.991322
vn 0.907058 0.299852 0.295525
vn 0.556874 0.550991 0.621531
vn 0.909777 0.249576 0.331690
vn 0.995595 -0.082960 -0.043688
vn 0.996178 0.013876 -0.086232
vn 0.823009 -0.340080 -0.454976
vn 0.820313 -0.286623 -0.494908
vn 0.454235 -0.528037 -0.717529
vn 0.457155 -0.466393 -0.757289
vn -0.046720 -0.589833 -0.806173
vn -0.032318 -0.523347 -0.851507
vn -0.483404 -0.439905 -0.756838
vn -0.504968 -0.499057 -0.704236
vn -0.864338 -0.196155 -0.463081
vn -0.864550 -0.236644 -0.443344
vn -0.993610 0.064866 -0.092361
vn -0.862547 0.385301 0.327958
vn -0.997164 0.041024 -0.063091
vn -0.884193 -0.276147 -0.376756
vn -0.872747 0.376725 0.310470
vn -0.999255 0.023173 -0.030871
vn -0.852041 0.365667 0.374585
vn -0.451495 0.566064 0.689728
vn -0.477816 0.562306 0.674910
vn -0.043808 0.729064 0.683042
vn -0.185327 0.792778 0.580652
vn 0.058062 0.659388 0.749557
vn 0.638082 0.579420 0.507073
vn 0.743207 0.569927 0.350467
vn 0.904841 0.208740 0.371067
vn 0.996047 -0.088828 -0.000052
vn 0.820513 -0.403968 -0.404435
vn 0.451764 -0.586989 -0.671828
vn -0.042965 -0.637270 -0.769442
vn -0.498907 -0.550043 -0.669735
vn -0.490955 0.588722 0.642161
vn -0.036849 0.791602 -0.609925
vn -0.040846 0.801349 -0.596801
vn 0.020248 0.803135 -0.595453
vn -0.051080 0.781784 -0.621454
vn -0.006048 0.771580 -0.636104
vn 0.014487 0.754262 -0.656414
vn 0.023867 0.766724 -0.641533
vn -0.022304 0.762783 -0.646269
vn 0.054602 0.771782 -0.633539
vn 0.074537 0.788620 -0.610346
vn 0.057529 0.762083 -0.644919
vn 0.091537 0.775723 -0.624400
vn 0.100244 0.800529 -0.590851
vn 0.066432 0.821930 -0.565701
vn 0.083281 0.796360 -0.599062
vn 0.089603 0.823020 -0.560900
vn 0.059368 0.840848 -0.538006
vn 0.023445 0.848258 -0.529064
vn 0.042452 0.834681 -0.549095
vn 0.031302 0.838685 -0.543717
vn -0.013138 0.831526 -0.555330
vn -0.044553 0.828687 -0.557936
vn -0.031966 0.818032 -0.574284
vn -0.015901 0.844003 -0.536102
vn -0.056179 0.805508 -0.589916
vn 0.338402 0.598858 0.725846
vn 0.304687 0.561288 0.769495
vn 0.284054 0.583915 0.760498
vn 0.249343 0.544486 0.800852
vn -0.232800 -0.947684 -0.218403
vn -0.132140 -0.968574 -0.210723
vn -0.013224 -0.983079 -0.182703
vn 0.041862 -0.998117 -0.044839
vn -0.327758 -0.942483 0.065572
vn -0.666087 -0.721266 -0.190009
vn -0.361559 -0.909098 -0.206921
vn -0.717564 -0.666747 -0.201373
vn -0.606093 -0.746667 -0.274118
vn -0.091438 -0.947363 -0.306826
vn -0.624629 -0.178894 -0.760155
vn -0.187962 0.341804 -0.920783
vn -0.585812 -0.269756 -0.764235
vn -0.751462 -0.652813 -0.095606
vn -0.800778 -0.598961 0.000276
vn -0.266847 0.388853 -0.881808
vn -0.247663 -0.344473 -0.905539
vn -0.774975 0.609000 -0.168915
vn -0.271436 0.300162 -0.914454
vn -0.183691 0.389150 -0.902674
vn -0.249579 0.386434 -0.887907
vn -0.184322 0.396093 -0.899520
vn -0.975404 -0.187465 0.115950
vn -0.979376 -0.184257 0.082899
vn -0.330387 0.342510 -0.879506
vn -0.997441 -0.000451 0.071499
vn -0.995443 0.044434 0.084374
vn -0.952053 -0.264722 -0.153352
vn -0.972839 -0.224552 0.056220
vn -0.221812 0.446990 -0.866602
vn -0.186064 0.464854 -0.865616
vn -0.784373 0.614153 -0.087038
vn -0.993929 0.107258 -0.024527
vn -0.986167 0.155148 0.058337
vn -0.998384 -0.005685 -0.056537
vn -0.989796 0.106220 -0.094981
vn -0.928573 0.368595 0.043466
vn -0.918619 0.278221 0.280591
vn -0.971167 0.221063 -0.089252
vn -0.969099 0.245357 -0.025430
vn -0.956812 0.284226 -0.061042
vn -0.921396 0.363086 0.138560
vn -0.952009 0.298355 -0.068282
vn -0.900237 0.435397 0.001831
vn -0.080751 -0.775391 0.626298
vn 0.067152 -0.394323 0.916515
vn 0.079200 -0.416885 0.905502
vn 0.018798 -0.692130 0.721528
vn 0.106557 -0.846687 0.521313
vn -0.150239 -0.918406 0.366004
vn -0.988965 0.070095 0.130515
vn 0.037720 -0.354728 0.934208
vn -0.492132 0.334565 0.803662
vn -0.966400 0.195670 0.166687
vn -0.408757 -0.787109 0.461927
vn -0.000871 -0.277603 0.960695
vn -0.638211 -0.506830 0.579491
vn -0.227202 0.301754 0.925918
vn -0.679225 0.008506 0.733881
vn -0.181633 0.801832 -0.569276
vn -0.209576 0.972540 -0.101208
vn -0.255516 0.665575 -0.701229
vn 0.033546 -0.378265 0.925089
vn 0.077305 -0.366678 0.927131
vn 0.076929 -0.360180 0.929706
vn -0.010141 -0.333991 0.942522
vn -0.238321 0.404719 0.882840
vn -0.078095 0.586983 0.805824
vn -0.905731 0.422876 -0.028762
vn -0.726023 0.555474 0.405387
vn -0.908818 0.415453 -0.038061
vn -0.527952 0.480370 0.700365
vn -0.135413 0.836770 0.530547
vn -0.235964 0.721185 -0.651316
vn -0.216316 0.947388 -0.235930
vn -0.189341 0.964202 -0.185645
vn -0.214326 0.960139 0.179435
vn -0.160318 0.971422 0.175033
vn -0.131730 0.827404 0.545939
vn -0.093666 0.539085 0.837027
vn 0.045112 -0.192415 0.980276
vn 0.048602 -0.196040 0.979391
vn -0.012208 -0.237871 0.971220
vn 0.104617 -0.145606 0.983796
vn 0.019887 0.803156 -0.595437
vn -0.021948 0.908925 -0.416382
vn -0.089129 0.896110 -0.434790
vn -0.182488 0.828617 -0.529238
vn -0.193126 0.786914 -0.586062
vn -0.142567 0.867100 -0.477298
vn 0.129214 0.671183 -0.729943
vn 0.182344 0.703262 -0.687148
vn 0.056569 0.907437 -0.416364
vn 0.127551 0.892873 -0.431866
vn 0.179819 0.864184 -0.469948
vn 0.218789 0.826097 -0.519322
vn 0.230634 0.783108 -0.577538
vn 0.223531 0.739165 -0.635350
vn 0.059766 0.659648 -0.749194
vn -0.016900 0.660016 -0.751061
vn -0.087557 0.676585 -0.731141
vn -0.143186 0.704534 -0.695076
vn -0.178465 0.743588 -0.644382
vn 0.530139 0.105486 -0.841324
vn 0.121219 0.091247 -0.988423
vn 0.520568 0.217937 -0.825537
vn 0.153593 0.009823 -0.988085
vn 0.777898 0.325009 -0.537815
vn 0.780261 0.603590 -0.163923
vn 0.728207 0.367900 -0.578241
vn 0.708035 0.678307 -0.196431
vn 0.339709 0.423071 -0.840005
vn 0.560588 0.541973 -0.626104
vn 0.572313 0.739382 -0.354643
vn 0.310510 0.513358 -0.800030
vn 0.447610 0.631751 -0.632880
vn 0.446639 0.789567 -0.420828
vn 0.304207 0.920810 -0.244063
vn 0.379897 0.918006 -0.113769
vn 0.483030 0.869965 0.099215
vn 0.004082 0.983420 0.181295
vn 0.012371 0.998631 -0.050816
vn 0.053559 0.983611 -0.172167
vn -0.290386 0.945759 -0.145658
vn -0.216901 0.951896 -0.216446
vn -0.397993 0.839042 -0.370959
vn -0.497913 0.807146 -0.317173
vn -0.427432 0.703338 -0.567994
vn -0.497108 0.640961 -0.584853
vn -0.316244 0.552849 -0.770939
vn -0.176538 0.342804 -0.922670
vn -0.357988 0.470416 -0.806569
vn -0.123386 0.472636 -0.872577
vn 0.081047 0.371134 -0.925036
vn 0.106076 0.460498 -0.881300
vn -0.734140 0.514222 -0.443412
vn -0.490349 0.285397 -0.823472
vn -0.258246 0.175426 -0.950018
vn -0.596284 0.178313 -0.782720
vn -0.783283 0.446810 -0.432236
vn -0.719914 0.690469 -0.070546
vn -0.604967 0.784840 -0.134318
vn -0.409587 0.890738 0.197041
vn -0.401710 0.913841 0.059360
vn 0.054792 0.955063 0.291295
vn 0.520950 0.838942 0.157443
vn -0.255105 0.034707 -0.966290
vn 0.649543 -0.473950 -0.594530
vn 0.946868 -0.176985 -0.268545
vn 0.955192 -0.192353 -0.224962
vn 0.635496 -0.447714 -0.629045
vn 0.185582 -0.583820 -0.790389
vn 0.176831 -0.557102 -0.811399
vn -0.314666 -0.546974 -0.775761
vn -0.315658 -0.531630 -0.785958
vn -0.746913 -0.356459 -0.561299
vn -0.753974 -0.372771 -0.540893
vn -0.990572 -0.018942 -0.135674
vn -0.995051 -0.039877 -0.091011
vn -0.914539 0.277069 0.294705
vn -0.907070 0.253211 0.336315
vn -0.529107 0.534403 0.659135
vn -0.513535 0.517091 0.684762
vn 0.061964 0.610266 0.789770
vn 0.070207 0.601642 0.795675
vn 0.629198 0.456347 0.629172
vn 0.635981 0.465877 0.615213
vn 0.964129 0.139956 0.225537
vn 0.969578 0.158687 0.186381
vn -0.572271 0.221810 -0.789497
vn -0.448965 0.881886 -0.143903
vn -0.707370 0.363695 -0.606097
vn -0.363810 0.125841 -0.922934
vn -0.564265 0.775599 -0.282933
vn -0.602215 0.652551 -0.459907
vn 0.600462 0.799009 -0.032098
vn 0.418548 0.895712 0.150058
vn 0.491953 0.509040 0.706301
vn 0.165204 0.970038 0.178140
vn 0.164531 0.582719 0.795844
vn 0.093607 -0.110161 0.989496
vn -0.083885 0.975234 0.204649
vn -0.181407 0.587978 0.788273
vn -0.151897 -0.095453 0.983776
vn 0.334663 -0.163933 0.927969
vn 0.552336 -0.278050 0.785883
vn 0.279754 -0.338032 0.898594
vn 0.084683 -0.283853 0.955121
vn -0.127910 -0.280634 0.951254
vn -0.399320 -0.149043 0.904616
vn -0.319553 -0.332906 0.887164
vn -0.589032 -0.244424 0.770259
vn -0.488202 -0.397921 0.776736
vn -0.707835 -0.375191 0.598499
vn -0.577772 -0.519034 0.629907
vn -0.751722 -0.527153 0.396262
vn -0.614401 -0.637287 0.465163
vn -0.571838 -0.760963 0.306491
vn -0.705079 -0.686474 0.177812
vn -0.999788 0.010056 -0.017979
vn -0.935782 -0.198942 -0.291091
vn -0.574114 -0.818763 0.004373
vn -0.468912 -0.868392 0.161297
vn -0.493397 -0.512832 -0.702541
vn -0.762136 -0.379216 -0.524733
vn -0.380275 -0.919686 -0.097823
vn -0.308937 -0.949065 0.061909
vn -0.546701 -0.491835 -0.677655
vn -0.430667 -0.890263 -0.148183
vn -0.379915 -0.903230 0.199602
vn -0.412669 0.077561 -0.907573
vn -0.391441 0.159611 -0.906255
vn -0.027621 0.368146 -0.929358
vn -0.583612 0.266317 -0.767120
vn -0.418572 0.576727 -0.701558
vn 0.594944 0.803369 0.025293
vn 0.559804 0.421173 -0.713605
vn 0.388307 0.908172 0.156336
vn 0.287821 0.899735 0.328080
vn 0.477812 0.370666 -0.796431
vn -0.705186 0.403625 -0.582923
vn -0.734363 0.567374 -0.372555
vn -0.377980 0.869367 -0.318326
vn -0.681786 0.712004 -0.167983
vn -0.540916 0.840983 0.012565
vn -0.283296 0.937671 -0.201286
vn -0.943267 0.209782 0.257369
vn -0.771255 0.390740 0.502482
vn -0.506811 0.520857 0.686914
vn -0.333361 0.932101 0.141624
vn 0.052904 0.991720 -0.117017
vn -0.124027 0.983348 -0.132831
vn 0.401528 0.116285 -0.908434
vn 0.603975 0.218110 -0.766578
vn 0.739476 0.346884 -0.576928
vn 0.775495 0.511382 -0.370263
vn 0.734391 0.660948 -0.154330
vn 0.150031 0.064236 -0.986592
vn -0.115394 0.060314 -0.991487
vn 0.224717 0.961868 -0.155925
vn -0.610817 0.566265 -0.553395
vn 0.438691 -0.419406 0.794763
vn 0.674904 -0.390650 0.626017
vn 0.544108 -0.527350 0.652571
vn 0.718672 -0.562467 0.408828
vn 0.579788 -0.651028 0.489906
vn 0.548455 -0.769864 0.326354
vn 0.668401 -0.713118 0.211429
vn 0.942974 -0.214276 -0.254728
vn 0.999720 -0.010330 0.021290
vn 0.562431 -0.826287 0.030356
vn 0.367596 -0.923550 -0.109214
vn 0.506788 -0.523214 -0.685137
vn 0.449408 -0.876371 0.173225
vn 0.770607 -0.392532 -0.502078
vn 0.558886 0.245003 -0.792225
vn 0.231261 0.972653 0.021535
vn 0.694987 0.370682 -0.616107
vn 0.340517 0.939611 -0.034337
vn 0.420002 0.101270 -0.901855
vn 0.165778 0.046436 -0.985069
vn 0.503438 0.849476 -0.157924
vn 0.185096 -0.588830 -0.786777
vn 0.245906 -0.584969 -0.772879
vn 0.126386 -0.974405 -0.185907
vn 0.168264 -0.960412 -0.222027
vn 0.095491 -0.995410 0.006367
vn 0.283441 -0.956086 0.074571
vn 0.199105 -0.971495 0.128662
vn 0.196112 0.005224 -0.980568
vn -0.115220 0.379565 -0.917962
vn 0.005306 0.932185 0.361944
vn -0.127567 0.967392 0.218814
vn -0.378759 0.914656 0.141233
vn -0.581518 0.813530 0.002393
vn -0.710928 0.678254 -0.185884
vn 0.011405 0.999816 0.015432
vn -0.269662 0.961758 -0.047993
vn 0.782793 0.486298 -0.388265
vn 0.743814 0.644558 -0.176876
vn 0.936567 0.192098 0.293158
vn 0.759197 0.375192 0.531838
vn -0.754193 0.522042 -0.398328
vn -0.090978 0.759039 -0.644657
vn -0.032213 0.762921 -0.645689
vn -0.096410 0.735706 -0.670404
vn -0.030128 0.754582 -0.655514
vn 0.020718 0.803036 -0.595571
vn -0.054153 0.832501 -0.551371
vn -0.061711 0.809966 -0.583221
vn -0.124895 0.826647 -0.548685
vn -0.105820 0.811791 -0.574279
vn -0.098203 0.854449 -0.510169
vn -0.058250 0.875021 -0.480567
vn -0.051938 0.826283 -0.560855
vn -0.033982 0.839569 -0.542189
vn -0.009785 0.847935 -0.530009
vn -0.009660 0.885533 -0.464476
vn 0.045380 0.884712 -0.463924
vn 0.098390 0.873021 -0.477654
vn 0.087559 0.841675 -0.532838
vn 0.015158 0.861587 -0.507383
vn 0.094049 0.824610 -0.557828
vn 0.111437 0.831077 -0.544878
vn 0.140606 0.851986 -0.504331
vn 0.167753 0.823784 -0.541516
vn 0.177675 0.790898 -0.585587
vn 0.123749 0.810798 -0.572095
vn 0.126403 0.788457 -0.601962
vn 0.169778 0.757485 -0.630391
vn 0.116466 0.766816 -0.631212
vn 0.077329 0.760335 -0.644912
vn 0.143603 0.729829 -0.668376
vn 0.102632 0.709796 -0.696891
vn 0.051562 0.700501 -0.711786
vn -0.004958 0.702309 -0.711855
vn 0.051757 0.752345 -0.656733
vn -0.016891 0.746610 -0.665047
vn -0.007239 0.753518 -0.657387
vn -0.056082 0.714055 -0.697840
vn -0.133585 0.778828 -0.612848
vn -0.132926 0.778676 -0.613183
vn -0.132207 0.779332 -0.612506
vn -0.133734 0.778796 -0.612856
vn -0.132474 0.778424 -0.613601
vn -0.133826 0.777800 -0.614099
vn -0.205935 0.235221 -0.949875
vn -0.205322 0.234663 -0.950145
vn -0.218402 0.251209 -0.942971
vn -0.193355 0.220301 -0.956076
vn 0.271526 -0.735971 -0.620177
vn 0.204397 -0.656150 -0.726422
vn 0.161977 -0.728882 -0.665202
vn 0.198879 -0.783674 -0.588474
vn 0.248620 -0.815555 -0.522550
vn 0.274227 -0.753486 -0.597543
vn 0.417549 -0.804373 -0.422655
vn 0.319728 -0.814470 -0.484163
vn 0.192398 -0.888253 -0.417121
vn 0.255662 -0.890266 -0.376913
vn 0.562827 -0.774032 -0.290002
vn 0.534402 -0.806359 -0.253377
vn 0.581623 -0.623425 0.522548
vn 0.794744 -0.479440 -0.372182
vn 0.711873 -0.353788 -0.606688
vn 0.946102 -0.168529 -0.276565
vn 0.947447 -0.224450 0.227961
vn 0.919530 -0.256614 0.297680
vn 0.706074 -0.465621 0.533533
vn 0.995364 -0.073023 -0.062591
vn 0.832139 -0.006590 -0.554527
vn 0.431630 -0.389438 -0.813655
vn 0.659449 0.100357 -0.745021
vn 0.142813 -0.458973 -0.876897
vn 0.387097 0.150799 -0.909624
vn 0.116562 0.205985 -0.971588
vn -0.275508 -0.377578 -0.884042
vn 0.252671 0.154413 -0.955151
vn 0.128532 -0.900587 -0.415239
vn 0.115131 -0.963262 -0.242635
vn 0.282107 -0.848317 -0.448077
vn -0.006059 -0.986378 -0.164385
vn -0.047077 -0.968137 -0.245954
vn -0.129883 -0.894946 -0.426851
vn -0.121797 -0.942600 -0.310919
vn -0.127871 -0.954968 -0.267742
vn 0.782984 -0.336197 -0.523362
vn -0.188893 -0.884919 -0.425720
vn -0.280006 -0.927417 -0.247981
vn -0.950760 -0.297394 -0.087243
vn -0.338140 -0.831735 -0.440316
vn -0.224465 -0.939286 -0.259534
vn -0.240988 -0.907681 -0.343569
vn -0.122159 -0.926726 -0.355326
vn -0.004121 -0.941763 -0.336253
vn -0.095531 -0.896144 -0.433359
vn -0.030755 -0.849201 -0.527174
vn 0.089997 -0.914220 -0.395099
vn -0.264036 -0.808892 -0.525337
vn -0.268323 -0.862266 -0.429534
vn -0.346709 -0.830907 -0.435186
vn -0.311334 -0.884237 -0.348133
vn -0.318191 -0.895264 -0.311861
vn -0.369335 -0.817159 -0.442543
vn -0.547840 -0.658690 -0.515750
vn -0.432541 -0.828608 -0.355412
vn -0.410785 -0.165890 -0.896513
vn -0.909086 -0.402073 0.109082
vn -0.779005 -0.370250 -0.506030
vn -0.983239 0.134656 -0.122917
vn -0.857560 0.230155 -0.460021
vn -0.545159 0.239574 -0.803371
vn -0.972912 0.230374 0.019236
vn -0.936664 0.045924 0.347204
vn -0.958712 0.067228 0.276318
vn -0.827579 -0.154313 0.539723
vn -0.484625 -0.303401 0.820418
vn -0.544742 -0.328668 0.771514
vn -0.694700 -0.285300 0.660300
vn -0.790755 -0.163157 0.589988
vn -0.479047 -0.705967 -0.521655
vn -0.014929 -0.990075 0.139745
vn -0.434554 -0.771704 -0.464367
vn -0.535401 -0.667422 -0.517584
vn -0.362996 -0.762725 -0.535243
vn -0.328584 -0.717436 -0.614262
vn -0.304636 -0.699027 -0.646961
vn -0.315485 -0.732749 -0.602950
vn -0.316578 -0.683458 -0.657772
vn -0.351858 -0.767489 -0.535870
vn -0.298344 -0.810129 -0.504660
vn -0.215941 -0.691357 -0.689489
vn 0.019568 -0.672466 -0.739869
vn -0.202327 -0.708536 -0.676047
vn 0.022525 -0.813480 -0.581156
vn 0.478618 -0.877863 -0.016767
vn 0.337638 -0.759107 -0.556558
vn 0.835276 -0.528785 -0.150669
vn 0.927019 -0.348602 -0.138248
vn 0.191653 -0.540162 0.819448
vn -0.145225 -0.499613 0.853989
vn -0.098448 -0.391864 0.914741
vn 0.222425 -0.434269 0.872890
vn 0.486924 -0.525404 0.697751
vn 0.462508 -0.448499 0.764811
vn 0.760738 -0.372299 0.531668
vn -0.007510 -0.735584 -0.677392
vn -0.224296 -0.756894 -0.613842
vn 0.011577 -0.795899 -0.605319
vn -0.915372 -0.260881 -0.306653
vn -0.394765 0.173902 -0.902175
vn 0.140509 -0.933322 -0.330403
vn 0.145032 -0.859721 -0.489741
vn 0.006743 -0.974089 -0.226065
vn 0.188222 -0.939605 -0.285857
vn 0.274527 -0.882547 -0.381766
vn 0.011200 0.089069 -0.995962
f 2//2 1//1 4//4
f 1//1 2//2 3//3
f 5//5 1//1 3//3
f 5//5 7//7 6//6
f 7//7 5//5 8//8
f 8//8 5//5 3//3
f 8//8 9//9 7//7
f 8//8 3//3 9//9
f 10//10 9//9 2//2
f 2//2 9//9 3//3
f 11//11 9//9 10//10
f 12//12 9//9 11//11
f 13//13 9//9 12//12
f 17//17 9//9 13//13
f 15//15 9//9 14//14
f 14//14 9//9 17//17
f 16//16 9//9 15//15
f 18//18 9//9 16//16
f 7//7 9//9 18//18
f 18//18 6//6 7//7
f 19//19 6//6 18//18
f 19//19 18//18 16//16
f 16//16 20//20 19//19
f 16//16 21//21 20//20
f 21//21 14//14 22//22
f 14//14 21//21 15//15
f 21//21 16//16 15//15
f 14//14 23//23 22//22
f 23//23 17//17 13//13
f 24//24 23//23 13//13
f 23//23 14//14 17//17
f 13//13 25//25 24//24
f 25//25 11//11 26//26
f 11//11 25//25 12//12
f 25//25 13//13 12//12
f 11//11 27//27 26//26
f 27//27 11//11 10//10
f 10//10 4//4 27//27
f 4//4 10//10 2//2
f 29//29 28//28 31//31
f 28//28 29//29 30//30
f 32//32 31//31 28//28
f 31//31 32//32 33//33
f 34//34 33//33 32//32
f 33//33 34//34 35//35
f 36//36 35//35 34//34
f 38//38 37//37 36//36
f 35//35 36//36 37//37
f 37//37 38//38 39//39
f 40//40 39//39 38//38
f 40//40 38//38 41//41
f 40//40 41//41 42//42
f 42//42 41//41 43//43
f 43//43 45//45 42//42
f 45//45 43//43 44//44
f 44//44 46//46 45//45
f 46//46 44//44 47//47
f 47//47 48//48 46//46
f 48//48 47//47 49//49
f 49//49 50//50 48//48
f 49//49 51//51 50//50
f 52//52 30//30 29//29
f 30//30 52//52 53//53
f 55//55 54//54 57//57
f 54//54 55//55 56//56
f 58//58 61//61 59//59
f 58//58 59//59 60//60
f 58//58 60//60 62//62
f 62//62 60//60 63//63
f 63//63 64//64 62//62
f 64//64 63//63 65//65
f 65//65 63//63 66//66
f 67//67 65//65 66//66
f 69//69 68//68 67//67
f 69//69 67//67 66//66
f 69//69 60//60 70//70
f 70//70 68//68 69//69
f 66//66 60//60 69//69
f 70//70 60//60 71//71
f 71//71 72//72 70//70
f 68//68 70//70 72//72
f 72//72 71//71 73//73
f 75//75 73//73 71//71
f 73//73 75//75 74//74
f 75//75 76//76 74//74
f 76//76 75//75 77//77
f 71//71 60//60 75//75
f 75//75 60//60 77//77
f 77//77 60//60 78//78
f 78//78 76//76 77//77
f 78//78 60//60 79//79
f 80//80 78//78 79//79
f 78//78 80//80 81//81
f 78//78 81//81 76//76
f 79//79 82//82 80//80
f 82//82 83//83 84//84
f 83//83 82//82 85//85
f 82//82 79//79 85//85
f 79//79 60//60 85//85
f 85//85 60//60 83//83
f 83//83 86//86 84//84
f 86//86 83//83 59//59
f 86//86 59//59 61//61
f 83//83 60//60 59//59
f 63//63 60//60 66//66
f 91//91 88//88 87//87
f 87//87 88//88 89//89
f 87//87 89//89 90//90
f 91//91 92//92 88//88
f 92//92 91//91 93//93
f 93//93 94//94 92//92
f 95//95 94//94 93//93
f 96//96 95//95 97//97
f 95//95 96//96 94//94
f 98//98 96//96 97//97
f 98//98 97//97 99//99
f 100//100 98//98 99//99
f 99//99 101//101 100//100
f 101//101 99//99 102//102
f 102//102 103//103 101//101
f 103//103 105//105 104//104
f 101//101 103//103 104//104
f 105//105 103//103 106//106
f 106//106 107//107 105//105
f 107//107 106//106 108//108
f 108//108 109//109 107//107
f 109//109 108//108 110//110
f 110//110 111//111 109//109
f 111//111 110//110 112//112
f 113//113 111//111 112//112
f 111//111 113//113 114//114
f 90//90 114//114 113//113
f 114//114 90//90 89//89
f 116//116 115//115 118//118
f 115//115 116//116 117//117
f 120//120 119//119 122//122
f 119//119 120//120 121//121
f 122//122 119//119 123//123
f 125//125 124//124 123//123
f 122//122 123//123 124//124
f 126//126 124//124 125//125
f 126//126 127//127 124//124
f 128//128 127//127 126//126
f 127//127 128//128 129//129
f 130//130 129//129 128//128
f 131//131 132//132 130//130
f 129//129 130//130 132//132
f 132//132 131//131 133//133
f 133//133 134//134 132//132
f 134//134 129//129 132//132
f 134//134 133//133 135//135
f 136//136 134//134 135//135
f 134//134 136//136 137//137
f 129//129 134//134 137//137
f 137//137 139//139 129//129
f 138//138 137//137 140//140
f 137//137 138//138 139//139
f 140//140 137//137 136//136
f 140//140 141//141 138//138
f 141//141 140//140 142//142
f 136//136 142//142 140//140
f 144//144 142//142 143//143
f 145//145 143//143 142//142
f 142//142 144//144 141//141
f 142//142 136//136 145//145
f 147//147 145//145 146//146
f 136//136 146//146 145//145
f 145//145 147//147 148//148
f 143//143 145//145 148//148
f 149//149 148//148 147//147
f 148//148 150//150 143//143
f 148//148 149//149 151//151
f 150//150 148//148 151//151
f 152//152 150//150 151//151
f 152//152 151//151 149//149
f 150//150 152//152 154//154
f 153//153 152//152 155//155
f 153//153 154//154 152//152
f 155//155 152//152 149//149
f 155//155 158//158 156//156
f 156//156 157//157 155//155
f 157//157 153//153 155//155
f 158//158 155//155 149//149
f 158//158 147//147 159//159
f 160//160 158//158 159//159
f 147//147 158//158 149//149
f 158//158 160//160 161//161
f 161//161 156//156 158//158
f 156//156 161//161 162//162
f 162//162 163//163 156//156
f 163//163 162//162 164//164
f 166//166 164//164 165//165
f 164//164 166//166 163//163
f 167//167 163//163 166//166
f 166//166 169//169 167//167
f 168//168 166//166 165//165
f 169//169 166//166 168//168
f 168//168 172//172 169//169
f 169//169 171//171 170//170
f 169//169 170//170 167//167
f 171//171 169//169 172//172
f 172//172 168//168 174//174
f 172//172 173//173 171//171
f 173//173 172//172 176//176
f 174//174 175//175 172//172
f 175//175 176//176 172//172
f 176//176 175//175 177//177
f 177//177 178//178 176//176
f 173//173 176//176 178//178
f 180//180 178//178 179//179
f 181//181 179//179 178//178
f 178//178 180//180 173//173
f 178//178 182//182 181//181
f 178//178 177//177 182//182
f 182//182 183//183 184//184
f 182//182 185//185 183//183
f 182//182 184//184 181//181
f 185//185 182//182 177//177
f 185//185 187//187 183//183
f 185//185 186//186 188//188
f 186//186 185//185 177//177
f 185//185 188//188 187//187
f 189//189 183//183 187//187
f 190//190 183//183 189//189
f 183//183 190//190 184//184
f 175//175 191//191 186//186
f 186//186 177//177 175//175
f 191//191 175//175 174//174
f 192//192 191//191 174//174
f 165//165 192//192 168//168
f 174//174 168//168 192//192
f 194//194 180//180 193//193
f 179//179 193//193 180//180
f 180//180 194//194 195//195
f 195//195 173//173 180//180
f 196//196 197//197 195//195
f 194//194 196//196 195//195
f 173//173 195//195 197//197
f 197//197 170//170 171//171
f 170//170 197//197 199//199
f 197//197 171//171 173//173
f 197//197 196//196 198//198
f 197//197 198//198 199//199
f 199//199 200//200 170//170
f 200//200 199//199 201//201
f 201//201 199//199 202//202
f 199//199 198//198 202//202
f 202//202 204//204 203//203
f 205//205 202//202 203//203
f 198//198 204//204 202//202
f 201//201 202//202 205//205
f 205//205 207//207 206//206
f 206//206 201//201 205//205
f 207//207 205//205 208//208
f 205//205 203//203 208//208
f 208//208 211//211 209//209
f 210//210 208//208 209//209
f 211//211 208//208 203//203
f 207//207 208//208 210//210
f 211//211 212//212 209//209
f 212//212 211//211 213//213
f 214//214 213//213 211//211
f 203//203 215//215 211//211
f 211//211 215//215 214//214
f 217//217 215//215 204//204
f 215//215 203//203 204//204
f 216//216 218//218 215//215
f 215//215 217//217 216//216
f 215//215 218//218 214//214
f 218//218 220//220 219//219
f 222//222 218//218 219//219
f 218//218 222//222 214//214
f 218//218 221//221 220//220
f 221//221 218//218 216//216
f 219//219 223//223 222//222
f 224//224 222//222 223//223
f 222//222 224//224 213//213
f 213//213 214//214 222//222
f 212//212 224//224 225//225
f 224//224 212//212 213//213
f 225//225 226//226 212//212
f 212//212 226//226 228//228
f 226//226 227//227 228//228
f 210//210 212//212 228//228
f 230//230 228//228 229//229
f 227//227 229//229 228//228
f 228//228 230//230 210//210
f 232//232 230//230 231//231
f 229//229 231//231 230//230
f 230//230 207//207 210//210
f 230//230 232//232 233//233
f 233//233 207//207 230//230
f 233//233 206//206 207//207
f 206//206 233//233 235//235
f 235//235 233//233 234//234
f 234//234 233//233 232//232
f 236//236 235//235 234//234
f 236//236 154//154 235//235
f 154//154 206//206 235//235
f 154//154 236//236 150//150
f 144//144 150//150 236//236
f 236//236 234//234 237//237
f 144//144 236//236 237//237
f 234//234 238//238 237//237
f 239//239 237//237 238//238
f 237//237 239//239 240//240
f 141//141 237//237 240//240
f 141//141 144//144 237//237
f 138//138 141//141 240//240
f 138//138 240//240 241//241
f 242//242 240//240 239//239
f 240//240 242//242 241//241
f 242//242 243//243 245//245
f 243//243 242//242 244//244
f 242//242 246//246 241//241
f 239//239 244//244 242//242
f 246//246 242//242 245//245
f 139//139 246//246 127//127
f 127//127 246//246 124//124
f 124//124 246//246 245//245
f 139//139 241//241 246//246
f 124//124 245//245 122//122
f 243//243 122//122 245//245
f 244//244 247//247 243//243
f 247//247 244//244 249//249
f 244//244 239//239 248//248
f 248//248 249//249 244//244
f 249//249 251//251 247//247
f 249//249 248//248 250//250
f 250//250 252//252 249//249
f 251//251 249//249 252//252
f 252//252 250//250 253//253
f 254//254 253//253 250//250
f 253//253 254//254 255//255
f 256//256 255//255 254//254
f 255//255 256//256 257//257
f 258//258 257//257 256//256
f 257//257 258//258 259//259
f 261//261 259//259 258//258
f 259//259 261//261 260//260
f 261//261 263//263 262//262
f 262//262 260//260 261//261
f 261//261 264//264 263//263
f 258//258 264//264 261//261
f 231//231 264//264 266//266
f 264//264 231//231 265//265
f 264//264 265//265 263//263
f 264//264 258//258 266//266
f 266//266 256//256 267//267
f 256//256 266//266 258//258
f 267//267 232//232 266//266
f 266//266 232//232 231//231
f 232//232 267//267 268//268
f 269//269 268//268 267//267
f 267//267 254//254 269//269
f 254//254 267//267 256//256
f 268//268 269//269 238//238
f 238//238 269//269 248//248
f 269//269 250//250 248//248
f 250//250 269//269 254//254
f 234//234 232//232 268//268
f 238//238 234//234 268//268
f 263//263 265//265 270//270
f 270//270 265//265 271//271
f 271//271 265//265 229//229
f 231//231 229//229 265//265
f 227//227 271//271 229//229
f 272//272 263//263 270//270
f 273//273 262//262 272//272
f 262//262 263//263 272//272
f 262//262 273//273 274//274
f 260//260 262//262 274//274
f 275//275 247//247 251//251
f 247//247 275//275 276//276
f 121//121 276//276 275//275
f 276//276 121//121 120//120
f 243//243 276//276 120//120
f 276//276 243//243 247//247
f 239//239 238//238 248//248
f 122//122 243//243 120//120
f 138//138 241//241 139//139
f 223//223 219//219 277//277
f 278//278 221//221 216//216
f 280//280 221//221 278//278
f 221//221 279//279 220//220
f 279//279 221//221 281//281
f 281//281 221//221 280//280
f 281//281 282//282 279//279
f 283//283 281//281 280//280
f 282//282 281//281 284//284
f 283//283 284//284 281//281
f 284//284 283//283 285//285
f 285//285 286//286 284//284
f 287//287 282//282 284//284
f 286//286 287//287 284//284
f 282//282 287//287 288//288
f 288//288 290//290 282//282
f 290//290 288//288 289//289
f 290//290 289//289 291//291
f 291//291 292//292 290//290
f 292//292 293//293 290//290
f 279//279 290//290 293//293
f 290//290 279//279 282//282
f 220//220 293//293 294//294
f 293//293 295//295 294//294
f 295//295 293//293 296//296
f 293//293 220//220 279//279
f 293//293 292//292 297//297
f 294//294 298//298 219//219
f 298//298 294//294 299//299
f 219//219 220//220 294//294
f 286//286 285//285 300//300
f 302//302 300//300 285//285
f 300//300 302//302 301//301
f 302//302 305//305 303//303
f 303//303 304//304 302//302
f 304//304 301//301 302//302
f 302//302 285//285 305//305
f 283//283 306//306 305//305
f 307//307 305//305 306//306
f 285//285 283//283 305//305
f 305//305 307//307 303//303
f 307//307 306//306 308//308
f 308//308 309//309 307//307
f 309//309 303//303 307//307
f 303//303 309//309 310//310
f 313//313 309//309 308//308
f 310//310 309//309 312//312
f 311//311 309//309 313//313
f 309//309 311//311 312//312
f 278//278 313//313 308//308
f 313//313 278//278 314//314
f 315//315 313//313 314//314
f 313//313 315//315 311//311
f 316//316 315//315 317//317
f 315//315 316//316 311//311
f 217//217 315//315 314//314
f 318//318 317//317 315//315
f 318//318 315//315 217//217
f 318//318 319//319 196//196
f 196//196 320//320 318//318
f 319//319 318//318 217//217
f 317//317 318//318 320//320
f 320//320 321//321 317//317
f 321//321 320//320 322//322
f 323//323 322//322 320//320
f 320//320 324//324 323//323
f 320//320 196//196 324//324
f 196//196 194//194 324//324
f 324//324 194//194 325//325
f 325//325 323//323 324//324
f 193//193 325//325 194//194
f 326//326 317//317 321//321
f 317//317 326//326 316//316
f 327//327 316//316 326//326
f 328//328 329//329 327//327
f 316//316 327//327 329//329
f 329//329 328//328 330//330
f 330//330 312//312 329//329
f 329//329 311//311 316//316
f 311//311 329//329 312//312
f 331//331 330//330 328//328
f 312//312 330//330 332//332
f 330//330 331//331 333//333
f 333//333 332//332 330//330
f 333//333 310//310 332//332
f 310//310 333//333 334//334
f 335//335 334//334 333//333
f 335//335 333//333 331//331
f 334//334 335//335 337//337
f 331//331 336//336 335//335
f 338//338 334//334 337//337
f 334//334 338//338 304//304
f 301//301 304//304 338//338
f 336//336 331//331 339//339
f 339//339 340//340 336//336
f 328//328 339//339 331//331
f 310//310 334//334 304//304
f 310//310 312//312 332//332
f 217//217 204//204 319//319
f 198//198 319//319 204//204
f 196//196 319//319 198//198
f 216//216 314//314 278//278
f 314//314 216//216 217//217
f 310//310 304//304 303//303
f 306//306 280//280 308//308
f 308//308 280//280 278//278
f 306//306 283//283 280//280
f 210//210 209//209 212//212
f 201//201 206//206 341//341
f 206//206 154//154 341//341
f 153//153 201//201 341//341
f 153//153 341//341 154//154
f 201//201 153//153 200//200
f 200//200 153//153 157//157
f 167//167 200//200 157//157
f 170//170 200//200 167//167
f 163//163 167//167 157//157
f 157//157 156//156 163//163
f 159//159 342//342 160//160
f 343//343 342//342 159//159
f 342//342 343//343 344//344
f 343//343 345//345 344//344
f 131//131 345//345 133//133
f 133//133 345//345 343//343
f 159//159 146//146 343//343
f 135//135 133//133 343//343
f 146//146 135//135 343//343
f 146//146 159//159 147//147
f 150//150 144//144 143//143
f 135//135 146//146 136//136
f 129//129 139//139 127//127
f 347//347 346//346 350//350
f 346//346 347//347 348//348
f 349//349 346//346 351//351
f 346//346 349//349 350//350
f 349//349 351//351 352//352
f 353//353 349//349 352//352
f 352//352 354//354 353//353
f 354//354 352//352 355//355
f 355//355 356//356 354//354
f 354//354 356//356 357//357
f 356//356 358//358 357//357
f 358//358 356//356 359//359
f 359//359 360//360 358//358
f 360//360 359//359 361//361
f 361//361 362//362 360//360
f 360//360 362//362 363//363
f 362//362 364//364 363//363
f 364//364 362//362 365//365
f 366//366 364//364 365//365
f 367//367 366//366 368//368
f 364//364 366//366 367//367
f 369//369 367//367 368//368
f 368//368 347//347 369//369
f 347//347 368//368 348//348
f 371//371 370//370 375//375
f 370//370 371//371 372//372
f 372//372 373//373 370//370
f 370//370 373//373 374//374
f 375//375 376//376 371//371
f 378//378 376//376 377//377
f 376//376 378//378 379//379
f 379//379 371//371 376//376
f 377//377 380//380 378//378
f 380//380 377//377 381//381
f 381//381 382//382 380//380
f 385//385 383//383 382//382
f 383//383 384//384 382//382
f 382//382 381//381 385//385
f 383//383 386//386 384//384
f 386//386 388//388 387//387
f 388//388 386//386 389//389
f 386//386 383//383 389//389
f 390//390 387//387 388//388
f 391//391 392//392 390//390
f 392//392 387//387 390//390
f 393//393 392//392 391//391
f 395//395 394//394 393//393
f 391//391 395//395 393//393
f 395//395 374//374 394//394
f 394//394 374//374 373//373
f 398//398 396//396 397//397
f 396//396 398//398 399//399
f 400//400 396//396 399//399
f 396//396 400//400 401//401
f 402//402 401//401 400//400
f 401//401 402//402 403//403
f 402//402 404//404 403//403
f 404//404 402//402 407//407
f 407//407 405//405 404//404
f 404//404 405//405 406//406
f 405//405 408//408 406//406
f 406//406 408//408 409//409
f 408//408 410//410 409//409
f 410//410 408//408 411//411
f 412//412 410//410 411//411
f 410//410 412//412 413//413
f 412//412 414//414 413//413
f 415//415 416//416 414//414
f 414//414 412//412 415//415
f 416//416 415//415 417//417
f 417//417 418//418 416//416
f 418//418 417//417 419//419
f 420//420 418//418 419//419
f 418//418 420//420 421//421
f 421//421 420//420 422//422
f 423//423 421//421 422//422
f 422//422 398//398 423//423
f 423//423 398//398 397//397
f 425//425 424//424 428//428
f 424//424 425//425 426//426
f 426//426 427//427 424//424
f 430//430 428//428 429//429
f 428//428 430//430 425//425
f 429//429 431//431 430//430
f 432//432 431//431 433//433
f 433//433 431//431 434//434
f 431//431 429//429 434//434
f 433//433 435//435 432//432
f 436//436 437//437 435//435
f 435//435 437//437 432//432
f 437//437 436//436 438//438
f 439//439 438//438 436//436
f 440//440 438//438 439//439
f 439//439 441//441 440//440
f 443//443 442//442 441//441
f 441//441 439//439 443//443
f 442//442 443//443 444//444
f 444//444 445//445 442//442
f 445//445 444//444 446//446
f 427//427 426//426 447//447
f 449//449 448//448 451//451
f 448//448 449//449 450//450
f 452//452 451//451 448//448
f 451//451 452//452 453//453
f 454//454 453//453 452//452
f 453//453 454//454 455//455
f 456//456 455//455 454//454
f 455//455 456//456 457//457
f 458//458 457//457 456//456
f 459//459 457//457 458//458
f 458//458 460//460 459//459
f 460//460 458//458 461//461
f 462//462 461//461 463//463
f 461//461 462//462 460//460
f 463//463 464//464 462//462
f 464//464 463//463 465//465
f 465//465 466//466 464//464
f 466//466 465//465 467//467
f 467//467 468//468 466//466
f 468//468 467//467 469//469
f 470//470 469//469 471//471
f 469//469 470//470 468//468
f 471//471 472//472 470//470
f 470//470 472//472 473//473
f 474//474 473//473 472//472
f 473//473 474//474 475//475
f 476//476 475//475 474//474
f 475//475 476//476 477//477
f 478//478 477//477 476//476
f 477//477 478//478 479//479
f 480//480 479//479 478//478
f 479//479 480//480 481//481
f 482//482 481//481 480//480
f 481//481 482//482 483//483
f 484//484 483//483 482//482
f 485//485 483//483 484//484
f 486//486 485//485 484//484
f 487//487 485//485 486//486
f 488//488 487//487 486//486
f 489//489 487//487 488//488
f 488//488 491//491 489//489
f 491//491 488//488 490//490
f 490//490 492//492 491//491
f 492//492 490//490 493//493
f 493//493 494//494 492//492
f 494//494 493//493 495//495
f 495//495 496//496 494//494
f 496//496 495//495 497//497
f 497//497 498//498 496//496
f 498//498 497//497 499//499
f 499//499 500//500 498//498
f 500//500 499//499 501//501
f 501//501 502//502 500//500
f 502//502 501//501 503//503
f 503//503 504//504 502//502
f 504//504 503//503 505//505
f 505//505 506//506 504//504
f 506//506 505//505 507//507
f 507//507 508//508 506//506
f 508//508 507//507 509//509
f 510//510 508//508 509//509
f 508//508 510//510 511//511
f 512//512 511//511 510//510
f 511//511 512//512 513//513
f 514//514 513//513 512//512
f 513//513 514//514 515//515
f 516//516 515//515 514//514
f 517//517 515//515 516//516
f 519//519 517//517 518//518
f 518//518 517//517 516//516
f 520//520 519//519 518//518
f 521//521 519//519 520//520
f 522//522 521//521 520//520
f 523//523 521//521 522//522
f 522//522 524//524 523//523
f 525//525 523//523 524//524
f 527//527 525//525 526//526
f 524//524 526//526 525//525
f 526//526 528//528 527//527
f 528//528 529//529 527//527
f 528//528 530//530 529//529
f 530//530 531//531 529//529
f 530//530 532//532 531//531
f 531//531 532//532 533//533
f 532//532 534//534 533//533
f 533//533 534//534 535//535
f 450//450 535//535 534//534
f 535//535 450//450 449//449
f 537//537 536//536 540//540
f 536//536 537//537 538//538
f 538//538 539//539 536//536
f 541//541 537//537 540//540
f 543//543 542//542 541//541
f 537//537 541//541 542//542
f 543//543 544//544 542//542
f 544//544 543//543 545//545
f 547//547 544//544 545//545
f 547//547 545//545 546//546
f 548//548 547//547 546//546
f 546//546 549//549 548//548
f 549//549 546//546 551//551
f 551//551 550//550 549//549
f 550//550 551//551 552//552
f 553//553 552//552 554//554
f 552//552 553//553 550//550
f 555//555 554//554 556//556
f 554//554 555//555 553//553
f 555//555 556//556 557//557
f 558//558 555//555 557//557
f 557//557 559//559 558//558
f 559//559 561//561 560//560
f 558//558 559//559 560//560
f 562//562 563//563 561//561
f 560//560 561//561 563//563
f 563//563 562//562 564//564
f 564//564 566//566 565//565
f 566//566 564//564 562//562
f 568//568 566//566 567//567
f 566//566 568//568 565//565
f 567//567 569//569 568//568
f 569//569 567//567 570//570
f 570//570 571//571 569//569
f 539//539 538//538 571//571
f 571//571 570//570 539//539
f 573//573 572//572 575//575
f 572//572 573//573 574//574
f 573//573 575//575 576//576
f 573//573 576//576 577//577
f 576//576 578//578 577//577
f 578//578 576//576 579//579
f 581//581 579//579 580//580
f 579//579 581//581 578//578
f 580//580 582//582 581//581
f 582//582 580//580 583//583
f 583//583 584//584 582//582
f 584//584 583//583 585//585
f 585//585 586//586 584//584
f 586//586 585//585 587//587
f 587//587 588//588 586//586
f 588//588 589//589 591//591
f 589//589 588//588 590//590
f 588//588 587//587 590//590
f 592//592 593//593 594//594
f 592//592 594//594 595//595
f 595//595 596//596 592//592
f 596//596 595//595 597//597
f 597//597 598//598 596//596
f 598//598 597//597 599//599
f 599//599 600//600 598//598
f 600//600 599//599 601//601
f 601//601 602//602 600//600
f 602//602 601//601 603//603
f 603//603 604//604 602//602
f 604//604 603//603 605//605
f 605//605 606//606 604//604
f 606//606 605//605 607//607
f 608//608 606//606 607//607
f 606//606 608//608 609//609
f 610//610 609//609 608//608
f 610//610 611//611 609//609
f 612//612 611//611 610//610
f 612//612 613//613 611//611
f 614//614 615//615 613//613
f 614//614 613//613 612//612
f 616//616 615//615 614//614
f 616//616 617//617 615//615
f 619//619 617//617 616//616
f 617//617 619//619 618//618
f 620//620 618//618 619//619
f 618//618 620//620 621//621
f 594//594 621//621 620//620
f 621//621 594//594 593//593
f 622//622 625//625 623//623
f 622//622 623//623 624//624
f 625//625 622//622 626//626
f 625//625 626//626 627//627
f 626//626 628//628 627//627
f 628//628 626//626 629//629
f 630//630 629//629 631//631
f 629//629 630//630 628//628
f 632//632 630//630 631//631
f 630//630 632//632 633//633
f 634//634 633//633 632//632
f 633//633 634//634 635//635
f 635//635 634//634 636//636
f 635//635 636//636 637//637
f 636//636 638//638 637//637
f 638//638 636//636 639//639
f 639//639 640//640 638//638
f 640//640 639//639 641//641
f 641//641 642//642 640//640
f 642//642 641//641 643//643
f 642//642 643//643 644//644
f 646//646 642//642 644//644
f 646//646 644//644 645//645
f 646//646 645//645 647//647
f 645//645 648//648 647//647
f 647//647 648//648 649//649
f 648//648 650//650 649//649
f 649//649 650//650 651//651
f 650//650 623//623 651//651
f 650//650 624//624 623//623
f 653//653 656//656 652//652
f 652//652 654//654 653//653
f 654//654 652//652 655//655
f 656//656 653//653 657//657
f 657//657 658//658 656//656
f 658//658 657//657 660//660
f 660//660 659//659 658//658
f 659//659 660//660 661//661
f 661//661 663//663 659//659
f 663//663 661//661 662//662
f 662//662 664//664 663//663
f 665//665 666//666 664//664
f 664//664 662//662 665//665
f 666//666 665//665 667//667
f 667//667 665//665 668//668
f 669//669 667//667 668//668
f 670//670 669//669 671//671
f 668//668 671//671 669//669
f 671//671 672//672 670//670
f 673//673 674//674 672//672
f 674//674 670//670 672//672
f 675//675 674//674 673//673
f 675//675 676//676 678//678
f 675//675 673//673 676//676
f 678//678 677//677 675//675
f 677//677 678//678 679//679
f 681//681 679//679 680//680
f 679//679 681//681 677//677
f 680//680 655//655 681//681
f 655//655 680//680 654//654
f 683//683 682//682 687//687
f 682//682 683//683 684//684
f 684//684 685//685 682//682
f 682//682 685//685 686//686
f 687//687 682//682 686//686
f 688//688 683//683 687//687
f 688//688 687//687 686//686
f 689//689 688//688 686//686
f 689//689 690//690 688//688
f 683//683 688//688 690//690
f 690//690 689//689 691//691
f 691//691 689//689 692//692
f 693//693 691//691 692//692
f 692//692 694//694 693//693
f 694//694 692//692 695//695
f 696//696 694//694 695//695
f 694//694 696//696 697//697
f 698//698 697//697 696//696
f 697//697 698//698 699//699
f 700//700 699//699 698//698
f 699//699 700//700 701//701
f 700//700 702//702 701//701
f 702//702 703//703 705//705
f 702//702 700//700 703//703
f 705//705 704//704 702//702
f 705//705 703//703 686//686
f 706//706 705//705 686//686
f 707//707 705//705 706//706
f 705//705 707//707 704//704
f 707//707 708//708 709//709
f 708//708 707//707 706//706
f 708//708 710//710 709//709
f 711//711 712//712 710//710
f 710//710 708//708 711//711
f 712//712 711//711 685//685
f 685//685 684//684 712//712
f 685//685 711//711 686//686
f 711//711 708//708 686//686
f 708//708 706//706 686//686
f 700//700 686//686 703//703
f 700//700 698//698 686//686
f 698//698 696//696 686//686
f 696//696 695//695 686//686
f 695//695 692//692 686//686
f 692//692 689//689 686//686
f 714//714 713//713 717//717
f 713//713 714//714 715//715
f 716//716 713//713 715//715
f 718//718 713//713 716//716
f 718//718 717//717 713//713
f 718//718 716//716 722//722
f 718//718 719//719 733//733
f 718//718 723//723 719//719
f 718//718 720//720 725//725
f 718//718 732//732 720//720
f 718//718 721//721 728//728
f 718//718 731//731 721//721
f 718//718 724//724 717//717
f 718//718 722//722 726//726
f 718//718 734//734 723//723
f 718//718 729//729 724//724
f 718//718 725//725 727//727
f 718//718 726//726 732//732
f 718//718 727//727 731//731
f 718//718 728//728 730//730
f 718//718 733//733 729//729
f 734//734 718//718 730//730
f 735//735 723//723 734//734
f 736//736 735//735 734//734
f 737//737 734//734 730//730
f 734//734 737//737 736//736
f 730//730 738//738 737//737
f 738//738 730//730 728//728
f 728//728 739//739 738//738
f 739//739 731//731 740//740
f 731//731 739//739 721//721
f 739//739 728//728 721//721
f 740//740 727//727 741//741
f 727//727 740//740 731//731
f 741//741 725//725 742//742
f 725//725 741//741 727//727
f 742//742 720//720 743//743
f 720//720 742//742 725//725
f 743//743 732//732 744//744
f 732//732 743//743 720//720
f 744//744 726//726 745//745
f 726//726 744//744 732//732
f 726//726 746//746 745//745
f 746//746 726//726 722//722
f 722//722 747//747 746//746
f 747//747 716//716 715//715
f 716//716 747//747 722//722
f 748//748 723//723 735//735
f 723//723 748//748 719//719
f 749//749 719//719 748//748
f 750//750 733//733 749//749
f 719//719 749//749 733//733
f 729//729 750//750 751//751
f 733//733 750//750 729//729
f 751//751 714//714 724//724
f 751//751 724//724 729//729
f 714//714 717//717 724//724
f 753//753 752//752 757//757
f 752//752 753//753 754//754
f 755//755 752//752 754//754
f 756//756 752//752 755//755
f 757//757 758//758 753//753
f 758//758 757//757 759//759
f 759//759 760//760 758//758
f 760//760 761//761 763//763
f 761//761 760//760 762//762
f 758//758 760//760 763//763
f 764//764 761//761 762//762
f 761//761 764//764 765//765
f 764//764 767//767 765//765
f 767//767 764//764 766//766
f 766//766 768//768 767//767
f 770//770 769//769 768//768
f 768//768 766//766 770//770
f 769//769 770//770 771//771
f 773//773 771//771 772//772
f 771//771 773//773 769//769
f 772//772 774//774 773//773
f 776//776 775//775 774//774
f 774//774 772//772 776//776
f 775//775 776//776 777//777
f 779//779 777//777 778//778
f 777//777 779//779 775//775
f 778//778 780//780 779//779
f 780//780 778//778 781//781
f 781//781 782//782 780//780
f 784//784 783//783 782//782
f 782//782 781//781 784//784
f 783//783 784//784 785//785
f 787//787 785//785 786//786
f 785//785 787//787 783//783
f 786//786 788//788 787//787
f 788//788 786//786 789//789
f 789//789 756//756 788//788
f 788//788 756//756 755//755
f 791//791 790//790 794//794
f 790//790 791//791 792//792
f 792//792 793//793 790//790
f 795//795 791//791 794//794
f 796//796 797//797 795//795
f 791//791 795//795 797//797
f 798//798 797//797 796//796
f 799//799 798//798 800//800
f 800//800 798//798 796//796
f 800//800 801//801 799//799
f 801//801 802//802 803//803
f 801//801 803//803 799//799
f 802//802 804//804 803//803
f 802//802 805//805 804//804
f 805//805 802//802 806//806
f 806//806 807//807 805//805
f 809//809 808//808 807//807
f 807//807 806//806 809//809
f 808//808 809//809 810//810
f 810//810 812//812 808//808
f 812//812 810//810 811//811
f 813//813 814//814 812//812
f 811//811 813//813 812//812
f 814//814 813//813 816//816
f 816//816 815//815 814//814
f 815//815 816//816 817//817
f 818//818 819//819 817//817
f 815//815 817//817 819//819
f 819//819 818//818 820//820
f 820//820 822//822 821//821
f 822//822 820//820 818//818
f 823//823 821//821 822//822
f 821//821 823//823 824//824
f 823//823 826//826 824//824
f 826//826 823//823 825//825
f 825//825 827//827 826//826
f 793//793 792//792 827//827
f 827//827 825//825 793//793
f 828//828 829//829 830//830
f 830//830 831//831 828//828
f 831//831 832//832 828//828
f 831//831 833//833 832//832
f 833//833 834//834 832//832
f 834//834 833//833 837//837
f 835//835 834//834 837//837
f 834//834 835//835 836//836
f 838//838 836//836 835//835
f 836//836 838//838 839//839
f 840//840 839//839 838//838
f 839//839 840//840 841//841
f 842//842 841//841 840//840
f 841//841 842//842 843//843
f 844//844 843//843 842//842
f 843//843 844//844 845//845
f 846//846 845//845 844//844
f 847//847 848//848 846//846
f 844//844 847//847 846//846
f 847//847 849//849 848//848
f 849//849 850//850 848//848
f 850//850 849//849 851//851
f 851//851 852//852 850//850
f 852//852 851//851 853//853
f 853//853 854//854 852//852
f 854//854 853//853 855//855
f 856//856 854//854 855//855
f 856//856 855//855 857//857
f 858//858 856//856 857//857
f 858//858 857//857 859//859
f 860//860 858//858 859//859
f 861//861 860//860 862//862
f 862//862 860//860 859//859
f 863//863 861//861 862//862
f 864//864 861//861 863//863
f 861//861 864//864 865//865
f 830//830 865//865 864//864
f 865//865 830//830 829//829
f 867//867 866//866 870//870
f 866//866 867//867 868//868
f 869//869 866//866 868//868
f 871//871 870//870 872//872
f 870//870 871//871 867//867
f 873//873 871//871 872//872
f 873//873 872//872 874//874
f 875//875 873//873 874//874
f 877//877 876//876 875//875
f 873//873 875//875 876//876
f 876//876 877//877 878//878
f 879//879 878//878 877//877
f 878//878 879//879 880//880
f 881//881 880//880 879//879
f 880//880 881//881 882//882
f 881//881 883//883 882//882
f 883//883 881//881 884//884
f 885//885 883//883 884//884
f 886//886 869//869 888//888
f 869//869 886//886 887//887
f 869//869 868//868 888//888
f 890//890 887//887 886//886
f 887//887 890//890 889//889
f 891//891 889//889 890//890
f 892//892 893//893 891//891
f 889//889 891//891 893//893
f 893//893 892//892 894//894
f 894//894 896//896 895//895
f 896//896 894//894 892//892
f 897//897 895//895 896//896
f 897//897 896//896 898//898
f 898//898 900//900 899//899
f 899//899 897//897 898//898
f 900//900 902//902 901//901
f 901//901 899//899 900//900
f 903//903 901//901 902//902
f 901//901 903//903 904//904
f 906//906 905//905 907//907
f 910//910 908//908 909//909
f 908//908 910//910 911//911
f 912//912 908//908 911//911
f 912//912 911//911 913//913
f 913//913 914//914 912//912
f 914//914 913//913 915//915
f 915//915 916//916 914//914
f 917//917 916//916 915//915
f 918//918 916//916 917//917
f 916//916 918//918 919//919
f 920//920 919//919 918//918
f 919//919 920//920 921//921
f 922//922 921//921 920//920
f 921//921 922//922 923//923
f 924//924 923//923 922//922
f 923//923 924//924 925//925
f 926//926 925//925 924//924
f 925//925 926//926 927//927
f 928//928 927//927 926//926
f 927//927 928//928 929//929
f 930//930 929//929 928//928
f 929//929 930//930 931//931
f 931//931 930//930 932//932
f 930//930 933//933 932//932
f 933//933 934//934 932//932
f 934//934 933//933 935//935
f 935//935 936//936 934//934
f 936//936 935//935 937//937
f 938//938 936//936 937//937
f 938//938 937//937 939//939
f 939//939 940//940 938//938
f 940//940 939//939 941//941
f 942//942 940//940 941//941
f 940//940 942//942 943//943
f 944//944 943//943 942//942
f 943//943 944//944 945//945
f 945//945 944//944 909//909
f 944//944 910//910 909//909
f 947//947 946//946 949//949
f 946//946 947//947 948//948
f 949//949 946//946 950//950
f 950//950 951//951 949//949
f 951//951 950//950 952//952
f 952//952 953//953 951//951
f 952//952 954//954 953//953
f 954//954 955//955 953//953
f 956//956 955//955 954//954
f 957//957 955//955 956//956
f 959//959 958//958 957//957
f 955//955 957//957 958//958
f 958//958 959//959 960//960
f 961//961 960//960 959//959
f 960//960 961//961 962//962
f 963//963 962//962 961//961
f 962//962 963//963 964//964
f 965//965 964//964 963//963
f 965//965 967//967 966//966
f 964//964 965//965 966//966
f 967//967 965//965 968//968
f 968//968 969//969 967//967
f 968//968 970//970 969//969
f 971//971 970//970 972//972
f 970//970 971//971 969//969
f 973//973 971//971 972//972
f 974//974 975//975 973//973
f 971//971 973//973 975//975
f 977//977 975//975 976//976
f 975//975 974//974 976//976
f 977//977 971//971 975//975
f 977//977 947//947 949//949
f 977//977 949//949 951//951
f 977//977 981//981 978//978
f 977//977 978//978 980//980
f 977//977 976//976 981//981
f 977//977 966//966 967//967
f 977//977 964//964 966//966
f 971//971 977//977 969//969
f 977//977 955//955 958//958
f 977//977 958//958 960//960
f 977//977 980//980 979//979
f 977//977 979//979 947//947
f 977//977 951//951 953//953
f 977//977 960//960 962//962
f 977//977 953//953 955//955
f 977//977 962//962 964//964
f 977//977 967//967 969//969
f 981//981 982//982 978//978
f 982//982 981//981 983//983
f 976//976 983//983 981//981
f 983//983 976//976 974//974
f 980//980 982//982 984//984
f 982//982 980//980 978//978
f 984//984 979//979 980//980
f 979//979 984//984 948//948
f 948//948 947//947 979//979
f 986//986 985//985 989//989
f 985//985 986//986 987//987
f 987//987 988//988 985//985
f 989//989 990//990 986//986
f 990//990 989//989 991//991
f 992//992 990//990 991//991
f 993//993 994//994 992//992
f 990//990 992//992 994//994
f 995//995 994//994 993//993
f 997//997 995//995 996//996
f 996//996 995//995 993//993
f 998//998 997//997 996//996
f 998//998 999//999 997//997
f 998//998 1000//1000 999//999
f 1000//1000 998//998 1002//1002
f 1002//1002 1001//1001 1000//1000
f 1001//1001 1002//1002 1003//1003
f 1003//1003 1004//1004 1001//1001
f 1004//1004 1003//1003 1005//1005
f 1005//1005 1007//1007 1004//1004
f 1007//1007 1005//1005 1006//1006
f 1006//1006 1008//1008 1007//1007
f 1011//1011 1009//1009 1008//1008
f 1008//1008 1006//1006 1010//1010
f 1011//1011 1008//1008 1010//1010
f 1011//1011 1012//1012 1009//1009
f 1014//1014 1012//1012 1013//1013
f 1012//1012 1014//1014 1009//1009
f 1013//1013 1015//1015 1014//1014
f 1015//1015 1017//1017 1016//1016
f 1015//1015 1013//1013 1017//1017
f 1018//1018 1016//1016 1017//1017
f 1020//1020 1018//1018 1019//1019
f 1018//1018 1020//1020 1021//1021
f 1016//1016 1018//1018 1021//1021
f 1019//1019 1022//1022 1020//1020
f 1022//1022 1019//1019 988//988
f 988//988 987//987 1022//1022
f 1024//1024 1023//1023 1027//1027
f 1023//1023 1024//1024 1025//1025
f 1025//1025 1026//1026 1023//1023
f 1027//1027 1028//1028 1024//1024
f 1028//1028 1030//1030 1024//1024
f 1028//1028 1029//1029 1030//1030
f 1031//1031 1030//1030 1029//1029
f 1029//1029 1032//1032 1031//1031
f 1034//1034 1033//1033 1032//1032
f 1032//1032 1029//1029 1034//1034
f 1033//1033 1034//1034 1035//1035
f 1037//1037 1035//1035 1036//1036
f 1035//1035 1037//1037 1033//1033
f 1036//1036 1038//1038 1037//1037
f 1040//1040 1039//1039 1038//1038
f 1038//1038 1036//1036 1040//1040
f 1039//1039 1040//1040 1041//1041
f 1043//1043 1041//1041 1042//1042
f 1041//1041 1043//1043 1039//1039
f 1043//1043 1045//1045 1044//1044
f 1045//1045 1043//1043 1042//1042
f 1045//1045 1046//1046 1044//1044
f 1046//1046 1047//1047 1048//1048
f 1044//1044 1046//1046 1048//1048
f 1047//1047 1049//1049 1048//1048
f 1047//1047 1050//1050 1049//1049
f 1051//1051 1049//1049 1050//1050
f 1052//1052 1051//1051 1053//1053
f 1050//1050 1053//1053 1051//1051
f 1054//1054 1052//1052 1053//1053
f 1055//1055 1056//1056 1054//1054
f 1052//1052 1054//1054 1056//1056
f 1056//1056 1055//1055 1057//1057
f 1057//1057 1059//1059 1058//1058
f 1059//1059 1057//1057 1055//1055
f 1060//1060 1059//1059 1026//1026
f 1059//1059 1060//1060 1058//1058
f 1026//1026 1025//1025 1060//1060
f 1061//1061 1062//1062 1063//1063
f 1063//1063 1065//1065 1061//1061
f 1065//1065 1064//1064 1061//1061
f 1064//1064 1065//1065 1066//1066
f 1067//1067 1066//1066 1068//1068
f 1066//1066 1067//1067 1064//1064
f 1070//1070 1067//1067 1068//1068
f 1068//1068 1069//1069 1070//1070
f 1071//1071 1070//1070 1069//1069
f 1069//1069 1072//1072 1071//1071
f 1073//1073 1071//1071 1072//1072
f 1072//1072 1074//1074 1073//1073
f 1075//1075 1073//1073 1074//1074
f 1073//1073 1075//1075 1076//1076
f 1077//1077 1076//1076 1075//1075
f 1076//1076 1077//1077 1078//1078
f 1079//1079 1078//1078 1077//1077
f 1078//1078 1079//1079 1080//1080
f 1081//1081 1080//1080 1079//1079
f 1080//1080 1081//1081 1082//1082
f 1083//1083 1082//1082 1081//1081
f 1082//1082 1083//1083 1084//1084
f 1085//1085 1084//1084 1083//1083
f 1084//1084 1085//1085 1086//1086
f 1087//1087 1086//1086 1085//1085
f 1085//1085 1088//1088 1087//1087
f 1088//1088 1089//1089 1087//1087
f 1088//1088 1090//1090 1089//1089
f 1090//1090 1091//1091 1089//1089
f 1091//1091 1090//1090 1092//1092
f 1092//1092 1093//1093 1091//1091
f 1095//1095 1093//1093 1094//1094
f 1093//1093 1092//1092 1094//1094
f 1093//1093 1095//1095 1096//1096
f 1097//1097 1096//1096 1095//1095
f 1096//1096 1097//1097 1098//1098
f 1098//1098 1063//1063 1062//1062
f 1063//1063 1098//1098 1097//1097
f 1100//1100 1099//1099 1103//1103
f 1099//1099 1100//1100 1101//1101
f 1101//1101 1102//1102 1099//1099
f 1100//1100 1103//1103 1104//1104
f 1105//1105 1104//1104 1103//1103
f 1106//1106 1104//1104 1105//1105
f 1104//1104 1106//1106 1108//1108
f 1107//1107 1108//1108 1106//1106
f 1108//1108 1107//1107 1109//1109
f 1109//1109 1110//1110 1111//1111
f 1110//1110 1109//1109 1107//1107
f 1110//1110 1112//1112 1111//1111
f 1114//1114 1113//1113 1112//1112
f 1110//1110 1114//1114 1112//1112
f 1113//1113 1114//1114 1115//1115
f 1117//1117 1115//1115 1116//1116
f 1115//1115 1117//1117 1113//1113
f 1117//1117 1116//1116 1118//1118
f 1118//1118 1120//1120 1119//1119
f 1120//1120 1118//1118 1121//1121
f 1118//1118 1116//1116 1121//1121
f 1122//1122 1119//1119 1120//1120
f 1119//1119 1122//1122 1124//1124
f 1123//1123 1124//1124 1122//1122
f 1124//1124 1123//1123 1125//1125
f 1125//1125 1127//1127 1126//1126
f 1127//1127 1125//1125 1123//1123
f 1128//1128 1126//1126 1127//1127
f 1129//1129 1130//1130 1128//1128
f 1126//1126 1128//1128 1130//1130
f 1130//1130 1129//1129 1131//1131
f 1132//1132 1131//1131 1129//1129
f 1133//1133 1132//1132 1134//1134
f 1134//1134 1132//1132 1129//1129
f 1135//1135 1133//1133 1134//1134
f 1136//1136 1135//1135 1102//1102
f 1133//1133 1135//1135 1136//1136
f 1102//1102 1101//1101 1136//1136
f 1137//1137 1140//1140 1138//1138
f 1137//1137 1138//1138 1139//1139
f 1141//1141 1140//1140 1137//1137
f 1142//1142 1141//1141 1143//1143
f 1141//1141 1142//1142 1140//1140
f 1142//1142 1143//1143 1144//1144
f 1142//1142 1144//1144 1145//1145
f 1146//1146 1145//1145 1147//1147
f 1145//1145 1146//1146 1142//1142
f 1146//1146 1147//1147 1148//1148
f 1148//1148 1149//1149 1146//1146
f 1149//1149 1148//1148 1150//1150
f 1149//1149 1150//1150 1151//1151
f 1152//1152 1151//1151 1153//1153
f 1151//1151 1152//1152 1149//1149
f 1154//1154 1152//1152 1153//1153
f 1152//1152 1154//1154 1155//1155
f 1156//1156 1155//1155 1154//1154
f 1155//1155 1156//1156 1157//1157
f 1158//1158 1157//1157 1156//1156
f 1159//1159 1158//1158 1160//1160
f 1158//1158 1159//1159 1157//1157
f 1159//1159 1160//1160 1161//1161
f 1159//1159 1161//1161 1162//1162
f 1163//1163 1164//1164 1162//1162
f 1159//1159 1162//1162 1164//1164
f 1164//1164 1163//1163 1167//1167
f 1164//1164 1165//1165 1159//1159
f 1166//1166 1165//1165 1164//1164
f 1164//1164 1167//1167 1166//1166
f 1163//1163 1168//1168 1167//1167
f 1168//1168 1169//1169 1167//1167
f 1166//1166 1167//1167 1170//1170
f 1170//1170 1167//1167 1169//1169
f 1171//1171 1166//1166 1170//1170
f 1166//1166 1171//1171 1172//1172
f 1173//1173 1166//1166 1172//1172
f 1166//1166 1173//1173 1174//1174
f 1174//1174 1173//1173 1175//1175
f 1176//1176 1175//1175 1177//1177
f 1176//1176 1174//1174 1175//1175
f 1178//1178 1176//1176 1177//1177
f 1180//1180 1178//1178 1179//1179
f 1179//1179 1178//1178 1181//1181
f 1178//1178 1180//1180 1176//1176
f 1182//1182 1180//1180 1183//1183
f 1186//1186 1180//1180 1182//1182
f 1180//1180 1184//1184 1183//1183
f 1185//1185 1176//1176 1180//1180
f 1184//1184 1180//1180 1179//1179
f 1187//1187 1185//1185 1180//1180
f 1186//1186 1187//1187 1180//1180
f 1188//1188 1152//1152 1187//1187
f 1155//1155 1187//1187 1152//1152
f 1187//1187 1186//1186 1188//1188
f 1187//1187 1155//1155 1185//1185
f 1188//1188 1146//1146 1149//1149
f 1146//1146 1188//1188 1189//1189
f 1188//1188 1190//1190 1189//1189
f 1152//1152 1188//1188 1149//1149
f 1190//1190 1188//1188 1186//1186
f 1138//1138 1189//1189 1190//1190
f 1191//1191 1138//1138 1190//1190
f 1191//1191 1190//1190 1192//1192
f 1190//1190 1193//1193 1192//1192
f 1190//1190 1186//1186 1193//1193
f 1186//1186 1182//1182 1193//1193
f 1191//1191 1194//1194 1138//1138
f 1194//1194 1191//1191 1195//1195
f 1194//1194 1196//1196 1197//1197
f 1194//1194 1197//1197 1138//1138
f 1138//1138 1197//1197 1139//1139
f 1142//1142 1146//1146 1189//1189
f 1142//1142 1189//1189 1140//1140
f 1189//1189 1138//1138 1140//1140
f 1165//1165 1176//1176 1185//1185
f 1185//1185 1157//1157 1165//1165
f 1157//1157 1185//1185 1155//1155
f 1179//1179 1198//1198 1184//1184
f 1176//1176 1165//1165 1174//1174
f 1165//1165 1166//1166 1174//1174
f 1169//1169 1168//1168 1199//1199
f 1157//1157 1159//1159 1165//1165
f 1201//1201 1200//1200 1203//1203
f 1200//1200 1201//1201 1202//1202
f 1204//1204 1202//1202 1201//1201
f 1202//1202 1204//1204 1205//1205
f 1206//1206 1205//1205 1204//1204
f 1205//1205 1206//1206 1207//1207
f 1208//1208 1207//1207 1206//1206
f 1207//1207 1208//1208 1209//1209
f 1210//1210 1209//1209 1208//1208
f 1209//1209 1210//1210 1211//1211
f 1212//1212 1211//1211 1210//1210
f 1211//1211 1212//1212 1213//1213
f 1212//1212 1214//1214 1213//1213
f 1214//1214 1212//1212 1215//1215
f 1215//1215 1216//1216 1214//1214
f 1216//1216 1215//1215 1217//1217
f 1218//1218 1216//1216 1217//1217
f 1219//1219 1216//1216 1218//1218
f 1221//1221 1219//1219 1220//1220
f 1220//1220 1219//1219 1218//1218
f 1223//1223 1221//1221 1220//1220
f 1222//1222 1221//1221 1223//1223
f 1223//1223 1224//1224 1222//1222
f 1224//1224 1223//1223 1225//1225
f 1225//1225 1226//1226 1224//1224
f 1226//1226 1225//1225 1227//1227
f 1228//1228 1227//1227 1229//1229
f 1227//1227 1228//1228 1226//1226
f 1229//1229 1230//1230 1228//1228
f 1230//1230 1229//1229 1231//1231
f 1231//1231 1232//1232 1230//1230
f 1232//1232 1231//1231 1233//1233
f 1233//1233 1235//1235 1232//1232
f 1235//1235 1233//1233 1234//1234
f 1234//1234 1236//1236 1235//1235
f 1237//1237 1238//1238 1236//1236
f 1236//1236 1234//1234 1237//1237
f 1238//1238 1237//1237 1240//1240
f 1240//1240 1239//1239 1238//1238
f 1239//1239 1240//1240 1241//1241
f 1241//1241 1243//1243 1239//1239
f 1241//1241 1242//1242 1243//1243
f 1245//1245 1247//1247 1244//1244
f 1244//1244 1246//1246 1245//1245
f 1245//1245 1248//1248 1247//1247
f 1249//1249 1248//1248 1245//1245
f 1249//1249 1250//1250 1248//1248
f 1251//1251 1250//1250 1249//1249
f 1251//1251 1252//1252 1250//1250
f 1253//1253 1252//1252 1251//1251
f 1253//1253 1254//1254 1252//1252
f 1254//1254 1253//1253 1255//1255
f 1255//1255 1256//1256 1254//1254
f 1256//1256 1255//1255 1257//1257
f 1258//1258 1260//1260 1259//1259
f 1260//1260 1258//1258 1261//1261
f 1261//1261 1263//1263 1260//1260
f 1263//1263 1261//1261 1262//1262
f 1263//1263 1262//1262 1264//1264
f 1266//1266 1264//1264 1265//1265
f 1264//1264 1262//1262 1265//1265
f 1266//1266 1268//1268 1267//1267
f 1265//1265 1268//1268 1266//1266
f 1267//1267 1268//1268 1269//1269
f 1267//1267 1269//1269 1270//1270
f 1270//1270 1271//1271 1267//1267
f 1271//1271 1270//1270 1272//1272
f 1272//1272 1273//1273 1271//1271
f 1275//1275 1274//1274 1277//1277
f 1274//1274 1275//1275 1276//1276
f 1279//1279 1276//1276 1275//1275
f 1276//1276 1279//1279 1278//1278
f 1278//1278 1279//1279 1280//1280
f 1282//1282 1280//1280 1281//1281
f 1282//1282 1278//1278 1280//1280
f 1283//1283 1282//1282 1281//1281
f 1283//1283 1281//1281 1284//1284
f 1285//1285 1283//1283 1284//1284
f 1285//1285 1284//1284 1287//1287
f 1286//1286 1285//1285 1287//1287
f 1286//1286 1287//1287 1288//1288
f 1290//1290 1288//1288 1289//1289
f 1290//1290 1286//1286 1288//1288
f 1291//1291 1290//1290 1289//1289
f 1291//1291 1289//1289 1293//1293
f 1292//1292 1291//1291 1293//1293
f 1292//1292 1293//1293 1294//1294
f 1296//1296 1294//1294 1295//1295
f 1296//1296 1292//1292 1294//1294
f 1297//1297 1296//1296 1295//1295
f 1298//1298 1297//1297 1299//1299
f 1297//1297 1295//1295 1299//1299
f 1298//1298 1299//1299 1300//1300
f 1301//1301 1298//1298 1300//1300
f 1300//1300 1302//1302 1301//1301
f 1302//1302 1304//1304 1303//1303
f 1303//1303 1301//1301 1302//1302
f 1304//1304 1306//1306 1305//1305
f 1305//1305 1303//1303 1304//1304
f 1306//1306 1307//1307 1308//1308
f 1308//1308 1305//1305 1306//1306
f 1309//1309 1308//1308 1307//1307
f 1310//1310 1309//1309 1311//1311
f 1307//1307 1311//1311 1309//1309
f 1311//1311 1312//1312 1310//1310
f 1314//1314 1312//1312 1313//1313
f 1312//1312 1314//1314 1315//1315
f 1315//1315 1310//1310 1312//1312
f 1313//1313 1316//1316 1314//1314
f 1318//1318 1317//1317 1316//1316
f 1316//1316 1313//1313 1318//1318
f 1317//1317 1318//1318 1319//1319
f 1321//1321 1319//1319 1320//1320
f 1319//1319 1321//1321 1317//1317
f 1320//1320 1322//1322 1321//1321
f 1322//1322 1320//1320 1324//1324
f 1324//1324 1323//1323 1322//1322
f 1323//1323 1324//1324 1325//1325
f 1326//1326 1327//1327 1328//1328
f 1326//1326 1328//1328 1329//1329
f 1329//1329 1330//1330 1326//1326
f 1326//1326 1330//1330 1331//1331
f 1330//1330 1332//1332 1331//1331
f 1332//1332 1330//1330 1333//1333
f 1330//1330 1334//1334 1333//1333
f 1336//1336 1335//1335 1334//1334
f 1334//1334 1330//1330 1336//1336
f 1342//1342 1336//1336 1337//1337
f 1337//1337 1336//1336 1339//1339
f 1336//1336 1338//1338 1339//1339
f 1338//1338 1336//1336 1330//1330
f 1336//1336 1343//1343 1340//1340
f 1340//1340 1335//1335 1336//1336
f 1343//1343 1336//1336 1341//1341
f 1341//1341 1336//1336 1342//1342
f 1343//1343 1344//1344 1340//1340
f 1345//1345 1340//1340 1344//1344
f 1348//1348 1345//1345 1346//1346
f 1340//1340 1345//1345 1347//1347
f 1345//1345 1348//1348 1347//1347
f 1352//1352 1347//1347 1348//1348
f 1348//1348 1349//1349 1353//1353
f 1349//1349 1348//1348 1350//1350
f 1354//1354 1350//1350 1348//1348
f 1346//1346 1351//1351 1348//1348
f 1354//1354 1348//1348 1351//1351
f 1348//1348 1353//1353 1352//1352
f 1354//1354 1355//1355 1350//1350
f 1356//1356 1350//1350 1355//1355
f 1350//1350 1356//1356 1357//1357
f 1356//1356 1358//1358 1357//1357
f 1359//1359 1358//1358 1360//1360
f 1357//1357 1358//1358 1359//1359
f 1361//1361 1359//1359 1360//1360
f 1359//1359 1361//1361 1363//1363
f 1362//1362 1363//1363 1361//1361
f 1363//1363 1365//1365 1359//1359
f 1363//1363 1362//1362 1364//1364
f 1359//1359 1365//1365 1366//1366
f 1367//1367 1359//1359 1366//1366
f 1368//1368 1359//1359 1367//1367
f 1359//1359 1368//1368 1357//1357
f 1369//1369 1357//1357 1368//1368
f 1370//1370 1369//1369 1368//1368
f 1369//1369 1370//1370 1371//1371
f 1371//1371 1370//1370 1372//1372
f 1372//1372 1374//1374 1371//1371
f 1373//1373 1374//1374 1372//1372
f 1374//1374 1373//1373 1375//1375
f 1373//1373 1376//1376 1375//1375
f 1375//1375 1376//1376 1377//1377
f 1376//1376 1378//1378 1377//1377
f 1378//1378 1376//1376 1379//1379
f 1379//1379 1380//1380 1378//1378
f 1379//1379 1381//1381 1380//1380
f 1383//1383 1382//1382 1381//1381
f 1381//1381 1382//1382 1384//1384
f 1379//1379 1383//1383 1381//1381
f 1382//1382 1385//1385 1384//1384
f 1385//1385 1387//1387 1386//1386
f 1387//1387 1385//1385 1382//1382
f 1382//1382 1388//1388 1387//1387
f 1392//1392 1387//1387 1388//1388
f 1387//1387 1350//1350 1390//1390
f 1389//1389 1350//1350 1387//1387
f 1387//1387 1391//1391 1389//1389
f 1387//1387 1390//1390 1386//1386
f 1387//1387 1392//1392 1391//1391
f 1350//1350 1393//1393 1390//1390
f 1350//1350 1394//1394 1393//1393
f 1357//1357 1394//1394 1350//1350
f 1394//1394 1357//1357 1395//1395
f 1357//1357 1369//1369 1395//1395
f 1350//1350 1389//1389 1349//1349
f 1382//1382 1396//1396 1388//1388
f 1388//1388 1396//1396 1397//1397
f 1396//1396 1382//1382 1383//1383
f 1364//1364 1399//1399 1398//1398
f 1399//1399 1364//1364 1362//1362
f 1400//1400 1398//1398 1399//1399
f 1398//1398 1400//1400 1402//1402
f 1401//1401 1402//1402 1400//1400
f 1402//1402 1401//1401 1403//1403
f 1403//1403 1405//1405 1404//1404
f 1405//1405 1403//1403 1401//1401
f 1406//1406 1404//1404 1405//1405
f 1342//1342 1407//1407 1406//1406
f 1342//1342 1406//1406 1408//1408
f 1404//1404 1406//1406 1407//1407
f 1408//1408 1341//1341 1342//1342
f 1409//1409 1407//1407 1342//1342
f 1409//1409 1342//1342 1411//1411
f 1409//1409 1411//1411 1410//1410
f 1410//1410 1412//1412 1409//1409
f 1414//1414 1413//1413 1412//1412
f 1413//1413 1415//1415 1412//1412
f 1412//1412 1410//1410 1414//1414
f 1413//1413 1416//1416 1415//1415
f 1416//1416 1329//1329 1417//1417
f 1329//1329 1416//1416 1413//1413
f 1329//1329 1328//1328 1417//1417
f 1413//1413 1414//1414 1418//1418
f 1413//1413 1418//1418 1419//1419
f 1419//1419 1329//1329 1413//1413
f 1329//1329 1419//1419 1420//1420
f 1329//1329 1420//1420 1421//1421
f 1421//1421 1330//1330 1329//1329
f 1330//1330 1421//1421 1422//1422
f 1330//1330 1422//1422 1338//1338
f 1411//1411 1342//1342 1423//1423
f 1342//1342 1337//1337 1423//1423
f 1347//1347 1352//1352 1424//1424
f 1425//1425 1347//1347 1424//1424
f 1425//1425 1424//1424 1426//1426
f 1347//1347 1425//1425 1427//1427
f 1427//1427 1425//1425 1428//1428
f 1427//1427 1429//1429 1347//1347
f 1340//1340 1347//1347 1429//1429
f 1340//1340 1429//1429 1430//1430
f 1335//1335 1340//1340 1430//1430
f 1432//1432 1431//1431 1435//1435
f 1431//1431 1432//1432 1433//1433
f 1433//1433 1434//1434 1431//1431
f 1432//1432 1435//1435 1436//1436
f 1436//1436 1437//1437 1432//1432
f 1438//1438 1437//1437 1436//1436
f 1437//1437 1438//1438 1440//1440
f 1439//1439 1438//1438 1441//1441
f 1438//1438 1439//1439 1440//1440
f 1441//1441 1442//1442 1439//1439
f 1442//1442 1441//1441 1443//1443
f 1443//1443 1444//1444 1442//1442
f 1444//1444 1443//1443 1445//1445
f 1445//1445 1446//1446 1444//1444
f 1446//1446 1445//1445 1447//1447
f 1448//1448 1447//1447 1449//1449
f 1447//1447 1448//1448 1446//1446
f 1449//1449 1450//1450 1448//1448
f 1450//1450 1449//1449 1451//1451
f 1451//1451 1452//1452 1450//1450
f 1452//1452 1451//1451 1453//1453
f 1453//1453 1454//1454 1452//1452
f 1454//1454 1453//1453 1455//1455
f 1454//1454 1455//1455 1456//1456
f 1457//1457 1456//1456 1458//1458
f 1457//1457 1454//1454 1456//1456
f 1458//1458 1459//1459 1460//1460
f 1460//1460 1457//1457 1458//1458
f 1460//1460 1459//1459 1461//1461
f 1461//1461 1463//1463 1460//1460
f 1462//1462 1460//1460 1463//1463
f 1460//1460 1462//1462 1457//1457
f 1463//1463 1461//1461 1464//1464
f 1464//1464 1466//1466 1465//1465
f 1466//1466 1464//1464 1461//1461
f 1466//1466 1459//1459 1467//1467
f 1459//1459 1466//1466 1461//1461
f 1467//1467 1468//1468 1466//1466
f 1468//1468 1465//1465 1466//1466
f 1468//1468 1467//1467 1470//1470
f 1468//1468 1469//1469 1471//1471
f 1469//1469 1468//1468 1470//1470
f 1473//1473 1468//1468 1471//1471
f 1465//1465 1468//1468 1472//1472
f 1473//1473 1472//1472 1468//1468
f 1474//1474 1473//1473 1471//1471
f 1474//1474 1433//1433 1475//1475
f 1474//1474 1471//1471 1476//1476
f 1433//1433 1474//1474 1476//1476
f 1471//1471 1434//1434 1476//1476
f 1434//1434 1433//1433 1476//1476
f 1475//1475 1432//1432 1477//1477
f 1432//1432 1475//1475 1433//1433
f 1432//1432 1478//1478 1477//1477
f 1478//1478 1432//1432 1437//1437
f 1437//1437 1479//1479 1478//1478
f 1439//1439 1479//1479 1440//1440
f 1479//1479 1439//1439 1480//1480
f 1479//1479 1437//1437 1440//1440
f 1481//1481 1480//1480 1442//1442
f 1480//1480 1439//1439 1442//1442
f 1481//1481 1444//1444 1482//1482
f 1444//1444 1481//1481 1442//1442
f 1482//1482 1446//1446 1483//1483
f 1446//1446 1482//1482 1444//1444
f 1448//1448 1483//1483 1446//1446
f 1483//1483 1448//1448 1484//1484
f 1450//1450 1484//1484 1448//1448
f 1484//1484 1450//1450 1485//1485
f 1452//1452 1485//1485 1450//1450
f 1485//1485 1452//1452 1486//1486
f 1454//1454 1486//1486 1452//1452
f 1486//1486 1454//1454 1487//1487
f 1454//1454 1462//1462 1487//1487
f 1434//1434 1471//1471 1469//1469
f 1454//1454 1457//1457 1462//1462
f 1491//1491 1488//1488 1489//1489
f 1488//1488 1490//1490 1489//1489
f 1492//1492 1488//1488 1491//1491
f 1495//1495 1492//1492 1493//1493
f 1491//1491 1493//1493 1492//1492
f 1494//1494 1492//1492 1495//1495
f 1495//1495 1496//1496 1494//1494
f 1496//1496 1497//1497 1498//1498
f 1496//1496 1498//1498 1494//1494
f 1497//1497 1499//1499 1498//1498
f 1500//1500 1499//1499 1497//1497
f 1497//1497 1501//1501 1500//1500
f 1502//1502 1500//1500 1501//1501
f 1503//1503 1502//1502 1504//1504
f 1501//1501 1504//1504 1502//1502
f 1504//1504 1505//1505 1503//1503
f 1505//1505 1506//1506 1507//1507
f 1507//1507 1503//1503 1505//1505
f 1508//1508 1507//1507 1506//1506
f 1506//1506 1509//1509 1508//1508
f 1508//1508 1509//1509 1510//1510
f 1510//1510 1511//1511 1489//1489
f 1510//1510 1489//1489 1490//1490
f 1510//1510 1509//1509 1511//1511
f 1513//1513 1516//1516 1512//1512
f 1512//1512 1514//1514 1513//1513
f 1514//1514 1512//1512 1515//1515
f 1517//1517 1518//1518 1516//1516
f 1516//1516 1513//1513 1517//1517
f 1518//1518 1517//1517 1519//1519
f 1519//1519 1521//1521 1520//1520
f 1517//1517 1521//1521 1519//1519
f 1521//1521 1522//1522 1520//1520
f 1520//1520 1522//1522 1523//1523
f 1523//1523 1525//1525 1520//1520
f 1525//1525 1523//1523 1524//1524
f 1524//1524 1526//1526 1525//1525
f 1524//1524 1527//1527 1526//1526
f 1527//1527 1530//1530 1528//1528
f 1528//1528 1529//1529 1527//1527
f 1530//1530 1527//1527 1524//1524
f 1531//1531 1529//1529 1528//1528
f 1532//1532 1531//1531 1533//1533
f 1528//1528 1533//1533 1531//1531
f 1533//1533 1534//1534 1532//1532
f 1536//1536 1534//1534 1535//1535
f 1536//1536 1532//1532 1534//1534
f 1537//1537 1536//1536 1535//1535
f 1537//1537 1539//1539 1538//1538
f 1538//1538 1540//1540 1537//1537
f 1535//1535 1539//1539 1537//1537
f 1541//1541 1515//1515 1540//1540
f 1540//1540 1538//1538 1541//1541
f 1515//1515 1541//1541 1514//1514
f 1542//1542 1544//1544 1543//1543
f 1543//1543 1544//1544 1545//1545
f 1546//1546 1543//1543 1545//1545
f 1545//1545 1547//1547 1546//1546
f 1546//1546 1547//1547 1548//1548
f 1548//1548 1549//1549 1546//1546
f 1549//1549 1548//1548 1550//1550
f 1550//1550 1551//1551 1549//1549
f 1551//1551 1550//1550 1552//1552
f 1552//1552 1554//1554 1551//1551
f 1554//1554 1552//1552 1553//1553
f 1553//1553 1555//1555 1554//1554
f 1555//1555 1553//1553 1556//1556
f 1553//1553 1557//1557 1556//1556
f 1559//1559 1561//1561 1558//1558
f 1558//1558 1560//1560 1559//1559
f 1562//1562 1559//1559 1560//1560
f 1560//1560 1563//1563 1562//1562
f 1562//1562 1563//1563 1564//1564
f 1564//1564 1566//1566 1562//1562
f 1566//1566 1564//1564 1565//1565
f 1565//1565 1567//1567 1566//1566
f 1568//1568 1569//1569 1567//1567
f 1567//1567 1565//1565 1568//1568
f 1569//1569 1568//1568 1570//1570
f 1570//1570 1571//1571 1569//1569
f 1570//1570 1572//1572 1571//1571
f 1570//1570 1573//1573 1572//1572
f 1577//1577 1575//1575 1574//1574
f 1574//1574 1575//1575 1576//1576
f 1578//1578 1577//1577 1574//1574
f 1577//1577 1578//1578 1579//1579
f 1580//1580 1579//1579 1578//1578
f 1579//1579 1580//1580 1581//1581
f 1582//1582 1581//1581 1580//1580
f 1581//1581 1582//1582 1583//1583
f 1582//1582 1584//1584 1583//1583
f 1585//1585 1583//1583 1584//1584
f 1584//1584 1586//1586 1585//1585
f 1587//1587 1585//1585 1586//1586
f 1587//1587 1586//1586 1588//1588
f 1589//1589 1587//1587 1588//1588
f 1590//1590 1589//1589 1588//1588
f 1591//1591 1589//1589 1590//1590
f 1592//1592 1591//1591 1590//1590
f 1591//1591 1592//1592 1593//1593
f 1594//1594 1593//1593 1592//1592
f 1593//1593 1594//1594 1595//1595
f 1596//1596 1595//1595 1594//1594
f 1595//1595 1596//1596 1597//1597
f 1596//1596 1598//1598 1597//1597
f 1599//1599 1597//1597 1598//1598
f 1598//1598 1600//1600 1599//1599
f 1601//1601 1599//1599 1600//1600
f 1601//1601 1600//1600 1602//1602
f 1603//1603 1601//1601 1602//1602
f 1604//1604 1603//1603 1602//1602
f 1603//1603 1604//1604 1605//1605
f 1604//1604 1606//1606 1605//1605
f 1606//1606 1604//1604 1607//1607
f 1606//1606 1607//1607 1609//1609
f 1607//1607 1608//1608 1609//1609
f 1610//1610 1609//1609 1608//1608
f 1611//1611 1575//1575 1610//1610
f 1610//1610 1608//1608 1611//1611
f 1575//1575 1611//1611 1576//1576
f 1615//1615 1613//1613 1612//1612
f 1612//1612 1613//1613 1614//1614
f 1615//1615 1616//1616 1613//1613
f 1617//1617 1616//1616 1615//1615
f 1617//1617 1618//1618 1616//1616
f 1619//1619 1618//1618 1617//1617
f 1621//1621 1619//1619 1620//1620
f 1619//1619 1621//1621 1618//1618
f 1620//1620 1622//1622 1621//1621
f 1620//1620 1623//1623 1622//1622
f 1623//1623 1620//1620 1624//1624
f 1624//1624 1625//1625 1623//1623
f 1625//1625 1627//1627 1626//1626
f 1627//1627 1625//1625 1624//1624
f 1628//1628 1626//1626 1627//1627
f 1628//1628 1629//1629 1631//1631
f 1629//1629 1628//1628 1630//1630
f 1626//1626 1628//1628 1631//1631
f 1629//1629 1630//1630 1632//1632
f 1629//1629 1632//1632 1634//1634
f 1633//1633 1634//1634 1632//1632
f 1639//1639 1635//1635 1636//1636
f 1635//1635 1637//1637 1636//1636
f 1635//1635 1638//1638 1637//1637
f 1639//1639 1636//1636 1640//1640
f 1641//1641 1639//1639 1640//1640
f 1640//1640 1642//1642 1641//1641
f 1641//1641 1642//1642 1643//1643
f 1643//1643 1644//1644 1641//1641
f 1644//1644 1643//1643 1645//1645
f 1645//1645 1646//1646 1644//1644
f 1646//1646 1645//1645 1647//1647
f 1647//1647 1648//1648 1646//1646
f 1649//1649 1650//1650 1648//1648
f 1648//1648 1647//1647 1649//1649
f 1650//1650 1649//1649 1651//1651
f 1651//1651 1652//1652 1650//1650
f 1652//1652 1651//1651 1653//1653
f 1653//1653 1654//1654 1652//1652
f 1654//1654 1653//1653 1655//1655
f 1655//1655 1656//1656 1654//1654
f 1657//1657 1658//1658 1656//1656
f 1656//1656 1655//1655 1657//1657
f 1658//1658 1657//1657 1659//1659
f 1659//1659 1660//1660 1658//1658
f 1662//1662 1661//1661 1660//1660
f 1660//1660 1659//1659 1662//1662
f 1661//1661 1662//1662 1663//1663
f 1663//1663 1664//1664 1665//1665
f 1664//1664 1663//1663 1666//1666
f 1663//1663 1665//1665 1661//1661
f 1667//1667 1668//1668 1666//1666
f 1666//1666 1668//1668 1664//1664
f 1667//1667 1669//1669 1668//1668
f 1671//1671 1670//1670 1669//1669
f 1671//1671 1669//1669 1667//1667
f 1670//1670 1671//1671 1672//1672
f 1674//1674 1672//1672 1673//1673
f 1672//1672 1674//1674 1670//1670
f 1673//1673 1675//1675 1674//1674
f 1677//1677 1676//1676 1675//1675
f 1675//1675 1673//1673 1677//1677
f 1676//1676 1677//1677 1678//1678
f 1676//1676 1678//1678 1679//1679
f 1638//1638 1679//1679 1637//1637
f 1679//1679 1638//1638 1680//1680
f 1679//1679 1680//1680 1676//1676
f 1682//1682 1681//1681 1684//1684
f 1681//1681 1682//1682 1683//1683
f 1685//1685 1683//1683 1682//1682
f 1685//1685 1682//1682 1686//1686
f 1688//1688 1687//1687 1690//1690
f 1687//1687 1688//1688 1689//1689
f 1690//1690 1691//1691 1688//1688
f 1691//1691 1690//1690 1692//1692
f 1692//1692 1693//1693 1691//1691
f 1693//1693 1692//1692 1694//1694
f 1694//1694 1695//1695 1693//1693
f 1695//1695 1694//1694 1696//1696
f 1696//1696 1697//1697 1695//1695
f 1697//1697 1696//1696 1698//1698
f 1698//1698 1699//1699 1697//1697
f 1699//1699 1698//1698 1700//1700
f 1700//1700 1701//1701 1699//1699
f 1701//1701 1700//1700 1702//1702
f 1702//1702 1703//1703 1701//1701
f 1703//1703 1702//1702 1704//1704
f 1704//1704 1705//1705 1703//1703
f 1705//1705 1704//1704 1706//1706
f 1706//1706 1707//1707 1705//1705
f 1707//1707 1706//1706 1708//1708
f 1708//1708 1709//1709 1707//1707
f 1709//1709 1708//1708 1710//1710
f 1710//1710 1711//1711 1709//1709
f 1711//1711 1710//1710 1712//1712
f 1713//1713 1711//1711 1712//1712
f 1711//1711 1713//1713 1714//1714
f 1713//1713 1715//1715 1714//1714
f 1715//1715 1713//1713 1716//1716
f 1716//1716 1717//1717 1715//1715
f 1717//1717 1716//1716 1718//1718
f 1718//1718 1719//1719 1717//1717
f 1719//1719 1718//1718 1720//1720
f 1720//1720 1721//1721 1719//1719
f 1721//1721 1720//1720 1722//1722
f 1723//1723 1721//1721 1722//1722
f 1721//1721 1723//1723 1724//1724
f 1725//1725 1724//1724 1723//1723
f 1726//1726 1725//1725 1727//1727
f 1726//1726 1724//1724 1725//1725
f 1728//1728 1726//1726 1727//1727
f 1728//1728 1727//1727 1729//1729
f 1730//1730 1728//1728 1729//1729
f 1730//1730 1729//1729 1731//1731
f 1732//1732 1730//1730 1731//1731
f 1732//1732 1731//1731 1733//1733
f 1733//1733 1735//1735 1734//1734
f 1734//1734 1732//1732 1733//1733
f 1736//1736 1734//1734 1735//1735
f 1735//1735 1737//1737 1736//1736
f 1738//1738 1736//1736 1737//1737
f 1737//1737 1739//1739 1738//1738
f 1740//1740 1738//1738 1739//1739
f 1739//1739 1741//1741 1740//1740
f 1741//1741 1739//1739 1742//1742
f 1742//1742 1743//1743 1741//1741
f 1743//1743 1742//1742 1744//1744
f 1744//1744 1745//1745 1743//1743
f 1745//1745 1744//1744 1746//1746
f 1746//1746 1747//1747 1745//1745
f 1747//1747 1746//1746 1748//1748
f 1748//1748 1749//1749 1747//1747
f 1749//1749 1748//1748 1750//1750
f 1751//1751 1754//1754 1752//1752
f 1751//1751 1752//1752 1753//1753
f 1756//1756 1755//1755 1758//1758
f 1755//1755 1756//1756 1757//1757
f 1760//1760 1759//1759 1762//1762
f 1759//1759 1760//1760 1761//1761
f 1764//1764 1766//1766 1763//1763
f 1763//1763 1765//1765 1764//1764
f 1766//1766 1767//1767 1763//1763
f 1768//1768 1767//1767 1766//1766
f 1769//1769 1767//1767 1768//1768
f 1768//1768 1770//1770 1769//1769
f 1771//1771 1769//1769 1770//1770
f 1770//1770 1772//1772 1771//1771
f 1773//1773 1771//1771 1772//1772
f 1775//1775 1773//1773 1774//1774
f 1772//1772 1774//1774 1773//1773
f 1774//1774 1776//1776 1775//1775
f 1777//1777 1775//1775 1776//1776
f 1776//1776 1778//1778 1777//1777
f 1779//1779 1777//1777 1778//1778
f 1778//1778 1780//1780 1779//1779
f 1781//1781 1779//1779 1780//1780
f 1781//1781 1782//1782 1783//1783
f 1780//1780 1782//1782 1781//1781
f 1783//1783 1784//1784 1781//1781
f 1784//1784 1783//1783 1785//1785
f 1785//1785 1786//1786 1784//1784
f 1786//1786 1785//1785 1787//1787
f 1786//1786 1787//1787 1788//1788
f 1788//1788 1787//1787 1789//1789
f 1789//1789 1790//1790 1788//1788
f 1790//1790 1789//1789 1791//1791
f 1791//1791 1792//1792 1790//1790
f 1792//1792 1791//1791 1793//1793
f 1792//1792 1793//1793 1794//1794
f 1794//1794 1793//1793 1795//1795
f 1796//1796 1795//1795 1793//1793
f 1795//1795 1796//1796 1797//1797
f 1797//1797 1798//1798 1799//1799
f 1796//1796 1798//1798 1797//1797
f 1799//1799 1800//1800 1797//1797
f 1800//1800 1799//1799 1801//1801
f 1801//1801 1802//1802 1800//1800
f 1802//1802 1801//1801 1803//1803
f 1803//1803 1804//1804 1802//1802
f 1804//1804 1803//1803 1805//1805
f 1805//1805 1806//1806 1807//1807
f 1803//1803 1806//1806 1805//1805
f 1807//1807 1808//1808 1805//1805
f 1808//1808 1807//1807 1809//1809
f 1809//1809 1810//1810 1808//1808
f 1812//1812 1810//1810 1809//1809
f 1810//1810 1812//1812 1811//1811
f 1813//1813 1764//1764 1765//1765
f 1765//1765 1814//1814 1813//1813
f 1815//1815 1813//1813 1814//1814
f 1814//1814 1816//1816 1815//1815
f 1817//1817 1815//1815 1816//1816
f 1816//1816 1818//1818 1817//1817
f 1819//1819 1817//1817 1818//1818
f 1818//1818 1820//1820 1819//1819
f 1821//1821 1819//1819 1820//1820
f 1820//1820 1822//1822 1821//1821
f 1823//1823 1821//1821 1822//1822
f 1822//1822 1824//1824 1823//1823
f 1825//1825 1823//1823 1824//1824
f 1824//1824 1826//1826 1825//1825
f 1827//1827 1828//1828 1829//1829
f 1830//1830 1829//1829 1828//1828
f 1828//1828 1831//1831 1830//1830
f 1831//1831 1828//1828 1832//1832
f 1834//1834 1833//1833 1835//1835
f 1836//1836 1837//1837 1838//1838
f 1840//1840 1841//1841 1839//1839
f 1843//1843 1842//1842 1844//1844
f 1848//1848 1845//1845 1846//1846
f 1847//1847 1845//1845 1848//1848
f 1848//1848 1849//1849 1847//1847
f 1849//1849 1848//1848 1850//1850
f 1850//1850 1851//1851 1849//1849
f 1851//1851 1850//1850 1852//1852
f 1852//1852 1853//1853 1851//1851
f 1853//1853 1852//1852 1854//1854
f 1855//1855 1853//1853 1854//1854
f 1857//1857 1856//1856 1855//1855
f 1853//1853 1855//1855 1856//1856
f 1856//1856 1857//1857 1858//1858
f 1857//1857 1859//1859 1858//1858
f 1859//1859 1857//1857 1860//1860
f 1860//1860 1861//1861 1859//1859
f 1861//1861 1860//1860 1862//1862
f 1863//1863 1861//1861 1862//1862
f 1865//1865 1864//1864 1863//1863
f 1861//1861 1863//1863 1864//1864
f 1864//1864 1865//1865 1866//1866
f 1867//1867 1866//1866 1865//1865
f 1866//1866 1867//1867 1868//1868
f 1869//1869 1868//1868 1867//1867
f 1868//1868 1869//1869 1870//1870
f 1871//1871 1870//1870 1869//1869
f 1873//1873 1872//1872 1871//1871
f 1870//1870 1871//1871 1872//1872
f 1872//1872 1873//1873 1874//1874
f 1875//1875 1874//1874 1873//1873
f 1876//1876 1874//1874 1875//1875
f 1877//1877 1876//1876 1875//1875
f 1878//1878 1876//1876 1877//1877
f 1879//1879 1878//1878 1877//1877
f 1880//1880 1879//1879 1881//1881
f 1880//1880 1878//1878 1879//1879
f 1882//1882 1880//1880 1881//1881
f 1881//1881 1883//1883 1882//1882
f 1884//1884 1882//1882 1883//1883
f 1883//1883 1885//1885 1884//1884
f 1885//1885 1883//1883 1886//1886
f 1886//1886 1887//1887 1885//1885
f 1887//1887 1886//1886 1888//1888
f 1888//1888 1889//1889 1887//1887
f 1889//1889 1888//1888 1890//1890
f 1890//1890 1891//1891 1889//1889
f 1892//1892 1889//1889 1891//1891
f 1891//1891 1893//1893 1892//1892
f 1892//1892 1893//1893 1894//1894
f 1893//1893 1895//1895 1894//1894
f 1894//1894 1895//1895 1896//1896
f 1895//1895 1897//1897 1896//1896
f 1897//1897 1899//1899 1898//1898
f 1896//1896 1897//1897 1898//1898
f 1898//1898 1899//1899 1900//1900
f 1901//1901 1900//1900 1899//1899
f 1900//1900 1901//1901 1902//1902
f 1901//1901 1903//1903 1902//1902
f 1904//1904 1902//1902 1903//1903
f 1906//1906 1905//1905 1908//1908
f 1905//1905 1906//1906 1907//1907
f 1910//1910 1909//1909 1913//1913
f 1909//1909 1910//1910 1911//1911
f 1912//1912 1913//1913 1909//1909
f 1913//1913 1914//1914 1910//1910
f 1915//1915 1913//1913 1912//1912
f 1914//1914 1913//1913 1916//1916
f 1913//1913 1915//1915 1917//1917
f 1917//1917 1916//1916 1913//1913
f 1916//1916 1917//1917 1918//1918
f 1919//1919 1918//1918 1917//1917
f 1920//1920 1917//1917 1915//1915
f 1917//1917 1920//1920 1919//1919
f 1921//1921 1919//1919 1920//1920
f 1923//1923 1922//1922 1921//1921
f 1919//1919 1921//1921 1922//1922
f 1922//1922 1923//1923 1924//1924
f 1925//1925 1924//1924 1923//1923
f 1924//1924 1925//1925 1926//1926
f 1925//1925 1927//1927 1926//1926
f 1926//1926 1927//1927 1928//1928
f 1929//1929 1930//1930 1928//1928
f 1930//1930 1926//1926 1928//1928
f 1930//1930 1924//1924 1926//1926
f 1924//1924 1930//1930 1931//1931
f 1931//1931 1930//1930 1932//1932
f 1933//1933 1932//1932 1930//1930
f 1933//1933 1930//1930 1929//1929
f 1934//1934 1933//1933 1935//1935
f 1933//1933 1934//1934 1937//1937
f 1933//1933 1929//1929 1935//1935
f 1936//1936 1933//1933 1937//1937
f 1933//1933 1936//1936 1932//1932
f 1939//1939 1937//1937 1934//1934
f 1936//1936 1937//1937 1938//1938
f 1940//1940 1938//1938 1937//1937
f 1937//1937 1939//1939 1940//1940
f 1940//1940 1941//1941 1938//1938
f 1939//1939 1942//1942 1940//1940
f 1941//1941 1940//1940 1942//1942
f 1942//1942 1939//1939 1944//1944
f 1942//1942 1943//1943 1941//1941
f 1943//1943 1942//1942 1946//1946
f 1945//1945 1942//1942 1944//1944
f 1942//1942 1945//1945 1946//1946
f 1948//1948 1946//1946 1945//1945
f 1947//1947 1943//1943 1946//1946
f 1946//1946 1948//1948 1947//1947
f 1949//1949 1947//1947 1948//1948
f 1947//1947 1949//1949 1950//1950
f 1951//1951 1950//1950 1949//1949
f 1950//1950 1951//1951 1952//1952
f 1953//1953 1952//1952 1951//1951
f 1952//1952 1953//1953 1954//1954
f 1955//1955 1954//1954 1953//1953
f 1956//1956 1957//1957 1955//1955
f 1954//1954 1955//1955 1957//1957
f 1957//1957 1959//1959 1958//1958
f 1958//1958 1954//1954 1957//1957
f 1957//1957 1956//1956 1959//1959
f 1959//1959 1960//1960 1962//1962
f 1960//1960 1959//1959 1961//1961
f 1961//1961 1959//1959 1956//1956
f 1962//1962 1958//1958 1959//1959
f 1963//1963 1962//1962 1960//1960
f 1960//1960 1964//1964 1963//1963
f 1964//1964 1960//1960 1965//1965
f 1965//1965 1966//1966 1964//1964
f 1964//1964 1966//1966 1967//1967
f 1969//1969 1967//1967 1966//1966
f 1967//1967 1969//1969 1968//1968
f 1970//1970 1969//1969 1961//1961
f 1971//1971 1969//1969 1970//1970
f 1969//1969 1971//1971 1968//1968
f 1961//1961 1969//1969 1966//1966
f 1970//1970 1972//1972 1971//1971
f 1973//1973 1972//1972 1974//1974
f 1972//1972 1975//1975 1974//1974
f 1972//1972 1970//1970 1975//1975
f 1974//1974 1975//1975 1976//1976
f 1975//1975 1970//1970 1976//1976
f 1981//1981 1976//1976 1970//1970
f 1980//1980 1977//1977 1976//1976
f 1976//1976 1977//1977 1978//1978
f 1979//1979 1976//1976 1978//1978
f 1979//1979 1974//1974 1976//1976
f 1982//1982 1980//1980 1976//1976
f 1976//1976 1981//1981 1982//1982
f 1981//1981 1983//1983 1982//1982
f 1983//1983 1984//1984 1982//1982
f 1984//1984 1980//1980 1982//1982
f 1984//1984 1985//1985 1988//1988
f 1986//1986 1985//1985 1984//1984
f 1984//1984 1983//1983 1986//1986
f 1980//1980 1984//1984 1987//1987
f 1984//1984 1988//1988 1987//1987
f 1988//1988 1990//1990 1989//1989
f 1992//1992 1988//1988 1989//1989
f 1990//1990 1988//1988 1991//1991
f 1985//1985 1991//1991 1988//1988
f 1988//1988 1992//1992 1987//1987
f 1992//1992 1989//1989 1994//1994
f 1995//1995 1987//1987 1992//1992
f 1995//1995 1992//1992 1993//1993
f 1992//1992 1994//1994 1993//1993
f 1995//1995 1996//1996 1977//1977
f 1995//1995 1977//1977 1980//1980
f 1998//1998 1995//1995 1993//1993
f 1996//1996 1995//1995 1997//1997
f 1998//1998 1997//1997 1995//1995
f 1987//1987 1995//1995 1980//1980
f 1998//1998 1999//1999 2000//2000
f 1999//1999 1998//1998 1993//1993
f 1998//1998 2001//2001 1997//1997
f 2001//2001 1998//1998 2000//2000
f 2004//2004 2001//2001 2000//2000
f 2001//2001 2006//2006 2002//2002
f 2002//2002 1997//1997 2001//2001
f 2001//2001 2004//2004 2003//2003
f 2005//2005 2001//2001 2003//2003
f 2001//2001 2005//2005 2006//2006
f 2006//2006 2007//2007 2008//2008
f 2007//2007 2006//2006 2009//2009
f 2008//2008 2002//2002 2006//2006
f 2009//2009 2006//2006 2005//2005
f 2009//2009 2010//2010 2007//2007
f 2010//2010 2009//2009 2011//2011
f 2011//2011 2009//2009 2005//2005
f 2011//2011 2012//2012 2010//2010
f 2012//2012 2011//2011 2013//2013
f 2011//2011 2005//2005 2013//2013
f 2013//2013 2014//2014 2012//2012
f 2014//2014 2013//2013 2015//2015
f 2005//2005 2015//2015 2013//2013
f 2015//2015 2017//2017 2014//2014
f 2016//2016 1952//1952 2015//2015
f 2005//2005 2016//2016 2015//2015
f 2017//2017 2015//2015 2018//2018
f 2018//2018 2015//2015 1952//1952
f 2019//2019 2017//2017 2018//2018
f 2019//2019 2018//2018 1952//1952
f 2021//2021 2020//2020 2019//2019
f 2017//2017 2019//2019 2020//2020
f 1952//1952 2021//2021 2019//2019
f 2022//2022 2020//2020 2021//2021
f 1954//1954 2022//2022 2021//2021
f 1954//1954 2021//2021 1952//1952
f 2023//2023 2022//2022 1954//1954
f 1954//1954 1958//1958 2023//2023
f 2005//2005 2003//2003 2016//2016
f 2016//2016 2024//2024 2025//2025
f 2024//2024 2016//2016 2003//2003
f 2025//2025 1950//1950 2016//2016
f 1952//1952 2016//2016 1950//1950
f 2024//2024 2026//2026 2025//2025
f 2026//2026 1943//1943 2025//2025
f 1943//1943 1947//1947 2025//2025
f 1950//1950 2025//2025 1947//1947
f 2024//2024 2027//2027 2026//2026
f 2027//2027 2028//2028 2026//2026
f 2028//2028 2029//2029 2026//2026
f 2026//2026 2029//2029 1943//1943
f 2030//2030 2029//2029 2028//2028
f 2029//2029 2030//2030 2031//2031
f 2029//2029 2031//2031 1941//1941
f 2029//2029 1941//1941 1943//1943
f 2032//2032 2034//2034 2031//2031
f 2030//2030 2032//2032 2031//2031
f 2031//2031 2034//2034 2033//2033
f 2031//2031 2033//2033 1941//1941
f 2032//2032 2035//2035 2034//2034
f 2035//2035 2036//2036 2034//2034
f 2034//2034 2037//2037 2033//2033
f 2034//2034 2036//2036 2037//2037
f 1936//1936 2037//2037 2038//2038
f 2039//2039 2038//2038 2037//2037
f 2036//2036 2039//2039 2037//2037
f 2037//2037 1936//1936 2033//2033
f 2036//2036 2042//2042 2039//2039
f 2038//2038 2039//2039 2043//2043
f 2039//2039 2042//2042 2040//2040
f 2040//2040 2041//2041 2039//2039
f 2041//2041 2043//2043 2039//2039
f 2043//2043 2041//2041 2044//2044
f 2044//2044 2045//2045 2043//2043
f 2045//2045 2038//2038 2043//2043
f 2047//2047 2045//2045 2046//2046
f 2048//2048 2046//2046 2045//2045
f 2038//2038 2045//2045 2047//2047
f 2045//2045 2044//2044 2048//2048
f 2048//2048 2049//2049 2050//2050
f 2049//2049 2048//2048 2044//2044
f 2050//2050 2051//2051 2048//2048
f 2046//2046 2048//2048 2051//2051
f 2051//2051 2050//2050 2052//2052
f 2052//2052 2053//2053 2051//2051
f 2054//2054 2051//2051 2053//2053
f 2051//2051 2054//2054 2046//2046
f 2053//2053 2055//2055 2054//2054
f 2056//2056 2054//2054 2055//2055
f 2054//2054 2056//2056 2057//2057
f 2057//2057 2046//2046 2054//2054
f 2058//2058 2059//2059 2057//2057
f 2057//2057 2060//2060 2058//2058
f 2046//2046 2057//2057 2059//2059
f 2060//2060 2057//2057 2056//2056
f 1922//1922 2060//2060 1919//1919
f 1918//1918 1919//1919 2060//2060
f 2056//2056 1918//1918 2060//2060
f 2060//2060 1922//1922 2058//2058
f 2059//2059 2058//2058 1931//1931
f 2047//2047 2046//2046 2059//2059
f 1931//1931 2047//2047 2059//2059
f 1924//1924 2058//2058 1922//1922
f 2058//2058 1924//1924 1931//1931
f 2055//2055 2061//2061 2056//2056
f 1918//1918 2056//2056 2061//2061
f 1918//1918 2061//2061 1916//1916
f 2061//2061 2062//2062 1916//1916
f 2063//2063 2062//2062 2061//2061
f 2061//2061 2055//2055 2063//2063
f 2065//2065 2063//2063 2055//2055
f 2066//2066 2064//2064 2063//2063
f 2063//2063 2064//2064 2062//2062
f 2063//2063 2065//2065 2066//2066
f 2068//2068 2064//2064 2066//2066
f 2067//2067 2066//2066 2065//2065
f 2066//2066 2067//2067 2069//2069
f 2069//2069 2068//2068 2066//2066
f 2068//2068 2069//2069 2070//2070
f 2071//2071 2070//2070 2069//2069
f 2069//2069 2072//2072 2071//2071
f 2072//2072 2069//2069 2067//2067
f 2073//2073 2071//2071 2072//2072
f 2067//2067 2074//2074 2072//2072
f 2072//2072 2075//2075 2073//2073
f 2075//2075 2072//2072 2074//2074
f 2075//2075 2076//2076 2073//2073
f 2074//2074 2078//2078 2075//2075
f 2076//2076 2075//2075 2077//2077
f 2075//2075 2079//2079 2077//2077
f 2079//2079 2075//2075 2078//2078
f 2078//2078 2080//2080 2079//2079
f 2080//2080 2078//2078 2082//2082
f 2082//2082 2081//2081 2080//2080
f 2081//2081 2082//2082 2084//2084
f 2083//2083 2084//2084 2082//2082
f 2082//2082 2085//2085 2083//2083
f 2085//2085 2082//2082 2078//2078
f 2078//2078 2074//2074 2085//2085
f 2086//2086 2085//2085 2074//2074
f 2085//2085 2086//2086 2052//2052
f 2052//2052 2083//2083 2085//2085
f 2053//2053 2052//2052 2086//2086
f 2086//2086 2065//2065 2053//2053
f 2074//2074 2067//2067 2086//2086
f 2065//2065 2086//2086 2067//2067
f 2089//2089 2087//2087 2084//2084
f 2088//2088 2084//2084 2087//2087
f 2084//2084 2088//2088 2081//2081
f 2084//2084 2083//2083 2089//2089
f 2049//2049 2090//2090 2089//2089
f 2089//2089 2050//2050 2049//2049
f 2050//2050 2089//2089 2083//2083
f 2087//2087 2089//2089 2090//2090
f 2093//2093 2091//2091 2090//2090
f 2092//2092 2090//2090 2091//2091
f 2090//2090 2092//2092 2087//2087
f 2090//2090 2049//2049 2093//2093
f 2091//2091 2093//2093 2094//2094
f 2041//2041 2094//2094 2093//2093
f 2093//2093 2044//2044 2041//2041
f 2044//2044 2093//2093 2049//2049
f 2094//2094 2095//2095 2091//2091
f 2095//2095 2094//2094 2096//2096
f 2040//2040 2096//2096 2094//2094
f 2094//2094 2041//2041 2040//2040
f 2096//2096 2097//2097 2095//2095
f 2097//2097 2096//2096 2098//2098
f 2099//2099 2098//2098 2096//2096
f 2096//2096 2040//2040 2099//2099
f 2042//2042 2099//2099 2040//2040
f 2101//2101 2100//2100 2099//2099
f 2098//2098 2099//2099 2100//2100
f 2099//2099 2042//2042 2101//2101
f 2100//2100 2101//2101 2102//2102
f 2104//2104 2101//2101 2042//2042
f 2103//2103 2102//2102 2101//2101
f 2103//2103 2101//2101 2105//2105
f 2101//2101 2104//2104 2105//2105
f 2106//2106 2103//2103 2105//2105
f 2107//2107 2105//2105 2104//2104
f 2105//2105 2107//2107 2106//2106
f 2104//2104 2035//2035 2107//2107
f 2107//2107 2109//2109 2106//2106
f 2108//2108 2107//2107 2035//2035
f 2107//2107 2108//2108 2109//2109
f 2111//2111 2109//2109 2108//2108
f 2110//2110 2109//2109 2112//2112
f 2106//2106 2109//2109 2110//2110
f 2109//2109 2111//2111 2112//2112
f 2112//2112 2111//2111 2113//2113
f 2112//2112 2113//2113 2114//2114
f 2115//2115 2112//2112 2114//2114
f 2112//2112 2115//2115 2116//2116
f 2116//2116 2110//2110 2112//2112
f 2117//2117 2110//2110 2116//2116
f 2116//2116 2118//2118 2117//2117
f 2118//2118 2116//2116 2115//2115
f 2120//2120 2119//2119 2118//2118
f 2117//2117 2118//2118 2119//2119
f 2120//2120 2118//2118 2115//2115
f 2121//2121 2120//2120 2115//2115
f 2121//2121 2122//2122 2120//2120
f 2119//2119 2120//2120 2124//2124
f 2123//2123 2120//2120 2122//2122
f 2120//2120 2123//2123 2124//2124
f 2124//2124 2125//2125 2119//2119
f 2125//2125 2124//2124 2128//2128
f 2126//2126 2127//2127 2124//2124
f 2124//2124 2127//2127 2128//2128
f 2129//2129 2130//2130 2128//2128
f 2128//2128 2132//2132 2125//2125
f 2131//2131 2128//2128 2130//2130
f 2132//2132 2128//2128 2131//2131
f 2133//2133 2125//2125 2132//2132
f 2133//2133 2132//2132 2134//2134
f 2131//2131 2134//2134 2132//2132
f 2137//2137 2133//2133 2134//2134
f 2136//2136 2135//2135 2134//2134
f 2135//2135 2137//2137 2134//2134
f 2134//2134 2131//2131 2136//2136
f 2140//2140 2138//2138 2137//2137
f 2138//2138 2139//2139 2137//2137
f 2137//2137 2139//2139 2133//2133
f 2137//2137 2135//2135 2140//2140
f 2138//2138 2140//2140 2141//2141
f 2142//2142 2141//2141 2140//2140
f 2140//2140 2143//2143 2142//2142
f 2143//2143 2140//2140 2135//2135
f 2142//2142 2143//2143 2146//2146
f 2135//2135 2144//2144 2143//2143
f 2143//2143 2144//2144 2145//2145
f 2146//2146 2143//2143 2145//2145
f 2147//2147 2142//2142 2146//2146
f 2147//2147 2146//2146 2148//2148
f 2148//2148 2146//2146 2149//2149
f 2146//2146 2145//2145 2149//2149
f 2150//2150 2149//2149 2145//2145
f 2149//2149 2150//2150 2153//2153
f 2151//2151 2152//2152 2149//2149
f 2148//2148 2149//2149 2152//2152
f 2152//2152 2151//2151 2155//2155
f 2154//2154 2157//2157 2152//2152
f 2156//2156 2154//2154 2152//2152
f 2152//2152 2157//2157 2148//2148
f 2154//2154 2158//2158 2157//2157
f 2157//2157 2158//2158 2159//2159
f 2159//2159 2160//2160 2157//2157
f 2160//2160 2148//2148 2157//2157
f 2160//2160 2147//2147 2148//2148
f 2161//2161 2147//2147 2160//2160
f 2162//2162 2161//2161 2160//2160
f 2160//2160 2163//2163 2162//2162
f 2163//2163 2160//2160 2159//2159
f 2164//2164 2163//2163 2166//2166
f 2163//2163 2164//2164 2167//2167
f 2167//2167 2162//2162 2163//2163
f 2165//2165 2163//2163 2159//2159
f 2163//2163 2165//2165 2166//2166
f 2162//2162 2167//2167 2168//2168
f 2169//2169 2168//2168 2167//2167
f 2167//2167 2170//2170 2169//2169
f 2170//2170 2167//2167 2164//2164
f 2171//2171 2170//2170 2164//2164
f 2164//2164 2173//2173 2171//2171
f 2172//2172 2171//2171 2173//2173
f 2166//2166 2173//2173 2164//2164
f 2173//2173 2175//2175 2172//2172
f 2166//2166 2174//2174 2173//2173
f 2173//2173 2174//2174 2175//2175
f 2175//2175 2176//2176 2172//2172
f 2176//2176 2175//2175 2177//2177
f 2178//2178 2177//2177 2175//2175
f 2174//2174 2178//2178 2175//2175
f 2179//2179 2178//2178 2174//2174
f 2179//2179 2180//2180 2178//2178
f 2181//2181 2178//2178 2180//2180
f 2178//2178 2181//2181 2182//2182
f 2177//2177 2178//2178 2182//2182
f 2181//2181 2183//2183 2182//2182
f 2183//2183 2184//2184 2182//2182
f 2184//2184 2177//2177 2182//2182
f 2184//2184 2185//2185 2186//2186
f 2185//2185 2184//2184 2183//2183
f 2184//2184 2186//2186 2187//2187
f 2187//2187 2188//2188 2184//2184
f 2184//2184 2188//2188 2177//2177
f 2188//2188 2187//2187 2189//2189
f 2191//2191 2190//2190 2189//2189
f 2189//2189 2192//2192 2191//2191
f 2193//2193 2189//2189 2187//2187
f 2192//2192 2189//2189 2193//2193
f 2193//2193 2194//2194 2192//2192
f 2187//2187 2196//2196 2193//2193
f 2194//2194 2193//2193 2195//2195
f 2196//2196 2195//2195 2193//2193
f 2196//2196 2197//2197 1991//1991
f 2197//2197 2196//2196 2187//2187
f 1991//1991 1985//1985 2196//2196
f 2195//2195 2196//2196 1985//1985
f 2187//2187 2186//2186 2197//2197
f 2197//2197 2186//2186 2199//2199
f 2198//2198 1991//1991 2197//2197
f 2199//2199 2198//2198 2197//2197
f 2199//2199 2200//2200 2202//2202
f 2200//2200 2199//2199 2201//2201
f 2201//2201 2199//2199 2186//2186
f 2202//2202 2198//2198 2199//2199
f 2205//2205 2202//2202 2200//2200
f 2203//2203 2202//2202 2205//2205
f 2202//2202 2203//2203 2204//2204
f 2198//2198 2202//2202 2204//2204
f 2205//2205 2206//2206 2210//2210
f 2206//2206 2205//2205 2208//2208
f 2209//2209 2205//2205 2207//2207
f 2210//2210 2207//2207 2205//2205
f 2205//2205 2200//2200 2208//2208
f 2205//2205 2209//2209 2203//2203
f 2210//2210 2154//2154 2211//2211
f 2154//2154 2210//2210 2212//2212
f 2210//2210 2211//2211 2213//2213
f 2206//2206 2212//2212 2210//2210
f 2210//2210 2213//2213 2207//2207
f 2213//2213 2211//2211 2214//2214
f 2213//2213 2214//2214 2215//2215
f 2215//2215 2207//2207 2213//2213
f 2215//2215 2216//2216 2217//2217
f 2216//2216 2215//2215 2214//2214
f 2207//2207 2215//2215 2209//2209
f 2217//2217 2209//2209 2215//2215
f 2217//2217 2216//2216 2218//2218
f 2219//2219 2217//2217 2218//2218
f 2217//2217 2219//2219 2220//2220
f 2220//2220 2209//2209 2217//2217
f 2220//2220 2203//2203 2209//2209
f 2220//2220 2222//2222 2221//2221
f 2203//2203 2220//2220 2221//2221
f 2222//2222 2220//2220 2219//2219
f 2223//2223 2221//2221 2222//2222
f 1999//1999 2223//2223 2222//2222
f 2225//2225 2222//2222 2219//2219
f 2222//2222 2225//2225 2224//2224
f 1999//1999 2222//2222 2224//2224
f 2227//2227 2225//2225 2226//2226
f 2225//2225 2228//2228 2226//2226
f 2225//2225 2227//2227 2224//2224
f 2228//2228 2225//2225 2229//2229
f 2225//2225 2219//2219 2229//2229
f 2228//2228 2229//2229 2230//2230
f 2229//2229 2219//2219 2218//2218
f 2230//2230 2229//2229 2218//2218
f 2232//2232 2230//2230 2231//2231
f 2233//2233 2231//2231 2230//2230
f 2230//2230 2232//2232 2228//2228
f 2230//2230 2216//2216 2234//2234
f 2216//2216 2230//2230 2218//2218
f 2234//2234 2216//2216 2235//2235
f 2216//2216 2214//2214 2235//2235
f 2235//2235 2214//2214 2236//2236
f 2231//2231 2237//2237 2232//2232
f 2238//2238 2232//2232 2237//2237
f 2239//2239 2232//2232 2238//2238
f 2239//2239 2228//2228 2232//2232
f 2240//2240 2239//2239 2238//2238
f 2240//2240 2241//2241 2239//2239
f 2226//2226 2239//2239 2241//2241
f 2239//2239 2226//2226 2228//2228
f 2241//2241 2240//2240 2242//2242
f 2244//2244 2226//2226 2241//2241
f 2241//2241 2242//2242 2243//2243
f 2241//2241 2243//2243 2244//2244
f 2226//2226 2244//2244 2227//2227
f 2245//2245 2244//2244 2243//2243
f 2004//2004 2227//2227 2244//2244
f 2244//2244 2245//2245 2004//2004
f 2024//2024 2004//2004 2245//2245
f 2027//2027 2024//2024 2245//2245
f 2246//2246 2245//2245 2243//2243
f 2245//2245 2246//2246 2027//2027
f 2242//2242 2246//2246 2243//2243
f 2242//2242 2247//2247 2246//2246
f 2247//2247 2248//2248 2246//2246
f 2246//2246 2248//2248 2027//2027
f 2248//2248 2028//2028 2027//2027
f 2249//2249 2248//2248 2250//2250
f 2248//2248 2249//2249 2251//2251
f 2251//2251 2028//2028 2248//2248
f 2247//2247 2250//2250 2248//2248
f 2252//2252 2251//2251 2249//2249
f 2028//2028 2251//2251 2030//2030
f 2251//2251 2252//2252 2253//2253
f 2251//2251 2253//2253 2030//2030
f 2253//2253 2035//2035 2032//2032
f 2253//2253 2032//2032 2030//2030
f 2253//2253 2108//2108 2035//2035
f 2252//2252 2108//2108 2253//2253
f 2108//2108 2252//2252 2111//2111
f 2252//2252 2113//2113 2111//2111
f 2113//2113 2252//2252 2254//2254
f 2249//2249 2254//2254 2252//2252
f 2254//2254 2257//2257 2113//2113
f 2257//2257 2254//2254 2255//2255
f 2256//2256 2255//2255 2254//2254
f 2254//2254 2258//2258 2256//2256
f 2254//2254 2249//2249 2258//2258
f 2249//2249 2250//2250 2258//2258
f 2259//2259 2258//2258 2250//2250
f 2259//2259 2256//2256 2258//2258
f 2261//2261 2260//2260 2259//2259
f 2256//2256 2259//2259 2260//2260
f 2259//2259 2247//2247 2261//2261
f 2247//2247 2259//2259 2250//2250
f 2240//2240 2262//2262 2261//2261
f 2260//2260 2261//2261 2262//2262
f 2247//2247 2240//2240 2261//2261
f 2262//2262 2264//2264 2263//2263
f 2263//2263 2260//2260 2262//2262
f 2262//2262 2240//2240 2264//2264
f 2264//2264 2265//2265 2263//2263
f 2240//2240 2238//2238 2264//2264
f 2264//2264 2238//2238 2265//2265
f 2238//2238 2237//2237 2265//2265
f 2260//2260 2263//2263 2266//2266
f 2267//2267 2260//2260 2266//2266
f 2260//2260 2267//2267 2256//2256
f 2255//2255 2267//2267 2268//2268
f 2267//2267 2255//2255 2256//2256
f 2268//2268 2257//2257 2255//2255
f 2257//2257 2268//2268 2269//2269
f 2270//2270 2271//2271 2257//2257
f 2271//2271 2113//2113 2257//2257
f 2271//2271 2270//2270 2272//2272
f 2272//2272 2121//2121 2271//2271
f 2121//2121 2114//2114 2271//2271
f 2113//2113 2271//2271 2114//2114
f 2121//2121 2272//2272 2273//2273
f 2122//2122 2121//2121 2273//2273
f 2240//2240 2247//2247 2242//2242
f 2227//2227 2004//2004 2000//2000
f 2000//2000 1999//1999 2227//2227
f 2227//2227 1999//1999 2224//2224
f 2223//2223 1994//1994 1989//1989
f 1999//1999 1994//1994 2223//2223
f 1989//1989 2274//2274 2223//2223
f 2221//2221 2223//2223 2274//2274
f 2203//2203 2274//2274 2204//2204
f 2274//2274 2203//2203 2221//2221
f 1990//1990 2204//2204 2274//2274
f 2274//2274 1989//1989 1990//1990
f 2214//2214 2275//2275 2276//2276
f 2275//2275 2214//2214 2211//2211
f 2212//2212 2206//2206 2277//2277
f 2277//2277 2158//2158 2212//2212
f 2158//2158 2154//2154 2212//2212
f 2280//2280 2277//2277 2206//2206
f 2278//2278 2277//2277 2279//2279
f 2158//2158 2277//2277 2278//2278
f 2277//2277 2280//2280 2279//2279
f 2280//2280 2206//2206 2208//2208
f 2281//2281 2279//2279 2280//2280
f 2281//2281 2280//2280 2282//2282
f 2280//2280 2208//2208 2282//2282
f 2208//2208 2200//2200 2282//2282
f 2282//2282 2200//2200 2283//2283
f 2200//2200 2201//2201 2283//2283
f 2283//2283 2201//2201 2284//2284
f 2185//2185 2284//2284 2201//2201
f 2284//2284 2185//2185 2285//2285
f 2185//2185 2286//2286 2285//2285
f 2286//2286 2183//2183 2181//2181
f 2286//2286 2185//2185 2183//2183
f 2279//2279 2281//2281 2287//2287
f 2287//2287 2288//2288 2289//2289
f 2279//2279 2287//2287 2289//2289
f 2290//2290 2165//2165 2289//2289
f 2289//2289 2288//2288 2290//2290
f 2289//2289 2278//2278 2279//2279
f 2165//2165 2278//2278 2289//2289
f 2290//2290 2291//2291 2292//2292
f 2288//2288 2291//2291 2290//2290
f 2293//2293 2290//2290 2292//2292
f 2293//2293 2165//2165 2290//2290
f 2165//2165 2293//2293 2166//2166
f 2174//2174 2166//2166 2293//2293
f 2292//2292 2174//2174 2293//2293
f 2174//2174 2292//2292 2179//2179
f 2159//2159 2278//2278 2165//2165
f 2278//2278 2159//2159 2158//2158
f 2211//2211 2154//2154 2294//2294
f 2294//2294 2295//2295 2211//2211
f 2154//2154 2156//2156 2294//2294
f 2204//2204 1990//1990 2198//2198
f 2185//2185 2201//2201 2186//2186
f 1991//1991 2198//2198 1990//1990
f 2296//2296 2194//2194 2195//2195
f 1985//1985 1986//1986 2195//2195
f 2195//2195 1986//1986 2296//2296
f 1986//1986 2297//2297 2296//2296
f 2297//2297 1986//1986 1983//1983
f 1983//1983 2298//2298 2297//2297
f 2298//2298 1983//1983 2299//2299
f 2299//2299 2300//2300 2298//2298
f 2300//2300 2299//2299 2301//2301
f 1981//1981 2301//2301 2299//2299
f 2301//2301 1981//1981 2302//2302
f 1961//1961 2303//2303 2302//2302
f 1981//1981 1961//1961 2302//2302
f 1961//1961 1956//1956 2303//2303
f 1983//1983 1981//1981 2299//2299
f 2190//2190 2191//2191 2304//2304
f 2304//2304 2176//2176 2177//2177
f 2304//2304 2177//2177 2190//2190
f 2168//2168 2169//2169 2305//2305
f 2307//2307 2305//2305 2306//2306
f 2305//2305 2307//2307 2168//2168
f 2309//2309 2307//2307 2308//2308
f 2306//2306 2308//2308 2307//2307
f 2168//2168 2307//2307 2161//2161
f 2307//2307 2309//2309 2161//2161
f 2309//2309 2142//2142 2147//2147
f 2141//2141 2142//2142 2309//2309
f 2308//2308 2141//2141 2309//2309
f 2161//2161 2309//2309 2147//2147
f 2308//2308 2306//2306 2311//2311
f 2141//2141 2308//2308 2310//2310
f 2311//2311 2310//2310 2308//2308
f 2310//2310 2311//2311 2312//2312
f 2312//2312 2313//2313 2310//2310
f 2314//2314 2310//2310 2313//2313
f 2313//2313 2315//2315 2314//2314
f 2316//2316 2317//2317 2315//2315
f 2317//2317 2314//2314 2315//2315
f 2317//2317 2316//2316 2318//2318
f 2319//2319 2317//2317 2318//2318
f 2317//2317 2138//2138 2314//2314
f 2317//2317 2319//2319 2320//2320
f 2138//2138 2317//2317 2320//2320
f 2320//2320 2319//2319 2139//2139
f 2320//2320 2139//2139 2138//2138
f 2319//2319 2322//2322 2321//2321
f 2324//2324 2319//2319 2321//2321
f 2319//2319 2323//2323 2322//2322
f 2319//2319 2324//2324 2139//2139
f 2318//2318 2323//2323 2319//2319
f 2325//2325 2324//2324 2321//2321
f 2324//2324 2325//2325 2326//2326
f 2328//2328 2139//2139 2324//2324
f 2326//2326 2327//2327 2324//2324
f 2324//2324 2327//2327 2328//2328
f 2327//2327 2329//2329 2328//2328
f 2330//2330 2328//2328 2329//2329
f 2139//2139 2328//2328 2133//2133
f 2330//2330 2133//2133 2328//2328
f 2333//2333 2330//2330 2331//2331
f 2329//2329 2331//2331 2330//2330
f 2330//2330 2333//2333 2332//2332
f 2133//2133 2330//2330 2332//2332
f 2331//2331 2334//2334 2333//2333
f 2119//2119 2333//2333 2334//2334
f 2119//2119 2332//2332 2333//2333
f 2334//2334 2335//2335 2337//2337
f 2335//2335 2334//2334 2336//2336
f 2334//2334 2331//2331 2336//2336
f 2119//2119 2334//2334 2117//2117
f 2334//2334 2337//2337 2117//2117
f 2337//2337 2339//2339 2338//2338
f 2338//2338 2110//2110 2337//2337
f 2110//2110 2117//2117 2337//2337
f 2337//2337 2335//2335 2339//2339
f 2335//2335 2340//2340 2339//2339
f 2341//2341 2338//2338 2339//2339
f 2341//2341 2339//2339 2340//2340
f 2338//2338 2341//2341 2103//2103
f 2102//2102 2103//2103 2341//2341
f 2341//2341 2342//2342 2102//2102
f 2342//2342 2341//2341 2343//2343
f 2340//2340 2343//2343 2341//2341
f 2345//2345 2342//2342 2343//2343
f 2343//2343 2340//2340 2344//2344
f 2346//2346 2343//2343 2344//2344
f 2343//2343 2346//2346 2345//2345
f 2344//2344 2347//2347 2346//2346
f 2347//2347 2344//2344 2348//2348
f 2348//2348 2349//2349 2347//2347
f 2349//2349 2348//2348 2350//2350
f 2350//2350 2351//2351 2349//2349
f 2351//2351 2350//2350 2352//2352
f 2352//2352 2323//2323 2351//2351
f 2353//2353 2351//2351 2323//2323
f 2323//2323 2318//2318 2353//2353
f 2316//2316 2353//2353 2318//2318
f 2354//2354 2352//2352 2350//2350
f 2323//2323 2352//2352 2355//2355
f 2352//2352 2354//2354 2355//2355
f 2355//2355 2322//2322 2323//2323
f 2356//2356 2322//2322 2355//2355
f 2354//2354 2356//2356 2355//2355
f 2322//2322 2356//2356 2358//2358
f 2356//2356 2354//2354 2357//2357
f 2321//2321 2358//2358 2325//2325
f 2358//2358 2321//2321 2322//2322
f 2359//2359 2357//2357 2354//2354
f 2357//2357 2359//2359 2360//2360
f 2359//2359 2361//2361 2360//2360
f 2362//2362 2363//2363 2361//2361
f 2361//2361 2359//2359 2362//2362
f 2363//2363 2362//2362 2336//2336
f 2336//2336 2364//2364 2363//2363
f 2331//2331 2329//2329 2364//2364
f 2364//2364 2336//2336 2331//2331
f 2335//2335 2336//2336 2362//2362
f 2365//2365 2335//2335 2362//2362
f 2365//2365 2362//2362 2359//2359
f 2350//2350 2348//2348 2365//2365
f 2348//2348 2340//2340 2365//2365
f 2335//2335 2365//2365 2340//2340
f 2354//2354 2350//2350 2365//2365
f 2354//2354 2365//2365 2359//2359
f 2340//2340 2348//2348 2344//2344
f 2345//2345 2366//2366 2342//2342
f 2368//2368 2366//2366 2367//2367
f 2366//2366 2368//2368 2342//2342
f 2369//2369 2368//2368 2370//2370
f 2369//2369 2100//2100 2368//2368
f 2367//2367 2370//2370 2368//2368
f 2368//2368 2102//2102 2342//2342
f 2102//2102 2368//2368 2100//2100
f 2370//2370 2371//2371 2369//2369
f 2369//2369 2371//2371 2372//2372
f 2373//2373 2372//2372 2371//2371
f 2372//2372 2373//2373 2374//2374
f 2375//2375 2374//2374 2373//2373
f 2374//2374 2375//2375 2376//2376
f 2377//2377 2374//2374 2376//2376
f 2377//2377 2376//2376 2378//2378
f 2097//2097 2374//2374 2377//2377
f 2377//2377 2095//2095 2097//2097
f 2095//2095 2377//2377 2379//2379
f 2380//2380 2379//2379 2377//2377
f 2379//2379 2380//2380 2381//2381
f 2381//2381 2092//2092 2379//2379
f 2092//2092 2381//2381 2382//2382
f 2087//2087 2382//2382 2088//2088
f 2382//2382 2087//2087 2092//2092
f 2379//2379 2091//2091 2095//2095
f 2091//2091 2379//2379 2092//2092
f 2374//2374 2097//2097 2372//2372
f 2372//2372 2098//2098 2369//2369
f 2098//2098 2372//2372 2097//2097
f 2100//2100 2369//2369 2098//2098
f 2110//2110 2338//2338 2106//2106
f 2103//2103 2106//2106 2338//2338
f 2125//2125 2133//2133 2332//2332
f 2332//2332 2119//2119 2125//2125
f 2138//2138 2310//2310 2314//2314
f 2310//2310 2138//2138 2141//2141
f 2168//2168 2161//2161 2162//2162
f 2145//2145 2383//2383 2384//2384
f 2383//2383 2145//2145 2144//2144
f 2144//2144 2135//2135 2385//2385
f 2144//2144 2385//2385 2386//2386
f 2387//2387 2386//2386 2385//2385
f 2385//2385 2136//2136 2388//2388
f 2135//2135 2136//2136 2385//2385
f 2389//2389 2388//2388 2136//2136
f 2131//2131 2390//2390 2136//2136
f 2391//2391 2390//2390 2131//2131
f 2114//2114 2121//2121 2115//2115
f 2035//2035 2104//2104 2036//2036
f 2042//2042 2036//2036 2104//2104
f 2083//2083 2052//2052 2050//2050
f 2076//2076 2392//2392 2073//2073
f 2392//2392 2393//2393 2073//2073
f 2393//2393 2392//2392 2394//2394
f 2395//2395 2393//2393 2394//2394
f 2397//2397 2396//2396 2395//2395
f 2395//2395 2396//2396 2393//2393
f 2398//2398 2396//2396 2397//2397
f 2396//2396 2398//2398 2399//2399
f 2400//2400 2399//2399 2398//2398
f 2401//2401 2399//2399 2400//2400
f 2400//2400 2402//2402 2401//2401
f 2402//2402 2400//2400 2403//2403
f 2401//2401 2402//2402 2404//2404
f 2404//2404 2407//2407 2405//2405
f 2404//2404 2405//2405 2401//2401
f 2407//2407 2404//2404 2406//2406
f 2410//2410 2407//2407 2408//2408
f 2407//2407 2409//2409 2408//2408
f 2406//2406 2409//2409 2407//2407
f 2407//2407 2410//2410 2405//2405
f 2399//2399 2410//2410 2396//2396
f 2410//2410 2411//2411 2396//2396
f 2408//2408 2070//2070 2410//2410
f 2399//2399 2405//2405 2410//2410
f 2410//2410 2070//2070 2411//2411
f 2396//2396 2411//2411 2393//2393
f 2411//2411 2071//2071 2393//2393
f 2070//2070 2071//2071 2411//2411
f 2412//2412 2409//2409 2414//2414
f 2408//2408 2409//2409 2412//2412
f 2409//2409 2406//2406 2413//2413
f 2415//2415 2409//2409 2413//2413
f 2409//2409 2415//2415 2414//2414
f 2416//2416 2414//2414 2415//2415
f 2417//2417 2414//2414 2416//2416
f 2418//2418 2417//2417 2416//2416
f 2418//2418 2416//2416 2419//2419
f 2417//2417 2418//2418 2420//2420
f 2420//2420 2421//2421 2417//2417
f 1910//1910 2421//2421 1911//1911
f 2421//2421 1910//1910 2417//2417
f 1914//1914 2417//2417 1910//1910
f 2417//2417 1914//1914 2414//2414
f 1914//1914 2422//2422 2414//2414
f 2412//2412 2414//2414 2422//2422
f 2422//2422 2064//2064 2412//2412
f 2064//2064 2422//2422 2062//2062
f 2062//2062 2422//2422 1914//1914
f 2068//2068 2412//2412 2064//2064
f 2068//2068 2408//2408 2412//2412
f 2070//2070 2408//2408 2068//2068
f 2405//2405 2399//2399 2401//2401
f 2071//2071 2073//2073 2393//2393
f 2055//2055 2053//2053 2065//2065
f 1916//1916 2062//2062 1914//1914
f 2047//2047 1931//1931 1932//1932
f 1932//1932 2038//2038 2047//2047
f 2038//2038 1932//1932 1936//1936
f 1941//1941 2033//2033 1938//1938
f 2033//2033 1936//1936 1938//1938
f 2004//2004 2024//2024 2003//2003
f 2002//2002 2008//2008 2423//2423
f 2423//2423 2424//2424 2002//2002
f 1996//1996 2002//2002 2424//2424
f 2424//2424 2425//2425 1996//1996
f 1977//1977 1996//1996 2425//2425
f 2425//2425 2426//2426 1977//1977
f 2426//2426 2427//2427 1978//1978
f 1978//1978 1977//1977 2426//2426
f 1979//1979 1978//1978 2427//2427
f 2427//2427 1973//1973 1979//1979
f 1997//1997 2002//2002 1996//1996
f 1994//1994 1999//1999 1993//1993
f 1981//1981 1970//1970 1961//1961
f 1974//1974 1979//1979 1973//1973
f 1965//1965 1961//1961 1966//1966
f 1965//1965 1960//1960 1961//1961
f 1934//1934 2428//2428 1939//1939
f 1939//1939 2428//2428 2429//2429
f 2428//2428 2430//2430 2429//2429
f 2431//2431 2429//2429 2430//2430
f 2429//2429 2431//2431 2432//2432
f 2434//2434 2432//2432 2431//2431
f 2432//2432 2434//2434 2433//2433
f 2436//2436 2435//2435 2434//2434
f 2435//2435 2433//2433 2434//2434
f 2434//2434 2437//2437 2436//2436
f 2437//2437 2434//2434 2431//2431
f 2431//2431 2438//2438 2437//2437
f 2438//2438 2431//2431 2430//2430
f 2435//2435 2436//2436 2439//2439
f 2439//2439 2440//2440 2435//2435
f 2440//2440 2439//2439 2441//2441
f 2443//2443 2441//2441 2442//2442
f 2441//2441 2443//2443 2440//2440
f 2442//2442 2444//2444 2443//2443
f 2444//2444 2445//2445 2443//2443
f 2445//2445 2446//2446 2443//2443
f 2443//2443 2446//2446 2440//2440
f 2447//2447 2440//2440 2446//2446
f 2440//2440 2447//2447 2435//2435
f 2433//2433 2435//2435 2447//2447
f 2448//2448 2445//2445 2444//2444
f 2444//2444 2450//2450 2448//2448
f 2449//2449 2448//2448 2450//2450
f 2453//2453 2450//2450 2444//2444
f 2451//2451 2449//2449 2450//2450
f 2452//2452 2451//2451 2450//2450
f 2450//2450 2453//2453 2452//2452
f 2444//2444 2442//2442 2453//2453
f 2451//2451 2452//2452 2454//2454
f 2455//2455 2454//2454 2456//2456
f 2454//2454 2455//2455 2451//2451
f 2457//2457 2456//2456 2458//2458
f 2457//2457 2455//2455 2456//2456
f 2455//2455 2457//2457 2459//2459
f 2457//2457 2461//2461 2459//2459
f 2460//2460 2461//2461 2457//2457
f 2455//2455 2459//2459 2462//2462
f 2449//2449 2451//2451 2462//2462
f 2451//2451 2455//2455 2462//2462
f 2430//2430 2428//2428 2463//2463
f 2463//2463 2466//2466 2430//2430
f 2430//2430 2464//2464 2465//2465
f 2464//2464 2430//2430 2466//2466
f 2466//2466 2463//2463 2467//2467
f 2467//2467 2468//2468 2469//2469
f 2468//2468 2467//2467 2463//2463
f 2469//2469 2471//2471 2470//2470
f 2471//2471 2469//2469 2468//2468
f 2474//2474 2470//2470 2471//2471
f 2472//2472 2474//2474 2471//2471
f 2471//2471 2473//2473 2472//2472
f 2473//2473 2471//2471 2468//2468
f 2476//2476 2475//2475 2474//2474
f 2477//2477 2474//2474 2475//2475
f 2474//2474 2472//2472 2476//2476
f 2474//2474 2477//2477 2478//2478
f 2470//2470 2474//2474 2478//2478
f 2475//2475 2479//2479 2477//2477
f 2479//2479 2475//2475 2480//2480
f 2481//2481 2479//2479 2480//2480
f 2480//2480 2482//2482 2481//2481
f 2483//2483 2482//2482 2484//2484
f 2482//2482 2480//2480 2484//2484
f 2483//2483 2484//2484 2485//2485
f 2484//2484 2480//2480 2486//2486
f 2480//2480 2488//2488 2486//2486
f 2486//2486 2489//2489 2487//2487
f 2489//2489 2486//2486 2488//2488
f 2488//2488 2490//2490 2489//2489
f 2476//2476 2491//2491 2490//2490
f 2490//2490 2488//2488 2476//2476
f 2491//2491 2476//2476 2472//2472
f 2472//2472 1934//1934 2491//2491
f 2488//2488 2480//2480 2475//2475
f 2475//2475 2476//2476 2488//2488
f 2492//2492 2483//2483 2485//2485
f 2492//2492 2485//2485 2493//2493
f 2495//2495 2493//2493 2494//2494
f 2493//2493 2495//2495 2492//2492
f 2494//2494 2496//2496 2495//2495
f 2498//2498 2497//2497 2496//2496
f 2496//2496 2494//2494 2498//2498
f 2497//2497 2498//2498 2499//2499
f 2501//2501 2499//2499 2500//2500
f 2501//2501 2497//2497 2499//2499
f 2501//2501 2502//2502 2503//2503
f 2502//2502 2501//2501 2500//2500
f 2502//2502 2504//2504 2503//2503
f 2504//2504 2507//2507 2505//2505
f 2504//2504 2502//2502 2506//2506
f 2506//2506 2507//2507 2504//2504
f 2508//2508 2505//2505 2507//2507
f 2505//2505 2508//2508 2509//2509
f 2508//2508 2510//2510 2509//2509
f 2509//2509 2510//2510 2512//2512
f 2511//2511 2512//2512 2510//2510
f 2512//2512 2511//2511 2513//2513
f 1934//1934 2472//2472 2473//2473
f 2468//2468 2428//2428 2473//2473
f 2473//2473 2428//2428 1934//1934
f 2428//2428 2468//2468 2463//2463
f 2514//2514 2516//2516 2515//2515
f 2516//2516 2514//2514 2518//2518
f 2517//2517 2518//2518 2514//2514
f 2517//2517 2519//2519 2518//2518
f 2520//2520 2519//2519 2517//2517
f 2522//2522 2520//2520 2521//2521
f 2517//2517 2521//2521 2520//2520
f 2521//2521 2524//2524 2522//2522
f 2523//2523 2522//2522 2524//2524
f 2524//2524 2525//2525 2523//2523
f 2525//2525 2527//2527 2526//2526
f 2526//2526 2523//2523 2525//2525
f 2527//2527 2529//2529 2528//2528
f 2528//2528 2526//2526 2527//2527
f 2529//2529 2530//2530 2531//2531
f 2531//2531 2528//2528 2529//2529
f 2532//2532 2531//2531 2530//2530
f 2535//2535 2533//2533 2532//2532
f 2530//2530 2534//2534 2532//2532
f 2532//2532 2534//2534 2535//2535
f 2533//2533 2535//2535 2536//2536
f 2536//2536 2537//2537 2533//2533
f 2538//2538 2515//2515 2516//2516
f 2539//2539 2540//2540 2538//2538
f 2538//2538 2540//2540 2541//2541
f 2541//2541 2542//2542 2538//2538
f 2515//2515 2538//2538 2542//2542
f 2541//2541 2540//2540 2543//2543
f 2543//2543 2544//2544 2541//2541
f 2544//2544 2543//2543 2545//2545
f 2545//2545 2546//2546 2544//2544
f 2547//2547 2549//2549 2548//2548
f 2549//2549 2547//2547 2550//2550
f 2547//2547 2551//2551 2550//2550
f 2553//2553 2550//2550 2551//2551
f 2551//2551 2552//2552 2553//2553
f 2553//2553 2552//2552 2554//2554
f 2552//2552 2555//2555 2554//2554
f 2557//2557 2554//2554 2555//2555
f 2557//2557 2556//2556 2554//2554
f 2556//2556 2557//2557 2558//2558
f 2560//2560 2558//2558 2559//2559
f 2558//2558 2560//2560 2556//2556
f 2559//2559 2561//2561 2560//2560
f 2561//2561 2559//2559 2562//2562
f 2562//2562 2566//2566 2561//2561
f 2564//2564 2563//2563 2561//2561
f 2565//2565 2561//2561 2563//2563
f 2561//2561 2566//2566 2564//2564
f 2566//2566 2562//2562 2567//2567
f 2567//2567 2569//2569 2566//2566
f 2568//2568 2564//2564 2566//2566
f 2566//2566 2569//2569 2568//2568
f 2570//2570 2568//2568 2569//2569
f 2569//2569 2571//2571 2570//2570
f 2569//2569 2567//2567 2571//2571
f 2571//2571 2573//2573 2572//2572
f 2571//2571 2572//2572 2574//2574
f 2573//2573 2571//2571 2567//2567
f 2574//2574 2570//2570 2571//2571
f 2575//2575 2574//2574 2572//2572
f 2572//2572 2576//2576 2575//2575
f 2577//2577 2575//2575 2576//2576
f 2576//2576 2578//2578 2577//2577
f 2577//2577 2578//2578 2579//2579
f 2579//2579 2580//2580 2577//2577
f 2573//2573 2581//2581 2572//2572
f 2572//2572 2581//2581 2582//2582
f 2583//2583 2584//2584 2582//2582
f 2582//2582 2584//2584 2572//2572
f 2584//2584 2583//2583 2585//2585
f 2587//2587 2586//2586 2585//2585
f 2585//2585 2583//2583 2587//2587
f 2588//2588 2565//2565 2589//2589
f 2563//2563 2589//2589 2565//2565
f 2589//2589 2590//2590 2588//2588
f 2590//2590 2591//2591 2592//2592
f 2592//2592 2588//2588 2590//2590
f 2593//2593 2592//2592 2591//2591
f 2591//2591 2594//2594 2593//2593
f 2593//2593 2594//2594 2596//2596
f 2596//2596 2595//2595 2593//2593
f 2595//2595 2596//2596 2597//2597
f 2599//2599 2597//2597 2598//2598
f 2595//2595 2597//2597 2599//2599
f 2599//2599 2598//2598 2600//2600
f 2600//2600 2598//2598 2601//2601
f 2600//2600 2601//2601 2602//2602
f 2603//2603 2602//2602 2601//2601
f 2601//2601 2604//2604 2603//2603
f 2605//2605 2548//2548 2549//2549
f 2548//2548 2605//2605 2606//2606
f 2607//2607 2606//2606 2605//2605
f 2606//2606 2607//2607 2608//2608
f 2608//2608 2609//2609 2606//2606
f 2611//2611 2613//2613 2610//2610
f 2610//2610 2612//2612 2611//2611
f 2615//2615 2617//2617 2614//2614
f 2614//2614 2616//2616 2615//2615
f 2618//2618 2620//2620 2619//2619
f 2622//2622 2623//2623 2621//2621
f 2625//2625 2624//2624 2627//2627
f 2624//2624 2625//2625 2626//2626
f 2628//2628 2629//2629 2630//2630
f 2631//2631 2633//2633 2632//2632
f 2635//2635 2637//2637 2634//2634
f 2634//2634 2636//2636 2635//2635
f 2637//2637 2638//2638 2634//2634
f 2637//2637 2639//2639 2638//2638
f 2637//2637 2635//2635 2640//2640
f 2641//2641 2644//2644 2642//2642
f 2641//2641 2642//2642 2643//2643
f 2642//2642 2644//2644 2645//2645
f 2642//2642 2645//2645 2646//2646
f 2647//2647 2646//2646 2645//2645
f 2646//2646 2647//2647 2648//2648
f 2647//2647 2649//2649 2648//2648
f 2649//2649 2647//2647 2650//2650
f 2650//2650 2651//2651 2649//2649
f 2651//2651 2650//2650 2652//2652
f 2652//2652 2653//2653 2651//2651
f 2653//2653 2652//2652 2654//2654
f 2654//2654 2655//2655 2653//2653
f 2655//2655 2654//2654 2656//2656
f 2657//2657 2656//2656 2658//2658
f 2656//2656 2657//2657 2655//2655
f 2658//2658 2659//2659 2657//2657
f 2659//2659 2658//2658 2660//2660
f 2660//2660 2661//2661 2659//2659
f 2661//2661 2660//2660 2662//2662
f 2662//2662 2663//2663 2661//2661
f 2663//2663 2662//2662 2664//2664
f 2665//2665 2664//2664 2666//2666
f 2664//2664 2665//2665 2663//2663
f 2666//2666 2667//2667 2668//2668
f 2666//2666 2668//2668 2665//2665
f 2668//2668 2670//2670 2669//2669
f 2670//2670 2668//2668 2667//2667
f 2671//2671 2669//2669 2670//2670
f 2669//2669 2671//2671 2672//2672
f 2673//2673 2672//2672 2671//2671
f 2672//2672 2673//2673 2675//2675
f 2675//2675 2673//2673 2674//2674
f 2676//2676 2675//2675 2674//2674
f 2674//2674 2677//2677 2676//2676
f 2677//2677 2674//2674 2678//2678
f 2678//2678 2679//2679 2677//2677
f 2679//2679 2678//2678 2682//2682
f 2679//2679 2681//2681 2680//2680
f 2681//2681 2679//2679 2682//2682
f 2681//2681 2683//2683 2680//2680
f 2680//2680 2683//2683 2684//2684
f 2685//2685 2684//2684 2683//2683
f 2684//2684 2685//2685 2686//2686
f 2685//2685 2687//2687 2686//2686
f 2687//2687 2685//2685 2688//2688
f 2688//2688 2690//2690 2687//2687
f 2690//2690 2688//2688 2689//2689
f 2689//2689 2691//2691 2690//2690
f 2691//2691 2689//2689 2692//2692
f 2692//2692 2693//2693 2691//2691
f 2693//2693 2692//2692 2694//2694
f 2694//2694 2695//2695 2693//2693
f 2695//2695 2694//2694 2696//2696
f 2696//2696 2697//2697 2695//2695
f 2697//2697 2696//2696 2698//2698
f 2698//2698 2699//2699 2697//2697
f 2699//2699 2698//2698 2702//2702
f 2700//2700 2699//2699 2701//2701
f 2701//2701 2699//2699 2702//2702
f 2703//2703 2700//2700 2701//2701
f 2703//2703 2704//2704 2705//2705
f 2700//2700 2703//2703 2705//2705
f 2709//2709 2706//2706 2707//2707
f 2706//2706 2708//2708 2707//2707
f 2710//2710 2707//2707 2708//2708
f 2711//2711 2710//2710 2712//2712
f 2707//2707 2710//2710 2711//2711
f 2712//2712 2713//2713 2711//2711
f 2713//2713 2712//2712 2714//2714
f 2715//2715 2714//2714 2716//2716
f 2714//2714 2715//2715 2713//2713
f 2716//2716 2717//2717 2715//2715
f 2717//2717 2716//2716 2718//2718
f 2718//2718 2719//2719 2717//2717
f 2720//2720 2722//2722 2721//2721
f 2721//2721 2722//2722 2723//2723
f 2723//2723 2724//2724 2721//2721
f 2721//2721 2724//2724 2725//2725
f 2726//2726 2721//2721 2725//2725
f 2721//2721 2726//2726 2727//2727
f 2728//2728 2729//2729 2730//2730
f 2732//2732 2734//2734 2731//2731
f 2731//2731 2733//2733 2732//2732
f 2735//2735 2736//2736 2737//2737
f 2739//2739 2741//2741 2738//2738
f 2738//2738 2740//2740 2739//2739
f 2745//2745 2742//2742 2743//2743
f 2742//2742 2744//2744 2743//2743
f 2743//2743 2744//2744 2746//2746
f 2747//2747 2749//2749 2746//2746
f 2746//2746 2748//2748 2747//2747
f 2746//2746 2749//2749 2743//2743
f 2750//2750 2747//2747 2748//2748
f 2748//2748 2751//2751 2750//2750
f 2752//2752 2750//2750 2751//2751
f 2751//2751 2753//2753 2752//2752
f 2754//2754 2752//2752 2753//2753
f 2753//2753 2755//2755 2754//2754
f 2754//2754 2755//2755 2756//2756
f 2756//2756 2758//2758 2754//2754
f 2758//2758 2756//2756 2757//2757
f 2757//2757 2759//2759 2758//2758
f 2761//2761 2760//2760 2759//2759
f 2759//2759 2757//2757 2761//2761
f 2760//2760 2761//2761 2762//2762
f 2762//2762 2763//2763 2760//2760
f 2763//2763 2762//2762 2764//2764
f 2764//2764 2765//2765 2763//2763
f 2765//2765 2764//2764 2766//2766
f 2766//2766 2767//2767 2765//2765
f 2767//2767 2766//2766 2768//2768
f 2768//2768 2769//2769 2767//2767
f 2770//2770 2771//2771 2772//2772
f 2773//2773 2772//2772 2771//2771
f 2774//2774 2773//2773 2775//2775
f 2771//2771 2775//2775 2773//2773
f 2775//2775 2776//2776 2774//2774
f 2777//2777 2774//2774 2776//2776
f 2776//2776 2778//2778 2777//2777
f 2778//2778 2776//2776 2779//2779
f 2779//2779 2780//2780 2778//2778
f 2780//2780 2779//2779 2781//2781
f 2781//2781 2783//2783 2780//2780
f 2783//2783 2781//2781 2782//2782
f 2782//2782 2784//2784 2783//2783
f 2786//2786 2785//2785 2784//2784
f 2784//2784 2782//2782 2786//2786
f 2785//2785 2786//2786 2787//2787
f 2789//2789 2787//2787 2788//2788
f 2787//2787 2789//2789 2785//2785
f 2788//2788 2790//2790 2789//2789
f 2792//2792 2791//2791 2790//2790
f 2790//2790 2788//2788 2792//2792
f 2791//2791 2792//2792 2793//2793
f 2794//2794 2793//2793 2795//2795
f 2793//2793 2794//2794 2791//2791
f 2796//2796 2795//2795 2797//2797
f 2795//2795 2796//2796 2794//2794
f 2801//2801 2799//2799 2798//2798
f 2798//2798 2799//2799 2800//2800
f 2799//2799 2801//2801 2802//2802
f 2803//2803 2802//2802 2801//2801
f 2805//2805 2806//2806 2804//2804
f 2807//2807 2804//2804 2806//2806
f 2804//2804 2807//2807 2808//2808
f 2809//2809 2808//2808 2807//2807
f 2808//2808 2809//2809 2810//2810
f 2811//2811 2810//2810 2809//2809
f 2810//2810 2811//2811 2812//2812
f 2813//2813 2812//2812 2811//2811
f 2812//2812 2813//2813 2814//2814
f 2815//2815 2814//2814 2813//2813
f 2815//2815 2813//2813 2816//2816
f 2817//2817 2815//2815 2816//2816
f 2817//2817 2816//2816 2818//2818
f 2819//2819 2817//2817 2818//2818
f 2818//2818 2821//2821 2819//2819
f 2820//2820 2819//2819 2821//2821
f 2821//2821 2823//2823 2820//2820
f 2821//2821 2822//2822 2824//2824
f 2822//2822 2821//2821 2818//2818
f 2824//2824 2823//2823 2821//2821
f 2823//2823 2824//2824 2825//2825
f 2826//2826 2825//2825 2827//2827
f 2825//2825 2826//2826 2823//2823
f 2827//2827 2828//2828 2826//2826
f 2828//2828 2827//2827 2829//2829
f 2826//2826 2828//2828 2830//2830
f 2828//2828 2831//2831 2830//2830
f 2806//2806 2805//2805 2831//2831
f 2805//2805 2830//2830 2831//2831
f 2832//2832 2806//2806 2831//2831
f 2806//2806 2832//2832 2833//2833
f 2806//2806 2833//2833 2834//2834
f 2807//2807 2834//2834 2835//2835
f 2807//2807 2806//2806 2834//2834
f 2835//2835 2836//2836 2809//2809
f 2809//2809 2807//2807 2835//2835
f 2836//2836 2837//2837 2811//2811
f 2811//2811 2809//2809 2836//2836
f 2837//2837 2816//2816 2813//2813
f 2813//2813 2811//2811 2837//2837
f 2816//2816 2837//2837 2838//2838
f 2838//2838 2818//2818 2816//2816
f 2818//2818 2838//2838 2822//2822
f 2826//2826 2830//2830 2839//2839
f 2823//2823 2839//2839 2820//2820
f 2823//2823 2826//2826 2839//2839
f 2843//2843 2841//2841 2840//2840
f 2840//2840 2841//2841 2842//2842
f 2844//2844 2840//2840 2842//2842
f 2844//2844 2843//2843 2840//2840
f 2844//2844 2842//2842 2846//2846
f 2843//2843 2844//2844 2847//2847
f 2845//2845 2844//2844 2846//2846
f 2844//2844 2845//2845 2847//2847
f 2845//2845 2846//2846 2848//2848
f 2848//2848 2846//2846 2842//2842
f 2849//2849 2848//2848 2842//2842
f 2849//2849 2850//2850 2848//2848
f 2848//2848 2850//2850 2845//2845
f 2850//2850 2849//2849 2851//2851
f 2849//2849 2852//2852 2851//2851
f 2855//2855 2852//2852 2853//2853
f 2853//2853 2852//2852 2854//2854
f 2852//2852 2849//2849 2854//2854
f 2853//2853 2856//2856 2855//2855
f 2856//2856 2853//2853 2858//2858
f 2858//2858 2857//2857 2856//2856
f 2857//2857 2858//2858 2859//2859
f 2858//2858 2853//2853 2842//2842
f 2859//2859 2858//2858 2842//2842
f 2860//2860 2859//2859 2842//2842
f 2860//2860 2857//2857 2859//2859
f 2860//2860 2861//2861 2863//2863
f 2861//2861 2860//2860 2862//2862
f 2862//2862 2860//2860 2842//2842
f 2857//2857 2860//2860 2863//2863
f 2861//2861 2862//2862 2841//2841
f 2841//2841 2862//2862 2842//2842
f 2841//2841 2864//2864 2861//2861
f 2841//2841 2843//2843 2864//2864
f 2853//2853 2854//2854 2842//2842
f 2854//2854 2849//2849 2842//2842
f 2865//2865 2866//2866 2867//2867
f 2868//2868 2867//2867 2866//2866
f 2869//2869 2870//2870 2871//2871
f 2869//2869 2872//2872 2873//2873
f 2869//2869 2873//2873 2874//2874
f 2870//2870 2869//2869 2875//2875
f 2875//2875 2869//2869 2876//2876
f 2875//2875 2877//2877 2878//2878
f 2878//2878 2870//2870 2875//2875
f 2879//2879 2880//2880 2881//2881
f 2877//2877 2882//2882 2879//2879
f 2877//2877 2883//2883 2882//2882
f 2877//2877 2881//2881 2878//2878
f 2881//2881 2877//2877 2879//2879
f 2884//2884 2885//2885 2886//2886
f 2887//2887 2884//2884 2888//2888
f 2880//2880 2879//2879 2887//2887
f 2888//2888 2889//2889 2890//2890
f 2888//2888 2880//2880 2887//2887
f 2885//2885 2887//2887 2879//2879
f 2885//2885 2879//2879 2882//2882
f 2885//2885 2884//2884 2887//2887
f 2882//2882 2891//2891 2885//2885
f 2883//2883 2892//2892 2891//2891
f 2883//2883 2891//2891 2882//2882
f 2883//2883 2877//2877 2875//2875
f 2876//2876 2883//2883 2875//2875
f 2876//2876 2869//2869 2874//2874
f 2876//2876 2892//2892 2883//2883
f 2886//2886 2885//2885 2891//2891
f 2886//2886 2889//2889 2884//2884
f 2891//2891 2893//2893 2886//2886
f 2891//2891 2894//2894 2893//2893
f 2892//2892 2894//2894 2891//2891
f 2892//2892 2895//2895 2894//2894
f 2892//2892 2876//2876 2896//2896
f 2896//2896 2874//2874 2897//2897
f 2896//2896 2895//2895 2892//2892
f 2890//2890 2898//2898 2899//2899
f 2889//2889 2898//2898 2890//2890
f 2889//2889 2888//2888 2884//2884
f 2889//2889 2900//2900 2898//2898
f 2889//2889 2886//2886 2893//2893
f 2894//2894 2901//2901 2900//2900
f 2894//2894 2900//2900 2893//2893
f 2895//2895 2902//2902 2901//2901
f 2895//2895 2901//2901 2894//2894
f 2903//2903 2904//2904 2902//2902
f 2903//2903 2895//2895 2896//2896
f 2903//2903 2902//2902 2895//2895
f 2902//2902 2905//2905 2901//2901
f 2904//2904 2906//2906 2907//2907
f 2904//2904 2908//2908 2902//2902
f 2909//2909 2908//2908 2907//2907
f 2907//2907 2910//2910 2909//2909
f 2908//2908 2904//2904 2907//2907
f 2908//2908 2909//2909 2911//2911
f 2908//2908 2912//2912 2905//2905
f 2908//2908 2911//2911 2912//2912
f 2913//2913 2874//2874 2873//2873
f 2913//2913 2914//2914 2915//2915
f 2872//2872 2869//2869 2871//2871
f 2873//2873 2916//2916 2913//2913
f 2916//2916 2873//2873 2872//2872
f 2874//2874 2913//2913 2917//2917
f 2874//2874 2896//2896 2876//2876
f 2917//2917 2918//2918 2897//2897
f 2917//2917 2897//2897 2874//2874
f 2897//2897 2903//2903 2896//2896
f 2897//2897 2919//2919 2903//2903
f 2918//2918 2920//2920 2921//2921
f 2918//2918 2919//2919 2897//2897
f 2918//2918 2921//2921 2919//2919
f 2919//2919 2922//2922 2904//2904
f 2919//2919 2904//2904 2903//2903
f 2921//2921 2922//2922 2919//2919
f 2921//2921 2923//2923 2922//2922
f 2923//2923 2920//2920 2924//2924
f 2922//2922 2925//2925 2906//2906
f 2925//2925 2924//2924 2926//2926
f 2925//2925 2922//2922 2923//2923
f 2906//2906 2904//2904 2922//2922
f 2906//2906 2927//2927 2910//2910
f 2900//2900 2889//2889 2893//2893
f 2900//2900 2928//2928 2898//2898
f 2900//2900 2905//2905 2928//2928
f 2905//2905 2902//2902 2908//2908
f 2905//2905 2900//2900 2901//2901
f 2928//2928 2929//2929 2930//2930
f 2914//2914 2913//2913 2916//2916
f 2915//2915 2931//2931 2917//2917
f 2915//2915 2917//2917 2913//2913
f 2915//2915 2914//2914 2932//2932
f 2932//2932 2931//2931 2915//2915
f 2931//2931 2918//2918 2917//2917
f 2931//2931 2933//2933 2920//2920
f 2920//2920 2923//2923 2921//2921
f 2920//2920 2918//2918 2931//2931
f 2924//2924 2933//2933 2934//2934
f 2924//2924 2925//2925 2923//2923
f 2933//2933 2924//2924 2920//2920
f 2933//2933 2931//2931 2932//2932
f 2926//2926 2927//2927 2925//2925
f 2935//2935 2936//2936 2926//2926
f 2937//2937 2909//2909 2910//2910
f 2937//2937 2938//2938 2939//2939
f 2937//2937 2939//2939 2909//2909
f 2910//2910 2907//2907 2906//2906
f 2910//2910 2940//2940 2937//2937
f 2940//2940 2936//2936 2941//2941
f 2940//2940 2938//2938 2937//2937
f 2927//2927 2940//2940 2910//2910
f 2927//2927 2926//2926 2936//2936
f 2927//2927 2906//2906 2925//2925
f 2899//2899 2930//2930 2942//2942
f 2898//2898 2930//2930 2899//2899
f 2898//2898 2928//2928 2930//2930
f 2930//2930 2929//2929 2943//2943
f 2942//2942 2943//2943 2944//2944
f 2912//2912 2928//2928 2905//2905
f 2939//2939 2912//2912 2911//2911
f 2939//2939 2929//2929 2912//2912
f 2939//2939 2911//2911 2909//2909
f 2929//2929 2928//2928 2912//2912
f 2938//2938 2943//2943 2929//2929
f 2938//2938 2929//2929 2939//2939
f 2938//2938 2941//2941 2945//2945
f 2943//2943 2942//2942 2930//2930
f 2943//2943 2946//2946 2944//2944
f 2943//2943 2938//2938 2945//2945
f 2946//2946 2943//2943 2945//2945
f 2947//2947 2946//2946 2945//2945
f 2936//2936 2940//2940 2927//2927
f 2936//2936 2935//2935 2948//2948
f 2941//2941 2947//2947 2945//2945
f 2941//2941 2938//2938 2940//2940
f 2941//2941 2948//2948 2947//2947
f 2948//2948 2941//2941 2936//2936
f 2950//2950 2949//2949 2952//2952
f 2949//2949 2950//2950 2951//2951
f 2953//2953 2954//2954 2961//2961
f 2953//2953 2955//2955 2954//2954
f 2953//2953 2958//2958 2955//2955
f 2953//2953 2956//2956 2958//2958
f 2953//2953 2957//2957 2956//2956
f 2953//2953 2971//2971 2957//2957
f 2953//2953 2959//2959 2967//2967
f 2953//2953 2960//2960 2959//2959
f 2953//2953 2966//2966 2960//2960
f 2953//2953 2961//2961 2962//2962
f 2953//2953 2962//2962 2963//2963
f 2953//2953 2963//2963 2964//2964
f 2953//2953 2964//2964 2965//2965
f 2953//2953 2965//2965 2966//2966
f 2953//2953 2967//2967 2968//2968
f 2953//2953 2968//2968 2969//2969
f 2953//2953 2969//2969 2970//2970
f 2953//2953 2970//2970 2971//2971
f 2972//2972 2975//2975 2973//2973
f 2972//2972 2973//2973 2974//2974
f 2976//2976 2972//2972 2974//2974
f 2978//2978 2977//2977 2976//2976
f 2974//2974 2978//2978 2976//2976
f 2977//2977 2978//2978 2979//2979
f 2978//2978 2974//2974 2980//2980
f 2981//2981 2979//2979 2978//2978
f 2980//2980 2981//2981 2978//2978
f 2984//2984 2982//2982 2981//2981
f 2979//2979 2981//2981 2982//2982
f 2981//2981 2980//2980 2983//2983
f 2983//2983 2984//2984 2981//2981
f 2982//2982 2984//2984 2985//2985
f 2987//2987 2982//2982 2985//2985
f 2987//2987 2985//2985 2986//2986
f 2987//2987 2989//2989 2988//2988
f 2988//2988 2982//2982 2987//2987
f 2989//2989 2987//2987 2990//2990
f 2987//2987 2991//2991 2990//2990
f 2991//2991 2987//2987 2986//2986
f 2991//2991 2992//2992 2990//2990
f 2992//2992 2991//2991 2993//2993
f 2994//2994 2992//2992 2993//2993
f 2992//2992 2994//2994 2995//2995
f 2996//2996 2995//2995 2994//2994
f 2995//2995 2996//2996 2997//2997
f 2998//2998 2997//2997 2996//2996
f 2998//2998 2999//2999 3000//3000
f 2999//2999 2998//2998 3001//3001
f 2997//2997 2998//2998 3000//3000
f 3001//3001 3002//3002 2999//2999
f 3002//3002 3001//3001 3003//3003
f 2980//2980 3002//3002 3003//3003
f 2983//2983 2980//2980 3003//3003
f 2973//2973 2999//2999 3002//3002
f 2980//2980 2974//2974 3002//3002
f 2974//2974 2973//2973 3002//3002
f 2999//2999 3005//3005 3000//3000
f 3000//3000 3004//3004 2997//2997
f 3004//3004 3000//3000 3005//3005
f 3005//3005 2999//2999 3006//3006
f 3006//3006 3007//3007 3005//3005
f 3008//3008 3005//3005 3007//3007
f 3005//3005 3008//3008 3004//3004
f 3008//3008 3009//3009 3010//3010
f 3010//3010 3004//3004 3008//3008
f 3011//3011 3010//3010 3009//3009
f 3010//3010 3011//3011 3012//3012
f 3012//3012 2995//2995 3010//3010
f 3010//3010 2997//2997 3004//3004
f 2997//2997 3010//3010 2995//2995
f 2989//2989 2992//2992 3012//3012
f 3012//3012 3013//3013 2989//2989
f 2995//2995 3012//3012 2992//2992
f 3013//3013 3012//3012 3011//3011
f 2988//2988 3013//3013 3014//3014
f 3013//3013 2988//2988 2989//2989
f 2977//2977 2988//2988 3014//3014
f 3007//3007 3006//3006 3015//3015
f 2975//2975 3015//3015 3006//3006
f 2999//2999 2973//2973 3006//3006
f 3006//3006 2973//2973 2975//2975
f 2992//2992 2989//2989 2990//2990
f 2988//2988 2977//2977 2979//2979
f 2988//2988 2979//2979 2982//2982
f 3016//3016 3019//3019 3017//3017
f 3016//3016 3017//3017 3018//3018
f 3019//3019 3016//3016 3020//3020
f 3021//3021 3020//3020 3022//3022
f 3021//3021 3019//3019 3020//3020
f 3023//3023 3021//3021 3022//3022
f 3022//3022 3024//3024 3023//3023
f 3024//3024 3022//3022 3025//3025
f 3025//3025 3026//3026 3024//3024
f 3026//3026 3025//3025 3027//3027
f 3027//3027 3028//3028 3026//3026
f 3028//3028 3027//3027 3029//3029
f 3029//3029 3030//3030 3028//3028
f 3030//3030 3029//3029 3031//3031
f 3031//3031 3032//3032 3030//3030
f 3032//3032 3031//3031 3033//3033
f 3034//3034 3032//3032 3033//3033
f 3032//3032 3034//3034 3035//3035
f 3036//3036 3035//3035 3034//3034
f 3018//3018 3037//3037 3036//3036
f 3036//3036 3037//3037 3035//3035
f 3018//3018 3017//3017 3037//3037
f 3039//3039 3038//3038 3042//3042
f 3038//3038 3039//3039 3040//3040
f 3041//3041 3042//3042 3038//3038
f 3044//3044 3039//3039 3042//3042
f 3043//3043 3042//3042 3041//3041
f 3045//3045 3042//3042 3043//3043
f 3045//3045 3044//3044 3042//3042
f 3046//3046 3044//3044 3045//3045
f 3045//3045 3048//3048 3046//3046
f 3048//3048 3045//3045 3047//3047
f 3047//3047 3045//3045 3043//3043
f 3048//3048 3052//3052 3049//3049
f 3053//3053 3048//3048 3049//3049
f 3050//3050 3048//3048 3047//3047
f 3048//3048 3050//3050 3051//3051
f 3052//3052 3048//3048 3051//3051
f 3048//3048 3053//3053 3046//3046
f 3055//3055 3054//3054 3053//3053
f 3054//3054 3046//3046 3053//3053
f 3053//3053 3056//3056 3055//3055
f 3056//3056 3053//3053 3049//3049
f 3052//3052 3056//3056 3049//3049
f 3056//3056 3052//3052 3057//3057
f 3058//3058 3057//3057 3052//3052
f 3057//3057 3058//3058 3059//3059
f 3058//3058 3060//3060 3059//3059
f 3060//3060 3061//3061 3059//3059
f 3062//3062 3063//3063 3061//3061
f 3060//3060 3062//3062 3061//3061
f 3062//3062 3064//3064 3063//3063
f 3065//3065 3063//3063 3064//3064
f 3065//3065 3067//3067 3066//3066
f 3067//3067 3065//3065 3064//3064
f 3067//3067 3068//3068 3069//3069
f 3068//3068 3067//3067 3064//3064
f 3070//3070 3066//3066 3067//3067
f 3069//3069 3070//3070 3067//3067
f 3066//3066 3070//3070 3071//3071
f 3070//3070 3069//3069 3073//3073
f 3074//3074 3071//3071 3070//3070
f 3072//3072 3074//3074 3070//3070
f 3073//3073 3072//3072 3070//3070
f 3074//3074 3077//3077 3075//3075
f 3071//3071 3074//3074 3075//3075
f 3072//3072 3076//3076 3074//3074
f 3076//3076 3077//3077 3074//3074
f 3077//3077 3078//3078 3075//3075
f 3076//3076 3080//3080 3079//3079
f 3080//3080 3076//3076 3072//3072
f 3080//3080 3081//3081 3079//3079
f 3081//3081 3080//3080 3083//3083
f 3072//3072 3082//3082 3080//3080
f 3082//3082 3083//3083 3080//3080
f 3083//3083 3084//3084 3086//3086
f 3084//3084 3083//3083 3085//3085
f 3083//3083 3082//3082 3085//3085
f 3086//3086 3081//3081 3083//3083
f 3081//3081 3086//3086 3087//3087
f 3085//3085 3088//3088 3084//3084
f 3085//3085 3089//3089 3088//3088
f 3089//3089 3085//3085 3082//3082
f 3089//3089 3068//3068 3090//3090
f 3090//3090 3088//3088 3089//3089
f 3069//3069 3068//3068 3089//3089
f 3082//3082 3069//3069 3089//3089
f 3088//3088 3090//3090 3091//3091
f 3092//3092 3091//3091 3090//3090
f 3068//3068 3092//3092 3090//3090
f 3091//3091 3092//3092 3094//3094
f 3095//3095 3093//3093 3092//3092
f 3093//3093 3094//3094 3092//3092
f 3092//3092 3068//3068 3095//3095
f 3093//3093 3095//3095 3096//3096
f 3062//3062 3060//3060 3095//3095
f 3096//3096 3095//3095 3060//3060
f 3068//3068 3062//3062 3095//3095
f 3060//3060 3097//3097 3096//3096
f 3097//3097 3093//3093 3096//3096
f 3058//3058 3051//3051 3097//3097
f 3097//3097 3060//3060 3058//3058
f 3093//3093 3097//3097 3098//3098
f 3051//3051 3098//3098 3097//3097
f 3100//3100 3098//3098 3099//3099
f 3050//3050 3099//3099 3098//3098
f 3098//3098 3051//3051 3050//3050
f 3098//3098 3100//3100 3093//3093
f 3101//3101 3100//3100 3099//3099
f 3100//3100 3101//3101 3102//3102
f 3102//3102 3094//3094 3100//3100
f 3094//3094 3093//3093 3100//3100
f 3094//3094 3102//3102 3103//3103
f 3103//3103 3091//3091 3094//3094
f 3091//3091 3103//3103 3104//3104
f 3105//3105 3091//3091 3104//3104
f 3088//3088 3091//3091 3105//3105
f 3084//3084 3088//3088 3105//3105
f 3099//3099 3106//3106 3101//3101
f 3106//3106 3099//3099 3108//3108
f 3108//3108 3107//3107 3106//3106
f 3107//3107 3108//3108 3109//3109
f 3108//3108 3047//3047 3109//3109
f 3099//3099 3050//3050 3108//3108
f 3047//3047 3108//3108 3050//3050
f 3043//3043 3109//3109 3047//3047
f 3109//3109 3043//3043 3107//3107
f 3107//3107 3043//3043 3041//3041
f 3073//3073 3069//3069 3082//3082
f 3082//3082 3072//3072 3073//3073
f 3064//3064 3062//3062 3068//3068
f 3051//3051 3058//3058 3052//3052
f 3054//3054 3055//3055 3110//3110
f 3111//3111 3110//3110 3112//3112
f 3110//3110 3111//3111 3054//3054
f 3113//3113 3112//3112 3114//3114
f 3112//3112 3113//3113 3111//3111
f 3116//3116 3114//3114 3115//3115
f 3114//3114 3116//3116 3113//3113
f 3117//3117 3116//3116 3119//3119
f 3117//3117 3118//3118 3116//3116
f 3115//3115 3119//3119 3116//3116
f 3118//3118 3113//3113 3116//3116
f 3122//3122 3120//3120 3119//3119
f 3121//3121 3119//3119 3120//3120
f 3119//3119 3121//3121 3123//3123
f 3119//3119 3115//3115 3122//3122
f 3123//3123 3117//3117 3119//3119
f 3124//3124 3117//3117 3123//3123
f 3124//3124 3123//3123 3121//3121
f 3126//3126 3124//3124 3125//3125
f 3127//3127 3125//3125 3124//3124
f 3128//3128 3124//3124 3121//3121
f 3117//3117 3124//3124 3126//3126
f 3124//3124 3128//3128 3127//3127
f 3128//3128 3129//3129 3130//3130
f 3129//3129 3128//3128 3131//3131
f 3128//3128 3130//3130 3127//3127
f 3121//3121 3131//3131 3128//3128
f 3120//3120 3131//3131 3121//3121
f 3131//3131 3120//3120 3133//3133
f 3131//3131 3132//3132 3129//3129
f 3133//3133 3132//3132 3131//3131
f 3132//3132 3133//3133 3134//3134
f 3135//3135 3134//3134 3133//3133
f 3133//3133 3136//3136 3135//3135
f 3136//3136 3133//3133 3120//3120
f 3120//3120 3122//3122 3136//3136
f 3134//3134 3135//3135 3137//3137
f 3138//3138 3129//3129 3132//3132
f 3138//3138 3139//3139 3129//3129
f 3140//3140 3141//3141 3139//3139
f 3130//3130 3139//3139 3141//3141
f 3129//3129 3139//3139 3130//3130
f 3141//3141 3142//3142 3130//3130
f 3142//3142 3143//3143 3127//3127
f 3127//3127 3130//3130 3142//3142
f 3125//3125 3127//3127 3143//3143
f 3143//3143 3145//3145 3125//3125
f 3145//3145 3143//3143 3144//3144
f 3147//3147 3145//3145 3146//3146
f 3144//3144 3146//3146 3145//3145
f 3125//3125 3145//3145 3126//3126
f 3145//3145 3147//3147 3126//3126
f 3148//3148 3118//3118 3147//3147
f 3118//3118 3126//3126 3147//3147
f 3146//3146 3148//3148 3147//3147
f 3118//3118 3148//3148 3149//3149
f 3149//3149 3148//3148 3044//3044
f 3148//3148 3039//3039 3044//3044
f 3148//3148 3146//3146 3039//3039
f 3118//3118 3149//3149 3111//3111
f 3149//3149 3054//3054 3111//3111
f 3054//3054 3149//3149 3150//3150
f 3044//3044 3150//3150 3149//3149
f 3044//3044 3046//3046 3150//3150
f 3046//3046 3054//3054 3150//3150
f 3146//3146 3040//3040 3039//3039
f 3151//3151 3040//3040 3146//3146
f 3146//3146 3144//3144 3151//3151
f 3126//3126 3118//3118 3117//3117
f 3118//3118 3111//3111 3113//3113
f 3153//3153 3152//3152 3155//3155
f 3152//3152 3153//3153 3154//3154
f 3153//3153 3155//3155 3156//3156
f 3157//3157 3156//3156 3155//3155
f 3157//3157 3159//3159 3158//3158
f 3157//3157 3158//3158 3156//3156
f 3159//3159 3157//3157 3160//3160
f 3161//3161 3158//3158 3159//3159
f 3162//3162 3163//3163 3161//3161
f 3158//3158 3161//3161 3163//3163
f 3163//3163 3162//3162 3164//3164
f 3158//3158 3163//3163 3156//3156
f 3163//3163 3164//3164 3156//3156
f 3164//3164 3166//3166 3165//3165
f 3164//3164 3165//3165 3156//3156
f 3166//3166 3164//3164 3162//3162
f 3167//3167 3165//3165 3166//3166
f 3168//3168 3169//3169 3167//3167
f 3169//3169 3170//3170 3167//3167
f 3165//3165 3167//3167 3170//3170
f 3170//3170 3169//3169 3156//3156
f 3165//3165 3170//3170 3156//3156
f 3169//3169 3168//3168 3171//3171
f 3169//3169 3171//3171 3156//3156
f 3171//3171 3168//3168 3173//3173
f 3171//3171 3172//3172 3156//3156
f 3171//3171 3173//3173 3172//3172
f 3172//3172 3173//3173 3174//3174
f 3176//3176 3174//3174 3175//3175
f 3174//3174 3176//3176 3172//3172
f 3176//3176 3177//3177 3156//3156
f 3175//3175 3177//3177 3176//3176
f 3172//3172 3176//3176 3156//3156
f 3177//3177 3175//3175 3178//3178
f 3178//3178 3179//3179 3177//3177
f 3177//3177 3179//3179 3156//3156
f 3179//3179 3180//3180 3156//3156
f 3180//3180 3179//3179 3181//3181
f 3178//3178 3181//3181 3179//3179
f 3182//3182 3180//3180 3181//3181
f 3183//3183 3180//3180 3182//3182
f 3184//3184 3185//3185 3183//3183
f 3180//3180 3183//3183 3185//3185
f 3185//3185 3184//3184 3186//3186
f 3185//3185 3186//3186 3156//3156
f 3180//3180 3185//3185 3156//3156
f 3184//3184 3187//3187 3186//3186
f 3186//3186 3187//3187 3156//3156
f 3187//3187 3154//3154 3153//3153
f 3187//3187 3153//3153 3156//3156
f 3154//3154 3187//3187 3188//3188
f 3187//3187 3184//3184 3188//3188
f 3189//3189 3190//3190 3191//3191
f 3193//3193 3192//3192 3194//3194
f 3196//3196 3195//3195 3198//3198
f 3195//3195 3196//3196 3197//3197
f 3204//3204 3200//3200 3199//3199
f 3199//3199 3200//3200 3201//3201
f 3202//3202 3199//3199 3201//3201
f 3202//3202 3203//3203 3199//3199
f 3204//3204 3199//3199 3203//3203
f 3206//3206 3204//3204 3203//3203
f 3200//3200 3204//3204 3205//3205
f 3206//3206 3205//3205 3204//3204
f 3207//3207 3206//3206 3203//3203
f 3207//3207 3208//3208 3206//3206
f 3208//3208 3209//3209 3206//3206
f 3209//3209 3205//3205 3206//3206
f 3210//3210 3212//3212 3209//3209
f 3210//3210 3209//3209 3208//3208
f 3212//3212 3211//3211 3209//3209
f 3205//3205 3209//3209 3211//3211
f 3212//3212 3210//3210 3213//3213
f 3215//3215 3211//3211 3212//3212
f 3214//3214 3212//3212 3213//3213
f 3212//3212 3214//3214 3215//3215
f 3216//3216 3217//3217 3215//3215
f 3218//3218 3216//3216 3215//3215
f 3211//3211 3215//3215 3217//3217
f 3215//3215 3214//3214 3218//3218
f 3218//3218 3214//3214 3219//3219
f 3220//3220 3221//3221 3219//3219
f 3219//3219 3213//3213 3220//3220
f 3213//3213 3219//3219 3214//3214
f 3221//3221 3220//3220 3222//3222
f 3222//3222 3223//3223 3221//3221
f 3225//3225 3224//3224 3223//3223
f 3222//3222 3225//3225 3223//3223
f 3225//3225 3226//3226 3224//3224
f 3227//3227 3226//3226 3225//3225
f 3222//3222 3227//3227 3225//3225
f 3227//3227 3229//3229 3228//3228
f 3227//3227 3228//3228 3230//3230
f 3227//3227 3222//3222 3229//3229
f 3231//3231 3227//3227 3230//3230
f 3227//3227 3231//3231 3232//3232
f 3226//3226 3227//3227 3232//3232
f 3232//3232 3233//3233 3226//3226
f 3233//3233 3232//3232 3231//3231
f 3234//3234 3236//3236 3233//3233
f 3233//3233 3231//3231 3234//3234
f 3235//3235 3226//3226 3233//3233
f 3236//3236 3235//3235 3233//3233
f 3236//3236 3234//3234 3240//3240
f 3236//3236 3237//3237 3239//3239
f 3237//3237 3236//3236 3240//3240
f 3235//3235 3236//3236 3238//3238
f 3239//3239 3238//3238 3236//3236
f 3240//3240 3242//3242 3241//3241
f 3241//3241 3237//3237 3240//3240
f 3242//3242 3240//3240 3234//3234
f 3231//3231 3243//3243 3242//3242
f 3244//3244 3242//3242 3243//3243
f 3244//3244 3241//3241 3242//3242
f 3234//3234 3231//3231 3242//3242
f 3244//3244 3245//3245 3247//3247
f 3244//3244 3246//3246 3245//3245
f 3243//3243 3246//3246 3244//3244
f 3241//3241 3244//3244 3248//3248
f 3248//3248 3244//3244 3247//3247
f 3248//3248 3250//3250 3241//3241
f 3247//3247 3249//3249 3248//3248
f 3250//3250 3248//3248 3249//3249
f 3237//3237 3241//3241 3250//3250
f 3249//3249 3251//3251 3250//3250
f 3237//3237 3250//3250 3251//3251
f 3251//3251 3249//3249 3252//3252
f 3251//3251 3239//3239 3237//3237
f 3251//3251 3252//3252 3253//3253
f 3251//3251 3253//3253 3254//3254
f 3239//3239 3251//3251 3254//3254
f 3255//3255 3239//3239 3254//3254
f 3254//3254 3256//3256 3255//3255
f 3256//3256 3254//3254 3253//3253
f 3257//3257 3258//3258 3256//3256
f 3253//3253 3257//3257 3256//3256
f 3258//3258 3259//3259 3256//3256
f 3256//3256 3259//3259 3255//3255
f 3259//3259 3260//3260 3255//3255
f 3258//3258 3261//3261 3259//3259
f 3262//3262 3261//3261 3263//3263
f 3263//3263 3261//3261 3258//3258
f 3264//3264 3263//3263 3257//3257
f 3264//3264 3262//3262 3263//3263
f 3258//3258 3257//3257 3263//3263
f 3264//3264 3265//3265 3268//3268
f 3265//3265 3264//3264 3266//3266
f 3267//3267 3266//3266 3264//3264
f 3264//3264 3268//3268 3262//3262
f 3257//3257 3267//3267 3264//3264
f 3269//3269 3267//3267 3257//3257
f 3267//3267 3269//3269 3272//3272
f 3270//3270 3266//3266 3267//3267
f 3270//3270 3267//3267 3271//3271
f 3272//3272 3271//3271 3267//3267
f 3273//3273 3274//3274 3272//3272
f 3272//3272 3269//3269 3273//3273
f 3271//3271 3272//3272 3274//3274
f 3274//3274 3275//3275 3277//3277
f 3275//3275 3274//3274 3276//3276
f 3278//3278 3276//3276 3274//3274
f 3271//3271 3274//3274 3277//3277
f 3274//3274 3273//3273 3278//3278
f 3249//3249 3247//3247 3278//3278
f 3278//3278 3247//3247 3276//3276
f 3249//3249 3278//3278 3273//3273
f 3279//3279 3271//3271 3277//3277
f 3279//3279 3277//3277 3280//3280
f 3275//3275 3280//3280 3277//3277
f 3283//3283 3280//3280 3281//3281
f 3282//3282 3281//3281 3280//3280
f 3280//3280 3275//3275 3282//3282
f 3280//3280 3283//3283 3279//3279
f 3200//3200 3283//3283 3281//3281
f 3283//3283 3200//3200 3285//3285
f 3283//3283 3284//3284 3279//3279
f 3284//3284 3283//3283 3286//3286
f 3285//3285 3286//3286 3283//3283
f 3286//3286 3289//3289 3284//3284
f 3286//3286 3285//3285 3287//3287
f 3287//3287 3288//3288 3286//3286
f 3289//3289 3286//3286 3288//3288
f 3284//3284 3289//3289 3266//3266
f 3290//3290 3289//3289 3288//3288
f 3265//3265 3289//3289 3290//3290
f 3289//3289 3265//3265 3266//3266
f 3288//3288 3291//3291 3290//3290
f 3291//3291 3288//3288 3292//3292
f 3292//3292 3293//3293 3291//3291
f 3293//3293 3217//3217 3294//3294
f 3217//3217 3293//3293 3292//3292
f 3217//3217 3216//3216 3294//3294
f 3211//3211 3217//3217 3292//3292
f 3288//3288 3287//3287 3292//3292
f 3292//3292 3287//3287 3211//3211
f 3285//3285 3211//3211 3287//3287
f 3211//3211 3285//3285 3205//3205
f 3205//3205 3285//3285 3200//3200
f 3270//3270 3279//3279 3284//3284
f 3266//3266 3270//3270 3284//3284
f 3281//3281 3282//3282 3295//3295
f 3297//3297 3295//3295 3282//3282
f 3275//3275 3296//3296 3282//3282
f 3296//3296 3297//3297 3282//3282
f 3297//3297 3201//3201 3295//3295
f 3201//3201 3297//3297 3202//3202
f 3245//3245 3202//3202 3297//3297
f 3245//3245 3297//3297 3296//3296
f 3247//3247 3245//3245 3296//3296
f 3247//3247 3296//3296 3276//3276
f 3296//3296 3275//3275 3276//3276
f 3295//3295 3200//3200 3281//3281
f 3295//3295 3201//3201 3200//3200
f 3279//3279 3270//3270 3271//3271
f 3273//3273 3252//3252 3249//3249
f 3252//3252 3273//3273 3269//3269
f 3257//3257 3253//3253 3269//3269
f 3269//3269 3253//3253 3252//3252
f 3298//3298 3255//3255 3260//3260
f 3299//3299 3298//3298 3260//3260
f 3298//3298 3299//3299 3238//3238
f 3239//3239 3255//3255 3298//3298
f 3238//3238 3239//3239 3298//3298
f 3302//3302 3300//3300 3246//3246
f 3246//3246 3300//3300 3301//3301
f 3246//3246 3301//3301 3245//3245
f 3246//3246 3243//3243 3302//3302
f 3228//3228 3300//3300 3302//3302
f 3228//3228 3302//3302 3230//3230
f 3230//3230 3302//3302 3243//3243
f 3301//3301 3203//3203 3202//3202
f 3202//3202 3245//3245 3301//3301
f 3203//3203 3301//3301 3207//3207
f 3300//3300 3207//3207 3301//3301
f 3300//3300 3228//3228 3303//3303
f 3303//3303 3207//3207 3300//3300
f 3207//3207 3303//3303 3208//3208
f 3304//3304 3208//3208 3303//3303
f 3303//3303 3228//3228 3229//3229
f 3229//3229 3304//3304 3303//3303
f 3304//3304 3213//3213 3210//3210
f 3208//3208 3304//3304 3210//3210
f 3229//3229 3220//3220 3304//3304
f 3213//3213 3304//3304 3220//3220
f 3231//3231 3230//3230 3243//3243
f 3235//3235 3224//3224 3226//3226
f 3224//3224 3235//3235 3305//3305
f 3220//3220 3229//3229 3222//3222
