# Blender v2.77 (sub 0) OBJ File: ''
# www.blender.org
mtllib ground.mtl
o Plane
# RE-STAGED 2026-09-11 (SMOKE_FIX S14): 1024 m -> 100 m across. The old plane
# predates the 1 u = 1 m convention and was the reason a new project's
# automatic GI volume was a square kilometre. Positions AND texture
# coordinates are scaled by the same 25/256, so the tile texture keeps its
# world-space density (4 m squares at the default textureScale 4) and only the
# horizon moves in.
#
# (A comment block ABOVE `mtllib` once made this resource unloadable: a model
# read from memory was dispatched by sniffing its first 200 bytes. IrisGL now
# passes the extension as the format hint — iris::readSceneFile, smoke L10
# item 4 — and --engine-selftest fails if the ground does not load.)
v -50.000000 0.000000 50.000000
v 50.000000 0.000000 50.000000
v -50.000000 0.000000 -50.000000
v 50.000000 0.000000 -50.000000
v -50.000000 0.000000 -46.969697
v -50.000000 0.000000 -43.939394
v -50.000000 0.000000 -40.909091
v -50.000000 0.000000 -37.878788
v -50.000000 0.000000 -34.848484
v -50.000000 0.000000 -31.818181
v -50.000000 0.000000 -28.787878
v -50.000000 0.000000 -25.757575
v -50.000000 0.000000 -22.727272
v -50.000000 0.000000 -19.696969
v -50.000000 0.000000 -16.666666
v -50.000000 0.000000 -13.636363
v -50.000000 0.000000 -10.606059
v -50.000000 0.000000 -7.575756
v -50.000000 0.000000 -4.545453
v -50.000000 0.000000 -1.515150
v -50.000000 0.000000 1.515153
v -50.000000 0.000000 4.545455
v -50.000000 0.000000 7.575759
v -50.000000 0.000000 10.606062
v -50.000000 0.000000 13.636364
v -50.000000 0.000000 16.666667
v -50.000000 0.000000 19.696970
v -50.000000 0.000000 22.727273
v -50.000000 0.000000 25.757575
v -50.000000 0.000000 28.787878
v -50.000000 0.000000 31.818181
v -50.000000 0.000000 34.848484
v -50.000000 0.000000 37.878788
v -50.000000 0.000000 40.909091
v -50.000000 0.000000 43.939394
v -50.000000 0.000000 46.969697
v -46.969697 0.000000 50.000000
v -43.939394 0.000000 50.000000
v -40.909091 0.000000 50.000000
v -37.878788 0.000000 50.000000
v -34.848484 0.000000 50.000000
v -31.818181 0.000000 50.000000
v -28.787878 0.000000 50.000000
v -25.757575 0.000000 50.000000
v -22.727272 0.000000 50.000000
v -19.696969 0.000000 50.000000
v -16.666666 0.000000 50.000000
v -13.636363 0.000000 50.000000
v -10.606059 0.000000 50.000000
v -7.575756 0.000000 50.000000
v -4.545453 0.000000 50.000000
v -1.515150 0.000000 50.000000
v 1.515153 0.000000 50.000000
v 4.545455 0.000000 50.000000
v 7.575759 0.000000 50.000000
v 10.606062 0.000000 50.000000
v 13.636364 0.000000 50.000000
v 16.666667 0.000000 50.000000
v 19.696970 0.000000 50.000000
v 22.727273 0.000000 50.000000
v 25.757575 0.000000 50.000000
v 28.787878 0.000000 50.000000
v 31.818181 0.000000 50.000000
v 34.848484 0.000000 50.000000
v 37.878788 0.000000 50.000000
v 40.909091 0.000000 50.000000
v 43.939394 0.000000 50.000000
v 46.969697 0.000000 50.000000
v 50.000000 0.000000 46.969697
v 50.000000 0.000000 43.939394
v 50.000000 0.000000 40.909091
v 50.000000 0.000000 37.878788
v 50.000000 0.000000 34.848484
v 50.000000 0.000000 31.818181
v 50.000000 0.000000 28.787878
v 50.000000 0.000000 25.757575
v 50.000000 0.000000 22.727272
v 50.000000 0.000000 19.696969
v 50.000000 0.000000 16.666666
v 50.000000 0.000000 13.636363
v 50.000000 0.000000 10.606059
v 50.000000 0.000000 7.575756
v 50.000000 0.000000 4.545453
v 50.000000 0.000000 1.515150
v 50.000000 0.000000 -1.515153
v 50.000000 0.000000 -4.545455
v 50.000000 0.000000 -7.575759
v 50.000000 0.000000 -10.606062
v 50.000000 0.000000 -13.636364
v 50.000000 0.000000 -16.666667
v 50.000000 0.000000 -19.696970
v 50.000000 0.000000 -22.727273
v 50.000000 0.000000 -25.757575
v 50.000000 0.000000 -28.787878
v 50.000000 0.000000 -31.818181
v 50.000000 0.000000 -34.848484
v 50.000000 0.000000 -37.878788
v 50.000000 0.000000 -40.909091
v 50.000000 0.000000 -43.939394
v 50.000000 0.000000 -46.969697
v 46.969697 0.000000 -50.000000
v 43.939394 0.000000 -50.000000
v 40.909091 0.000000 -50.000000
v 37.878788 0.000000 -50.000000
v 34.848484 0.000000 -50.000000
v 31.818181 0.000000 -50.000000
v 28.787878 0.000000 -50.000000
v 25.757575 0.000000 -50.000000
v 22.727272 0.000000 -50.000000
v 19.696969 0.000000 -50.000000
v 16.666666 0.000000 -50.000000
v 13.636363 0.000000 -50.000000
v 10.606059 0.000000 -50.000000
v 7.575756 0.000000 -50.000000
v 4.545453 0.000000 -50.000000
v 1.515150 0.000000 -50.000000
v -1.515153 0.000000 -50.000000
v -4.545455 0.000000 -50.000000
v -7.575759 0.000000 -50.000000
v -10.606062 0.000000 -50.000000
v -13.636364 0.000000 -50.000000
v -16.666667 0.000000 -50.000000
v -19.696970 0.000000 -50.000000
v -22.727273 0.000000 -50.000000
v -25.757575 0.000000 -50.000000
v -28.787878 0.000000 -50.000000
v -31.818181 0.000000 -50.000000
v -34.848484 0.000000 -50.000000
v -37.878788 0.000000 -50.000000
v -40.909091 0.000000 -50.000000
v -43.939394 0.000000 -50.000000
v -46.969697 0.000000 -50.000000
v -46.969697 0.000000 46.969697
v -46.969697 0.000000 43.939394
v -46.969697 0.000000 40.909091
v -46.969697 0.000000 37.878788
v -46.969697 0.000000 34.848484
v -46.969697 0.000000 31.818181
v -46.969697 0.000000 28.787878
v -46.969697 0.000000 25.757575
v -46.969697 0.000000 22.727272
v -46.969697 0.000000 19.696969
v -46.969697 0.000000 16.666666
v -46.969697 0.000000 13.636363
v -46.969697 0.000000 10.606059
v -46.969697 0.000000 7.575756
v -46.969697 0.000000 4.545453
v -46.969697 0.000000 1.515150
v -46.969697 0.000000 -1.515153
v -46.969697 0.000000 -4.545455
v -46.969697 0.000000 -7.575759
v -46.969697 0.000000 -10.606062
v -46.969697 0.000000 -13.636364
v -46.969697 0.000000 -16.666667
v -46.969697 0.000000 -19.696970
v -46.969697 0.000000 -22.727273
v -46.969697 0.000000 -25.757575
v -46.969697 0.000000 -28.787878
v -46.969697 0.000000 -31.818181
v -46.969697 0.000000 -34.848484
v -46.969697 0.000000 -37.878788
v -46.969697 0.000000 -40.909091
v -46.969697 0.000000 -43.939394
v -46.969697 0.000000 -46.969697
v -43.939394 0.000000 46.969697
v -43.939394 0.000000 43.939394
v -43.939394 0.000000 40.909091
v -43.939394 0.000000 37.878788
v -43.939394 0.000000 34.848484
v -43.939394 0.000000 31.818181
v -43.939394 0.000000 28.787878
v -43.939394 0.000000 25.757575
v -43.939394 0.000000 22.727272
v -43.939394 0.000000 19.696969
v -43.939394 0.000000 16.666666
v -43.939394 0.000000 13.636363
v -43.939394 0.000000 10.606059
v -43.939394 0.000000 7.575756
v -43.939394 0.000000 4.545453
v -43.939394 0.000000 1.515150
v -43.939394 0.000000 -1.515153
v -43.939394 0.000000 -4.545455
v -43.939394 0.000000 -7.575759
v -43.939394 0.000000 -10.606062
v -43.939394 0.000000 -13.636364
v -43.939394 0.000000 -16.666667
v -43.939394 0.000000 -19.696970
v -43.939394 0.000000 -22.727273
v -43.939394 0.000000 -25.757575
v -43.939394 0.000000 -28.787878
v -43.939394 0.000000 -31.818181
v -43.939394 0.000000 -34.848484
v -43.939394 0.000000 -37.878788
v -43.939394 0.000000 -40.909091
v -43.939394 0.000000 -43.939394
v -43.939394 0.000000 -46.969697
v -40.909091 0.000000 46.969697
v -40.909091 0.000000 43.939394
v -40.909091 0.000000 40.909091
v -40.909091 0.000000 37.878788
v -40.909091 0.000000 34.848484
v -40.909091 0.000000 31.818181
v -40.909091 0.000000 28.787878
v -40.909091 0.000000 25.757575
v -40.909091 0.000000 22.727272
v -40.909091 0.000000 19.696969
v -40.909091 0.000000 16.666666
v -40.909091 0.000000 13.636363
v -40.909091 0.000000 10.606059
v -40.909091 0.000000 7.575756
v -40.909091 0.000000 4.545453
v -40.909091 0.000000 1.515150
v -40.909091 0.000000 -1.515153
v -40.909091 0.000000 -4.545455
v -40.909091 0.000000 -7.575759
v -40.909091 0.000000 -10.606062
v -40.909091 0.000000 -13.636364
v -40.909091 0.000000 -16.666667
v -40.909091 0.000000 -19.696970
v -40.909091 0.000000 -22.727273
v -40.909091 0.000000 -25.757575
v -40.909091 0.000000 -28.787878
v -40.909091 0.000000 -31.818181
v -40.909091 0.000000 -34.848484
v -40.909091 0.000000 -37.878788
v -40.909091 0.000000 -40.909091
v -40.909091 0.000000 -43.939394
v -40.909091 0.000000 -46.969697
v -37.878788 0.000000 46.969697
v -37.878788 0.000000 43.939394
v -37.878788 0.000000 40.909091
v -37.878788 0.000000 37.878788
v -37.878788 0.000000 34.848484
v -37.878788 0.000000 31.818181
v -37.878788 0.000000 28.787878
v -37.878788 0.000000 25.757575
v -37.878788 0.000000 22.727272
v -37.878788 0.000000 19.696969
v -37.878788 0.000000 16.666666
v -37.878788 0.000000 13.636363
v -37.878788 0.000000 10.606059
v -37.878788 0.000000 7.575756
v -37.878788 0.000000 4.545453
v -37.878788 0.000000 1.515150
v -37.878788 0.000000 -1.515153
v -37.878788 0.000000 -4.545455
v -37.878788 0.000000 -7.575759
v -37.878788 0.000000 -10.606062
v -37.878788 0.000000 -13.636364
v -37.878788 0.000000 -16.666667
v -37.878788 0.000000 -19.696970
v -37.878788 0.000000 -22.727273
v -37.878788 0.000000 -25.757575
v -37.878788 0.000000 -28.787878
v -37.878788 0.000000 -31.818181
v -37.878788 0.000000 -34.848484
v -37.878788 0.000000 -37.878788
v -37.878788 0.000000 -40.909091
v -37.878788 0.000000 -43.939394
v -37.878788 0.000000 -46.969697
v -34.848484 0.000000 46.969697
v -34.848484 0.000000 43.939394
v -34.848484 0.000000 40.909091
v -34.848484 0.000000 37.878788
v -34.848484 0.000000 34.848484
v -34.848484 0.000000 31.818181
v -34.848484 0.000000 28.787878
v -34.848484 0.000000 25.757575
v -34.848484 0.000000 22.727272
v -34.848484 0.000000 19.696969
v -34.848484 0.000000 16.666666
v -34.848484 0.000000 13.636363
v -34.848484 0.000000 10.606059
v -34.848484 0.000000 7.575756
v -34.848484 0.000000 4.545453
v -34.848484 0.000000 1.515150
v -34.848484 0.000000 -1.515153
v -34.848484 0.000000 -4.545455
v -34.848484 0.000000 -7.575759
v -34.848484 0.000000 -10.606062
v -34.848484 0.000000 -13.636364
v -34.848484 0.000000 -16.666667
v -34.848484 0.000000 -19.696970
v -34.848484 0.000000 -22.727273
v -34.848484 0.000000 -25.757575
v -34.848484 0.000000 -28.787878
v -34.848484 0.000000 -31.818181
v -34.848484 0.000000 -34.848484
v -34.848484 0.000000 -37.878788
v -34.848484 0.000000 -40.909091
v -34.848484 0.000000 -43.939394
v -34.848484 0.000000 -46.969697
v -31.818181 0.000000 46.969697
v -31.818181 0.000000 43.939394
v -31.818181 0.000000 40.909091
v -31.818181 0.000000 37.878788
v -31.818181 0.000000 34.848484
v -31.818181 0.000000 31.818181
v -31.818181 0.000000 28.787878
v -31.818181 0.000000 25.757575
v -31.818181 0.000000 22.727272
v -31.818181 0.000000 19.696969
v -31.818181 0.000000 16.666666
v -31.818181 0.000000 13.636363
v -31.818181 0.000000 10.606059
v -31.818181 0.000000 7.575756
v -31.818181 0.000000 4.545453
v -31.818181 0.000000 1.515150
v -31.818181 0.000000 -1.515153
v -31.818181 0.000000 -4.545455
v -31.818181 0.000000 -7.575759
v -31.818181 0.000000 -10.606062
v -31.818181 0.000000 -13.636364
v -31.818181 0.000000 -16.666667
v -31.818181 0.000000 -19.696970
v -31.818181 0.000000 -22.727273
v -31.818181 0.000000 -25.757575
v -31.818181 0.000000 -28.787878
v -31.818181 0.000000 -31.818181
v -31.818181 0.000000 -34.848484
v -31.818181 0.000000 -37.878788
v -31.818181 0.000000 -40.909091
v -31.818181 0.000000 -43.939394
v -31.818181 0.000000 -46.969697
v -28.787878 0.000000 46.969697
v -28.787878 0.000000 43.939394
v -28.787878 0.000000 40.909091
v -28.787878 0.000000 37.878788
v -28.787878 0.000000 34.848484
v -28.787878 0.000000 31.818181
v -28.787878 0.000000 28.787878
v -28.787878 0.000000 25.757575
v -28.787878 0.000000 22.727272
v -28.787878 0.000000 19.696969
v -28.787878 0.000000 16.666666
v -28.787878 0.000000 13.636363
v -28.787878 0.000000 10.606059
v -28.787878 0.000000 7.575756
v -28.787878 0.000000 4.545453
v -28.787878 0.000000 1.515150
v -28.787878 0.000000 -1.515153
v -28.787878 0.000000 -4.545455
v -28.787878 0.000000 -7.575759
v -28.787878 0.000000 -10.606062
v -28.787878 0.000000 -13.636364
v -28.787878 0.000000 -16.666667
v -28.787878 0.000000 -19.696970
v -28.787878 0.000000 -22.727273
v -28.787878 0.000000 -25.757575
v -28.787878 0.000000 -28.787878
v -28.787878 0.000000 -31.818181
v -28.787878 0.000000 -34.848484
v -28.787878 0.000000 -37.878788
v -28.787878 0.000000 -40.909091
v -28.787878 0.000000 -43.939394
v -28.787878 0.000000 -46.969697
v -25.757575 0.000000 46.969697
v -25.757575 0.000000 43.939394
v -25.757575 0.000000 40.909091
v -25.757575 0.000000 37.878788
v -25.757575 0.000000 34.848484
v -25.757575 0.000000 31.818181
v -25.757575 0.000000 28.787878
v -25.757575 0.000000 25.757575
v -25.757575 0.000000 22.727272
v -25.757575 0.000000 19.696969
v -25.757575 0.000000 16.666666
v -25.757575 0.000000 13.636363
v -25.757575 0.000000 10.606059
v -25.757575 0.000000 7.575756
v -25.757575 0.000000 4.545453
v -25.757575 0.000000 1.515150
v -25.757575 0.000000 -1.515153
v -25.757575 0.000000 -4.545455
v -25.757575 0.000000 -7.575759
v -25.757575 0.000000 -10.606062
v -25.757575 0.000000 -13.636364
v -25.757575 0.000000 -16.666667
v -25.757575 0.000000 -19.696970
v -25.757575 0.000000 -22.727273
v -25.757575 0.000000 -25.757575
v -25.757575 0.000000 -28.787878
v -25.757575 0.000000 -31.818181
v -25.757575 0.000000 -34.848484
v -25.757575 0.000000 -37.878788
v -25.757575 0.000000 -40.909091
v -25.757575 0.000000 -43.939394
v -25.757575 0.000000 -46.969697
v -22.727272 0.000000 46.969697
v -22.727272 0.000000 43.939394
v -22.727272 0.000000 40.909091
v -22.727272 0.000000 37.878788
v -22.727272 0.000000 34.848484
v -22.727272 0.000000 31.818181
v -22.727272 0.000000 28.787878
v -22.727272 0.000000 25.757575
v -22.727272 0.000000 22.727272
v -22.727272 0.000000 19.696969
v -22.727272 0.000000 16.666666
v -22.727272 0.000000 13.636363
v -22.727272 0.000000 10.606059
v -22.727272 0.000000 7.575756
v -22.727272 0.000000 4.545453
v -22.727272 0.000000 1.515150
v -22.727272 0.000000 -1.515153
v -22.727272 0.000000 -4.545455
v -22.727272 0.000000 -7.575759
v -22.727272 0.000000 -10.606062
v -22.727272 0.000000 -13.636364
v -22.727272 0.000000 -16.666667
v -22.727272 0.000000 -19.696970
v -22.727272 0.000000 -22.727273
v -22.727272 0.000000 -25.757575
v -22.727272 0.000000 -28.787878
v -22.727272 0.000000 -31.818181
v -22.727272 0.000000 -34.848484
v -22.727272 0.000000 -37.878788
v -22.727272 0.000000 -40.909091
v -22.727272 0.000000 -43.939394
v -22.727272 0.000000 -46.969697
v -19.696969 0.000000 46.969697
v -19.696969 0.000000 43.939394
v -19.696969 0.000000 40.909091
v -19.696969 0.000000 37.878788
v -19.696969 0.000000 34.848484
v -19.696969 0.000000 31.818181
v -19.696969 0.000000 28.787878
v -19.696969 0.000000 25.757575
v -19.696969 0.000000 22.727272
v -19.696969 0.000000 19.696969
v -19.696969 0.000000 16.666666
v -19.696969 0.000000 13.636363
v -19.696969 0.000000 10.606059
v -19.696969 0.000000 7.575756
v -19.696969 0.000000 4.545453
v -19.696969 0.000000 1.515150
v -19.696969 0.000000 -1.515153
v -19.696969 0.000000 -4.545455
v -19.696969 0.000000 -7.575759
v -19.696969 0.000000 -10.606062
v -19.696969 0.000000 -13.636364
v -19.696969 0.000000 -16.666667
v -19.696969 0.000000 -19.696970
v -19.696969 0.000000 -22.727273
v -19.696969 0.000000 -25.757575
v -19.696969 0.000000 -28.787878
v -19.696969 0.000000 -31.818181
v -19.696969 0.000000 -34.848484
v -19.696969 0.000000 -37.878788
v -19.696969 0.000000 -40.909091
v -19.696969 0.000000 -43.939394
v -19.696969 0.000000 -46.969697
v -16.666666 0.000000 46.969697
v -16.666666 0.000000 43.939394
v -16.666666 0.000000 40.909091
v -16.666666 0.000000 37.878788
v -16.666666 0.000000 34.848484
v -16.666666 0.000000 31.818181
v -16.666666 0.000000 28.787878
v -16.666666 0.000000 25.757575
v -16.666666 0.000000 22.727272
v -16.666666 0.000000 19.696969
v -16.666666 0.000000 16.666666
v -16.666666 0.000000 13.636363
v -16.666666 0.000000 10.606059
v -16.666666 0.000000 7.575756
v -16.666666 0.000000 4.545453
v -16.666666 0.000000 1.515150
v -16.666666 0.000000 -1.515153
v -16.666666 0.000000 -4.545455
v -16.666666 0.000000 -7.575759
v -16.666666 0.000000 -10.606062
v -16.666666 0.000000 -13.636364
v -16.666666 0.000000 -16.666667
v -16.666666 0.000000 -19.696970
v -16.666666 0.000000 -22.727273
v -16.666666 0.000000 -25.757575
v -16.666666 0.000000 -28.787878
v -16.666666 0.000000 -31.818181
v -16.666666 0.000000 -34.848484
v -16.666666 0.000000 -37.878788
v -16.666666 0.000000 -40.909091
v -16.666666 0.000000 -43.939394
v -16.666666 0.000000 -46.969697
v -13.636363 0.000000 46.969697
v -13.636363 0.000000 43.939394
v -13.636363 0.000000 40.909091
v -13.636363 0.000000 37.878788
v -13.636363 0.000000 34.848484
v -13.636363 0.000000 31.818181
v -13.636363 0.000000 28.787878
v -13.636363 0.000000 25.757575
v -13.636363 0.000000 22.727272
v -13.636363 0.000000 19.696969
v -13.636363 0.000000 16.666666
v -13.636363 0.000000 13.636363
v -13.636363 0.000000 10.606059
v -13.636363 0.000000 7.575756
v -13.636363 0.000000 4.545453
v -13.636363 0.000000 1.515150
v -13.636363 0.000000 -1.515153
v -13.636363 0.000000 -4.545455
v -13.636363 0.000000 -7.575759
v -13.636363 0.000000 -10.606062
v -13.636363 0.000000 -13.636364
v -13.636363 0.000000 -16.666667
v -13.636363 0.000000 -19.696970
v -13.636363 0.000000 -22.727273
v -13.636363 0.000000 -25.757575
v -13.636363 0.000000 -28.787878
v -13.636363 0.000000 -31.818181
v -13.636363 0.000000 -34.848484
v -13.636363 0.000000 -37.878788
v -13.636363 0.000000 -40.909091
v -13.636363 0.000000 -43.939394
v -13.636363 0.000000 -46.969697
v -10.606059 0.000000 46.969697
v -10.606059 0.000000 43.939394
v -10.606059 0.000000 40.909091
v -10.606059 0.000000 37.878788
v -10.606059 0.000000 34.848484
v -10.606059 0.000000 31.818181
v -10.606059 0.000000 28.787878
v -10.606059 0.000000 25.757575
v -10.606059 0.000000 22.727272
v -10.606059 0.000000 19.696969
v -10.606059 0.000000 16.666666
v -10.606059 0.000000 13.636363
v -10.606059 0.000000 10.606059
v -10.606059 0.000000 7.575756
v -10.606059 0.000000 4.545453
v -10.606059 0.000000 1.515150
v -10.606059 0.000000 -1.515153
v -10.606059 0.000000 -4.545455
v -10.606059 0.000000 -7.575759
v -10.606059 0.000000 -10.606062
v -10.606059 0.000000 -13.636364
v -10.606059 0.000000 -16.666667
v -10.606059 0.000000 -19.696970
v -10.606059 0.000000 -22.727273
v -10.606059 0.000000 -25.757575
v -10.606059 0.000000 -28.787878
v -10.606059 0.000000 -31.818181
v -10.606059 0.000000 -34.848484
v -10.606060 0.000000 -37.878788
v -10.606061 0.000000 -40.909091
v -10.606061 0.000000 -43.939394
v -10.606061 0.000000 -46.969697
v -7.575756 0.000000 46.969697
v -7.575756 0.000000 43.939394
v -7.575756 0.000000 40.909091
v -7.575756 0.000000 37.878788
v -7.575756 0.000000 34.848484
v -7.575756 0.000000 31.818181
v -7.575756 0.000000 28.787878
v -7.575756 0.000000 25.757575
v -7.575756 0.000000 22.727272
v -7.575756 0.000000 19.696969
v -7.575756 0.000000 16.666666
v -7.575756 0.000000 13.636363
v -7.575756 0.000000 10.606059
v -7.575756 0.000000 7.575756
v -7.575756 0.000000 4.545453
v -7.575756 0.000000 1.515150
v -7.575756 0.000000 -1.515153
v -7.575756 0.000000 -4.545455
v -7.575756 0.000000 -7.575759
v -7.575756 0.000000 -10.606062
v -7.575756 0.000000 -13.636364
v -7.575756 0.000000 -16.666667
v -7.575756 0.000000 -19.696970
v -7.575756 0.000000 -22.727273
v -7.575756 0.000000 -25.757575
v -7.575756 0.000000 -28.787878
v -7.575756 0.000000 -31.818181
v -7.575756 0.000000 -34.848484
v -7.575757 0.000000 -37.878788
v -7.575758 0.000000 -40.909091
v -7.575758 0.000000 -43.939394
v -7.575758 0.000000 -46.969697
v -4.545453 0.000000 46.969697
v -4.545453 0.000000 43.939394
v -4.545453 0.000000 40.909091
v -4.545453 0.000000 37.878788
v -4.545453 0.000000 34.848484
v -4.545453 0.000000 31.818181
v -4.545453 0.000000 28.787878
v -4.545453 0.000000 25.757575
v -4.545453 0.000000 22.727272
v -4.545453 0.000000 19.696969
v -4.545453 0.000000 16.666666
v -4.545453 0.000000 13.636363
v -4.545453 0.000000 10.606059
v -4.545453 0.000000 7.575756
v -4.545453 0.000000 4.545453
v -4.545453 0.000000 1.515150
v -4.545453 0.000000 -1.515153
v -4.545453 0.000000 -4.545455
v -4.545453 0.000000 -7.575759
v -4.545453 0.000000 -10.606062
v -4.545453 0.000000 -13.636364
v -4.545453 0.000000 -16.666667
v -4.545454 0.000000 -19.696970
v -4.545454 0.000000 -22.727273
v -4.545454 0.000000 -25.757575
v -4.545454 0.000000 -28.787878
v -4.545454 0.000000 -31.818181
v -4.545455 0.000000 -34.848484
v -4.545455 0.000000 -37.878788
v -4.545455 0.000000 -40.909091
v -4.545455 0.000000 -43.939394
v -4.545455 0.000000 -46.969697
v -1.515150 0.000000 46.969697
v -1.515151 0.000000 43.939394
v -1.515151 0.000000 40.909091
v -1.515151 0.000000 37.878788
v -1.515151 0.000000 34.848484
v -1.515151 0.000000 31.818181
v -1.515151 0.000000 28.787878
v -1.515151 0.000000 25.757575
v -1.515151 0.000000 22.727272
v -1.515151 0.000000 19.696969
v -1.515151 0.000000 16.666666
v -1.515152 0.000000 13.636363
v -1.515152 0.000000 10.606059
v -1.515152 0.000000 7.575756
v -1.515152 0.000000 4.545453
v -1.515152 0.000000 1.515150
v -1.515152 0.000000 -1.515153
v -1.515152 0.000000 -4.545455
v -1.515152 0.000000 -7.575759
v -1.515152 0.000000 -10.606062
v -1.515152 0.000000 -13.636364
v -1.515152 0.000000 -16.666667
v -1.515152 0.000000 -19.696970
v -1.515152 0.000000 -22.727273
v -1.515152 0.000000 -25.757575
v -1.515152 0.000000 -28.787878
v -1.515152 0.000000 -31.818181
v -1.515152 0.000000 -34.848484
v -1.515152 0.000000 -37.878788
v -1.515152 0.000000 -40.909091
v -1.515152 0.000000 -43.939394
v -1.515153 0.000000 -46.969697
v 1.515152 0.000000 46.969697
v 1.515152 0.000000 43.939394
v 1.515152 0.000000 40.909091
v 1.515152 0.000000 37.878788
v 1.515152 0.000000 34.848484
v 1.515152 0.000000 31.818181
v 1.515152 0.000000 28.787878
v 1.515152 0.000000 25.757575
v 1.515152 0.000000 22.727272
v 1.515152 0.000000 19.696969
v 1.515151 0.000000 16.666666
v 1.515151 0.000000 13.636363
v 1.515151 0.000000 10.606059
v 1.515151 0.000000 7.575756
v 1.515151 0.000000 4.545453
v 1.515151 0.000000 1.515150
v 1.515151 0.000000 -1.515153
v 1.515151 0.000000 -4.545455
v 1.515151 0.000000 -7.575759
v 1.515151 0.000000 -10.606062
v 1.515151 0.000000 -13.636364
v 1.515151 0.000000 -16.666667
v 1.515151 0.000000 -19.696970
v 1.515151 0.000000 -22.727273
v 1.515151 0.000000 -25.757575
v 1.515151 0.000000 -28.787878
v 1.515151 0.000000 -31.818181
v 1.515151 0.000000 -34.848484
v 1.515151 0.000000 -37.878788
v 1.515151 0.000000 -40.909091
v 1.515150 0.000000 -43.939394
v 1.515150 0.000000 -46.969697
v 4.545455 0.000000 46.969697
v 4.545455 0.000000 43.939394
v 4.545455 0.000000 40.909091
v 4.545455 0.000000 37.878788
v 4.545455 0.000000 34.848484
v 4.545455 0.000000 31.818181
v 4.545455 0.000000 28.787878
v 4.545455 0.000000 25.757575
v 4.545455 0.000000 22.727272
v 4.545455 0.000000 19.696969
v 4.545455 0.000000 16.666666
v 4.545455 0.000000 13.636363
v 4.545455 0.000000 10.606059
v 4.545455 0.000000 7.575756
v 4.545455 0.000000 4.545453
v 4.545455 0.000000 1.515150
v 4.545455 0.000000 -1.515153
v 4.545455 0.000000 -4.545455
v 4.545455 0.000000 -7.575759
v 4.545455 0.000000 -10.606062
v 4.545455 0.000000 -13.636364
v 4.545455 0.000000 -16.666667
v 4.545455 0.000000 -19.696970
v 4.545455 0.000000 -22.727273
v 4.545455 0.000000 -25.757575
v 4.545455 0.000000 -28.787878
v 4.545454 0.000000 -31.818181
v 4.545454 0.000000 -34.848484
v 4.545454 0.000000 -37.878788
v 4.545454 0.000000 -40.909091
v 4.545454 0.000000 -43.939394
v 4.545453 0.000000 -46.969697
v 7.575759 0.000000 46.969697
v 7.575759 0.000000 43.939394
v 7.575759 0.000000 40.909091
v 7.575759 0.000000 37.878788
v 7.575759 0.000000 34.848484
v 7.575759 0.000000 31.818181
v 7.575759 0.000000 28.787878
v 7.575759 0.000000 25.757575
v 7.575759 0.000000 22.727272
v 7.575759 0.000000 19.696969
v 7.575759 0.000000 16.666666
v 7.575759 0.000000 13.636363
v 7.575759 0.000000 10.606059
v 7.575759 0.000000 7.575756
v 7.575759 0.000000 4.545453
v 7.575759 0.000000 1.515150
v 7.575759 0.000000 -1.515153
v 7.575759 0.000000 -4.545455
v 7.575759 0.000000 -7.575759
v 7.575759 0.000000 -10.606062
v 7.575759 0.000000 -13.636364
v 7.575759 0.000000 -16.666667
v 7.575759 0.000000 -19.696970
v 7.575759 0.000000 -22.727273
v 7.575759 0.000000 -25.757575
v 7.575759 0.000000 -28.787878
v 7.575759 0.000000 -31.818181
v 7.575758 0.000000 -34.848484
v 7.575758 0.000000 -37.878788
v 7.575758 0.000000 -40.909091
v 7.575757 0.000000 -43.939394
v 7.575756 0.000000 -46.969697
v 10.606062 0.000000 46.969697
v 10.606062 0.000000 43.939394
v 10.606062 0.000000 40.909091
v 10.606062 0.000000 37.878788
v 10.606062 0.000000 34.848484
v 10.606062 0.000000 31.818181
v 10.606062 0.000000 28.787878
v 10.606062 0.000000 25.757575
v 10.606062 0.000000 22.727272
v 10.606062 0.000000 19.696969
v 10.606062 0.000000 16.666666
v 10.606062 0.000000 13.636363
v 10.606062 0.000000 10.606059
v 10.606062 0.000000 7.575756
v 10.606062 0.000000 4.545453
v 10.606062 0.000000 1.515150
v 10.606062 0.000000 -1.515153
v 10.606062 0.000000 -4.545455
v 10.606062 0.000000 -7.575759
v 10.606062 0.000000 -10.606062
v 10.606062 0.000000 -13.636364
v 10.606062 0.000000 -16.666667
v 10.606062 0.000000 -19.696970
v 10.606062 0.000000 -22.727273
v 10.606062 0.000000 -25.757575
v 10.606062 0.000000 -28.787878
v 10.606062 0.000000 -31.818181
v 10.606061 0.000000 -34.848484
v 10.606061 0.000000 -37.878788
v 10.606061 0.000000 -40.909091
v 10.606060 0.000000 -43.939394
v 10.606059 0.000000 -46.969697
v 13.636364 0.000000 46.969697
v 13.636364 0.000000 43.939394
v 13.636364 0.000000 40.909091
v 13.636364 0.000000 37.878788
v 13.636364 0.000000 34.848484
v 13.636364 0.000000 31.818181
v 13.636364 0.000000 28.787878
v 13.636364 0.000000 25.757575
v 13.636364 0.000000 22.727272
v 13.636364 0.000000 19.696969
v 13.636364 0.000000 16.666666
v 13.636364 0.000000 13.636363
v 13.636364 0.000000 10.606059
v 13.636364 0.000000 7.575756
v 13.636364 0.000000 4.545453
v 13.636364 0.000000 1.515150
v 13.636364 0.000000 -1.515153
v 13.636364 0.000000 -4.545455
v 13.636364 0.000000 -7.575759
v 13.636364 0.000000 -10.606062
v 13.636364 0.000000 -13.636364
v 13.636364 0.000000 -16.666667
v 13.636364 0.000000 -19.696970
v 13.636364 0.000000 -22.727273
v 13.636364 0.000000 -25.757575
v 13.636364 0.000000 -28.787878
v 13.636364 0.000000 -31.818181
v 13.636364 0.000000 -34.848484
v 13.636364 0.000000 -37.878788
v 13.636364 0.000000 -40.909091
v 13.636364 0.000000 -43.939394
v 13.636363 0.000000 -46.969697
v 16.666667 0.000000 46.969697
v 16.666667 0.000000 43.939394
v 16.666667 0.000000 40.909091
v 16.666667 0.000000 37.878788
v 16.666667 0.000000 34.848484
v 16.666667 0.000000 31.818181
v 16.666667 0.000000 28.787878
v 16.666667 0.000000 25.757575
v 16.666667 0.000000 22.727272
v 16.666667 0.000000 19.696969
v 16.666667 0.000000 16.666666
v 16.666667 0.000000 13.636363
v 16.666667 0.000000 10.606059
v 16.666667 0.000000 7.575756
v 16.666667 0.000000 4.545453
v 16.666667 0.000000 1.515150
v 16.666667 0.000000 -1.515153
v 16.666667 0.000000 -4.545455
v 16.666667 0.000000 -7.575759
v 16.666667 0.000000 -10.606062
v 16.666667 0.000000 -13.636364
v 16.666667 0.000000 -16.666667
v 16.666667 0.000000 -19.696970
v 16.666667 0.000000 -22.727273
v 16.666667 0.000000 -25.757575
v 16.666667 0.000000 -28.787878
v 16.666667 0.000000 -31.818181
v 16.666667 0.000000 -34.848484
v 16.666667 0.000000 -37.878788
v 16.666667 0.000000 -40.909091
v 16.666667 0.000000 -43.939394
v 16.666666 0.000000 -46.969697
v 19.696970 0.000000 46.969697
v 19.696970 0.000000 43.939394
v 19.696970 0.000000 40.909091
v 19.696970 0.000000 37.878788
v 19.696970 0.000000 34.848484
v 19.696970 0.000000 31.818181
v 19.696970 0.000000 28.787878
v 19.696970 0.000000 25.757575
v 19.696970 0.000000 22.727272
v 19.696970 0.000000 19.696969
v 19.696970 0.000000 16.666666
v 19.696970 0.000000 13.636363
v 19.696970 0.000000 10.606059
v 19.696970 0.000000 7.575756
v 19.696970 0.000000 4.545453
v 19.696970 0.000000 1.515150
v 19.696970 0.000000 -1.515153
v 19.696970 0.000000 -4.545455
v 19.696970 0.000000 -7.575759
v 19.696970 0.000000 -10.606062
v 19.696970 0.000000 -13.636364
v 19.696970 0.000000 -16.666667
v 19.696970 0.000000 -19.696970
v 19.696970 0.000000 -22.727273
v 19.696970 0.000000 -25.757575
v 19.696970 0.000000 -28.787878
v 19.696970 0.000000 -31.818181
v 19.696970 0.000000 -34.848484
v 19.696970 0.000000 -37.878788
v 19.696970 0.000000 -40.909091
v 19.696970 0.000000 -43.939394
v 19.696969 0.000000 -46.969697
v 22.727273 0.000000 46.969697
v 22.727273 0.000000 43.939394
v 22.727273 0.000000 40.909091
v 22.727273 0.000000 37.878788
v 22.727273 0.000000 34.848484
v 22.727273 0.000000 31.818181
v 22.727273 0.000000 28.787878
v 22.727273 0.000000 25.757575
v 22.727273 0.000000 22.727272
v 22.727273 0.000000 19.696969
v 22.727273 0.000000 16.666666
v 22.727273 0.000000 13.636363
v 22.727273 0.000000 10.606059
v 22.727273 0.000000 7.575756
v 22.727273 0.000000 4.545453
v 22.727273 0.000000 1.515150
v 22.727273 0.000000 -1.515153
v 22.727273 0.000000 -4.545455
v 22.727273 0.000000 -7.575759
v 22.727273 0.000000 -10.606062
v 22.727273 0.000000 -13.636364
v 22.727273 0.000000 -16.666667
v 22.727273 0.000000 -19.696970
v 22.727273 0.000000 -22.727273
v 22.727273 0.000000 -25.757575
v 22.727273 0.000000 -28.787878
v 22.727273 0.000000 -31.818181
v 22.727273 0.000000 -34.848484
v 22.727273 0.000000 -37.878788
v 22.727273 0.000000 -40.909091
v 22.727273 0.000000 -43.939394
v 22.727272 0.000000 -46.969697
v 25.757575 0.000000 46.969697
v 25.757575 0.000000 43.939394
v 25.757575 0.000000 40.909091
v 25.757575 0.000000 37.878788
v 25.757575 0.000000 34.848484
v 25.757575 0.000000 31.818181
v 25.757575 0.000000 28.787878
v 25.757575 0.000000 25.757575
v 25.757575 0.000000 22.727272
v 25.757575 0.000000 19.696969
v 25.757575 0.000000 16.666666
v 25.757575 0.000000 13.636363
v 25.757575 0.000000 10.606059
v 25.757575 0.000000 7.575756
v 25.757575 0.000000 4.545453
v 25.757575 0.000000 1.515150
v 25.757575 0.000000 -1.515153
v 25.757575 0.000000 -4.545455
v 25.757575 0.000000 -7.575759
v 25.757575 0.000000 -10.606062
v 25.757575 0.000000 -13.636364
v 25.757575 0.000000 -16.666667
v 25.757575 0.000000 -19.696970
v 25.757575 0.000000 -22.727273
v 25.757575 0.000000 -25.757575
v 25.757575 0.000000 -28.787878
v 25.757575 0.000000 -31.818181
v 25.757575 0.000000 -34.848484
v 25.757575 0.000000 -37.878788
v 25.757575 0.000000 -40.909091
v 25.757575 0.000000 -43.939394
v 25.757575 0.000000 -46.969697
v 28.787878 0.000000 46.969697
v 28.787878 0.000000 43.939394
v 28.787878 0.000000 40.909091
v 28.787878 0.000000 37.878788
v 28.787878 0.000000 34.848484
v 28.787878 0.000000 31.818181
v 28.787878 0.000000 28.787878
v 28.787878 0.000000 25.757575
v 28.787878 0.000000 22.727272
v 28.787878 0.000000 19.696969
v 28.787878 0.000000 16.666666
v 28.787878 0.000000 13.636363
v 28.787878 0.000000 10.606059
v 28.787878 0.000000 7.575756
v 28.787878 0.000000 4.545453
v 28.787878 0.000000 1.515150
v 28.787878 0.000000 -1.515153
v 28.787878 0.000000 -4.545455
v 28.787878 0.000000 -7.575759
v 28.787878 0.000000 -10.606062
v 28.787878 0.000000 -13.636364
v 28.787878 0.000000 -16.666667
v 28.787878 0.000000 -19.696970
v 28.787878 0.000000 -22.727273
v 28.787878 0.000000 -25.757575
v 28.787878 0.000000 -28.787878
v 28.787878 0.000000 -31.818181
v 28.787878 0.000000 -34.848484
v 28.787878 0.000000 -37.878788
v 28.787878 0.000000 -40.909091
v 28.787878 0.000000 -43.939394
v 28.787878 0.000000 -46.969697
v 31.818181 0.000000 46.969697
v 31.818181 0.000000 43.939394
v 31.818181 0.000000 40.909091
v 31.818181 0.000000 37.878788
v 31.818181 0.000000 34.848484
v 31.818181 0.000000 31.818181
v 31.818181 0.000000 28.787878
v 31.818181 0.000000 25.757575
v 31.818181 0.000000 22.727272
v 31.818181 0.000000 19.696969
v 31.818181 0.000000 16.666666
v 31.818181 0.000000 13.636363
v 31.818181 0.000000 10.606059
v 31.818181 0.000000 7.575756
v 31.818181 0.000000 4.545453
v 31.818181 0.000000 1.515150
v 31.818181 0.000000 -1.515153
v 31.818181 0.000000 -4.545455
v 31.818181 0.000000 -7.575759
v 31.818181 0.000000 -10.606062
v 31.818181 0.000000 -13.636364
v 31.818181 0.000000 -16.666667
v 31.818181 0.000000 -19.696970
v 31.818181 0.000000 -22.727273
v 31.818181 0.000000 -25.757575
v 31.818181 0.000000 -28.787878
v 31.818181 0.000000 -31.818181
v 31.818181 0.000000 -34.848484
v 31.818181 0.000000 -37.878788
v 31.818181 0.000000 -40.909091
v 31.818181 0.000000 -43.939394
v 31.818181 0.000000 -46.969697
v 34.848484 0.000000 46.969697
v 34.848484 0.000000 43.939394
v 34.848484 0.000000 40.909091
v 34.848484 0.000000 37.878788
v 34.848484 0.000000 34.848484
v 34.848484 0.000000 31.818181
v 34.848484 0.000000 28.787878
v 34.848484 0.000000 25.757575
v 34.848484 0.000000 22.727272
v 34.848484 0.000000 19.696969
v 34.848484 0.000000 16.666666
v 34.848484 0.000000 13.636363
v 34.848484 0.000000 10.606059
v 34.848484 0.000000 7.575756
v 34.848484 0.000000 4.545453
v 34.848484 0.000000 1.515150
v 34.848484 0.000000 -1.515153
v 34.848484 0.000000 -4.545455
v 34.848484 0.000000 -7.575759
v 34.848484 0.000000 -10.606062
v 34.848484 0.000000 -13.636364
v 34.848484 0.000000 -16.666667
v 34.848484 0.000000 -19.696970
v 34.848484 0.000000 -22.727273
v 34.848484 0.000000 -25.757575
v 34.848484 0.000000 -28.787878
v 34.848484 0.000000 -31.818181
v 34.848484 0.000000 -34.848484
v 34.848484 0.000000 -37.878788
v 34.848484 0.000000 -40.909091
v 34.848484 0.000000 -43.939394
v 34.848484 0.000000 -46.969697
v 37.878788 0.000000 46.969697
v 37.878788 0.000000 43.939394
v 37.878788 0.000000 40.909091
v 37.878788 0.000000 37.878788
v 37.878788 0.000000 34.848484
v 37.878788 0.000000 31.818181
v 37.878788 0.000000 28.787878
v 37.878788 0.000000 25.757575
v 37.878788 0.000000 22.727272
v 37.878788 0.000000 19.696969
v 37.878788 0.000000 16.666666
v 37.878788 0.000000 13.636363
v 37.878788 0.000000 10.606059
v 37.878788 0.000000 7.575756
v 37.878788 0.000000 4.545453
v 37.878788 0.000000 1.515150
v 37.878788 0.000000 -1.515153
v 37.878788 0.000000 -4.545455
v 37.878788 0.000000 -7.575759
v 37.878788 0.000000 -10.606062
v 37.878788 0.000000 -13.636364
v 37.878788 0.000000 -16.666667
v 37.878788 0.000000 -19.696970
v 37.878788 0.000000 -22.727273
v 37.878788 0.000000 -25.757575
v 37.878788 0.000000 -28.787878
v 37.878788 0.000000 -31.818181
v 37.878788 0.000000 -34.848484
v 37.878788 0.000000 -37.878788
v 37.878788 0.000000 -40.909091
v 37.878788 0.000000 -43.939394
v 37.878788 0.000000 -46.969697
v 40.909091 0.000000 46.969697
v 40.909091 0.000000 43.939394
v 40.909091 0.000000 40.909091
v 40.909091 0.000000 37.878788
v 40.909091 0.000000 34.848484
v 40.909091 0.000000 31.818181
v 40.909091 0.000000 28.787878
v 40.909091 0.000000 25.757575
v 40.909091 0.000000 22.727272
v 40.909091 0.000000 19.696969
v 40.909091 0.000000 16.666666
v 40.909091 0.000000 13.636363
v 40.909091 0.000000 10.606059
v 40.909091 0.000000 7.575756
v 40.909091 0.000000 4.545453
v 40.909091 0.000000 1.515150
v 40.909091 0.000000 -1.515153
v 40.909091 0.000000 -4.545455
v 40.909091 0.000000 -7.575759
v 40.909091 0.000000 -10.606062
v 40.909091 0.000000 -13.636364
v 40.909091 0.000000 -16.666667
v 40.909091 0.000000 -19.696970
v 40.909091 0.000000 -22.727273
v 40.909091 0.000000 -25.757575
v 40.909091 0.000000 -28.787878
v 40.909091 0.000000 -31.818181
v 40.909091 0.000000 -34.848484
v 40.909091 0.000000 -37.878788
v 40.909091 0.000000 -40.909091
v 40.909091 0.000000 -43.939394
v 40.909091 0.000000 -46.969697
v 43.939394 0.000000 46.969697
v 43.939394 0.000000 43.939394
v 43.939394 0.000000 40.909091
v 43.939394 0.000000 37.878788
v 43.939394 0.000000 34.848484
v 43.939394 0.000000 31.818181
v 43.939394 0.000000 28.787878
v 43.939394 0.000000 25.757575
v 43.939394 0.000000 22.727272
v 43.939394 0.000000 19.696969
v 43.939394 0.000000 16.666666
v 43.939394 0.000000 13.636363
v 43.939394 0.000000 10.606059
v 43.939394 0.000000 7.575756
v 43.939394 0.000000 4.545453
v 43.939394 0.000000 1.515150
v 43.939394 0.000000 -1.515153
v 43.939394 0.000000 -4.545455
v 43.939394 0.000000 -7.575759
v 43.939394 0.000000 -10.606062
v 43.939394 0.000000 -13.636364
v 43.939394 0.000000 -16.666667
v 43.939394 0.000000 -19.696970
v 43.939394 0.000000 -22.727273
v 43.939394 0.000000 -25.757575
v 43.939394 0.000000 -28.787878
v 43.939394 0.000000 -31.818181
v 43.939394 0.000000 -34.848484
v 43.939394 0.000000 -37.878788
v 43.939394 0.000000 -40.909091
v 43.939394 0.000000 -43.939394
v 43.939394 0.000000 -46.969697
v 46.969697 0.000000 46.969697
v 46.969697 0.000000 43.939394
v 46.969697 0.000000 40.909091
v 46.969697 0.000000 37.878788
v 46.969697 0.000000 34.848484
v 46.969697 0.000000 31.818181
v 46.969697 0.000000 28.787878
v 46.969697 0.000000 25.757575
v 46.969697 0.000000 22.727272
v 46.969697 0.000000 19.696969
v 46.969697 0.000000 16.666666
v 46.969697 0.000000 13.636363
v 46.969697 0.000000 10.606059
v 46.969697 0.000000 7.575756
v 46.969697 0.000000 4.545453
v 46.969697 0.000000 1.515150
v 46.969697 0.000000 -1.515153
v 46.969697 0.000000 -4.545455
v 46.969697 0.000000 -7.575759
v 46.969697 0.000000 -10.606062
v 46.969697 0.000000 -13.636364
v 46.969697 0.000000 -16.666667
v 46.969697 0.000000 -19.696970
v 46.969697 0.000000 -22.727273
v 46.969697 0.000000 -25.757575
v 46.969697 0.000000 -28.787878
v 46.969697 0.000000 -31.818181
v 46.969697 0.000000 -34.848484
v 46.969697 0.000000 -37.878788
v 46.969697 0.000000 -40.909091
v 46.969697 0.000000 -43.939394
v 46.969697 0.000000 -46.969697
vt 2.984434 2.984434
vt 3.173828 2.984434
vt 3.173828 3.173828
vt 2.984434 3.173828
vt -3.076172 2.984434
vt -2.886778 2.984434
vt -2.886778 3.173828
vt -3.076172 3.173828
vt -2.697384 2.984434
vt -2.697384 3.173828
vt -2.507990 2.984434
vt -2.507990 3.173828
vt -2.318596 2.984434
vt -2.318596 3.173828
vt -2.129202 2.984434
vt -2.129202 3.173828
vt -1.939808 2.984434
vt -1.939808 3.173828
vt -1.750414 2.984434
vt -1.750414 3.173828
vt -1.561020 2.984434
vt -1.561020 3.173828
vt -1.371626 2.984434
vt -1.371627 3.173828
vt -1.182232 2.984434
vt -1.182232 3.173828
vt -0.992838 2.984434
vt -0.992839 3.173828
vt -0.803445 2.984434
vt -0.803445 3.173828
vt -0.614051 2.984434
vt -0.614051 3.173828
vt -0.424657 2.984434
vt -0.424657 3.173828
vt -0.235263 2.984434
vt -0.235263 3.173828
vt -0.045869 2.984434
vt -0.045869 3.173828
vt 0.143525 2.984434
vt 0.143525 3.173828
vt 0.332919 2.984434
vt 0.332919 3.173828
vt 0.522313 2.984434
vt 0.522313 3.173828
vt 0.711707 2.984434
vt 0.711707 3.173828
vt 0.901101 2.984434
vt 0.901101 3.173828
vt 1.090495 2.984434
vt 1.090495 3.173828
vt 1.279889 2.984434
vt 1.279889 3.173828
vt 1.469283 2.984434
vt 1.469283 3.173828
vt 1.658677 2.984434
vt 1.658677 3.173828
vt 1.848070 2.984434
vt 1.848070 3.173828
vt 2.037464 2.984434
vt 2.037464 3.173828
vt 2.226859 2.984434
vt 2.226859 3.173828
vt 2.416252 2.984434
vt 2.416252 3.173828
vt 2.605646 2.984434
vt 2.605646 3.173828
vt 2.795040 2.984434
vt 2.795040 3.173828
vt -3.076172 -3.076172
vt -2.886778 -3.076172
vt -2.886778 -2.886778
vt -3.076172 -2.886778
vt -2.886778 -2.697384
vt -3.076172 -2.697384
vt -2.886778 -2.507990
vt -3.076172 -2.507990
vt -2.886778 -2.318596
vt -3.076172 -2.318596
vt -2.886778 -2.129202
vt -3.076172 -2.129202
vt -2.886778 -1.939808
vt -3.076172 -1.939808
vt -2.886778 -1.750414
vt -3.076172 -1.750414
vt -2.886778 -1.561020
vt -3.076172 -1.561020
vt -2.886778 -1.371626
vt -3.076172 -1.371627
vt -2.886778 -1.182232
vt -3.076172 -1.182232
vt -2.886778 -0.992838
vt -3.076172 -0.992839
vt -2.886778 -0.803445
vt -3.076172 -0.803445
vt -2.886778 -0.614051
vt -3.076172 -0.614051
vt -2.886778 -0.424657
vt -3.076172 -0.424657
vt -2.886778 -0.235263
vt -3.076172 -0.235263
vt -2.886778 -0.045869
vt -3.076172 -0.045869
vt -2.886778 0.143525
vt -3.076172 0.143525
vt -2.886778 0.332919
vt -3.076172 0.332919
vt -2.886778 0.522313
vt -3.076172 0.522313
vt -2.886778 0.711707
vt -3.076172 0.711707
vt -2.886778 0.901101
vt -3.076172 0.901101
vt -2.886778 1.090495
vt -3.076172 1.090495
vt -2.886778 1.279889
vt -3.076172 1.279889
vt -2.886778 1.469283
vt -3.076172 1.469283
vt -2.886778 1.658677
vt -3.076172 1.658677
vt -2.886778 1.848070
vt -3.076172 1.848070
vt -2.886778 2.037464
vt -3.076172 2.037464
vt -2.886778 2.226859
vt -3.076172 2.226859
vt -2.886778 2.416252
vt -3.076172 2.416252
vt -2.886778 2.605646
vt -3.076172 2.605646
vt -2.886778 2.795040
vt -3.076172 2.795040
vt -2.697384 -3.076172
vt -2.697384 -2.886778
vt -2.697384 -2.697384
vt -2.697384 -2.507990
vt -2.697384 -2.318596
vt -2.697384 -2.129202
vt -2.697384 -1.939808
vt -2.697384 -1.750414
vt -2.697384 -1.561020
vt -2.697384 -1.371626
vt -2.697384 -1.182232
vt -2.697384 -0.992838
vt -2.697384 -0.803445
vt -2.697384 -0.614051
vt -2.697384 -0.424657
vt -2.697384 -0.235263
vt -2.697384 -0.045869
vt -2.697384 0.143525
vt -2.697384 0.332919
vt -2.697384 0.522313
vt -2.697384 0.711707
vt -2.697384 0.901101
vt -2.697384 1.090495
vt -2.697384 1.279889
vt -2.697384 1.469283
vt -2.697384 1.658677
vt -2.697384 1.848070
vt -2.697384 2.037464
vt -2.697384 2.226859
vt -2.697384 2.416252
vt -2.697384 2.605646
vt -2.697384 2.795040
vt -2.507990 -3.076172
vt -2.507990 -2.886778
vt -2.507990 -2.697384
vt -2.507990 -2.507990
vt -2.507990 -2.318596
vt -2.507990 -2.129202
vt -2.507990 -1.939808
vt -2.507990 -1.750414
vt -2.507990 -1.561020
vt -2.507990 -1.371626
vt -2.507990 -1.182232
vt -2.507990 -0.992838
vt -2.507990 -0.803445
vt -2.507990 -0.614051
vt -2.507990 -0.424657
vt -2.507990 -0.235263
vt -2.507990 -0.045869
vt -2.507990 0.143525
vt -2.507990 0.332919
vt -2.507990 0.522313
vt -2.507990 0.711707
vt -2.507990 0.901101
vt -2.507990 1.090495
vt -2.507990 1.279889
vt -2.507990 1.469283
vt -2.507990 1.658677
vt -2.507990 1.848070
vt -2.507990 2.037464
vt -2.507990 2.226859
vt -2.507990 2.416252
vt -2.507990 2.605646
vt -2.507990 2.795040
vt -2.318596 -3.076172
vt -2.318596 -2.886778
vt -2.318596 -2.697384
vt -2.318596 -2.507990
vt -2.318596 -2.318596
vt -2.318596 -2.129202
vt -2.318596 -1.939808
vt -2.318596 -1.750414
vt -2.318596 -1.561020
vt -2.318596 -1.371626
vt -2.318596 -1.182232
vt -2.318596 -0.992838
vt -2.318596 -0.803445
vt -2.318596 -0.614051
vt -2.318596 -0.424657
vt -2.318596 -0.235263
vt -2.318596 -0.045869
vt -2.318596 0.143525
vt -2.318596 0.332919
vt -2.318596 0.522313
vt -2.318596 0.711707
vt -2.318596 0.901101
vt -2.318596 1.090495
vt -2.318596 1.279889
vt -2.318596 1.469283
vt -2.318596 1.658677
vt -2.318596 1.848070
vt -2.318596 2.037464
vt -2.318596 2.226859
vt -2.318596 2.416252
vt -2.318596 2.605646
vt -2.318596 2.795040
vt -2.129202 -3.076172
vt -2.129202 -2.886778
vt -2.129202 -2.697384
vt -2.129202 -2.507990
vt -2.129202 -2.318596
vt -2.129202 -2.129202
vt -2.129202 -1.939808
vt -2.129202 -1.750414
vt -2.129202 -1.561020
vt -2.129202 -1.371626
vt -2.129202 -1.182232
vt -2.129202 -0.992838
vt -2.129202 -0.803445
vt -2.129202 -0.614051
vt -2.129202 -0.424657
vt -2.129202 -0.235263
vt -2.129202 -0.045869
vt -2.129202 0.143525
vt -2.129202 0.332919
vt -2.129202 0.522313
vt -2.129202 0.711707
vt -2.129202 0.901101
vt -2.129202 1.090495
vt -2.129202 1.279889
vt -2.129202 1.469283
vt -2.129202 1.658677
vt -2.129202 1.848070
vt -2.129202 2.037464
vt -2.129202 2.226859
vt -2.129202 2.416252
vt -2.129202 2.605646
vt -2.129202 2.795040
vt -1.939808 -3.076172
vt -1.939808 -2.886778
vt -1.939808 -2.697384
vt -1.939808 -2.507990
vt -1.939808 -2.318596
vt -1.939808 -2.129202
vt -1.939808 -1.939808
vt -1.939808 -1.750414
vt -1.939808 -1.561020
vt -1.939808 -1.371626
vt -1.939808 -1.182232
vt -1.939808 -0.992838
vt -1.939808 -0.803445
vt -1.939808 -0.614051
vt -1.939808 -0.424657
vt -1.939808 -0.235263
vt -1.939808 -0.045869
vt -1.939808 0.143525
vt -1.939808 0.332919
vt -1.939808 0.522313
vt -1.939808 0.711707
vt -1.939808 0.901101
vt -1.939808 1.090495
vt -1.939808 1.279889
vt -1.939808 1.469283
vt -1.939808 1.658677
vt -1.939808 1.848070
vt -1.939808 2.037464
vt -1.939808 2.226859
vt -1.939808 2.416252
vt -1.939808 2.605646
vt -1.939808 2.795040
vt -1.750414 -3.076172
vt -1.750414 -2.886778
vt -1.750414 -2.697384
vt -1.750414 -2.507990
vt -1.750414 -2.318596
vt -1.750414 -2.129202
vt -1.750414 -1.939808
vt -1.750414 -1.750414
vt -1.750414 -1.561020
vt -1.750414 -1.371626
vt -1.750414 -1.182232
vt -1.750414 -0.992838
vt -1.750414 -0.803445
vt -1.750414 -0.614051
vt -1.750414 -0.424657
vt -1.750414 -0.235263
vt -1.750414 -0.045869
vt -1.750414 0.143525
vt -1.750414 0.332919
vt -1.750414 0.522313
vt -1.750414 0.711707
vt -1.750414 0.901101
vt -1.750414 1.090495
vt -1.750414 1.279889
vt -1.750414 1.469283
vt -1.750414 1.658677
vt -1.750414 1.848070
vt -1.750414 2.037464
vt -1.750414 2.226859
vt -1.750414 2.416252
vt -1.750414 2.605646
vt -1.750414 2.795040
vt -1.561020 -3.076172
vt -1.561020 -2.886778
vt -1.561020 -2.697384
vt -1.561020 -2.507990
vt -1.561020 -2.318596
vt -1.561020 -2.129202
vt -1.561020 -1.939808
vt -1.561020 -1.750414
vt -1.561020 -1.561020
vt -1.561020 -1.371626
vt -1.561020 -1.182232
vt -1.561020 -0.992838
vt -1.561020 -0.803445
vt -1.561020 -0.614051
vt -1.561020 -0.424657
vt -1.561020 -0.235263
vt -1.561020 -0.045869
vt -1.561020 0.143525
vt -1.561020 0.332919
vt -1.561020 0.522313
vt -1.561020 0.711707
vt -1.561020 0.901101
vt -1.561020 1.090495
vt -1.561020 1.279889
vt -1.561020 1.469283
vt -1.561020 1.658677
vt -1.561020 1.848070
vt -1.561020 2.037464
vt -1.561020 2.226859
vt -1.561020 2.416252
vt -1.561020 2.605646
vt -1.561020 2.795040
vt -1.371626 -3.076172
vt -1.371626 -2.886778
vt -1.371626 -2.697384
vt -1.371626 -2.507990
vt -1.371626 -2.318596
vt -1.371626 -2.129202
vt -1.371626 -1.939808
vt -1.371626 -1.750414
vt -1.371626 -1.561020
vt -1.371626 -1.371626
vt -1.371626 -1.182232
vt -1.371626 -0.992838
vt -1.371626 -0.803445
vt -1.371626 -0.614051
vt -1.371626 -0.424657
vt -1.371626 -0.235263
vt -1.371626 -0.045869
vt -1.371626 0.143525
vt -1.371626 0.332919
vt -1.371626 0.522313
vt -1.371626 0.711707
vt -1.371626 0.901101
vt -1.371626 1.090495
vt -1.371626 1.279889
vt -1.371626 1.469283
vt -1.371626 1.658677
vt -1.371626 1.848070
vt -1.371626 2.037464
vt -1.371626 2.226859
vt -1.371626 2.416252
vt -1.371626 2.605646
vt -1.371626 2.795040
vt -1.182232 -3.076172
vt -1.182232 -2.886778
vt -1.182232 -2.697384
vt -1.182232 -2.507990
vt -1.182232 -2.318596
vt -1.182232 -2.129202
vt -1.182232 -1.939808
vt -1.182232 -1.750414
vt -1.182232 -1.561020
vt -1.182232 -1.371626
vt -1.182232 -1.182232
vt -1.182232 -0.992838
vt -1.182232 -0.803445
vt -1.182232 -0.614051
vt -1.182232 -0.424657
vt -1.182232 -0.235263
vt -1.182232 -0.045869
vt -1.182232 0.143525
vt -1.182232 0.332919
vt -1.182232 0.522313
vt -1.182232 0.711707
vt -1.182232 0.901101
vt -1.182232 1.090495
vt -1.182232 1.279889
vt -1.182232 1.469283
vt -1.182232 1.658677
vt -1.182232 1.848070
vt -1.182232 2.037464
vt -1.182232 2.226859
vt -1.182232 2.416252
vt -1.182232 2.605646
vt -1.182232 2.795040
vt -0.992838 -3.076172
vt -0.992838 -2.886778
vt -0.992838 -2.697384
vt -0.992838 -2.507990
vt -0.992838 -2.318596
vt -0.992838 -2.129202
vt -0.992838 -1.939808
vt -0.992838 -1.750414
vt -0.992838 -1.561020
vt -0.992838 -1.371626
vt -0.992838 -1.182232
vt -0.992838 -0.992838
vt -0.992838 -0.803445
vt -0.992838 -0.614051
vt -0.992838 -0.424657
vt -0.992838 -0.235263
vt -0.992838 -0.045869
vt -0.992838 0.143525
vt -0.992838 0.332919
vt -0.992838 0.522313
vt -0.992838 0.711707
vt -0.992838 0.901101
vt -0.992838 1.090495
vt -0.992838 1.279889
vt -0.992838 1.469283
vt -0.992838 1.658677
vt -0.992838 1.848070
vt -0.992838 2.037464
vt -0.992838 2.226859
vt -0.992838 2.416252
vt -0.992838 2.605646
vt -0.992838 2.795040
vt -0.803445 -3.076172
vt -0.803445 -2.886778
vt -0.803445 -2.697384
vt -0.803445 -2.507990
vt -0.803445 -2.318596
vt -0.803445 -2.129202
vt -0.803445 -1.939808
vt -0.803445 -1.750414
vt -0.803445 -1.561020
vt -0.803445 -1.371626
vt -0.803445 -1.182232
vt -0.803445 -0.992838
vt -0.803445 -0.803445
vt -0.803445 -0.614051
vt -0.803445 -0.424657
vt -0.803445 -0.235263
vt -0.803445 -0.045869
vt -0.803445 0.143525
vt -0.803445 0.332919
vt -0.803445 0.522313
vt -0.803445 0.711707
vt -0.803445 0.901101
vt -0.803445 1.090495
vt -0.803445 1.279889
vt -0.803445 1.469283
vt -0.803445 1.658677
vt -0.803445 1.848070
vt -0.803445 2.037464
vt -0.803445 2.226859
vt -0.803445 2.416252
vt -0.803445 2.605646
vt -0.803445 2.795040
vt -0.614051 -3.076172
vt -0.614051 -2.886778
vt -0.614051 -2.697384
vt -0.614051 -2.507990
vt -0.614051 -2.318596
vt -0.614051 -2.129202
vt -0.614051 -1.939808
vt -0.614051 -1.750414
vt -0.614051 -1.561020
vt -0.614051 -1.371626
vt -0.614051 -1.182232
vt -0.614051 -0.992838
vt -0.614051 -0.803445
vt -0.614051 -0.614051
vt -0.614051 -0.424657
vt -0.614051 -0.235263
vt -0.614051 -0.045869
vt -0.614051 0.143525
vt -0.614051 0.332919
vt -0.614051 0.522313
vt -0.614051 0.711707
vt -0.614051 0.901101
vt -0.614051 1.090495
vt -0.614051 1.279889
vt -0.614051 1.469283
vt -0.614051 1.658677
vt -0.614051 1.848070
vt -0.614051 2.037464
vt -0.614051 2.226859
vt -0.614051 2.416252
vt -0.614051 2.605646
vt -0.614051 2.795040
vt -0.424657 -3.076172
vt -0.424657 -2.886778
vt -0.424657 -2.697384
vt -0.424657 -2.507990
vt -0.424657 -2.318596
vt -0.424657 -2.129202
vt -0.424657 -1.939808
vt -0.424657 -1.750414
vt -0.424657 -1.561020
vt -0.424657 -1.371626
vt -0.424657 -1.182232
vt -0.424657 -0.992838
vt -0.424657 -0.803445
vt -0.424657 -0.614051
vt -0.424657 -0.424657
vt -0.424657 -0.235263
vt -0.424657 -0.045869
vt -0.424657 0.143525
vt -0.424657 0.332919
vt -0.424657 0.522313
vt -0.424657 0.711707
vt -0.424657 0.901101
vt -0.424657 1.090495
vt -0.424657 1.279889
vt -0.424657 1.469283
vt -0.424657 1.658677
vt -0.424657 1.848070
vt -0.424657 2.037464
vt -0.424657 2.226859
vt -0.424657 2.416252
vt -0.424657 2.605646
vt -0.424657 2.795040
vt -0.235263 -3.076172
vt -0.235263 -2.886778
vt -0.235263 -2.697384
vt -0.235263 -2.507990
vt -0.235263 -2.318596
vt -0.235263 -2.129202
vt -0.235263 -1.939808
vt -0.235263 -1.750414
vt -0.235263 -1.561020
vt -0.235263 -1.371626
vt -0.235263 -1.182232
vt -0.235263 -0.992838
vt -0.235263 -0.803445
vt -0.235263 -0.614051
vt -0.235263 -0.424657
vt -0.235263 -0.235263
vt -0.235263 -0.045869
vt -0.235263 0.143525
vt -0.235263 0.332919
vt -0.235263 0.522313
vt -0.235263 0.711707
vt -0.235263 0.901101
vt -0.235263 1.090495
vt -0.235263 1.279889
vt -0.235263 1.469283
vt -0.235263 1.658677
vt -0.235263 1.848070
vt -0.235263 2.037464
vt -0.235263 2.226859
vt -0.235263 2.416252
vt -0.235263 2.605646
vt -0.235263 2.795040
vt -0.045869 -3.076172
vt -0.045869 -2.886778
vt -0.045869 -2.697384
vt -0.045869 -2.507990
vt -0.045869 -2.318596
vt -0.045869 -2.129202
vt -0.045869 -1.939808
vt -0.045869 -1.750414
vt -0.045869 -1.561020
vt -0.045869 -1.371626
vt -0.045869 -1.182232
vt -0.045869 -0.992838
vt -0.045869 -0.803445
vt -0.045869 -0.614051
vt -0.045869 -0.424657
vt -0.045869 -0.235263
vt -0.045869 -0.045869
vt -0.045869 0.143525
vt -0.045869 0.332919
vt -0.045869 0.522313
vt -0.045869 0.711707
vt -0.045869 0.901101
vt -0.045869 1.090495
vt -0.045869 1.279889
vt -0.045869 1.469283
vt -0.045869 1.658677
vt -0.045869 1.848070
vt -0.045869 2.037464
vt -0.045869 2.226859
vt -0.045869 2.416252
vt -0.045869 2.605646
vt -0.045869 2.795040
vt 0.143525 -3.076172
vt 0.143525 -2.886778
vt 0.143525 -2.697384
vt 0.143525 -2.507990
vt 0.143525 -2.318596
vt 0.143525 -2.129202
vt 0.143525 -1.939808
vt 0.143525 -1.750414
vt 0.143525 -1.561020
vt 0.143525 -1.371626
vt 0.143525 -1.182232
vt 0.143525 -0.992838
vt 0.143525 -0.803445
vt 0.143525 -0.614051
vt 0.143525 -0.424657
vt 0.143525 -0.235263
vt 0.143525 -0.045869
vt 0.143525 0.143525
vt 0.143525 0.332919
vt 0.143525 0.522313
vt 0.143525 0.711707
vt 0.143525 0.901101
vt 0.143525 1.090495
vt 0.143525 1.279889
vt 0.143525 1.469283
vt 0.143525 1.658677
vt 0.143525 1.848070
vt 0.143525 2.037464
vt 0.143525 2.226859
vt 0.143525 2.416252
vt 0.143525 2.605646
vt 0.143525 2.795040
vt 0.332919 -3.076172
vt 0.332919 -2.886778
vt 0.332919 -2.697384
vt 0.332919 -2.507990
vt 0.332919 -2.318596
vt 0.332919 -2.129202
vt 0.332919 -1.939808
vt 0.332919 -1.750414
vt 0.332919 -1.561020
vt 0.332919 -1.371626
vt 0.332919 -1.182232
vt 0.332919 -0.992838
vt 0.332919 -0.803445
vt 0.332919 -0.614051
vt 0.332919 -0.424657
vt 0.332919 -0.235263
vt 0.332919 -0.045869
vt 0.332919 0.143525
vt 0.332919 0.332919
vt 0.332919 0.522313
vt 0.332919 0.711707
vt 0.332919 0.901101
vt 0.332919 1.090495
vt 0.332919 1.279889
vt 0.332919 1.469283
vt 0.332919 1.658677
vt 0.332919 1.848070
vt 0.332919 2.037464
vt 0.332919 2.226859
vt 0.332919 2.416252
vt 0.332919 2.605646
vt 0.332919 2.795040
vt 0.522313 -3.076172
vt 0.522313 -2.886778
vt 0.522313 -2.697384
vt 0.522313 -2.507990
vt 0.522313 -2.318596
vt 0.522313 -2.129202
vt 0.522313 -1.939808
vt 0.522313 -1.750414
vt 0.522313 -1.561020
vt 0.522313 -1.371626
vt 0.522313 -1.182232
vt 0.522313 -0.992838
vt 0.522313 -0.803445
vt 0.522313 -0.614051
vt 0.522313 -0.424657
vt 0.522313 -0.235263
vt 0.522313 -0.045869
vt 0.522313 0.143525
vt 0.522313 0.332919
vt 0.522313 0.522313
vt 0.522313 0.711707
vt 0.522313 0.901101
vt 0.522313 1.090495
vt 0.522313 1.279889
vt 0.522313 1.469283
vt 0.522313 1.658677
vt 0.522313 1.848070
vt 0.522313 2.037464
vt 0.522313 2.226859
vt 0.522313 2.416252
vt 0.522313 2.605646
vt 0.522313 2.795040
vt 0.711707 -3.076172
vt 0.711707 -2.886778
vt 0.711707 -2.697384
vt 0.711707 -2.507990
vt 0.711707 -2.318596
vt 0.711707 -2.129202
vt 0.711707 -1.939808
vt 0.711707 -1.750414
vt 0.711707 -1.561020
vt 0.711707 -1.371626
vt 0.711707 -1.182232
vt 0.711707 -0.992838
vt 0.711707 -0.803445
vt 0.711707 -0.614051
vt 0.711707 -0.424657
vt 0.711707 -0.235263
vt 0.711707 -0.045869
vt 0.711707 0.143525
vt 0.711707 0.332919
vt 0.711707 0.522313
vt 0.711707 0.711707
vt 0.711707 0.901101
vt 0.711707 1.090495
vt 0.711707 1.279889
vt 0.711707 1.469283
vt 0.711707 1.658677
vt 0.711707 1.848070
vt 0.711707 2.037464
vt 0.711707 2.226859
vt 0.711707 2.416252
vt 0.711707 2.605646
vt 0.711707 2.795040
vt 0.901101 -3.076172
vt 0.901101 -2.886778
vt 0.901101 -2.697384
vt 0.901101 -2.507990
vt 0.901101 -2.318596
vt 0.901101 -2.129202
vt 0.901101 -1.939808
vt 0.901101 -1.750414
vt 0.901101 -1.561020
vt 0.901101 -1.371626
vt 0.901101 -1.182232
vt 0.901101 -0.992838
vt 0.901101 -0.803445
vt 0.901101 -0.614051
vt 0.901101 -0.424657
vt 0.901101 -0.235263
vt 0.901101 -0.045869
vt 0.901101 0.143525
vt 0.901101 0.332919
vt 0.901101 0.522313
vt 0.901101 0.711707
vt 0.901101 0.901101
vt 0.901101 1.090495
vt 0.901101 1.279889
vt 0.901101 1.469283
vt 0.901101 1.658677
vt 0.901101 1.848070
vt 0.901101 2.037464
vt 0.901101 2.226859
vt 0.901101 2.416252
vt 0.901101 2.605646
vt 0.901101 2.795040
vt 1.090495 -3.076172
vt 1.090495 -2.886778
vt 1.090495 -2.697384
vt 1.090495 -2.507990
vt 1.090495 -2.318596
vt 1.090495 -2.129202
vt 1.090495 -1.939808
vt 1.090495 -1.750414
vt 1.090495 -1.561020
vt 1.090495 -1.371626
vt 1.090495 -1.182232
vt 1.090495 -0.992838
vt 1.090495 -0.803445
vt 1.090495 -0.614051
vt 1.090495 -0.424657
vt 1.090495 -0.235263
vt 1.090495 -0.045869
vt 1.090495 0.143525
vt 1.090495 0.332919
vt 1.090495 0.522313
vt 1.090495 0.711707
vt 1.090495 0.901101
vt 1.090495 1.090495
vt 1.090495 1.279889
vt 1.090495 1.469283
vt 1.090495 1.658677
vt 1.090495 1.848070
vt 1.090495 2.037464
vt 1.090495 2.226859
vt 1.090495 2.416252
vt 1.090495 2.605646
vt 1.090495 2.795040
vt 1.279889 -3.076172
vt 1.279889 -2.886778
vt 1.279889 -2.697384
vt 1.279889 -2.507990
vt 1.279889 -2.318596
vt 1.279889 -2.129202
vt 1.279889 -1.939808
vt 1.279889 -1.750414
vt 1.279889 -1.561020
vt 1.279889 -1.371626
vt 1.279889 -1.182232
vt 1.279889 -0.992838
vt 1.279889 -0.803445
vt 1.279889 -0.614051
vt 1.279889 -0.424657
vt 1.279889 -0.235263
vt 1.279889 -0.045869
vt 1.279889 0.143525
vt 1.279889 0.332919
vt 1.279889 0.522313
vt 1.279889 0.711707
vt 1.279889 0.901101
vt 1.279889 1.090495
vt 1.279889 1.279889
vt 1.279889 1.469283
vt 1.279889 1.658677
vt 1.279889 1.848070
vt 1.279889 2.037464
vt 1.279889 2.226859
vt 1.279889 2.416252
vt 1.279889 2.605646
vt 1.279889 2.795040
vt 1.469283 -3.076172
vt 1.469283 -2.886778
vt 1.469283 -2.697384
vt 1.469283 -2.507990
vt 1.469283 -2.318596
vt 1.469283 -2.129202
vt 1.469283 -1.939808
vt 1.469283 -1.750414
vt 1.469283 -1.561020
vt 1.469283 -1.371626
vt 1.469283 -1.182232
vt 1.469283 -0.992838
vt 1.469283 -0.803445
vt 1.469283 -0.614051
vt 1.469283 -0.424657
vt 1.469283 -0.235263
vt 1.469283 -0.045869
vt 1.469283 0.143525
vt 1.469283 0.332919
vt 1.469283 0.522313
vt 1.469283 0.711707
vt 1.469283 0.901101
vt 1.469283 1.090495
vt 1.469283 1.279889
vt 1.469283 1.469283
vt 1.469283 1.658677
vt 1.469283 1.848070
vt 1.469283 2.037464
vt 1.469283 2.226859
vt 1.469283 2.416252
vt 1.469283 2.605646
vt 1.469283 2.795040
vt 1.658677 -3.076172
vt 1.658677 -2.886778
vt 1.658677 -2.697384
vt 1.658677 -2.507990
vt 1.658677 -2.318596
vt 1.658677 -2.129202
vt 1.658677 -1.939808
vt 1.658677 -1.750414
vt 1.658677 -1.561020
vt 1.658677 -1.371626
vt 1.658677 -1.182232
vt 1.658677 -0.992838
vt 1.658677 -0.803445
vt 1.658677 -0.614051
vt 1.658677 -0.424657
vt 1.658677 -0.235263
vt 1.658677 -0.045869
vt 1.658677 0.143525
vt 1.658677 0.332919
vt 1.658677 0.522313
vt 1.658677 0.711707
vt 1.658677 0.901101
vt 1.658677 1.090495
vt 1.658677 1.279889
vt 1.658677 1.469283
vt 1.658677 1.658677
vt 1.658677 1.848070
vt 1.658677 2.037464
vt 1.658677 2.226859
vt 1.658677 2.416252
vt 1.658677 2.605646
vt 1.658677 2.795040
vt 1.848070 -3.076172
vt 1.848070 -2.886778
vt 1.848070 -2.697384
vt 1.848070 -2.507990
vt 1.848070 -2.318596
vt 1.848070 -2.129202
vt 1.848070 -1.939808
vt 1.848070 -1.750414
vt 1.848070 -1.561020
vt 1.848070 -1.371626
vt 1.848070 -1.182232
vt 1.848070 -0.992838
vt 1.848070 -0.803445
vt 1.848070 -0.614051
vt 1.848070 -0.424657
vt 1.848070 -0.235263
vt 1.848070 -0.045869
vt 1.848070 0.143525
vt 1.848070 0.332919
vt 1.848070 0.522313
vt 1.848070 0.711707
vt 1.848070 0.901101
vt 1.848070 1.090495
vt 1.848070 1.279889
vt 1.848070 1.469283
vt 1.848070 1.658677
vt 1.848070 1.848070
vt 1.848070 2.037464
vt 1.848070 2.226859
vt 1.848070 2.416252
vt 1.848070 2.605646
vt 1.848070 2.795040
vt 2.037464 -3.076172
vt 2.037464 -2.886778
vt 2.037464 -2.697384
vt 2.037464 -2.507990
vt 2.037464 -2.318596
vt 2.037464 -2.129202
vt 2.037464 -1.939808
vt 2.037464 -1.750414
vt 2.037464 -1.561020
vt 2.037464 -1.371626
vt 2.037464 -1.182232
vt 2.037464 -0.992838
vt 2.037464 -0.803445
vt 2.037464 -0.614051
vt 2.037464 -0.424657
vt 2.037464 -0.235263
vt 2.037464 -0.045869
vt 2.037464 0.143525
vt 2.037464 0.332919
vt 2.037464 0.522313
vt 2.037464 0.711707
vt 2.037464 0.901101
vt 2.037464 1.090495
vt 2.037464 1.279889
vt 2.037464 1.469283
vt 2.037464 1.658677
vt 2.037464 1.848070
vt 2.037464 2.037464
vt 2.037464 2.226859
vt 2.037464 2.416252
vt 2.037464 2.605646
vt 2.037464 2.795040
vt 2.226859 -3.076172
vt 2.226859 -2.886778
vt 2.226859 -2.697384
vt 2.226859 -2.507990
vt 2.226859 -2.318596
vt 2.226859 -2.129202
vt 2.226859 -1.939808
vt 2.226859 -1.750414
vt 2.226859 -1.561020
vt 2.226859 -1.371626
vt 2.226859 -1.182232
vt 2.226859 -0.992838
vt 2.226859 -0.803445
vt 2.226859 -0.614051
vt 2.226859 -0.424657
vt 2.226859 -0.235263
vt 2.226859 -0.045869
vt 2.226859 0.143525
vt 2.226859 0.332919
vt 2.226859 0.522313
vt 2.226859 0.711707
vt 2.226859 0.901101
vt 2.226859 1.090495
vt 2.226859 1.279889
vt 2.226859 1.469283
vt 2.226859 1.658677
vt 2.226859 1.848070
vt 2.226859 2.037464
vt 2.226859 2.226859
vt 2.226859 2.416252
vt 2.226859 2.605646
vt 2.226859 2.795040
vt 2.416252 -3.076172
vt 2.416252 -2.886778
vt 2.416252 -2.697384
vt 2.416252 -2.507990
vt 2.416252 -2.318596
vt 2.416252 -2.129202
vt 2.416252 -1.939808
vt 2.416252 -1.750414
vt 2.416252 -1.561020
vt 2.416252 -1.371626
vt 2.416252 -1.182232
vt 2.416252 -0.992838
vt 2.416252 -0.803445
vt 2.416252 -0.614051
vt 2.416252 -0.424657
vt 2.416252 -0.235263
vt 2.416252 -0.045869
vt 2.416252 0.143525
vt 2.416252 0.332919
vt 2.416252 0.522313
vt 2.416252 0.711707
vt 2.416252 0.901101
vt 2.416252 1.090495
vt 2.416252 1.279889
vt 2.416252 1.469283
vt 2.416252 1.658677
vt 2.416252 1.848070
vt 2.416252 2.037464
vt 2.416252 2.226859
vt 2.416252 2.416252
vt 2.416252 2.605646
vt 2.416252 2.795040
vt 2.605646 -3.076172
vt 2.605646 -2.886778
vt 2.605646 -2.697384
vt 2.605646 -2.507990
vt 2.605646 -2.318596
vt 2.605646 -2.129202
vt 2.605646 -1.939808
vt 2.605646 -1.750414
vt 2.605646 -1.561020
vt 2.605646 -1.371626
vt 2.605646 -1.182232
vt 2.605646 -0.992838
vt 2.605646 -0.803445
vt 2.605646 -0.614051
vt 2.605646 -0.424657
vt 2.605646 -0.235263
vt 2.605646 -0.045869
vt 2.605646 0.143525
vt 2.605646 0.332919
vt 2.605646 0.522313
vt 2.605646 0.711707
vt 2.605646 0.901101
vt 2.605646 1.090495
vt 2.605646 1.279889
vt 2.605646 1.469283
vt 2.605646 1.658677
vt 2.605646 1.848070
vt 2.605646 2.037464
vt 2.605646 2.226859
vt 2.605646 2.416252
vt 2.605646 2.605646
vt 2.605646 2.795040
vt 2.795040 -3.076172
vt 2.795040 -2.886778
vt 2.795040 -2.697384
vt 2.795040 -2.507990
vt 2.795040 -2.318596
vt 2.795040 -2.129202
vt 2.795040 -1.939808
vt 2.795040 -1.750414
vt 2.795040 -1.561020
vt 2.795040 -1.371626
vt 2.795040 -1.182232
vt 2.795040 -0.992838
vt 2.795040 -0.803445
vt 2.795040 -0.614051
vt 2.795040 -0.424657
vt 2.795040 -0.235263
vt 2.795040 -0.045869
vt 2.795040 0.143525
vt 2.795040 0.332919
vt 2.795040 0.522313
vt 2.795040 0.711707
vt 2.795040 0.901101
vt 2.795040 1.090495
vt 2.795040 1.279889
vt 2.795040 1.469283
vt 2.795040 1.658677
vt 2.795040 1.848070
vt 2.795040 2.037464
vt 2.795040 2.226859
vt 2.795040 2.416252
vt 2.795040 2.605646
vt 2.795040 2.795040
vt 2.984434 -3.076172
vt 2.984434 -2.886778
vt 2.984434 -2.697384
vt 2.984434 -2.507990
vt 2.984434 -2.318596
vt 2.984434 -2.129202
vt 2.984434 -1.939808
vt 2.984434 -1.750414
vt 2.984434 -1.561020
vt 2.984434 -1.371626
vt 2.984434 -1.182232
vt 2.984434 -0.992838
vt 2.984434 -0.803445
vt 2.984434 -0.614051
vt 2.984434 -0.424657
vt 2.984434 -0.235263
vt 2.984434 -0.045869
vt 2.984434 0.143525
vt 2.984434 0.332919
vt 2.984434 0.522313
vt 2.984434 0.711707
vt 2.984434 0.901101
vt 2.984434 1.090495
vt 2.984434 1.279889
vt 2.984434 1.469283
vt 2.984434 1.658677
vt 2.984434 1.848070
vt 2.984434 2.037464
vt 2.984434 2.226859
vt 2.984434 2.416252
vt 2.984434 2.605646
vt 2.984434 2.795040
vt 3.173828 -3.076172
vt 3.173828 -2.886778
vt 3.173828 -2.697384
vt 3.173828 -2.507990
vt 3.173828 -2.318596
vt 3.173828 -2.129202
vt 3.173828 -1.939808
vt 3.173828 -1.750414
vt 3.173828 -1.561020
vt 3.173828 -1.371626
vt 3.173828 -1.182232
vt 3.173828 -0.992838
vt 3.173828 -0.803445
vt 3.173828 -0.614051
vt 3.173828 -0.424657
vt 3.173828 -0.235263
vt 3.173828 -0.045869
vt 3.173828 0.143525
vt 3.173828 0.332919
vt 3.173828 0.522313
vt 3.173828 0.711707
vt 3.173828 0.901101
vt 3.173828 1.090495
vt 3.173828 1.279889
vt 3.173828 1.469283
vt 3.173828 1.658677
vt 3.173828 1.848070
vt 3.173828 2.037464
vt 3.173828 2.226859
vt 3.173828 2.416252
vt 3.173828 2.605646
vt 3.173828 2.795040
vn 0.000000 1.000000 0.000000
usemtl None
s off
f 1156/1/1 100/2/1 4/3/1 101/4/1
f 5/5/1 164/6/1 132/7/1 3/8/1
f 164/6/1 196/9/1 131/10/1 132/7/1
f 196/9/1 228/11/1 130/12/1 131/10/1
f 228/11/1 260/13/1 129/14/1 130/12/1
f 260/13/1 292/15/1 128/16/1 129/14/1
f 292/15/1 324/17/1 127/18/1 128/16/1
f 324/17/1 356/19/1 126/20/1 127/18/1
f 356/19/1 388/21/1 125/22/1 126/20/1
f 388/21/1 420/23/1 124/24/1 125/22/1
f 420/23/1 452/25/1 123/26/1 124/24/1
f 452/25/1 484/27/1 122/28/1 123/26/1
f 484/27/1 516/29/1 121/30/1 122/28/1
f 516/29/1 548/31/1 120/32/1 121/30/1
f 548/31/1 580/33/1 119/34/1 120/32/1
f 580/33/1 612/35/1 118/36/1 119/34/1
f 612/35/1 644/37/1 117/38/1 118/36/1
f 644/37/1 676/39/1 116/40/1 117/38/1
f 676/39/1 708/41/1 115/42/1 116/40/1
f 708/41/1 740/43/1 114/44/1 115/42/1
f 740/43/1 772/45/1 113/46/1 114/44/1
f 772/45/1 804/47/1 112/48/1 113/46/1
f 804/47/1 836/49/1 111/50/1 112/48/1
f 836/49/1 868/51/1 110/52/1 111/50/1
f 868/51/1 900/53/1 109/54/1 110/52/1
f 900/53/1 932/55/1 108/56/1 109/54/1
f 932/55/1 964/57/1 107/58/1 108/56/1
f 964/57/1 996/59/1 106/60/1 107/58/1
f 996/59/1 1028/61/1 105/62/1 106/60/1
f 1028/61/1 1060/63/1 104/64/1 105/62/1
f 1060/63/1 1092/65/1 103/66/1 104/64/1
f 1092/65/1 1124/67/1 102/68/1 103/66/1
f 1124/67/1 1156/1/1 101/4/1 102/68/1
f 1/69/1 37/70/1 133/71/1 36/72/1
f 36/72/1 133/71/1 134/73/1 35/74/1
f 35/74/1 134/73/1 135/75/1 34/76/1
f 34/76/1 135/75/1 136/77/1 33/78/1
f 33/78/1 136/77/1 137/79/1 32/80/1
f 32/80/1 137/79/1 138/81/1 31/82/1
f 31/82/1 138/81/1 139/83/1 30/84/1
f 30/84/1 139/83/1 140/85/1 29/86/1
f 29/86/1 140/85/1 141/87/1 28/88/1
f 28/88/1 141/87/1 142/89/1 27/90/1
f 27/90/1 142/89/1 143/91/1 26/92/1
f 26/92/1 143/91/1 144/93/1 25/94/1
f 25/94/1 144/93/1 145/95/1 24/96/1
f 24/96/1 145/95/1 146/97/1 23/98/1
f 23/98/1 146/97/1 147/99/1 22/100/1
f 22/100/1 147/99/1 148/101/1 21/102/1
f 21/102/1 148/101/1 149/103/1 20/104/1
f 20/104/1 149/103/1 150/105/1 19/106/1
f 19/106/1 150/105/1 151/107/1 18/108/1
f 18/108/1 151/107/1 152/109/1 17/110/1
f 17/110/1 152/109/1 153/111/1 16/112/1
f 16/112/1 153/111/1 154/113/1 15/114/1
f 15/114/1 154/113/1 155/115/1 14/116/1
f 14/116/1 155/115/1 156/117/1 13/118/1
f 13/118/1 156/117/1 157/119/1 12/120/1
f 12/120/1 157/119/1 158/121/1 11/122/1
f 11/122/1 158/121/1 159/123/1 10/124/1
f 10/124/1 159/123/1 160/125/1 9/126/1
f 9/126/1 160/125/1 161/127/1 8/128/1
f 8/128/1 161/127/1 162/129/1 7/130/1
f 7/130/1 162/129/1 163/131/1 6/132/1
f 6/132/1 163/131/1 164/6/1 5/5/1
f 37/70/1 38/133/1 165/134/1 133/71/1
f 133/71/1 165/134/1 166/135/1 134/73/1
f 134/73/1 166/135/1 167/136/1 135/75/1
f 135/75/1 167/136/1 168/137/1 136/77/1
f 136/77/1 168/137/1 169/138/1 137/79/1
f 137/79/1 169/138/1 170/139/1 138/81/1
f 138/81/1 170/139/1 171/140/1 139/83/1
f 139/83/1 171/140/1 172/141/1 140/85/1
f 140/85/1 172/141/1 173/142/1 141/87/1
f 141/87/1 173/142/1 174/143/1 142/89/1
f 142/89/1 174/143/1 175/144/1 143/91/1
f 143/91/1 175/144/1 176/145/1 144/93/1
f 144/93/1 176/145/1 177/146/1 145/95/1
f 145/95/1 177/146/1 178/147/1 146/97/1
f 146/97/1 178/147/1 179/148/1 147/99/1
f 147/99/1 179/148/1 180/149/1 148/101/1
f 148/101/1 180/149/1 181/150/1 149/103/1
f 149/103/1 181/150/1 182/151/1 150/105/1
f 150/105/1 182/151/1 183/152/1 151/107/1
f 151/107/1 183/152/1 184/153/1 152/109/1
f 152/109/1 184/153/1 185/154/1 153/111/1
f 153/111/1 185/154/1 186/155/1 154/113/1
f 154/113/1 186/155/1 187/156/1 155/115/1
f 155/115/1 187/156/1 188/157/1 156/117/1
f 156/117/1 188/157/1 189/158/1 157/119/1
f 157/119/1 189/158/1 190/159/1 158/121/1
f 158/121/1 190/159/1 191/160/1 159/123/1
f 159/123/1 191/160/1 192/161/1 160/125/1
f 160/125/1 192/161/1 193/162/1 161/127/1
f 161/127/1 193/162/1 194/163/1 162/129/1
f 162/129/1 194/163/1 195/164/1 163/131/1
f 163/131/1 195/164/1 196/9/1 164/6/1
f 38/133/1 39/165/1 197/166/1 165/134/1
f 165/134/1 197/166/1 198/167/1 166/135/1
f 166/135/1 198/167/1 199/168/1 167/136/1
f 167/136/1 199/168/1 200/169/1 168/137/1
f 168/137/1 200/169/1 201/170/1 169/138/1
f 169/138/1 201/170/1 202/171/1 170/139/1
f 170/139/1 202/171/1 203/172/1 171/140/1
f 171/140/1 203/172/1 204/173/1 172/141/1
f 172/141/1 204/173/1 205/174/1 173/142/1
f 173/142/1 205/174/1 206/175/1 174/143/1
f 174/143/1 206/175/1 207/176/1 175/144/1
f 175/144/1 207/176/1 208/177/1 176/145/1
f 176/145/1 208/177/1 209/178/1 177/146/1
f 177/146/1 209/178/1 210/179/1 178/147/1
f 178/147/1 210/179/1 211/180/1 179/148/1
f 179/148/1 211/180/1 212/181/1 180/149/1
f 180/149/1 212/181/1 213/182/1 181/150/1
f 181/150/1 213/182/1 214/183/1 182/151/1
f 182/151/1 214/183/1 215/184/1 183/152/1
f 183/152/1 215/184/1 216/185/1 184/153/1
f 184/153/1 216/185/1 217/186/1 185/154/1
f 185/154/1 217/186/1 218/187/1 186/155/1
f 186/155/1 218/187/1 219/188/1 187/156/1
f 187/156/1 219/188/1 220/189/1 188/157/1
f 188/157/1 220/189/1 221/190/1 189/158/1
f 189/158/1 221/190/1 222/191/1 190/159/1
f 190/159/1 222/191/1 223/192/1 191/160/1
f 191/160/1 223/192/1 224/193/1 192/161/1
f 192/161/1 224/193/1 225/194/1 193/162/1
f 193/162/1 225/194/1 226/195/1 194/163/1
f 194/163/1 226/195/1 227/196/1 195/164/1
f 195/164/1 227/196/1 228/11/1 196/9/1
f 39/165/1 40/197/1 229/198/1 197/166/1
f 197/166/1 229/198/1 230/199/1 198/167/1
f 198/167/1 230/199/1 231/200/1 199/168/1
f 199/168/1 231/200/1 232/201/1 200/169/1
f 200/169/1 232/201/1 233/202/1 201/170/1
f 201/170/1 233/202/1 234/203/1 202/171/1
f 202/171/1 234/203/1 235/204/1 203/172/1
f 203/172/1 235/204/1 236/205/1 204/173/1
f 204/173/1 236/205/1 237/206/1 205/174/1
f 205/174/1 237/206/1 238/207/1 206/175/1
f 206/175/1 238/207/1 239/208/1 207/176/1
f 207/176/1 239/208/1 240/209/1 208/177/1
f 208/177/1 240/209/1 241/210/1 209/178/1
f 209/178/1 241/210/1 242/211/1 210/179/1
f 210/179/1 242/211/1 243/212/1 211/180/1
f 211/180/1 243/212/1 244/213/1 212/181/1
f 212/181/1 244/213/1 245/214/1 213/182/1
f 213/182/1 245/214/1 246/215/1 214/183/1
f 214/183/1 246/215/1 247/216/1 215/184/1
f 215/184/1 247/216/1 248/217/1 216/185/1
f 216/185/1 248/217/1 249/218/1 217/186/1
f 217/186/1 249/218/1 250/219/1 218/187/1
f 218/187/1 250/219/1 251/220/1 219/188/1
f 219/188/1 251/220/1 252/221/1 220/189/1
f 220/189/1 252/221/1 253/222/1 221/190/1
f 221/190/1 253/222/1 254/223/1 222/191/1
f 222/191/1 254/223/1 255/224/1 223/192/1
f 223/192/1 255/224/1 256/225/1 224/193/1
f 224/193/1 256/225/1 257/226/1 225/194/1
f 225/194/1 257/226/1 258/227/1 226/195/1
f 226/195/1 258/227/1 259/228/1 227/196/1
f 227/196/1 259/228/1 260/13/1 228/11/1
f 40/197/1 41/229/1 261/230/1 229/198/1
f 229/198/1 261/230/1 262/231/1 230/199/1
f 230/199/1 262/231/1 263/232/1 231/200/1
f 231/200/1 263/232/1 264/233/1 232/201/1
f 232/201/1 264/233/1 265/234/1 233/202/1
f 233/202/1 265/234/1 266/235/1 234/203/1
f 234/203/1 266/235/1 267/236/1 235/204/1
f 235/204/1 267/236/1 268/237/1 236/205/1
f 236/205/1 268/237/1 269/238/1 237/206/1
f 237/206/1 269/238/1 270/239/1 238/207/1
f 238/207/1 270/239/1 271/240/1 239/208/1
f 239/208/1 271/240/1 272/241/1 240/209/1
f 240/209/1 272/241/1 273/242/1 241/210/1
f 241/210/1 273/242/1 274/243/1 242/211/1
f 242/211/1 274/243/1 275/244/1 243/212/1
f 243/212/1 275/244/1 276/245/1 244/213/1
f 244/213/1 276/245/1 277/246/1 245/214/1
f 245/214/1 277/246/1 278/247/1 246/215/1
f 246/215/1 278/247/1 279/248/1 247/216/1
f 247/216/1 279/248/1 280/249/1 248/217/1
f 248/217/1 280/249/1 281/250/1 249/218/1
f 249/218/1 281/250/1 282/251/1 250/219/1
f 250/219/1 282/251/1 283/252/1 251/220/1
f 251/220/1 283/252/1 284/253/1 252/221/1
f 252/221/1 284/253/1 285/254/1 253/222/1
f 253/222/1 285/254/1 286/255/1 254/223/1
f 254/223/1 286/255/1 287/256/1 255/224/1
f 255/224/1 287/256/1 288/257/1 256/225/1
f 256/225/1 288/257/1 289/258/1 257/226/1
f 257/226/1 289/258/1 290/259/1 258/227/1
f 258/227/1 290/259/1 291/260/1 259/228/1
f 259/228/1 291/260/1 292/15/1 260/13/1
f 41/229/1 42/261/1 293/262/1 261/230/1
f 261/230/1 293/262/1 294/263/1 262/231/1
f 262/231/1 294/263/1 295/264/1 263/232/1
f 263/232/1 295/264/1 296/265/1 264/233/1
f 264/233/1 296/265/1 297/266/1 265/234/1
f 265/234/1 297/266/1 298/267/1 266/235/1
f 266/235/1 298/267/1 299/268/1 267/236/1
f 267/236/1 299/268/1 300/269/1 268/237/1
f 268/237/1 300/269/1 301/270/1 269/238/1
f 269/238/1 301/270/1 302/271/1 270/239/1
f 270/239/1 302/271/1 303/272/1 271/240/1
f 271/240/1 303/272/1 304/273/1 272/241/1
f 272/241/1 304/273/1 305/274/1 273/242/1
f 273/242/1 305/274/1 306/275/1 274/243/1
f 274/243/1 306/275/1 307/276/1 275/244/1
f 275/244/1 307/276/1 308/277/1 276/245/1
f 276/245/1 308/277/1 309/278/1 277/246/1
f 277/246/1 309/278/1 310/279/1 278/247/1
f 278/247/1 310/279/1 311/280/1 279/248/1
f 279/248/1 311/280/1 312/281/1 280/249/1
f 280/249/1 312/281/1 313/282/1 281/250/1
f 281/250/1 313/282/1 314/283/1 282/251/1
f 282/251/1 314/283/1 315/284/1 283/252/1
f 283/252/1 315/284/1 316/285/1 284/253/1
f 284/253/1 316/285/1 317/286/1 285/254/1
f 285/254/1 317/286/1 318/287/1 286/255/1
f 286/255/1 318/287/1 319/288/1 287/256/1
f 287/256/1 319/288/1 320/289/1 288/257/1
f 288/257/1 320/289/1 321/290/1 289/258/1
f 289/258/1 321/290/1 322/291/1 290/259/1
f 290/259/1 322/291/1 323/292/1 291/260/1
f 291/260/1 323/292/1 324/17/1 292/15/1
f 42/261/1 43/293/1 325/294/1 293/262/1
f 293/262/1 325/294/1 326/295/1 294/263/1
f 294/263/1 326/295/1 327/296/1 295/264/1
f 295/264/1 327/296/1 328/297/1 296/265/1
f 296/265/1 328/297/1 329/298/1 297/266/1
f 297/266/1 329/298/1 330/299/1 298/267/1
f 298/267/1 330/299/1 331/300/1 299/268/1
f 299/268/1 331/300/1 332/301/1 300/269/1
f 300/269/1 332/301/1 333/302/1 301/270/1
f 301/270/1 333/302/1 334/303/1 302/271/1
f 302/271/1 334/303/1 335/304/1 303/272/1
f 303/272/1 335/304/1 336/305/1 304/273/1
f 304/273/1 336/305/1 337/306/1 305/274/1
f 305/274/1 337/306/1 338/307/1 306/275/1
f 306/275/1 338/307/1 339/308/1 307/276/1
f 307/276/1 339/308/1 340/309/1 308/277/1
f 308/277/1 340/309/1 341/310/1 309/278/1
f 309/278/1 341/310/1 342/311/1 310/279/1
f 310/279/1 342/311/1 343/312/1 311/280/1
f 311/280/1 343/312/1 344/313/1 312/281/1
f 312/281/1 344/313/1 345/314/1 313/282/1
f 313/282/1 345/314/1 346/315/1 314/283/1
f 314/283/1 346/315/1 347/316/1 315/284/1
f 315/284/1 347/316/1 348/317/1 316/285/1
f 316/285/1 348/317/1 349/318/1 317/286/1
f 317/286/1 349/318/1 350/319/1 318/287/1
f 318/287/1 350/319/1 351/320/1 319/288/1
f 319/288/1 351/320/1 352/321/1 320/289/1
f 320/289/1 352/321/1 353/322/1 321/290/1
f 321/290/1 353/322/1 354/323/1 322/291/1
f 322/291/1 354/323/1 355/324/1 323/292/1
f 323/292/1 355/324/1 356/19/1 324/17/1
f 43/293/1 44/325/1 357/326/1 325/294/1
f 325/294/1 357/326/1 358/327/1 326/295/1
f 326/295/1 358/327/1 359/328/1 327/296/1
f 327/296/1 359/328/1 360/329/1 328/297/1
f 328/297/1 360/329/1 361/330/1 329/298/1
f 329/298/1 361/330/1 362/331/1 330/299/1
f 330/299/1 362/331/1 363/332/1 331/300/1
f 331/300/1 363/332/1 364/333/1 332/301/1
f 332/301/1 364/333/1 365/334/1 333/302/1
f 333/302/1 365/334/1 366/335/1 334/303/1
f 334/303/1 366/335/1 367/336/1 335/304/1
f 335/304/1 367/336/1 368/337/1 336/305/1
f 336/305/1 368/337/1 369/338/1 337/306/1
f 337/306/1 369/338/1 370/339/1 338/307/1
f 338/307/1 370/339/1 371/340/1 339/308/1
f 339/308/1 371/340/1 372/341/1 340/309/1
f 340/309/1 372/341/1 373/342/1 341/310/1
f 341/310/1 373/342/1 374/343/1 342/311/1
f 342/311/1 374/343/1 375/344/1 343/312/1
f 343/312/1 375/344/1 376/345/1 344/313/1
f 344/313/1 376/345/1 377/346/1 345/314/1
f 345/314/1 377/346/1 378/347/1 346/315/1
f 346/315/1 378/347/1 379/348/1 347/316/1
f 347/316/1 379/348/1 380/349/1 348/317/1
f 348/317/1 380/349/1 381/350/1 349/318/1
f 349/318/1 381/350/1 382/351/1 350/319/1
f 350/319/1 382/351/1 383/352/1 351/320/1
f 351/320/1 383/352/1 384/353/1 352/321/1
f 352/321/1 384/353/1 385/354/1 353/322/1
f 353/322/1 385/354/1 386/355/1 354/323/1
f 354/323/1 386/355/1 387/356/1 355/324/1
f 355/324/1 387/356/1 388/21/1 356/19/1
f 44/325/1 45/357/1 389/358/1 357/326/1
f 357/326/1 389/358/1 390/359/1 358/327/1
f 358/327/1 390/359/1 391/360/1 359/328/1
f 359/328/1 391/360/1 392/361/1 360/329/1
f 360/329/1 392/361/1 393/362/1 361/330/1
f 361/330/1 393/362/1 394/363/1 362/331/1
f 362/331/1 394/363/1 395/364/1 363/332/1
f 363/332/1 395/364/1 396/365/1 364/333/1
f 364/333/1 396/365/1 397/366/1 365/334/1
f 365/334/1 397/366/1 398/367/1 366/335/1
f 366/335/1 398/367/1 399/368/1 367/336/1
f 367/336/1 399/368/1 400/369/1 368/337/1
f 368/337/1 400/369/1 401/370/1 369/338/1
f 369/338/1 401/370/1 402/371/1 370/339/1
f 370/339/1 402/371/1 403/372/1 371/340/1
f 371/340/1 403/372/1 404/373/1 372/341/1
f 372/341/1 404/373/1 405/374/1 373/342/1
f 373/342/1 405/374/1 406/375/1 374/343/1
f 374/343/1 406/375/1 407/376/1 375/344/1
f 375/344/1 407/376/1 408/377/1 376/345/1
f 376/345/1 408/377/1 409/378/1 377/346/1
f 377/346/1 409/378/1 410/379/1 378/347/1
f 378/347/1 410/379/1 411/380/1 379/348/1
f 379/348/1 411/380/1 412/381/1 380/349/1
f 380/349/1 412/381/1 413/382/1 381/350/1
f 381/350/1 413/382/1 414/383/1 382/351/1
f 382/351/1 414/383/1 415/384/1 383/352/1
f 383/352/1 415/384/1 416/385/1 384/353/1
f 384/353/1 416/385/1 417/386/1 385/354/1
f 385/354/1 417/386/1 418/387/1 386/355/1
f 386/355/1 418/387/1 419/388/1 387/356/1
f 387/356/1 419/388/1 420/23/1 388/21/1
f 45/357/1 46/389/1 421/390/1 389/358/1
f 389/358/1 421/390/1 422/391/1 390/359/1
f 390/359/1 422/391/1 423/392/1 391/360/1
f 391/360/1 423/392/1 424/393/1 392/361/1
f 392/361/1 424/393/1 425/394/1 393/362/1
f 393/362/1 425/394/1 426/395/1 394/363/1
f 394/363/1 426/395/1 427/396/1 395/364/1
f 395/364/1 427/396/1 428/397/1 396/365/1
f 396/365/1 428/397/1 429/398/1 397/366/1
f 397/366/1 429/398/1 430/399/1 398/367/1
f 398/367/1 430/399/1 431/400/1 399/368/1
f 399/368/1 431/400/1 432/401/1 400/369/1
f 400/369/1 432/401/1 433/402/1 401/370/1
f 401/370/1 433/402/1 434/403/1 402/371/1
f 402/371/1 434/403/1 435/404/1 403/372/1
f 403/372/1 435/404/1 436/405/1 404/373/1
f 404/373/1 436/405/1 437/406/1 405/374/1
f 405/374/1 437/406/1 438/407/1 406/375/1
f 406/375/1 438/407/1 439/408/1 407/376/1
f 407/376/1 439/408/1 440/409/1 408/377/1
f 408/377/1 440/409/1 441/410/1 409/378/1
f 409/378/1 441/410/1 442/411/1 410/379/1
f 410/379/1 442/411/1 443/412/1 411/380/1
f 411/380/1 443/412/1 444/413/1 412/381/1
f 412/381/1 444/413/1 445/414/1 413/382/1
f 413/382/1 445/414/1 446/415/1 414/383/1
f 414/383/1 446/415/1 447/416/1 415/384/1
f 415/384/1 447/416/1 448/417/1 416/385/1
f 416/385/1 448/417/1 449/418/1 417/386/1
f 417/386/1 449/418/1 450/419/1 418/387/1
f 418/387/1 450/419/1 451/420/1 419/388/1
f 419/388/1 451/420/1 452/25/1 420/23/1
f 46/389/1 47/421/1 453/422/1 421/390/1
f 421/390/1 453/422/1 454/423/1 422/391/1
f 422/391/1 454/423/1 455/424/1 423/392/1
f 423/392/1 455/424/1 456/425/1 424/393/1
f 424/393/1 456/425/1 457/426/1 425/394/1
f 425/394/1 457/426/1 458/427/1 426/395/1
f 426/395/1 458/427/1 459/428/1 427/396/1
f 427/396/1 459/428/1 460/429/1 428/397/1
f 428/397/1 460/429/1 461/430/1 429/398/1
f 429/398/1 461/430/1 462/431/1 430/399/1
f 430/399/1 462/431/1 463/432/1 431/400/1
f 431/400/1 463/432/1 464/433/1 432/401/1
f 432/401/1 464/433/1 465/434/1 433/402/1
f 433/402/1 465/434/1 466/435/1 434/403/1
f 434/403/1 466/435/1 467/436/1 435/404/1
f 435/404/1 467/436/1 468/437/1 436/405/1
f 436/405/1 468/437/1 469/438/1 437/406/1
f 437/406/1 469/438/1 470/439/1 438/407/1
f 438/407/1 470/439/1 471/440/1 439/408/1
f 439/408/1 471/440/1 472/441/1 440/409/1
f 440/409/1 472/441/1 473/442/1 441/410/1
f 441/410/1 473/442/1 474/443/1 442/411/1
f 442/411/1 474/443/1 475/444/1 443/412/1
f 443/412/1 475/444/1 476/445/1 444/413/1
f 444/413/1 476/445/1 477/446/1 445/414/1
f 445/414/1 477/446/1 478/447/1 446/415/1
f 446/415/1 478/447/1 479/448/1 447/416/1
f 447/416/1 479/448/1 480/449/1 448/417/1
f 448/417/1 480/449/1 481/450/1 449/418/1
f 449/418/1 481/450/1 482/451/1 450/419/1
f 450/419/1 482/451/1 483/452/1 451/420/1
f 451/420/1 483/452/1 484/27/1 452/25/1
f 47/421/1 48/453/1 485/454/1 453/422/1
f 453/422/1 485/454/1 486/455/1 454/423/1
f 454/423/1 486/455/1 487/456/1 455/424/1
f 455/424/1 487/456/1 488/457/1 456/425/1
f 456/425/1 488/457/1 489/458/1 457/426/1
f 457/426/1 489/458/1 490/459/1 458/427/1
f 458/427/1 490/459/1 491/460/1 459/428/1
f 459/428/1 491/460/1 492/461/1 460/429/1
f 460/429/1 492/461/1 493/462/1 461/430/1
f 461/430/1 493/462/1 494/463/1 462/431/1
f 462/431/1 494/463/1 495/464/1 463/432/1
f 463/432/1 495/464/1 496/465/1 464/433/1
f 464/433/1 496/465/1 497/466/1 465/434/1
f 465/434/1 497/466/1 498/467/1 466/435/1
f 466/435/1 498/467/1 499/468/1 467/436/1
f 467/436/1 499/468/1 500/469/1 468/437/1
f 468/437/1 500/469/1 501/470/1 469/438/1
f 469/438/1 501/470/1 502/471/1 470/439/1
f 470/439/1 502/471/1 503/472/1 471/440/1
f 471/440/1 503/472/1 504/473/1 472/441/1
f 472/441/1 504/473/1 505/474/1 473/442/1
f 473/442/1 505/474/1 506/475/1 474/443/1
f 474/443/1 506/475/1 507/476/1 475/444/1
f 475/444/1 507/476/1 508/477/1 476/445/1
f 476/445/1 508/477/1 509/478/1 477/446/1
f 477/446/1 509/478/1 510/479/1 478/447/1
f 478/447/1 510/479/1 511/480/1 479/448/1
f 479/448/1 511/480/1 512/481/1 480/449/1
f 480/449/1 512/481/1 513/482/1 481/450/1
f 481/450/1 513/482/1 514/483/1 482/451/1
f 482/451/1 514/483/1 515/484/1 483/452/1
f 483/452/1 515/484/1 516/29/1 484/27/1
f 48/453/1 49/485/1 517/486/1 485/454/1
f 485/454/1 517/486/1 518/487/1 486/455/1
f 486/455/1 518/487/1 519/488/1 487/456/1
f 487/456/1 519/488/1 520/489/1 488/457/1
f 488/457/1 520/489/1 521/490/1 489/458/1
f 489/458/1 521/490/1 522/491/1 490/459/1
f 490/459/1 522/491/1 523/492/1 491/460/1
f 491/460/1 523/492/1 524/493/1 492/461/1
f 492/461/1 524/493/1 525/494/1 493/462/1
f 493/462/1 525/494/1 526/495/1 494/463/1
f 494/463/1 526/495/1 527/496/1 495/464/1
f 495/464/1 527/496/1 528/497/1 496/465/1
f 496/465/1 528/497/1 529/498/1 497/466/1
f 497/466/1 529/498/1 530/499/1 498/467/1
f 498/467/1 530/499/1 531/500/1 499/468/1
f 499/468/1 531/500/1 532/501/1 500/469/1
f 500/469/1 532/501/1 533/502/1 501/470/1
f 501/470/1 533/502/1 534/503/1 502/471/1
f 502/471/1 534/503/1 535/504/1 503/472/1
f 503/472/1 535/504/1 536/505/1 504/473/1
f 504/473/1 536/505/1 537/506/1 505/474/1
f 505/474/1 537/506/1 538/507/1 506/475/1
f 506/475/1 538/507/1 539/508/1 507/476/1
f 507/476/1 539/508/1 540/509/1 508/477/1
f 508/477/1 540/509/1 541/510/1 509/478/1
f 509/478/1 541/510/1 542/511/1 510/479/1
f 510/479/1 542/511/1 543/512/1 511/480/1
f 511/480/1 543/512/1 544/513/1 512/481/1
f 512/481/1 544/513/1 545/514/1 513/482/1
f 513/482/1 545/514/1 546/515/1 514/483/1
f 514/483/1 546/515/1 547/516/1 515/484/1
f 515/484/1 547/516/1 548/31/1 516/29/1
f 49/485/1 50/517/1 549/518/1 517/486/1
f 517/486/1 549/518/1 550/519/1 518/487/1
f 518/487/1 550/519/1 551/520/1 519/488/1
f 519/488/1 551/520/1 552/521/1 520/489/1
f 520/489/1 552/521/1 553/522/1 521/490/1
f 521/490/1 553/522/1 554/523/1 522/491/1
f 522/491/1 554/523/1 555/524/1 523/492/1
f 523/492/1 555/524/1 556/525/1 524/493/1
f 524/493/1 556/525/1 557/526/1 525/494/1
f 525/494/1 557/526/1 558/527/1 526/495/1
f 526/495/1 558/527/1 559/528/1 527/496/1
f 527/496/1 559/528/1 560/529/1 528/497/1
f 528/497/1 560/529/1 561/530/1 529/498/1
f 529/498/1 561/530/1 562/531/1 530/499/1
f 530/499/1 562/531/1 563/532/1 531/500/1
f 531/500/1 563/532/1 564/533/1 532/501/1
f 532/501/1 564/533/1 565/534/1 533/502/1
f 533/502/1 565/534/1 566/535/1 534/503/1
f 534/503/1 566/535/1 567/536/1 535/504/1
f 535/504/1 567/536/1 568/537/1 536/505/1
f 536/505/1 568/537/1 569/538/1 537/506/1
f 537/506/1 569/538/1 570/539/1 538/507/1
f 538/507/1 570/539/1 571/540/1 539/508/1
f 539/508/1 571/540/1 572/541/1 540/509/1
f 540/509/1 572/541/1 573/542/1 541/510/1
f 541/510/1 573/542/1 574/543/1 542/511/1
f 542/511/1 574/543/1 575/544/1 543/512/1
f 543/512/1 575/544/1 576/545/1 544/513/1
f 544/513/1 576/545/1 577/546/1 545/514/1
f 545/514/1 577/546/1 578/547/1 546/515/1
f 546/515/1 578/547/1 579/548/1 547/516/1
f 547/516/1 579/548/1 580/33/1 548/31/1
f 50/517/1 51/549/1 581/550/1 549/518/1
f 549/518/1 581/550/1 582/551/1 550/519/1
f 550/519/1 582/551/1 583/552/1 551/520/1
f 551/520/1 583/552/1 584/553/1 552/521/1
f 552/521/1 584/553/1 585/554/1 553/522/1
f 553/522/1 585/554/1 586/555/1 554/523/1
f 554/523/1 586/555/1 587/556/1 555/524/1
f 555/524/1 587/556/1 588/557/1 556/525/1
f 556/525/1 588/557/1 589/558/1 557/526/1
f 557/526/1 589/558/1 590/559/1 558/527/1
f 558/527/1 590/559/1 591/560/1 559/528/1
f 559/528/1 591/560/1 592/561/1 560/529/1
f 560/529/1 592/561/1 593/562/1 561/530/1
f 561/530/1 593/562/1 594/563/1 562/531/1
f 562/531/1 594/563/1 595/564/1 563/532/1
f 563/532/1 595/564/1 596/565/1 564/533/1
f 564/533/1 596/565/1 597/566/1 565/534/1
f 565/534/1 597/566/1 598/567/1 566/535/1
f 566/535/1 598/567/1 599/568/1 567/536/1
f 567/536/1 599/568/1 600/569/1 568/537/1
f 568/537/1 600/569/1 601/570/1 569/538/1
f 569/538/1 601/570/1 602/571/1 570/539/1
f 570/539/1 602/571/1 603/572/1 571/540/1
f 571/540/1 603/572/1 604/573/1 572/541/1
f 572/541/1 604/573/1 605/574/1 573/542/1
f 573/542/1 605/574/1 606/575/1 574/543/1
f 574/543/1 606/575/1 607/576/1 575/544/1
f 575/544/1 607/576/1 608/577/1 576/545/1
f 576/545/1 608/577/1 609/578/1 577/546/1
f 577/546/1 609/578/1 610/579/1 578/547/1
f 578/547/1 610/579/1 611/580/1 579/548/1
f 579/548/1 611/580/1 612/35/1 580/33/1
f 51/549/1 52/581/1 613/582/1 581/550/1
f 581/550/1 613/582/1 614/583/1 582/551/1
f 582/551/1 614/583/1 615/584/1 583/552/1
f 583/552/1 615/584/1 616/585/1 584/553/1
f 584/553/1 616/585/1 617/586/1 585/554/1
f 585/554/1 617/586/1 618/587/1 586/555/1
f 586/555/1 618/587/1 619/588/1 587/556/1
f 587/556/1 619/588/1 620/589/1 588/557/1
f 588/557/1 620/589/1 621/590/1 589/558/1
f 589/558/1 621/590/1 622/591/1 590/559/1
f 590/559/1 622/591/1 623/592/1 591/560/1
f 591/560/1 623/592/1 624/593/1 592/561/1
f 592/561/1 624/593/1 625/594/1 593/562/1
f 593/562/1 625/594/1 626/595/1 594/563/1
f 594/563/1 626/595/1 627/596/1 595/564/1
f 595/564/1 627/596/1 628/597/1 596/565/1
f 596/565/1 628/597/1 629/598/1 597/566/1
f 597/566/1 629/598/1 630/599/1 598/567/1
f 598/567/1 630/599/1 631/600/1 599/568/1
f 599/568/1 631/600/1 632/601/1 600/569/1
f 600/569/1 632/601/1 633/602/1 601/570/1
f 601/570/1 633/602/1 634/603/1 602/571/1
f 602/571/1 634/603/1 635/604/1 603/572/1
f 603/572/1 635/604/1 636/605/1 604/573/1
f 604/573/1 636/605/1 637/606/1 605/574/1
f 605/574/1 637/606/1 638/607/1 606/575/1
f 606/575/1 638/607/1 639/608/1 607/576/1
f 607/576/1 639/608/1 640/609/1 608/577/1
f 608/577/1 640/609/1 641/610/1 609/578/1
f 609/578/1 641/610/1 642/611/1 610/579/1
f 610/579/1 642/611/1 643/612/1 611/580/1
f 611/580/1 643/612/1 644/37/1 612/35/1
f 52/581/1 53/613/1 645/614/1 613/582/1
f 613/582/1 645/614/1 646/615/1 614/583/1
f 614/583/1 646/615/1 647/616/1 615/584/1
f 615/584/1 647/616/1 648/617/1 616/585/1
f 616/585/1 648/617/1 649/618/1 617/586/1
f 617/586/1 649/618/1 650/619/1 618/587/1
f 618/587/1 650/619/1 651/620/1 619/588/1
f 619/588/1 651/620/1 652/621/1 620/589/1
f 620/589/1 652/621/1 653/622/1 621/590/1
f 621/590/1 653/622/1 654/623/1 622/591/1
f 622/591/1 654/623/1 655/624/1 623/592/1
f 623/592/1 655/624/1 656/625/1 624/593/1
f 624/593/1 656/625/1 657/626/1 625/594/1
f 625/594/1 657/626/1 658/627/1 626/595/1
f 626/595/1 658/627/1 659/628/1 627/596/1
f 627/596/1 659/628/1 660/629/1 628/597/1
f 628/597/1 660/629/1 661/630/1 629/598/1
f 629/598/1 661/630/1 662/631/1 630/599/1
f 630/599/1 662/631/1 663/632/1 631/600/1
f 631/600/1 663/632/1 664/633/1 632/601/1
f 632/601/1 664/633/1 665/634/1 633/602/1
f 633/602/1 665/634/1 666/635/1 634/603/1
f 634/603/1 666/635/1 667/636/1 635/604/1
f 635/604/1 667/636/1 668/637/1 636/605/1
f 636/605/1 668/637/1 669/638/1 637/606/1
f 637/606/1 669/638/1 670/639/1 638/607/1
f 638/607/1 670/639/1 671/640/1 639/608/1
f 639/608/1 671/640/1 672/641/1 640/609/1
f 640/609/1 672/641/1 673/642/1 641/610/1
f 641/610/1 673/642/1 674/643/1 642/611/1
f 642/611/1 674/643/1 675/644/1 643/612/1
f 643/612/1 675/644/1 676/39/1 644/37/1
f 53/613/1 54/645/1 677/646/1 645/614/1
f 645/614/1 677/646/1 678/647/1 646/615/1
f 646/615/1 678/647/1 679/648/1 647/616/1
f 647/616/1 679/648/1 680/649/1 648/617/1
f 648/617/1 680/649/1 681/650/1 649/618/1
f 649/618/1 681/650/1 682/651/1 650/619/1
f 650/619/1 682/651/1 683/652/1 651/620/1
f 651/620/1 683/652/1 684/653/1 652/621/1
f 652/621/1 684/653/1 685/654/1 653/622/1
f 653/622/1 685/654/1 686/655/1 654/623/1
f 654/623/1 686/655/1 687/656/1 655/624/1
f 655/624/1 687/656/1 688/657/1 656/625/1
f 656/625/1 688/657/1 689/658/1 657/626/1
f 657/626/1 689/658/1 690/659/1 658/627/1
f 658/627/1 690/659/1 691/660/1 659/628/1
f 659/628/1 691/660/1 692/661/1 660/629/1
f 660/629/1 692/661/1 693/662/1 661/630/1
f 661/630/1 693/662/1 694/663/1 662/631/1
f 662/631/1 694/663/1 695/664/1 663/632/1
f 663/632/1 695/664/1 696/665/1 664/633/1
f 664/633/1 696/665/1 697/666/1 665/634/1
f 665/634/1 697/666/1 698/667/1 666/635/1
f 666/635/1 698/667/1 699/668/1 667/636/1
f 667/636/1 699/668/1 700/669/1 668/637/1
f 668/637/1 700/669/1 701/670/1 669/638/1
f 669/638/1 701/670/1 702/671/1 670/639/1
f 670/639/1 702/671/1 703/672/1 671/640/1
f 671/640/1 703/672/1 704/673/1 672/641/1
f 672/641/1 704/673/1 705/674/1 673/642/1
f 673/642/1 705/674/1 706/675/1 674/643/1
f 674/643/1 706/675/1 707/676/1 675/644/1
f 675/644/1 707/676/1 708/41/1 676/39/1
f 54/645/1 55/677/1 709/678/1 677/646/1
f 677/646/1 709/678/1 710/679/1 678/647/1
f 678/647/1 710/679/1 711/680/1 679/648/1
f 679/648/1 711/680/1 712/681/1 680/649/1
f 680/649/1 712/681/1 713/682/1 681/650/1
f 681/650/1 713/682/1 714/683/1 682/651/1
f 682/651/1 714/683/1 715/684/1 683/652/1
f 683/652/1 715/684/1 716/685/1 684/653/1
f 684/653/1 716/685/1 717/686/1 685/654/1
f 685/654/1 717/686/1 718/687/1 686/655/1
f 686/655/1 718/687/1 719/688/1 687/656/1
f 687/656/1 719/688/1 720/689/1 688/657/1
f 688/657/1 720/689/1 721/690/1 689/658/1
f 689/658/1 721/690/1 722/691/1 690/659/1
f 690/659/1 722/691/1 723/692/1 691/660/1
f 691/660/1 723/692/1 724/693/1 692/661/1
f 692/661/1 724/693/1 725/694/1 693/662/1
f 693/662/1 725/694/1 726/695/1 694/663/1
f 694/663/1 726/695/1 727/696/1 695/664/1
f 695/664/1 727/696/1 728/697/1 696/665/1
f 696/665/1 728/697/1 729/698/1 697/666/1
f 697/666/1 729/698/1 730/699/1 698/667/1
f 698/667/1 730/699/1 731/700/1 699/668/1
f 699/668/1 731/700/1 732/701/1 700/669/1
f 700/669/1 732/701/1 733/702/1 701/670/1
f 701/670/1 733/702/1 734/703/1 702/671/1
f 702/671/1 734/703/1 735/704/1 703/672/1
f 703/672/1 735/704/1 736/705/1 704/673/1
f 704/673/1 736/705/1 737/706/1 705/674/1
f 705/674/1 737/706/1 738/707/1 706/675/1
f 706/675/1 738/707/1 739/708/1 707/676/1
f 707/676/1 739/708/1 740/43/1 708/41/1
f 55/677/1 56/709/1 741/710/1 709/678/1
f 709/678/1 741/710/1 742/711/1 710/679/1
f 710/679/1 742/711/1 743/712/1 711/680/1
f 711/680/1 743/712/1 744/713/1 712/681/1
f 712/681/1 744/713/1 745/714/1 713/682/1
f 713/682/1 745/714/1 746/715/1 714/683/1
f 714/683/1 746/715/1 747/716/1 715/684/1
f 715/684/1 747/716/1 748/717/1 716/685/1
f 716/685/1 748/717/1 749/718/1 717/686/1
f 717/686/1 749/718/1 750/719/1 718/687/1
f 718/687/1 750/719/1 751/720/1 719/688/1
f 719/688/1 751/720/1 752/721/1 720/689/1
f 720/689/1 752/721/1 753/722/1 721/690/1
f 721/690/1 753/722/1 754/723/1 722/691/1
f 722/691/1 754/723/1 755/724/1 723/692/1
f 723/692/1 755/724/1 756/725/1 724/693/1
f 724/693/1 756/725/1 757/726/1 725/694/1
f 725/694/1 757/726/1 758/727/1 726/695/1
f 726/695/1 758/727/1 759/728/1 727/696/1
f 727/696/1 759/728/1 760/729/1 728/697/1
f 728/697/1 760/729/1 761/730/1 729/698/1
f 729/698/1 761/730/1 762/731/1 730/699/1
f 730/699/1 762/731/1 763/732/1 731/700/1
f 731/700/1 763/732/1 764/733/1 732/701/1
f 732/701/1 764/733/1 765/734/1 733/702/1
f 733/702/1 765/734/1 766/735/1 734/703/1
f 734/703/1 766/735/1 767/736/1 735/704/1
f 735/704/1 767/736/1 768/737/1 736/705/1
f 736/705/1 768/737/1 769/738/1 737/706/1
f 737/706/1 769/738/1 770/739/1 738/707/1
f 738/707/1 770/739/1 771/740/1 739/708/1
f 739/708/1 771/740/1 772/45/1 740/43/1
f 56/709/1 57/741/1 773/742/1 741/710/1
f 741/710/1 773/742/1 774/743/1 742/711/1
f 742/711/1 774/743/1 775/744/1 743/712/1
f 743/712/1 775/744/1 776/745/1 744/713/1
f 744/713/1 776/745/1 777/746/1 745/714/1
f 745/714/1 777/746/1 778/747/1 746/715/1
f 746/715/1 778/747/1 779/748/1 747/716/1
f 747/716/1 779/748/1 780/749/1 748/717/1
f 748/717/1 780/749/1 781/750/1 749/718/1
f 749/718/1 781/750/1 782/751/1 750/719/1
f 750/719/1 782/751/1 783/752/1 751/720/1
f 751/720/1 783/752/1 784/753/1 752/721/1
f 752/721/1 784/753/1 785/754/1 753/722/1
f 753/722/1 785/754/1 786/755/1 754/723/1
f 754/723/1 786/755/1 787/756/1 755/724/1
f 755/724/1 787/756/1 788/757/1 756/725/1
f 756/725/1 788/757/1 789/758/1 757/726/1
f 757/726/1 789/758/1 790/759/1 758/727/1
f 758/727/1 790/759/1 791/760/1 759/728/1
f 759/728/1 791/760/1 792/761/1 760/729/1
f 760/729/1 792/761/1 793/762/1 761/730/1
f 761/730/1 793/762/1 794/763/1 762/731/1
f 762/731/1 794/763/1 795/764/1 763/732/1
f 763/732/1 795/764/1 796/765/1 764/733/1
f 764/733/1 796/765/1 797/766/1 765/734/1
f 765/734/1 797/766/1 798/767/1 766/735/1
f 766/735/1 798/767/1 799/768/1 767/736/1
f 767/736/1 799/768/1 800/769/1 768/737/1
f 768/737/1 800/769/1 801/770/1 769/738/1
f 769/738/1 801/770/1 802/771/1 770/739/1
f 770/739/1 802/771/1 803/772/1 771/740/1
f 771/740/1 803/772/1 804/47/1 772/45/1
f 57/741/1 58/773/1 805/774/1 773/742/1
f 773/742/1 805/774/1 806/775/1 774/743/1
f 774/743/1 806/775/1 807/776/1 775/744/1
f 775/744/1 807/776/1 808/777/1 776/745/1
f 776/745/1 808/777/1 809/778/1 777/746/1
f 777/746/1 809/778/1 810/779/1 778/747/1
f 778/747/1 810/779/1 811/780/1 779/748/1
f 779/748/1 811/780/1 812/781/1 780/749/1
f 780/749/1 812/781/1 813/782/1 781/750/1
f 781/750/1 813/782/1 814/783/1 782/751/1
f 782/751/1 814/783/1 815/784/1 783/752/1
f 783/752/1 815/784/1 816/785/1 784/753/1
f 784/753/1 816/785/1 817/786/1 785/754/1
f 785/754/1 817/786/1 818/787/1 786/755/1
f 786/755/1 818/787/1 819/788/1 787/756/1
f 787/756/1 819/788/1 820/789/1 788/757/1
f 788/757/1 820/789/1 821/790/1 789/758/1
f 789/758/1 821/790/1 822/791/1 790/759/1
f 790/759/1 822/791/1 823/792/1 791/760/1
f 791/760/1 823/792/1 824/793/1 792/761/1
f 792/761/1 824/793/1 825/794/1 793/762/1
f 793/762/1 825/794/1 826/795/1 794/763/1
f 794/763/1 826/795/1 827/796/1 795/764/1
f 795/764/1 827/796/1 828/797/1 796/765/1
f 796/765/1 828/797/1 829/798/1 797/766/1
f 797/766/1 829/798/1 830/799/1 798/767/1
f 798/767/1 830/799/1 831/800/1 799/768/1
f 799/768/1 831/800/1 832/801/1 800/769/1
f 800/769/1 832/801/1 833/802/1 801/770/1
f 801/770/1 833/802/1 834/803/1 802/771/1
f 802/771/1 834/803/1 835/804/1 803/772/1
f 803/772/1 835/804/1 836/49/1 804/47/1
f 58/773/1 59/805/1 837/806/1 805/774/1
f 805/774/1 837/806/1 838/807/1 806/775/1
f 806/775/1 838/807/1 839/808/1 807/776/1
f 807/776/1 839/808/1 840/809/1 808/777/1
f 808/777/1 840/809/1 841/810/1 809/778/1
f 809/778/1 841/810/1 842/811/1 810/779/1
f 810/779/1 842/811/1 843/812/1 811/780/1
f 811/780/1 843/812/1 844/813/1 812/781/1
f 812/781/1 844/813/1 845/814/1 813/782/1
f 813/782/1 845/814/1 846/815/1 814/783/1
f 814/783/1 846/815/1 847/816/1 815/784/1
f 815/784/1 847/816/1 848/817/1 816/785/1
f 816/785/1 848/817/1 849/818/1 817/786/1
f 817/786/1 849/818/1 850/819/1 818/787/1
f 818/787/1 850/819/1 851/820/1 819/788/1
f 819/788/1 851/820/1 852/821/1 820/789/1
f 820/789/1 852/821/1 853/822/1 821/790/1
f 821/790/1 853/822/1 854/823/1 822/791/1
f 822/791/1 854/823/1 855/824/1 823/792/1
f 823/792/1 855/824/1 856/825/1 824/793/1
f 824/793/1 856/825/1 857/826/1 825/794/1
f 825/794/1 857/826/1 858/827/1 826/795/1
f 826/795/1 858/827/1 859/828/1 827/796/1
f 827/796/1 859/828/1 860/829/1 828/797/1
f 828/797/1 860/829/1 861/830/1 829/798/1
f 829/798/1 861/830/1 862/831/1 830/799/1
f 830/799/1 862/831/1 863/832/1 831/800/1
f 831/800/1 863/832/1 864/833/1 832/801/1
f 832/801/1 864/833/1 865/834/1 833/802/1
f 833/802/1 865/834/1 866/835/1 834/803/1
f 834/803/1 866/835/1 867/836/1 835/804/1
f 835/804/1 867/836/1 868/51/1 836/49/1
f 59/805/1 60/837/1 869/838/1 837/806/1
f 837/806/1 869/838/1 870/839/1 838/807/1
f 838/807/1 870/839/1 871/840/1 839/808/1
f 839/808/1 871/840/1 872/841/1 840/809/1
f 840/809/1 872/841/1 873/842/1 841/810/1
f 841/810/1 873/842/1 874/843/1 842/811/1
f 842/811/1 874/843/1 875/844/1 843/812/1
f 843/812/1 875/844/1 876/845/1 844/813/1
f 844/813/1 876/845/1 877/846/1 845/814/1
f 845/814/1 877/846/1 878/847/1 846/815/1
f 846/815/1 878/847/1 879/848/1 847/816/1
f 847/816/1 879/848/1 880/849/1 848/817/1
f 848/817/1 880/849/1 881/850/1 849/818/1
f 849/818/1 881/850/1 882/851/1 850/819/1
f 850/819/1 882/851/1 883/852/1 851/820/1
f 851/820/1 883/852/1 884/853/1 852/821/1
f 852/821/1 884/853/1 885/854/1 853/822/1
f 853/822/1 885/854/1 886/855/1 854/823/1
f 854/823/1 886/855/1 887/856/1 855/824/1
f 855/824/1 887/856/1 888/857/1 856/825/1
f 856/825/1 888/857/1 889/858/1 857/826/1
f 857/826/1 889/858/1 890/859/1 858/827/1
f 858/827/1 890/859/1 891/860/1 859/828/1
f 859/828/1 891/860/1 892/861/1 860/829/1
f 860/829/1 892/861/1 893/862/1 861/830/1
f 861/830/1 893/862/1 894/863/1 862/831/1
f 862/831/1 894/863/1 895/864/1 863/832/1
f 863/832/1 895/864/1 896/865/1 864/833/1
f 864/833/1 896/865/1 897/866/1 865/834/1
f 865/834/1 897/866/1 898/867/1 866/835/1
f 866/835/1 898/867/1 899/868/1 867/836/1
f 867/836/1 899/868/1 900/53/1 868/51/1
f 60/837/1 61/869/1 901/870/1 869/838/1
f 869/838/1 901/870/1 902/871/1 870/839/1
f 870/839/1 902/871/1 903/872/1 871/840/1
f 871/840/1 903/872/1 904/873/1 872/841/1
f 872/841/1 904/873/1 905/874/1 873/842/1
f 873/842/1 905/874/1 906/875/1 874/843/1
f 874/843/1 906/875/1 907/876/1 875/844/1
f 875/844/1 907/876/1 908/877/1 876/845/1
f 876/845/1 908/877/1 909/878/1 877/846/1
f 877/846/1 909/878/1 910/879/1 878/847/1
f 878/847/1 910/879/1 911/880/1 879/848/1
f 879/848/1 911/880/1 912/881/1 880/849/1
f 880/849/1 912/881/1 913/882/1 881/850/1
f 881/850/1 913/882/1 914/883/1 882/851/1
f 882/851/1 914/883/1 915/884/1 883/852/1
f 883/852/1 915/884/1 916/885/1 884/853/1
f 884/853/1 916/885/1 917/886/1 885/854/1
f 885/854/1 917/886/1 918/887/1 886/855/1
f 886/855/1 918/887/1 919/888/1 887/856/1
f 887/856/1 919/888/1 920/889/1 888/857/1
f 888/857/1 920/889/1 921/890/1 889/858/1
f 889/858/1 921/890/1 922/891/1 890/859/1
f 890/859/1 922/891/1 923/892/1 891/860/1
f 891/860/1 923/892/1 924/893/1 892/861/1
f 892/861/1 924/893/1 925/894/1 893/862/1
f 893/862/1 925/894/1 926/895/1 894/863/1
f 894/863/1 926/895/1 927/896/1 895/864/1
f 895/864/1 927/896/1 928/897/1 896/865/1
f 896/865/1 928/897/1 929/898/1 897/866/1
f 897/866/1 929/898/1 930/899/1 898/867/1
f 898/867/1 930/899/1 931/900/1 899/868/1
f 899/868/1 931/900/1 932/55/1 900/53/1
f 61/869/1 62/901/1 933/902/1 901/870/1
f 901/870/1 933/902/1 934/903/1 902/871/1
f 902/871/1 934/903/1 935/904/1 903/872/1
f 903/872/1 935/904/1 936/905/1 904/873/1
f 904/873/1 936/905/1 937/906/1 905/874/1
f 905/874/1 937/906/1 938/907/1 906/875/1
f 906/875/1 938/907/1 939/908/1 907/876/1
f 907/876/1 939/908/1 940/909/1 908/877/1
f 908/877/1 940/909/1 941/910/1 909/878/1
f 909/878/1 941/910/1 942/911/1 910/879/1
f 910/879/1 942/911/1 943/912/1 911/880/1
f 911/880/1 943/912/1 944/913/1 912/881/1
f 912/881/1 944/913/1 945/914/1 913/882/1
f 913/882/1 945/914/1 946/915/1 914/883/1
f 914/883/1 946/915/1 947/916/1 915/884/1
f 915/884/1 947/916/1 948/917/1 916/885/1
f 916/885/1 948/917/1 949/918/1 917/886/1
f 917/886/1 949/918/1 950/919/1 918/887/1
f 918/887/1 950/919/1 951/920/1 919/888/1
f 919/888/1 951/920/1 952/921/1 920/889/1
f 920/889/1 952/921/1 953/922/1 921/890/1
f 921/890/1 953/922/1 954/923/1 922/891/1
f 922/891/1 954/923/1 955/924/1 923/892/1
f 923/892/1 955/924/1 956/925/1 924/893/1
f 924/893/1 956/925/1 957/926/1 925/894/1
f 925/894/1 957/926/1 958/927/1 926/895/1
f 926/895/1 958/927/1 959/928/1 927/896/1
f 927/896/1 959/928/1 960/929/1 928/897/1
f 928/897/1 960/929/1 961/930/1 929/898/1
f 929/898/1 961/930/1 962/931/1 930/899/1
f 930/899/1 962/931/1 963/932/1 931/900/1
f 931/900/1 963/932/1 964/57/1 932/55/1
f 62/901/1 63/933/1 965/934/1 933/902/1
f 933/902/1 965/934/1 966/935/1 934/903/1
f 934/903/1 966/935/1 967/936/1 935/904/1
f 935/904/1 967/936/1 968/937/1 936/905/1
f 936/905/1 968/937/1 969/938/1 937/906/1
f 937/906/1 969/938/1 970/939/1 938/907/1
f 938/907/1 970/939/1 971/940/1 939/908/1
f 939/908/1 971/940/1 972/941/1 940/909/1
f 940/909/1 972/941/1 973/942/1 941/910/1
f 941/910/1 973/942/1 974/943/1 942/911/1
f 942/911/1 974/943/1 975/944/1 943/912/1
f 943/912/1 975/944/1 976/945/1 944/913/1
f 944/913/1 976/945/1 977/946/1 945/914/1
f 945/914/1 977/946/1 978/947/1 946/915/1
f 946/915/1 978/947/1 979/948/1 947/916/1
f 947/916/1 979/948/1 980/949/1 948/917/1
f 948/917/1 980/949/1 981/950/1 949/918/1
f 949/918/1 981/950/1 982/951/1 950/919/1
f 950/919/1 982/951/1 983/952/1 951/920/1
f 951/920/1 983/952/1 984/953/1 952/921/1
f 952/921/1 984/953/1 985/954/1 953/922/1
f 953/922/1 985/954/1 986/955/1 954/923/1
f 954/923/1 986/955/1 987/956/1 955/924/1
f 955/924/1 987/956/1 988/957/1 956/925/1
f 956/925/1 988/957/1 989/958/1 957/926/1
f 957/926/1 989/958/1 990/959/1 958/927/1
f 958/927/1 990/959/1 991/960/1 959/928/1
f 959/928/1 991/960/1 992/961/1 960/929/1
f 960/929/1 992/961/1 993/962/1 961/930/1
f 961/930/1 993/962/1 994/963/1 962/931/1
f 962/931/1 994/963/1 995/964/1 963/932/1
f 963/932/1 995/964/1 996/59/1 964/57/1
f 63/933/1 64/965/1 997/966/1 965/934/1
f 965/934/1 997/966/1 998/967/1 966/935/1
f 966/935/1 998/967/1 999/968/1 967/936/1
f 967/936/1 999/968/1 1000/969/1 968/937/1
f 968/937/1 1000/969/1 1001/970/1 969/938/1
f 969/938/1 1001/970/1 1002/971/1 970/939/1
f 970/939/1 1002/971/1 1003/972/1 971/940/1
f 971/940/1 1003/972/1 1004/973/1 972/941/1
f 972/941/1 1004/973/1 1005/974/1 973/942/1
f 973/942/1 1005/974/1 1006/975/1 974/943/1
f 974/943/1 1006/975/1 1007/976/1 975/944/1
f 975/944/1 1007/976/1 1008/977/1 976/945/1
f 976/945/1 1008/977/1 1009/978/1 977/946/1
f 977/946/1 1009/978/1 1010/979/1 978/947/1
f 978/947/1 1010/979/1 1011/980/1 979/948/1
f 979/948/1 1011/980/1 1012/981/1 980/949/1
f 980/949/1 1012/981/1 1013/982/1 981/950/1
f 981/950/1 1013/982/1 1014/983/1 982/951/1
f 982/951/1 1014/983/1 1015/984/1 983/952/1
f 983/952/1 1015/984/1 1016/985/1 984/953/1
f 984/953/1 1016/985/1 1017/986/1 985/954/1
f 985/954/1 1017/986/1 1018/987/1 986/955/1
f 986/955/1 1018/987/1 1019/988/1 987/956/1
f 987/956/1 1019/988/1 1020/989/1 988/957/1
f 988/957/1 1020/989/1 1021/990/1 989/958/1
f 989/958/1 1021/990/1 1022/991/1 990/959/1
f 990/959/1 1022/991/1 1023/992/1 991/960/1
f 991/960/1 1023/992/1 1024/993/1 992/961/1
f 992/961/1 1024/993/1 1025/994/1 993/962/1
f 993/962/1 1025/994/1 1026/995/1 994/963/1
f 994/963/1 1026/995/1 1027/996/1 995/964/1
f 995/964/1 1027/996/1 1028/61/1 996/59/1
f 64/965/1 65/997/1 1029/998/1 997/966/1
f 997/966/1 1029/998/1 1030/999/1 998/967/1
f 998/967/1 1030/999/1 1031/1000/1 999/968/1
f 999/968/1 1031/1000/1 1032/1001/1 1000/969/1
f 1000/969/1 1032/1001/1 1033/1002/1 1001/970/1
f 1001/970/1 1033/1002/1 1034/1003/1 1002/971/1
f 1002/971/1 1034/1003/1 1035/1004/1 1003/972/1
f 1003/972/1 1035/1004/1 1036/1005/1 1004/973/1
f 1004/973/1 1036/1005/1 1037/1006/1 1005/974/1
f 1005/974/1 1037/1006/1 1038/1007/1 1006/975/1
f 1006/975/1 1038/1007/1 1039/1008/1 1007/976/1
f 1007/976/1 1039/1008/1 1040/1009/1 1008/977/1
f 1008/977/1 1040/1009/1 1041/1010/1 1009/978/1
f 1009/978/1 1041/1010/1 1042/1011/1 1010/979/1
f 1010/979/1 1042/1011/1 1043/1012/1 1011/980/1
f 1011/980/1 1043/1012/1 1044/1013/1 1012/981/1
f 1012/981/1 1044/1013/1 1045/1014/1 1013/982/1
f 1013/982/1 1045/1014/1 1046/1015/1 1014/983/1
f 1014/983/1 1046/1015/1 1047/1016/1 1015/984/1
f 1015/984/1 1047/1016/1 1048/1017/1 1016/985/1
f 1016/985/1 1048/1017/1 1049/1018/1 1017/986/1
f 1017/986/1 1049/1018/1 1050/1019/1 1018/987/1
f 1018/987/1 1050/1019/1 1051/1020/1 1019/988/1
f 1019/988/1 1051/1020/1 1052/1021/1 1020/989/1
f 1020/989/1 1052/1021/1 1053/1022/1 1021/990/1
f 1021/990/1 1053/1022/1 1054/1023/1 1022/991/1
f 1022/991/1 1054/1023/1 1055/1024/1 1023/992/1
f 1023/992/1 1055/1024/1 1056/1025/1 1024/993/1
f 1024/993/1 1056/1025/1 1057/1026/1 1025/994/1
f 1025/994/1 1057/1026/1 1058/1027/1 1026/995/1
f 1026/995/1 1058/1027/1 1059/1028/1 1027/996/1
f 1027/996/1 1059/1028/1 1060/63/1 1028/61/1
f 65/997/1 66/1029/1 1061/1030/1 1029/998/1
f 1029/998/1 1061/1030/1 1062/1031/1 1030/999/1
f 1030/999/1 1062/1031/1 1063/1032/1 1031/1000/1
f 1031/1000/1 1063/1032/1 1064/1033/1 1032/1001/1
f 1032/1001/1 1064/1033/1 1065/1034/1 1033/1002/1
f 1033/1002/1 1065/1034/1 1066/1035/1 1034/1003/1
f 1034/1003/1 1066/1035/1 1067/1036/1 1035/1004/1
f 1035/1004/1 1067/1036/1 1068/1037/1 1036/1005/1
f 1036/1005/1 1068/1037/1 1069/1038/1 1037/1006/1
f 1037/1006/1 1069/1038/1 1070/1039/1 1038/1007/1
f 1038/1007/1 1070/1039/1 1071/1040/1 1039/1008/1
f 1039/1008/1 1071/1040/1 1072/1041/1 1040/1009/1
f 1040/1009/1 1072/1041/1 1073/1042/1 1041/1010/1
f 1041/1010/1 1073/1042/1 1074/1043/1 1042/1011/1
f 1042/1011/1 1074/1043/1 1075/1044/1 1043/1012/1
f 1043/1012/1 1075/1044/1 1076/1045/1 1044/1013/1
f 1044/1013/1 1076/1045/1 1077/1046/1 1045/1014/1
f 1045/1014/1 1077/1046/1 1078/1047/1 1046/1015/1
f 1046/1015/1 1078/1047/1 1079/1048/1 1047/1016/1
f 1047/1016/1 1079/1048/1 1080/1049/1 1048/1017/1
f 1048/1017/1 1080/1049/1 1081/1050/1 1049/1018/1
f 1049/1018/1 1081/1050/1 1082/1051/1 1050/1019/1
f 1050/1019/1 1082/1051/1 1083/1052/1 1051/1020/1
f 1051/1020/1 1083/1052/1 1084/1053/1 1052/1021/1
f 1052/1021/1 1084/1053/1 1085/1054/1 1053/1022/1
f 1053/1022/1 1085/1054/1 1086/1055/1 1054/1023/1
f 1054/1023/1 1086/1055/1 1087/1056/1 1055/1024/1
f 1055/1024/1 1087/1056/1 1088/1057/1 1056/1025/1
f 1056/1025/1 1088/1057/1 1089/1058/1 1057/1026/1
f 1057/1026/1 1089/1058/1 1090/1059/1 1058/1027/1
f 1058/1027/1 1090/1059/1 1091/1060/1 1059/1028/1
f 1059/1028/1 1091/1060/1 1092/65/1 1060/63/1
f 66/1029/1 67/1061/1 1093/1062/1 1061/1030/1
f 1061/1030/1 1093/1062/1 1094/1063/1 1062/1031/1
f 1062/1031/1 1094/1063/1 1095/1064/1 1063/1032/1
f 1063/1032/1 1095/1064/1 1096/1065/1 1064/1033/1
f 1064/1033/1 1096/1065/1 1097/1066/1 1065/1034/1
f 1065/1034/1 1097/1066/1 1098/1067/1 1066/1035/1
f 1066/1035/1 1098/1067/1 1099/1068/1 1067/1036/1
f 1067/1036/1 1099/1068/1 1100/1069/1 1068/1037/1
f 1068/1037/1 1100/1069/1 1101/1070/1 1069/1038/1
f 1069/1038/1 1101/1070/1 1102/1071/1 1070/1039/1
f 1070/1039/1 1102/1071/1 1103/1072/1 1071/1040/1
f 1071/1040/1 1103/1072/1 1104/1073/1 1072/1041/1
f 1072/1041/1 1104/1073/1 1105/1074/1 1073/1042/1
f 1073/1042/1 1105/1074/1 1106/1075/1 1074/1043/1
f 1074/1043/1 1106/1075/1 1107/1076/1 1075/1044/1
f 1075/1044/1 1107/1076/1 1108/1077/1 1076/1045/1
f 1076/1045/1 1108/1077/1 1109/1078/1 1077/1046/1
f 1077/1046/1 1109/1078/1 1110/1079/1 1078/1047/1
f 1078/1047/1 1110/1079/1 1111/1080/1 1079/1048/1
f 1079/1048/1 1111/1080/1 1112/1081/1 1080/1049/1
f 1080/1049/1 1112/1081/1 1113/1082/1 1081/1050/1
f 1081/1050/1 1113/1082/1 1114/1083/1 1082/1051/1
f 1082/1051/1 1114/1083/1 1115/1084/1 1083/1052/1
f 1083/1052/1 1115/1084/1 1116/1085/1 1084/1053/1
f 1084/1053/1 1116/1085/1 1117/1086/1 1085/1054/1
f 1085/1054/1 1117/1086/1 1118/1087/1 1086/1055/1
f 1086/1055/1 1118/1087/1 1119/1088/1 1087/1056/1
f 1087/1056/1 1119/1088/1 1120/1089/1 1088/1057/1
f 1088/1057/1 1120/1089/1 1121/1090/1 1089/1058/1
f 1089/1058/1 1121/1090/1 1122/1091/1 1090/1059/1
f 1090/1059/1 1122/1091/1 1123/1092/1 1091/1060/1
f 1091/1060/1 1123/1092/1 1124/67/1 1092/65/1
f 67/1061/1 68/1093/1 1125/1094/1 1093/1062/1
f 1093/1062/1 1125/1094/1 1126/1095/1 1094/1063/1
f 1094/1063/1 1126/1095/1 1127/1096/1 1095/1064/1
f 1095/1064/1 1127/1096/1 1128/1097/1 1096/1065/1
f 1096/1065/1 1128/1097/1 1129/1098/1 1097/1066/1
f 1097/1066/1 1129/1098/1 1130/1099/1 1098/1067/1
f 1098/1067/1 1130/1099/1 1131/1100/1 1099/1068/1
f 1099/1068/1 1131/1100/1 1132/1101/1 1100/1069/1
f 1100/1069/1 1132/1101/1 1133/1102/1 1101/1070/1
f 1101/1070/1 1133/1102/1 1134/1103/1 1102/1071/1
f 1102/1071/1 1134/1103/1 1135/1104/1 1103/1072/1
f 1103/1072/1 1135/1104/1 1136/1105/1 1104/1073/1
f 1104/1073/1 1136/1105/1 1137/1106/1 1105/1074/1
f 1105/1074/1 1137/1106/1 1138/1107/1 1106/1075/1
f 1106/1075/1 1138/1107/1 1139/1108/1 1107/1076/1
f 1107/1076/1 1139/1108/1 1140/1109/1 1108/1077/1
f 1108/1077/1 1140/1109/1 1141/1110/1 1109/1078/1
f 1109/1078/1 1141/1110/1 1142/1111/1 1110/1079/1
f 1110/1079/1 1142/1111/1 1143/1112/1 1111/1080/1
f 1111/1080/1 1143/1112/1 1144/1113/1 1112/1081/1
f 1112/1081/1 1144/1113/1 1145/1114/1 1113/1082/1
f 1113/1082/1 1145/1114/1 1146/1115/1 1114/1083/1
f 1114/1083/1 1146/1115/1 1147/1116/1 1115/1084/1
f 1115/1084/1 1147/1116/1 1148/1117/1 1116/1085/1
f 1116/1085/1 1148/1117/1 1149/1118/1 1117/1086/1
f 1117/1086/1 1149/1118/1 1150/1119/1 1118/1087/1
f 1118/1087/1 1150/1119/1 1151/1120/1 1119/1088/1
f 1119/1088/1 1151/1120/1 1152/1121/1 1120/1089/1
f 1120/1089/1 1152/1121/1 1153/1122/1 1121/1090/1
f 1121/1090/1 1153/1122/1 1154/1123/1 1122/1091/1
f 1122/1091/1 1154/1123/1 1155/1124/1 1123/1092/1
f 1123/1092/1 1155/1124/1 1156/1/1 1124/67/1
f 68/1093/1 2/1125/1 69/1126/1 1125/1094/1
f 1125/1094/1 69/1126/1 70/1127/1 1126/1095/1
f 1126/1095/1 70/1127/1 71/1128/1 1127/1096/1
f 1127/1096/1 71/1128/1 72/1129/1 1128/1097/1
f 1128/1097/1 72/1129/1 73/1130/1 1129/1098/1
f 1129/1098/1 73/1130/1 74/1131/1 1130/1099/1
f 1130/1099/1 74/1131/1 75/1132/1 1131/1100/1
f 1131/1100/1 75/1132/1 76/1133/1 1132/1101/1
f 1132/1101/1 76/1133/1 77/1134/1 1133/1102/1
f 1133/1102/1 77/1134/1 78/1135/1 1134/1103/1
f 1134/1103/1 78/1135/1 79/1136/1 1135/1104/1
f 1135/1104/1 79/1136/1 80/1137/1 1136/1105/1
f 1136/1105/1 80/1137/1 81/1138/1 1137/1106/1
f 1137/1106/1 81/1138/1 82/1139/1 1138/1107/1
f 1138/1107/1 82/1139/1 83/1140/1 1139/1108/1
f 1139/1108/1 83/1140/1 84/1141/1 1140/1109/1
f 1140/1109/1 84/1141/1 85/1142/1 1141/1110/1
f 1141/1110/1 85/1142/1 86/1143/1 1142/1111/1
f 1142/1111/1 86/1143/1 87/1144/1 1143/1112/1
f 1143/1112/1 87/1144/1 88/1145/1 1144/1113/1
f 1144/1113/1 88/1145/1 89/1146/1 1145/1114/1
f 1145/1114/1 89/1146/1 90/1147/1 1146/1115/1
f 1146/1115/1 90/1147/1 91/1148/1 1147/1116/1
f 1147/1116/1 91/1148/1 92/1149/1 1148/1117/1
f 1148/1117/1 92/1149/1 93/1150/1 1149/1118/1
f 1149/1118/1 93/1150/1 94/1151/1 1150/1119/1
f 1150/1119/1 94/1151/1 95/1152/1 1151/1120/1
f 1151/1120/1 95/1152/1 96/1153/1 1152/1121/1
f 1152/1121/1 96/1153/1 97/1154/1 1153/1122/1
f 1153/1122/1 97/1154/1 98/1155/1 1154/1123/1
f 1154/1123/1 98/1155/1 99/1156/1 1155/1124/1
f 1155/1124/1 99/1156/1 100/2/1 1156/1/1
